rebalance_date,fund_name,asset_family,portfolio_method,ticker,holding_asset_class,target_weight,estimation_start_date,estimation_end_date,estimation_observations
2021-01-04,Combined Equal Weight,Combined equity + cryptocurrency,Equal Weight,ABBV,equity,0.016666666666666666,2020-01-03,2020-12-31,252
2021-01-04,Combined Equal Weight,Combined equity + cryptocurrency,Equal Weight,ABT,equity,0.016666666666666666,2020-01-03,2020-12-31,252
2021-01-04,Combined Equal Weight,Combined equity + cryptocurrency,Equal Weight,ADA-USD,cryptocurrency,0.016666666666666666,2020-01-03,2020-12-31,252
2021-01-04,Combined Equal Weight,Combined equity + cryptocurrency,Equal Weight,ADBE,equity,0.016666666666666666,2020-01-03,2020-12-31,252
2021-01-04,Combined Equal Weight,Combined equity + cryptocurrency,Equal Weight,AEP,equity,0.016666666666666666,2020-01-03,2020-12-31,252
2021-01-04,Combined Equal Weight,Combined equity + cryptocurrency,Equal Weight,AMD,equity,0.016666666666666666,2020-01-03,2020-12-31,252
2021-01-04,Combined Equal Weight,Combined equity + cryptocurrency,Equal Weight,AMGN,equity,0.016666666666666666,2020-01-03,2020-12-31,252
2021-01-04,Combined Equal Weight,Combined equity + cryptocurrency,Equal Weight,AMT,equity,0.016666666666666666,2020-01-03,2020-12-31,252
2021-01-04,Combined Equal Weight,Combined equity + cryptocurrency,Equal Weight,BA,equity,0.016666666666666666,2020-01-03,2020-12-31,252
2021-01-04,Combined Equal Weight,Combined equity + cryptocurrency,Equal Weight,BCH-USD,cryptocurrency,0.016666666666666666,2020-01-03,2020-12-31,252
2021-01-04,Combined Equal Weight,Combined equity + cryptocurrency,Equal Weight,BTC-USD,cryptocurrency,0.016666666666666666,2020-01-03,2020-12-31,252
2021-01-04,Combined Equal Weight,Combined equity + cryptocurrency,Equal Weight,CAT,equity,0.016666666666666666,2020-01-03,2020-12-31,252
2021-01-04,Combined Equal Weight,Combined equity + cryptocurrency,Equal Weight,CCI,equity,0.016666666666666666,2020-01-03,2020-12-31,252
2021-01-04,Combined Equal Weight,Combined equity + cryptocurrency,Equal Weight,CMCSA,equity,0.016666666666666666,2020-01-03,2020-12-31,252
2021-01-04,Combined Equal Weight,Combined equity + cryptocurrency,Equal Weight,COP,equity,0.016666666666666666,2020-01-03,2020-12-31,252
2021-01-04,Combined Equal Weight,Combined equity + cryptocurrency,Equal Weight,CVX,equity,0.016666666666666666,2020-01-03,2020-12-31,252
2021-01-04,Combined Equal Weight,Combined equity + cryptocurrency,Equal Weight,D,equity,0.016666666666666666,2020-01-03,2020-12-31,252
2021-01-04,Combined Equal Weight,Combined equity + cryptocurrency,Equal Weight,DD,equity,0.016666666666666666,2020-01-03,2020-12-31,252
2021-01-04,Combined Equal Weight,Combined equity + cryptocurrency,Equal Weight,DIS,equity,0.016666666666666666,2020-01-03,2020-12-31,252
2021-01-04,Combined Equal Weight,Combined equity + cryptocurrency,Equal Weight,DOW,equity,0.016666666666666666,2020-01-03,2020-12-31,252
2021-01-04,Combined Equal Weight,Combined equity + cryptocurrency,Equal Weight,DUK,equity,0.016666666666666666,2020-01-03,2020-12-31,252
2021-01-04,Combined Equal Weight,Combined equity + cryptocurrency,Equal Weight,EA,equity,0.016666666666666666,2020-01-03,2020-12-31,252
2021-01-04,Combined Equal Weight,Combined equity + cryptocurrency,Equal Weight,EOS-USD,cryptocurrency,0.016666666666666666,2020-01-03,2020-12-31,252
2021-01-04,Combined Equal Weight,Combined equity + cryptocurrency,Equal Weight,ETC-USD,cryptocurrency,0.016666666666666666,2020-01-03,2020-12-31,252
2021-01-04,Combined Equal Weight,Combined equity + cryptocurrency,Equal Weight,ETH-USD,cryptocurrency,0.016666666666666666,2020-01-03,2020-12-31,252
2021-01-04,Combined Equal Weight,Combined equity + cryptocurrency,Equal Weight,GE,equity,0.016666666666666666,2020-01-03,2020-12-31,252
2021-01-04,Combined Equal Weight,Combined equity + cryptocurrency,Equal Weight,GILD,equity,0.016666666666666666,2020-01-03,2020-12-31,252
2021-01-04,Combined Equal Weight,Combined equity + cryptocurrency,Equal Weight,GS,equity,0.016666666666666666,2020-01-03,2020-12-31,252
2021-01-04,Combined Equal Weight,Combined equity + cryptocurrency,Equal Weight,INTC,equity,0.016666666666666666,2020-01-03,2020-12-31,252
2021-01-04,Combined Equal Weight,Combined equity + cryptocurrency,Equal Weight,KO,equity,0.016666666666666666,2020-01-03,2020-12-31,252
2021-01-04,Combined Equal Weight,Combined equity + cryptocurrency,Equal Weight,LTC-USD,cryptocurrency,0.016666666666666666,2020-01-03,2020-12-31,252
2021-01-04,Combined Equal Weight,Combined equity + cryptocurrency,Equal Weight,MMM,equity,0.016666666666666666,2020-01-03,2020-12-31,252
2021-01-04,Combined Equal Weight,Combined equity + cryptocurrency,Equal Weight,MRK,equity,0.016666666666666666,2020-01-03,2020-12-31,252
2021-01-04,Combined Equal Weight,Combined equity + cryptocurrency,Equal Weight,MS,equity,0.016666666666666666,2020-01-03,2020-12-31,252
2021-01-04,Combined Equal Weight,Combined equity + cryptocurrency,Equal Weight,NEE,equity,0.016666666666666666,2020-01-03,2020-12-31,252
2021-01-04,Combined Equal Weight,Combined equity + cryptocurrency,Equal Weight,NEM,equity,0.016666666666666666,2020-01-03,2020-12-31,252
2021-01-04,Combined Equal Weight,Combined equity + cryptocurrency,Equal Weight,NKE,equity,0.016666666666666666,2020-01-03,2020-12-31,252
2021-01-04,Combined Equal Weight,Combined equity + cryptocurrency,Equal Weight,NUE,equity,0.016666666666666666,2020-01-03,2020-12-31,252
2021-01-04,Combined Equal Weight,Combined equity + cryptocurrency,Equal Weight,NVDA,equity,0.016666666666666666,2020-01-03,2020-12-31,252
2021-01-04,Combined Equal Weight,Combined equity + cryptocurrency,Equal Weight,O,equity,0.016666666666666666,2020-01-03,2020-12-31,252
2021-01-04,Combined Equal Weight,Combined equity + cryptocurrency,Equal Weight,OXY,equity,0.016666666666666666,2020-01-03,2020-12-31,252
2021-01-04,Combined Equal Weight,Combined equity + cryptocurrency,Equal Weight,PLD,equity,0.016666666666666666,2020-01-03,2020-12-31,252
2021-01-04,Combined Equal Weight,Combined equity + cryptocurrency,Equal Weight,PSA,equity,0.016666666666666666,2020-01-03,2020-12-31,252
2021-01-04,Combined Equal Weight,Combined equity + cryptocurrency,Equal Weight,QCOM,equity,0.016666666666666666,2020-01-03,2020-12-31,252
2021-01-04,Combined Equal Weight,Combined equity + cryptocurrency,Equal Weight,SBUX,equity,0.016666666666666666,2020-01-03,2020-12-31,252
2021-01-04,Combined Equal Weight,Combined equity + cryptocurrency,Equal Weight,SHW,equity,0.016666666666666666,2020-01-03,2020-12-31,252
2021-01-04,Combined Equal Weight,Combined equity + cryptocurrency,Equal Weight,SLB,equity,0.016666666666666666,2020-01-03,2020-12-31,252
2021-01-04,Combined Equal Weight,Combined equity + cryptocurrency,Equal Weight,SO,equity,0.016666666666666666,2020-01-03,2020-12-31,252
2021-01-04,Combined Equal Weight,Combined equity + cryptocurrency,Equal Weight,T,equity,0.016666666666666666,2020-01-03,2020-12-31,252
2021-01-04,Combined Equal Weight,Combined equity + cryptocurrency,Equal Weight,TMUS,equity,0.016666666666666666,2020-01-03,2020-12-31,252
2021-01-04,Combined Equal Weight,Combined equity + cryptocurrency,Equal Weight,TRX-USD,cryptocurrency,0.016666666666666666,2020-01-03,2020-12-31,252
2021-01-04,Combined Equal Weight,Combined equity + cryptocurrency,Equal Weight,TTWO,equity,0.016666666666666666,2020-01-03,2020-12-31,252
2021-01-04,Combined Equal Weight,Combined equity + cryptocurrency,Equal Weight,UPS,equity,0.016666666666666666,2020-01-03,2020-12-31,252
2021-01-04,Combined Equal Weight,Combined equity + cryptocurrency,Equal Weight,USB,equity,0.016666666666666666,2020-01-03,2020-12-31,252
2021-01-04,Combined Equal Weight,Combined equity + cryptocurrency,Equal Weight,V,equity,0.016666666666666666,2020-01-03,2020-12-31,252
2021-01-04,Combined Equal Weight,Combined equity + cryptocurrency,Equal Weight,WFC,equity,0.016666666666666666,2020-01-03,2020-12-31,252
2021-01-04,Combined Equal Weight,Combined equity + cryptocurrency,Equal Weight,WMT,equity,0.016666666666666666,2020-01-03,2020-12-31,252
2021-01-04,Combined Equal Weight,Combined equity + cryptocurrency,Equal Weight,XLM-USD,cryptocurrency,0.016666666666666666,2020-01-03,2020-12-31,252
2021-01-04,Combined Equal Weight,Combined equity + cryptocurrency,Equal Weight,XOM,equity,0.016666666666666666,2020-01-03,2020-12-31,252
2021-01-04,Combined Equal Weight,Combined equity + cryptocurrency,Equal Weight,XRP-USD,cryptocurrency,0.016666666666666666,2020-01-03,2020-12-31,252
2021-02-01,Combined Equal Weight,Combined equity + cryptocurrency,Equal Weight,ABBV,equity,0.016666666666666666,2020-01-31,2021-01-29,252
2021-02-01,Combined Equal Weight,Combined equity + cryptocurrency,Equal Weight,ABT,equity,0.016666666666666666,2020-01-31,2021-01-29,252
2021-02-01,Combined Equal Weight,Combined equity + cryptocurrency,Equal Weight,ADA-USD,cryptocurrency,0.016666666666666666,2020-01-31,2021-01-29,252
2021-02-01,Combined Equal Weight,Combined equity + cryptocurrency,Equal Weight,ADBE,equity,0.016666666666666666,2020-01-31,2021-01-29,252
2021-02-01,Combined Equal Weight,Combined equity + cryptocurrency,Equal Weight,AEP,equity,0.016666666666666666,2020-01-31,2021-01-29,252
2021-02-01,Combined Equal Weight,Combined equity + cryptocurrency,Equal Weight,AMD,equity,0.016666666666666666,2020-01-31,2021-01-29,252
2021-02-01,Combined Equal Weight,Combined equity + cryptocurrency,Equal Weight,AMGN,equity,0.016666666666666666,2020-01-31,2021-01-29,252
2021-02-01,Combined Equal Weight,Combined equity + cryptocurrency,Equal Weight,AMT,equity,0.016666666666666666,2020-01-31,2021-01-29,252
2021-02-01,Combined Equal Weight,Combined equity + cryptocurrency,Equal Weight,BA,equity,0.016666666666666666,2020-01-31,2021-01-29,252
2021-02-01,Combined Equal Weight,Combined equity + cryptocurrency,Equal Weight,BCH-USD,cryptocurrency,0.016666666666666666,2020-01-31,2021-01-29,252
2021-02-01,Combined Equal Weight,Combined equity + cryptocurrency,Equal Weight,BTC-USD,cryptocurrency,0.016666666666666666,2020-01-31,2021-01-29,252
2021-02-01,Combined Equal Weight,Combined equity + cryptocurrency,Equal Weight,CAT,equity,0.016666666666666666,2020-01-31,2021-01-29,252
2021-02-01,Combined Equal Weight,Combined equity + cryptocurrency,Equal Weight,CCI,equity,0.016666666666666666,2020-01-31,2021-01-29,252
2021-02-01,Combined Equal Weight,Combined equity + cryptocurrency,Equal Weight,CMCSA,equity,0.016666666666666666,2020-01-31,2021-01-29,252
2021-02-01,Combined Equal Weight,Combined equity + cryptocurrency,Equal Weight,COP,equity,0.016666666666666666,2020-01-31,2021-01-29,252
2021-02-01,Combined Equal Weight,Combined equity + cryptocurrency,Equal Weight,CVX,equity,0.016666666666666666,2020-01-31,2021-01-29,252
2021-02-01,Combined Equal Weight,Combined equity + cryptocurrency,Equal Weight,D,equity,0.016666666666666666,2020-01-31,2021-01-29,252
2021-02-01,Combined Equal Weight,Combined equity + cryptocurrency,Equal Weight,DD,equity,0.016666666666666666,2020-01-31,2021-01-29,252
2021-02-01,Combined Equal Weight,Combined equity + cryptocurrency,Equal Weight,DIS,equity,0.016666666666666666,2020-01-31,2021-01-29,252
2021-02-01,Combined Equal Weight,Combined equity + cryptocurrency,Equal Weight,DOW,equity,0.016666666666666666,2020-01-31,2021-01-29,252
2021-02-01,Combined Equal Weight,Combined equity + cryptocurrency,Equal Weight,DUK,equity,0.016666666666666666,2020-01-31,2021-01-29,252
2021-02-01,Combined Equal Weight,Combined equity + cryptocurrency,Equal Weight,EA,equity,0.016666666666666666,2020-01-31,2021-01-29,252
2021-02-01,Combined Equal Weight,Combined equity + cryptocurrency,Equal Weight,EOS-USD,cryptocurrency,0.016666666666666666,2020-01-31,2021-01-29,252
2021-02-01,Combined Equal Weight,Combined equity + cryptocurrency,Equal Weight,ETC-USD,cryptocurrency,0.016666666666666666,2020-01-31,2021-01-29,252
2021-02-01,Combined Equal Weight,Combined equity + cryptocurrency,Equal Weight,ETH-USD,cryptocurrency,0.016666666666666666,2020-01-31,2021-01-29,252
2021-02-01,Combined Equal Weight,Combined equity + cryptocurrency,Equal Weight,GE,equity,0.016666666666666666,2020-01-31,2021-01-29,252
2021-02-01,Combined Equal Weight,Combined equity + cryptocurrency,Equal Weight,GILD,equity,0.016666666666666666,2020-01-31,2021-01-29,252
2021-02-01,Combined Equal Weight,Combined equity + cryptocurrency,Equal Weight,GS,equity,0.016666666666666666,2020-01-31,2021-01-29,252
2021-02-01,Combined Equal Weight,Combined equity + cryptocurrency,Equal Weight,INTC,equity,0.016666666666666666,2020-01-31,2021-01-29,252
2021-02-01,Combined Equal Weight,Combined equity + cryptocurrency,Equal Weight,KO,equity,0.016666666666666666,2020-01-31,2021-01-29,252
2021-02-01,Combined Equal Weight,Combined equity + cryptocurrency,Equal Weight,LTC-USD,cryptocurrency,0.016666666666666666,2020-01-31,2021-01-29,252
2021-02-01,Combined Equal Weight,Combined equity + cryptocurrency,Equal Weight,MMM,equity,0.016666666666666666,2020-01-31,2021-01-29,252
2021-02-01,Combined Equal Weight,Combined equity + cryptocurrency,Equal Weight,MRK,equity,0.016666666666666666,2020-01-31,2021-01-29,252
2021-02-01,Combined Equal Weight,Combined equity + cryptocurrency,Equal Weight,MS,equity,0.016666666666666666,2020-01-31,2021-01-29,252
2021-02-01,Combined Equal Weight,Combined equity + cryptocurrency,Equal Weight,NEE,equity,0.016666666666666666,2020-01-31,2021-01-29,252
2021-02-01,Combined Equal Weight,Combined equity + cryptocurrency,Equal Weight,NEM,equity,0.016666666666666666,2020-01-31,2021-01-29,252
2021-02-01,Combined Equal Weight,Combined equity + cryptocurrency,Equal Weight,NKE,equity,0.016666666666666666,2020-01-31,2021-01-29,252
2021-02-01,Combined Equal Weight,Combined equity + cryptocurrency,Equal Weight,NUE,equity,0.016666666666666666,2020-01-31,2021-01-29,252
2021-02-01,Combined Equal Weight,Combined equity + cryptocurrency,Equal Weight,NVDA,equity,0.016666666666666666,2020-01-31,2021-01-29,252
2021-02-01,Combined Equal Weight,Combined equity + cryptocurrency,Equal Weight,O,equity,0.016666666666666666,2020-01-31,2021-01-29,252
2021-02-01,Combined Equal Weight,Combined equity + cryptocurrency,Equal Weight,OXY,equity,0.016666666666666666,2020-01-31,2021-01-29,252
2021-02-01,Combined Equal Weight,Combined equity + cryptocurrency,Equal Weight,PLD,equity,0.016666666666666666,2020-01-31,2021-01-29,252
2021-02-01,Combined Equal Weight,Combined equity + cryptocurrency,Equal Weight,PSA,equity,0.016666666666666666,2020-01-31,2021-01-29,252
2021-02-01,Combined Equal Weight,Combined equity + cryptocurrency,Equal Weight,QCOM,equity,0.016666666666666666,2020-01-31,2021-01-29,252
2021-02-01,Combined Equal Weight,Combined equity + cryptocurrency,Equal Weight,SBUX,equity,0.016666666666666666,2020-01-31,2021-01-29,252
2021-02-01,Combined Equal Weight,Combined equity + cryptocurrency,Equal Weight,SHW,equity,0.016666666666666666,2020-01-31,2021-01-29,252
2021-02-01,Combined Equal Weight,Combined equity + cryptocurrency,Equal Weight,SLB,equity,0.016666666666666666,2020-01-31,2021-01-29,252
2021-02-01,Combined Equal Weight,Combined equity + cryptocurrency,Equal Weight,SO,equity,0.016666666666666666,2020-01-31,2021-01-29,252
2021-02-01,Combined Equal Weight,Combined equity + cryptocurrency,Equal Weight,T,equity,0.016666666666666666,2020-01-31,2021-01-29,252
2021-02-01,Combined Equal Weight,Combined equity + cryptocurrency,Equal Weight,TMUS,equity,0.016666666666666666,2020-01-31,2021-01-29,252
2021-02-01,Combined Equal Weight,Combined equity + cryptocurrency,Equal Weight,TRX-USD,cryptocurrency,0.016666666666666666,2020-01-31,2021-01-29,252
2021-02-01,Combined Equal Weight,Combined equity + cryptocurrency,Equal Weight,TTWO,equity,0.016666666666666666,2020-01-31,2021-01-29,252
2021-02-01,Combined Equal Weight,Combined equity + cryptocurrency,Equal Weight,UPS,equity,0.016666666666666666,2020-01-31,2021-01-29,252
2021-02-01,Combined Equal Weight,Combined equity + cryptocurrency,Equal Weight,USB,equity,0.016666666666666666,2020-01-31,2021-01-29,252
2021-02-01,Combined Equal Weight,Combined equity + cryptocurrency,Equal Weight,V,equity,0.016666666666666666,2020-01-31,2021-01-29,252
2021-02-01,Combined Equal Weight,Combined equity + cryptocurrency,Equal Weight,WFC,equity,0.016666666666666666,2020-01-31,2021-01-29,252
2021-02-01,Combined Equal Weight,Combined equity + cryptocurrency,Equal Weight,WMT,equity,0.016666666666666666,2020-01-31,2021-01-29,252
2021-02-01,Combined Equal Weight,Combined equity + cryptocurrency,Equal Weight,XLM-USD,cryptocurrency,0.016666666666666666,2020-01-31,2021-01-29,252
2021-02-01,Combined Equal Weight,Combined equity + cryptocurrency,Equal Weight,XOM,equity,0.016666666666666666,2020-01-31,2021-01-29,252
2021-02-01,Combined Equal Weight,Combined equity + cryptocurrency,Equal Weight,XRP-USD,cryptocurrency,0.016666666666666666,2020-01-31,2021-01-29,252
2021-03-01,Combined Equal Weight,Combined equity + cryptocurrency,Equal Weight,ABBV,equity,0.016666666666666666,2020-02-28,2021-02-26,252
2021-03-01,Combined Equal Weight,Combined equity + cryptocurrency,Equal Weight,ABT,equity,0.016666666666666666,2020-02-28,2021-02-26,252
2021-03-01,Combined Equal Weight,Combined equity + cryptocurrency,Equal Weight,ADA-USD,cryptocurrency,0.016666666666666666,2020-02-28,2021-02-26,252
2021-03-01,Combined Equal Weight,Combined equity + cryptocurrency,Equal Weight,ADBE,equity,0.016666666666666666,2020-02-28,2021-02-26,252
2021-03-01,Combined Equal Weight,Combined equity + cryptocurrency,Equal Weight,AEP,equity,0.016666666666666666,2020-02-28,2021-02-26,252
2021-03-01,Combined Equal Weight,Combined equity + cryptocurrency,Equal Weight,AMD,equity,0.016666666666666666,2020-02-28,2021-02-26,252
2021-03-01,Combined Equal Weight,Combined equity + cryptocurrency,Equal Weight,AMGN,equity,0.016666666666666666,2020-02-28,2021-02-26,252
2021-03-01,Combined Equal Weight,Combined equity + cryptocurrency,Equal Weight,AMT,equity,0.016666666666666666,2020-02-28,2021-02-26,252
2021-03-01,Combined Equal Weight,Combined equity + cryptocurrency,Equal Weight,BA,equity,0.016666666666666666,2020-02-28,2021-02-26,252
2021-03-01,Combined Equal Weight,Combined equity + cryptocurrency,Equal Weight,BCH-USD,cryptocurrency,0.016666666666666666,2020-02-28,2021-02-26,252
2021-03-01,Combined Equal Weight,Combined equity + cryptocurrency,Equal Weight,BTC-USD,cryptocurrency,0.016666666666666666,2020-02-28,2021-02-26,252
2021-03-01,Combined Equal Weight,Combined equity + cryptocurrency,Equal Weight,CAT,equity,0.016666666666666666,2020-02-28,2021-02-26,252
2021-03-01,Combined Equal Weight,Combined equity + cryptocurrency,Equal Weight,CCI,equity,0.016666666666666666,2020-02-28,2021-02-26,252
2021-03-01,Combined Equal Weight,Combined equity + cryptocurrency,Equal Weight,CMCSA,equity,0.016666666666666666,2020-02-28,2021-02-26,252
2021-03-01,Combined Equal Weight,Combined equity + cryptocurrency,Equal Weight,COP,equity,0.016666666666666666,2020-02-28,2021-02-26,252
2021-03-01,Combined Equal Weight,Combined equity + cryptocurrency,Equal Weight,CVX,equity,0.016666666666666666,2020-02-28,2021-02-26,252
2021-03-01,Combined Equal Weight,Combined equity + cryptocurrency,Equal Weight,D,equity,0.016666666666666666,2020-02-28,2021-02-26,252
2021-03-01,Combined Equal Weight,Combined equity + cryptocurrency,Equal Weight,DD,equity,0.016666666666666666,2020-02-28,2021-02-26,252
2021-03-01,Combined Equal Weight,Combined equity + cryptocurrency,Equal Weight,DIS,equity,0.016666666666666666,2020-02-28,2021-02-26,252
2021-03-01,Combined Equal Weight,Combined equity + cryptocurrency,Equal Weight,DOW,equity,0.016666666666666666,2020-02-28,2021-02-26,252
2021-03-01,Combined Equal Weight,Combined equity + cryptocurrency,Equal Weight,DUK,equity,0.016666666666666666,2020-02-28,2021-02-26,252
2021-03-01,Combined Equal Weight,Combined equity + cryptocurrency,Equal Weight,EA,equity,0.016666666666666666,2020-02-28,2021-02-26,252
2021-03-01,Combined Equal Weight,Combined equity + cryptocurrency,Equal Weight,EOS-USD,cryptocurrency,0.016666666666666666,2020-02-28,2021-02-26,252
2021-03-01,Combined Equal Weight,Combined equity + cryptocurrency,Equal Weight,ETC-USD,cryptocurrency,0.016666666666666666,2020-02-28,2021-02-26,252
2021-03-01,Combined Equal Weight,Combined equity + cryptocurrency,Equal Weight,ETH-USD,cryptocurrency,0.016666666666666666,2020-02-28,2021-02-26,252
2021-03-01,Combined Equal Weight,Combined equity + cryptocurrency,Equal Weight,GE,equity,0.016666666666666666,2020-02-28,2021-02-26,252
2021-03-01,Combined Equal Weight,Combined equity + cryptocurrency,Equal Weight,GILD,equity,0.016666666666666666,2020-02-28,2021-02-26,252
2021-03-01,Combined Equal Weight,Combined equity + cryptocurrency,Equal Weight,GS,equity,0.016666666666666666,2020-02-28,2021-02-26,252
2021-03-01,Combined Equal Weight,Combined equity + cryptocurrency,Equal Weight,INTC,equity,0.016666666666666666,2020-02-28,2021-02-26,252
2021-03-01,Combined Equal Weight,Combined equity + cryptocurrency,Equal Weight,KO,equity,0.016666666666666666,2020-02-28,2021-02-26,252
2021-03-01,Combined Equal Weight,Combined equity + cryptocurrency,Equal Weight,LTC-USD,cryptocurrency,0.016666666666666666,2020-02-28,2021-02-26,252
2021-03-01,Combined Equal Weight,Combined equity + cryptocurrency,Equal Weight,MMM,equity,0.016666666666666666,2020-02-28,2021-02-26,252
2021-03-01,Combined Equal Weight,Combined equity + cryptocurrency,Equal Weight,MRK,equity,0.016666666666666666,2020-02-28,2021-02-26,252
2021-03-01,Combined Equal Weight,Combined equity + cryptocurrency,Equal Weight,MS,equity,0.016666666666666666,2020-02-28,2021-02-26,252
2021-03-01,Combined Equal Weight,Combined equity + cryptocurrency,Equal Weight,NEE,equity,0.016666666666666666,2020-02-28,2021-02-26,252
2021-03-01,Combined Equal Weight,Combined equity + cryptocurrency,Equal Weight,NEM,equity,0.016666666666666666,2020-02-28,2021-02-26,252
2021-03-01,Combined Equal Weight,Combined equity + cryptocurrency,Equal Weight,NKE,equity,0.016666666666666666,2020-02-28,2021-02-26,252
2021-03-01,Combined Equal Weight,Combined equity + cryptocurrency,Equal Weight,NUE,equity,0.016666666666666666,2020-02-28,2021-02-26,252
2021-03-01,Combined Equal Weight,Combined equity + cryptocurrency,Equal Weight,NVDA,equity,0.016666666666666666,2020-02-28,2021-02-26,252
2021-03-01,Combined Equal Weight,Combined equity + cryptocurrency,Equal Weight,O,equity,0.016666666666666666,2020-02-28,2021-02-26,252
2021-03-01,Combined Equal Weight,Combined equity + cryptocurrency,Equal Weight,OXY,equity,0.016666666666666666,2020-02-28,2021-02-26,252
2021-03-01,Combined Equal Weight,Combined equity + cryptocurrency,Equal Weight,PLD,equity,0.016666666666666666,2020-02-28,2021-02-26,252
2021-03-01,Combined Equal Weight,Combined equity + cryptocurrency,Equal Weight,PSA,equity,0.016666666666666666,2020-02-28,2021-02-26,252
2021-03-01,Combined Equal Weight,Combined equity + cryptocurrency,Equal Weight,QCOM,equity,0.016666666666666666,2020-02-28,2021-02-26,252
2021-03-01,Combined Equal Weight,Combined equity + cryptocurrency,Equal Weight,SBUX,equity,0.016666666666666666,2020-02-28,2021-02-26,252
2021-03-01,Combined Equal Weight,Combined equity + cryptocurrency,Equal Weight,SHW,equity,0.016666666666666666,2020-02-28,2021-02-26,252
2021-03-01,Combined Equal Weight,Combined equity + cryptocurrency,Equal Weight,SLB,equity,0.016666666666666666,2020-02-28,2021-02-26,252
2021-03-01,Combined Equal Weight,Combined equity + cryptocurrency,Equal Weight,SO,equity,0.016666666666666666,2020-02-28,2021-02-26,252
2021-03-01,Combined Equal Weight,Combined equity + cryptocurrency,Equal Weight,T,equity,0.016666666666666666,2020-02-28,2021-02-26,252
2021-03-01,Combined Equal Weight,Combined equity + cryptocurrency,Equal Weight,TMUS,equity,0.016666666666666666,2020-02-28,2021-02-26,252
2021-03-01,Combined Equal Weight,Combined equity + cryptocurrency,Equal Weight,TRX-USD,cryptocurrency,0.016666666666666666,2020-02-28,2021-02-26,252
2021-03-01,Combined Equal Weight,Combined equity + cryptocurrency,Equal Weight,TTWO,equity,0.016666666666666666,2020-02-28,2021-02-26,252
2021-03-01,Combined Equal Weight,Combined equity + cryptocurrency,Equal Weight,UPS,equity,0.016666666666666666,2020-02-28,2021-02-26,252
2021-03-01,Combined Equal Weight,Combined equity + cryptocurrency,Equal Weight,USB,equity,0.016666666666666666,2020-02-28,2021-02-26,252
2021-03-01,Combined Equal Weight,Combined equity + cryptocurrency,Equal Weight,V,equity,0.016666666666666666,2020-02-28,2021-02-26,252
2021-03-01,Combined Equal Weight,Combined equity + cryptocurrency,Equal Weight,WFC,equity,0.016666666666666666,2020-02-28,2021-02-26,252
2021-03-01,Combined Equal Weight,Combined equity + cryptocurrency,Equal Weight,WMT,equity,0.016666666666666666,2020-02-28,2021-02-26,252
2021-03-01,Combined Equal Weight,Combined equity + cryptocurrency,Equal Weight,XLM-USD,cryptocurrency,0.016666666666666666,2020-02-28,2021-02-26,252
2021-03-01,Combined Equal Weight,Combined equity + cryptocurrency,Equal Weight,XOM,equity,0.016666666666666666,2020-02-28,2021-02-26,252
2021-03-01,Combined Equal Weight,Combined equity + cryptocurrency,Equal Weight,XRP-USD,cryptocurrency,0.016666666666666666,2020-02-28,2021-02-26,252
2021-04-01,Combined Equal Weight,Combined equity + cryptocurrency,Equal Weight,ABBV,equity,0.016666666666666666,2020-04-01,2021-03-31,252
2021-04-01,Combined Equal Weight,Combined equity + cryptocurrency,Equal Weight,ABT,equity,0.016666666666666666,2020-04-01,2021-03-31,252
2021-04-01,Combined Equal Weight,Combined equity + cryptocurrency,Equal Weight,ADA-USD,cryptocurrency,0.016666666666666666,2020-04-01,2021-03-31,252
2021-04-01,Combined Equal Weight,Combined equity + cryptocurrency,Equal Weight,ADBE,equity,0.016666666666666666,2020-04-01,2021-03-31,252
2021-04-01,Combined Equal Weight,Combined equity + cryptocurrency,Equal Weight,AEP,equity,0.016666666666666666,2020-04-01,2021-03-31,252
2021-04-01,Combined Equal Weight,Combined equity + cryptocurrency,Equal Weight,AMD,equity,0.016666666666666666,2020-04-01,2021-03-31,252
2021-04-01,Combined Equal Weight,Combined equity + cryptocurrency,Equal Weight,AMGN,equity,0.016666666666666666,2020-04-01,2021-03-31,252
2021-04-01,Combined Equal Weight,Combined equity + cryptocurrency,Equal Weight,AMT,equity,0.016666666666666666,2020-04-01,2021-03-31,252
2021-04-01,Combined Equal Weight,Combined equity + cryptocurrency,Equal Weight,BA,equity,0.016666666666666666,2020-04-01,2021-03-31,252
2021-04-01,Combined Equal Weight,Combined equity + cryptocurrency,Equal Weight,BCH-USD,cryptocurrency,0.016666666666666666,2020-04-01,2021-03-31,252
2021-04-01,Combined Equal Weight,Combined equity + cryptocurrency,Equal Weight,BTC-USD,cryptocurrency,0.016666666666666666,2020-04-01,2021-03-31,252
2021-04-01,Combined Equal Weight,Combined equity + cryptocurrency,Equal Weight,CAT,equity,0.016666666666666666,2020-04-01,2021-03-31,252
2021-04-01,Combined Equal Weight,Combined equity + cryptocurrency,Equal Weight,CCI,equity,0.016666666666666666,2020-04-01,2021-03-31,252
2021-04-01,Combined Equal Weight,Combined equity + cryptocurrency,Equal Weight,CMCSA,equity,0.016666666666666666,2020-04-01,2021-03-31,252
2021-04-01,Combined Equal Weight,Combined equity + cryptocurrency,Equal Weight,COP,equity,0.016666666666666666,2020-04-01,2021-03-31,252
2021-04-01,Combined Equal Weight,Combined equity + cryptocurrency,Equal Weight,CVX,equity,0.016666666666666666,2020-04-01,2021-03-31,252
2021-04-01,Combined Equal Weight,Combined equity + cryptocurrency,Equal Weight,D,equity,0.016666666666666666,2020-04-01,2021-03-31,252
2021-04-01,Combined Equal Weight,Combined equity + cryptocurrency,Equal Weight,DD,equity,0.016666666666666666,2020-04-01,2021-03-31,252
2021-04-01,Combined Equal Weight,Combined equity + cryptocurrency,Equal Weight,DIS,equity,0.016666666666666666,2020-04-01,2021-03-31,252
2021-04-01,Combined Equal Weight,Combined equity + cryptocurrency,Equal Weight,DOW,equity,0.016666666666666666,2020-04-01,2021-03-31,252
2021-04-01,Combined Equal Weight,Combined equity + cryptocurrency,Equal Weight,DUK,equity,0.016666666666666666,2020-04-01,2021-03-31,252
2021-04-01,Combined Equal Weight,Combined equity + cryptocurrency,Equal Weight,EA,equity,0.016666666666666666,2020-04-01,2021-03-31,252
2021-04-01,Combined Equal Weight,Combined equity + cryptocurrency,Equal Weight,EOS-USD,cryptocurrency,0.016666666666666666,2020-04-01,2021-03-31,252
2021-04-01,Combined Equal Weight,Combined equity + cryptocurrency,Equal Weight,ETC-USD,cryptocurrency,0.016666666666666666,2020-04-01,2021-03-31,252
2021-04-01,Combined Equal Weight,Combined equity + cryptocurrency,Equal Weight,ETH-USD,cryptocurrency,0.016666666666666666,2020-04-01,2021-03-31,252
2021-04-01,Combined Equal Weight,Combined equity + cryptocurrency,Equal Weight,GE,equity,0.016666666666666666,2020-04-01,2021-03-31,252
2021-04-01,Combined Equal Weight,Combined equity + cryptocurrency,Equal Weight,GILD,equity,0.016666666666666666,2020-04-01,2021-03-31,252
2021-04-01,Combined Equal Weight,Combined equity + cryptocurrency,Equal Weight,GS,equity,0.016666666666666666,2020-04-01,2021-03-31,252
2021-04-01,Combined Equal Weight,Combined equity + cryptocurrency,Equal Weight,INTC,equity,0.016666666666666666,2020-04-01,2021-03-31,252
2021-04-01,Combined Equal Weight,Combined equity + cryptocurrency,Equal Weight,KO,equity,0.016666666666666666,2020-04-01,2021-03-31,252
2021-04-01,Combined Equal Weight,Combined equity + cryptocurrency,Equal Weight,LTC-USD,cryptocurrency,0.016666666666666666,2020-04-01,2021-03-31,252
2021-04-01,Combined Equal Weight,Combined equity + cryptocurrency,Equal Weight,MMM,equity,0.016666666666666666,2020-04-01,2021-03-31,252
2021-04-01,Combined Equal Weight,Combined equity + cryptocurrency,Equal Weight,MRK,equity,0.016666666666666666,2020-04-01,2021-03-31,252
2021-04-01,Combined Equal Weight,Combined equity + cryptocurrency,Equal Weight,MS,equity,0.016666666666666666,2020-04-01,2021-03-31,252
2021-04-01,Combined Equal Weight,Combined equity + cryptocurrency,Equal Weight,NEE,equity,0.016666666666666666,2020-04-01,2021-03-31,252
2021-04-01,Combined Equal Weight,Combined equity + cryptocurrency,Equal Weight,NEM,equity,0.016666666666666666,2020-04-01,2021-03-31,252
2021-04-01,Combined Equal Weight,Combined equity + cryptocurrency,Equal Weight,NKE,equity,0.016666666666666666,2020-04-01,2021-03-31,252
2021-04-01,Combined Equal Weight,Combined equity + cryptocurrency,Equal Weight,NUE,equity,0.016666666666666666,2020-04-01,2021-03-31,252
2021-04-01,Combined Equal Weight,Combined equity + cryptocurrency,Equal Weight,NVDA,equity,0.016666666666666666,2020-04-01,2021-03-31,252
2021-04-01,Combined Equal Weight,Combined equity + cryptocurrency,Equal Weight,O,equity,0.016666666666666666,2020-04-01,2021-03-31,252
2021-04-01,Combined Equal Weight,Combined equity + cryptocurrency,Equal Weight,OXY,equity,0.016666666666666666,2020-04-01,2021-03-31,252
2021-04-01,Combined Equal Weight,Combined equity + cryptocurrency,Equal Weight,PLD,equity,0.016666666666666666,2020-04-01,2021-03-31,252
2021-04-01,Combined Equal Weight,Combined equity + cryptocurrency,Equal Weight,PSA,equity,0.016666666666666666,2020-04-01,2021-03-31,252
2021-04-01,Combined Equal Weight,Combined equity + cryptocurrency,Equal Weight,QCOM,equity,0.016666666666666666,2020-04-01,2021-03-31,252
2021-04-01,Combined Equal Weight,Combined equity + cryptocurrency,Equal Weight,SBUX,equity,0.016666666666666666,2020-04-01,2021-03-31,252
2021-04-01,Combined Equal Weight,Combined equity + cryptocurrency,Equal Weight,SHW,equity,0.016666666666666666,2020-04-01,2021-03-31,252
2021-04-01,Combined Equal Weight,Combined equity + cryptocurrency,Equal Weight,SLB,equity,0.016666666666666666,2020-04-01,2021-03-31,252
2021-04-01,Combined Equal Weight,Combined equity + cryptocurrency,Equal Weight,SO,equity,0.016666666666666666,2020-04-01,2021-03-31,252
2021-04-01,Combined Equal Weight,Combined equity + cryptocurrency,Equal Weight,T,equity,0.016666666666666666,2020-04-01,2021-03-31,252
2021-04-01,Combined Equal Weight,Combined equity + cryptocurrency,Equal Weight,TMUS,equity,0.016666666666666666,2020-04-01,2021-03-31,252
2021-04-01,Combined Equal Weight,Combined equity + cryptocurrency,Equal Weight,TRX-USD,cryptocurrency,0.016666666666666666,2020-04-01,2021-03-31,252
2021-04-01,Combined Equal Weight,Combined equity + cryptocurrency,Equal Weight,TTWO,equity,0.016666666666666666,2020-04-01,2021-03-31,252
2021-04-01,Combined Equal Weight,Combined equity + cryptocurrency,Equal Weight,UPS,equity,0.016666666666666666,2020-04-01,2021-03-31,252
2021-04-01,Combined Equal Weight,Combined equity + cryptocurrency,Equal Weight,USB,equity,0.016666666666666666,2020-04-01,2021-03-31,252
2021-04-01,Combined Equal Weight,Combined equity + cryptocurrency,Equal Weight,V,equity,0.016666666666666666,2020-04-01,2021-03-31,252
2021-04-01,Combined Equal Weight,Combined equity + cryptocurrency,Equal Weight,WFC,equity,0.016666666666666666,2020-04-01,2021-03-31,252
2021-04-01,Combined Equal Weight,Combined equity + cryptocurrency,Equal Weight,WMT,equity,0.016666666666666666,2020-04-01,2021-03-31,252
2021-04-01,Combined Equal Weight,Combined equity + cryptocurrency,Equal Weight,XLM-USD,cryptocurrency,0.016666666666666666,2020-04-01,2021-03-31,252
2021-04-01,Combined Equal Weight,Combined equity + cryptocurrency,Equal Weight,XOM,equity,0.016666666666666666,2020-04-01,2021-03-31,252
2021-04-01,Combined Equal Weight,Combined equity + cryptocurrency,Equal Weight,XRP-USD,cryptocurrency,0.016666666666666666,2020-04-01,2021-03-31,252
2021-05-03,Combined Equal Weight,Combined equity + cryptocurrency,Equal Weight,ABBV,equity,0.016666666666666666,2020-05-01,2021-04-30,252
2021-05-03,Combined Equal Weight,Combined equity + cryptocurrency,Equal Weight,ABT,equity,0.016666666666666666,2020-05-01,2021-04-30,252
2021-05-03,Combined Equal Weight,Combined equity + cryptocurrency,Equal Weight,ADA-USD,cryptocurrency,0.016666666666666666,2020-05-01,2021-04-30,252
2021-05-03,Combined Equal Weight,Combined equity + cryptocurrency,Equal Weight,ADBE,equity,0.016666666666666666,2020-05-01,2021-04-30,252
2021-05-03,Combined Equal Weight,Combined equity + cryptocurrency,Equal Weight,AEP,equity,0.016666666666666666,2020-05-01,2021-04-30,252
2021-05-03,Combined Equal Weight,Combined equity + cryptocurrency,Equal Weight,AMD,equity,0.016666666666666666,2020-05-01,2021-04-30,252
2021-05-03,Combined Equal Weight,Combined equity + cryptocurrency,Equal Weight,AMGN,equity,0.016666666666666666,2020-05-01,2021-04-30,252
2021-05-03,Combined Equal Weight,Combined equity + cryptocurrency,Equal Weight,AMT,equity,0.016666666666666666,2020-05-01,2021-04-30,252
2021-05-03,Combined Equal Weight,Combined equity + cryptocurrency,Equal Weight,BA,equity,0.016666666666666666,2020-05-01,2021-04-30,252
2021-05-03,Combined Equal Weight,Combined equity + cryptocurrency,Equal Weight,BCH-USD,cryptocurrency,0.016666666666666666,2020-05-01,2021-04-30,252
2021-05-03,Combined Equal Weight,Combined equity + cryptocurrency,Equal Weight,BTC-USD,cryptocurrency,0.016666666666666666,2020-05-01,2021-04-30,252
2021-05-03,Combined Equal Weight,Combined equity + cryptocurrency,Equal Weight,CAT,equity,0.016666666666666666,2020-05-01,2021-04-30,252
2021-05-03,Combined Equal Weight,Combined equity + cryptocurrency,Equal Weight,CCI,equity,0.016666666666666666,2020-05-01,2021-04-30,252
2021-05-03,Combined Equal Weight,Combined equity + cryptocurrency,Equal Weight,CMCSA,equity,0.016666666666666666,2020-05-01,2021-04-30,252
2021-05-03,Combined Equal Weight,Combined equity + cryptocurrency,Equal Weight,COP,equity,0.016666666666666666,2020-05-01,2021-04-30,252
2021-05-03,Combined Equal Weight,Combined equity + cryptocurrency,Equal Weight,CVX,equity,0.016666666666666666,2020-05-01,2021-04-30,252
2021-05-03,Combined Equal Weight,Combined equity + cryptocurrency,Equal Weight,D,equity,0.016666666666666666,2020-05-01,2021-04-30,252
2021-05-03,Combined Equal Weight,Combined equity + cryptocurrency,Equal Weight,DD,equity,0.016666666666666666,2020-05-01,2021-04-30,252
2021-05-03,Combined Equal Weight,Combined equity + cryptocurrency,Equal Weight,DIS,equity,0.016666666666666666,2020-05-01,2021-04-30,252
2021-05-03,Combined Equal Weight,Combined equity + cryptocurrency,Equal Weight,DOW,equity,0.016666666666666666,2020-05-01,2021-04-30,252
2021-05-03,Combined Equal Weight,Combined equity + cryptocurrency,Equal Weight,DUK,equity,0.016666666666666666,2020-05-01,2021-04-30,252
2021-05-03,Combined Equal Weight,Combined equity + cryptocurrency,Equal Weight,EA,equity,0.016666666666666666,2020-05-01,2021-04-30,252
2021-05-03,Combined Equal Weight,Combined equity + cryptocurrency,Equal Weight,EOS-USD,cryptocurrency,0.016666666666666666,2020-05-01,2021-04-30,252
2021-05-03,Combined Equal Weight,Combined equity + cryptocurrency,Equal Weight,ETC-USD,cryptocurrency,0.016666666666666666,2020-05-01,2021-04-30,252
2021-05-03,Combined Equal Weight,Combined equity + cryptocurrency,Equal Weight,ETH-USD,cryptocurrency,0.016666666666666666,2020-05-01,2021-04-30,252
2021-05-03,Combined Equal Weight,Combined equity + cryptocurrency,Equal Weight,GE,equity,0.016666666666666666,2020-05-01,2021-04-30,252
2021-05-03,Combined Equal Weight,Combined equity + cryptocurrency,Equal Weight,GILD,equity,0.016666666666666666,2020-05-01,2021-04-30,252
2021-05-03,Combined Equal Weight,Combined equity + cryptocurrency,Equal Weight,GS,equity,0.016666666666666666,2020-05-01,2021-04-30,252
2021-05-03,Combined Equal Weight,Combined equity + cryptocurrency,Equal Weight,INTC,equity,0.016666666666666666,2020-05-01,2021-04-30,252
2021-05-03,Combined Equal Weight,Combined equity + cryptocurrency,Equal Weight,KO,equity,0.016666666666666666,2020-05-01,2021-04-30,252
2021-05-03,Combined Equal Weight,Combined equity + cryptocurrency,Equal Weight,LTC-USD,cryptocurrency,0.016666666666666666,2020-05-01,2021-04-30,252
2021-05-03,Combined Equal Weight,Combined equity + cryptocurrency,Equal Weight,MMM,equity,0.016666666666666666,2020-05-01,2021-04-30,252
2021-05-03,Combined Equal Weight,Combined equity + cryptocurrency,Equal Weight,MRK,equity,0.016666666666666666,2020-05-01,2021-04-30,252
2021-05-03,Combined Equal Weight,Combined equity + cryptocurrency,Equal Weight,MS,equity,0.016666666666666666,2020-05-01,2021-04-30,252
2021-05-03,Combined Equal Weight,Combined equity + cryptocurrency,Equal Weight,NEE,equity,0.016666666666666666,2020-05-01,2021-04-30,252
2021-05-03,Combined Equal Weight,Combined equity + cryptocurrency,Equal Weight,NEM,equity,0.016666666666666666,2020-05-01,2021-04-30,252
2021-05-03,Combined Equal Weight,Combined equity + cryptocurrency,Equal Weight,NKE,equity,0.016666666666666666,2020-05-01,2021-04-30,252
2021-05-03,Combined Equal Weight,Combined equity + cryptocurrency,Equal Weight,NUE,equity,0.016666666666666666,2020-05-01,2021-04-30,252
2021-05-03,Combined Equal Weight,Combined equity + cryptocurrency,Equal Weight,NVDA,equity,0.016666666666666666,2020-05-01,2021-04-30,252
2021-05-03,Combined Equal Weight,Combined equity + cryptocurrency,Equal Weight,O,equity,0.016666666666666666,2020-05-01,2021-04-30,252
2021-05-03,Combined Equal Weight,Combined equity + cryptocurrency,Equal Weight,OXY,equity,0.016666666666666666,2020-05-01,2021-04-30,252
2021-05-03,Combined Equal Weight,Combined equity + cryptocurrency,Equal Weight,PLD,equity,0.016666666666666666,2020-05-01,2021-04-30,252
2021-05-03,Combined Equal Weight,Combined equity + cryptocurrency,Equal Weight,PSA,equity,0.016666666666666666,2020-05-01,2021-04-30,252
2021-05-03,Combined Equal Weight,Combined equity + cryptocurrency,Equal Weight,QCOM,equity,0.016666666666666666,2020-05-01,2021-04-30,252
2021-05-03,Combined Equal Weight,Combined equity + cryptocurrency,Equal Weight,SBUX,equity,0.016666666666666666,2020-05-01,2021-04-30,252
2021-05-03,Combined Equal Weight,Combined equity + cryptocurrency,Equal Weight,SHW,equity,0.016666666666666666,2020-05-01,2021-04-30,252
2021-05-03,Combined Equal Weight,Combined equity + cryptocurrency,Equal Weight,SLB,equity,0.016666666666666666,2020-05-01,2021-04-30,252
2021-05-03,Combined Equal Weight,Combined equity + cryptocurrency,Equal Weight,SO,equity,0.016666666666666666,2020-05-01,2021-04-30,252
2021-05-03,Combined Equal Weight,Combined equity + cryptocurrency,Equal Weight,T,equity,0.016666666666666666,2020-05-01,2021-04-30,252
2021-05-03,Combined Equal Weight,Combined equity + cryptocurrency,Equal Weight,TMUS,equity,0.016666666666666666,2020-05-01,2021-04-30,252
2021-05-03,Combined Equal Weight,Combined equity + cryptocurrency,Equal Weight,TRX-USD,cryptocurrency,0.016666666666666666,2020-05-01,2021-04-30,252
2021-05-03,Combined Equal Weight,Combined equity + cryptocurrency,Equal Weight,TTWO,equity,0.016666666666666666,2020-05-01,2021-04-30,252
2021-05-03,Combined Equal Weight,Combined equity + cryptocurrency,Equal Weight,UPS,equity,0.016666666666666666,2020-05-01,2021-04-30,252
2021-05-03,Combined Equal Weight,Combined equity + cryptocurrency,Equal Weight,USB,equity,0.016666666666666666,2020-05-01,2021-04-30,252
2021-05-03,Combined Equal Weight,Combined equity + cryptocurrency,Equal Weight,V,equity,0.016666666666666666,2020-05-01,2021-04-30,252
2021-05-03,Combined Equal Weight,Combined equity + cryptocurrency,Equal Weight,WFC,equity,0.016666666666666666,2020-05-01,2021-04-30,252
2021-05-03,Combined Equal Weight,Combined equity + cryptocurrency,Equal Weight,WMT,equity,0.016666666666666666,2020-05-01,2021-04-30,252
2021-05-03,Combined Equal Weight,Combined equity + cryptocurrency,Equal Weight,XLM-USD,cryptocurrency,0.016666666666666666,2020-05-01,2021-04-30,252
2021-05-03,Combined Equal Weight,Combined equity + cryptocurrency,Equal Weight,XOM,equity,0.016666666666666666,2020-05-01,2021-04-30,252
2021-05-03,Combined Equal Weight,Combined equity + cryptocurrency,Equal Weight,XRP-USD,cryptocurrency,0.016666666666666666,2020-05-01,2021-04-30,252
2021-06-01,Combined Equal Weight,Combined equity + cryptocurrency,Equal Weight,ABBV,equity,0.016666666666666666,2020-06-01,2021-05-28,252
2021-06-01,Combined Equal Weight,Combined equity + cryptocurrency,Equal Weight,ABT,equity,0.016666666666666666,2020-06-01,2021-05-28,252
2021-06-01,Combined Equal Weight,Combined equity + cryptocurrency,Equal Weight,ADA-USD,cryptocurrency,0.016666666666666666,2020-06-01,2021-05-28,252
2021-06-01,Combined Equal Weight,Combined equity + cryptocurrency,Equal Weight,ADBE,equity,0.016666666666666666,2020-06-01,2021-05-28,252
2021-06-01,Combined Equal Weight,Combined equity + cryptocurrency,Equal Weight,AEP,equity,0.016666666666666666,2020-06-01,2021-05-28,252
2021-06-01,Combined Equal Weight,Combined equity + cryptocurrency,Equal Weight,AMD,equity,0.016666666666666666,2020-06-01,2021-05-28,252
2021-06-01,Combined Equal Weight,Combined equity + cryptocurrency,Equal Weight,AMGN,equity,0.016666666666666666,2020-06-01,2021-05-28,252
2021-06-01,Combined Equal Weight,Combined equity + cryptocurrency,Equal Weight,AMT,equity,0.016666666666666666,2020-06-01,2021-05-28,252
2021-06-01,Combined Equal Weight,Combined equity + cryptocurrency,Equal Weight,BA,equity,0.016666666666666666,2020-06-01,2021-05-28,252
2021-06-01,Combined Equal Weight,Combined equity + cryptocurrency,Equal Weight,BCH-USD,cryptocurrency,0.016666666666666666,2020-06-01,2021-05-28,252
2021-06-01,Combined Equal Weight,Combined equity + cryptocurrency,Equal Weight,BTC-USD,cryptocurrency,0.016666666666666666,2020-06-01,2021-05-28,252
2021-06-01,Combined Equal Weight,Combined equity + cryptocurrency,Equal Weight,CAT,equity,0.016666666666666666,2020-06-01,2021-05-28,252
2021-06-01,Combined Equal Weight,Combined equity + cryptocurrency,Equal Weight,CCI,equity,0.016666666666666666,2020-06-01,2021-05-28,252
2021-06-01,Combined Equal Weight,Combined equity + cryptocurrency,Equal Weight,CMCSA,equity,0.016666666666666666,2020-06-01,2021-05-28,252
2021-06-01,Combined Equal Weight,Combined equity + cryptocurrency,Equal Weight,COP,equity,0.016666666666666666,2020-06-01,2021-05-28,252
2021-06-01,Combined Equal Weight,Combined equity + cryptocurrency,Equal Weight,CVX,equity,0.016666666666666666,2020-06-01,2021-05-28,252
2021-06-01,Combined Equal Weight,Combined equity + cryptocurrency,Equal Weight,D,equity,0.016666666666666666,2020-06-01,2021-05-28,252
2021-06-01,Combined Equal Weight,Combined equity + cryptocurrency,Equal Weight,DD,equity,0.016666666666666666,2020-06-01,2021-05-28,252
2021-06-01,Combined Equal Weight,Combined equity + cryptocurrency,Equal Weight,DIS,equity,0.016666666666666666,2020-06-01,2021-05-28,252
2021-06-01,Combined Equal Weight,Combined equity + cryptocurrency,Equal Weight,DOW,equity,0.016666666666666666,2020-06-01,2021-05-28,252
2021-06-01,Combined Equal Weight,Combined equity + cryptocurrency,Equal Weight,DUK,equity,0.016666666666666666,2020-06-01,2021-05-28,252
2021-06-01,Combined Equal Weight,Combined equity + cryptocurrency,Equal Weight,EA,equity,0.016666666666666666,2020-06-01,2021-05-28,252
2021-06-01,Combined Equal Weight,Combined equity + cryptocurrency,Equal Weight,EOS-USD,cryptocurrency,0.016666666666666666,2020-06-01,2021-05-28,252
2021-06-01,Combined Equal Weight,Combined equity + cryptocurrency,Equal Weight,ETC-USD,cryptocurrency,0.016666666666666666,2020-06-01,2021-05-28,252
2021-06-01,Combined Equal Weight,Combined equity + cryptocurrency,Equal Weight,ETH-USD,cryptocurrency,0.016666666666666666,2020-06-01,2021-05-28,252
2021-06-01,Combined Equal Weight,Combined equity + cryptocurrency,Equal Weight,GE,equity,0.016666666666666666,2020-06-01,2021-05-28,252
2021-06-01,Combined Equal Weight,Combined equity + cryptocurrency,Equal Weight,GILD,equity,0.016666666666666666,2020-06-01,2021-05-28,252
2021-06-01,Combined Equal Weight,Combined equity + cryptocurrency,Equal Weight,GS,equity,0.016666666666666666,2020-06-01,2021-05-28,252
2021-06-01,Combined Equal Weight,Combined equity + cryptocurrency,Equal Weight,INTC,equity,0.016666666666666666,2020-06-01,2021-05-28,252
2021-06-01,Combined Equal Weight,Combined equity + cryptocurrency,Equal Weight,KO,equity,0.016666666666666666,2020-06-01,2021-05-28,252
2021-06-01,Combined Equal Weight,Combined equity + cryptocurrency,Equal Weight,LTC-USD,cryptocurrency,0.016666666666666666,2020-06-01,2021-05-28,252
2021-06-01,Combined Equal Weight,Combined equity + cryptocurrency,Equal Weight,MMM,equity,0.016666666666666666,2020-06-01,2021-05-28,252
2021-06-01,Combined Equal Weight,Combined equity + cryptocurrency,Equal Weight,MRK,equity,0.016666666666666666,2020-06-01,2021-05-28,252
2021-06-01,Combined Equal Weight,Combined equity + cryptocurrency,Equal Weight,MS,equity,0.016666666666666666,2020-06-01,2021-05-28,252
2021-06-01,Combined Equal Weight,Combined equity + cryptocurrency,Equal Weight,NEE,equity,0.016666666666666666,2020-06-01,2021-05-28,252
2021-06-01,Combined Equal Weight,Combined equity + cryptocurrency,Equal Weight,NEM,equity,0.016666666666666666,2020-06-01,2021-05-28,252
2021-06-01,Combined Equal Weight,Combined equity + cryptocurrency,Equal Weight,NKE,equity,0.016666666666666666,2020-06-01,2021-05-28,252
2021-06-01,Combined Equal Weight,Combined equity + cryptocurrency,Equal Weight,NUE,equity,0.016666666666666666,2020-06-01,2021-05-28,252
2021-06-01,Combined Equal Weight,Combined equity + cryptocurrency,Equal Weight,NVDA,equity,0.016666666666666666,2020-06-01,2021-05-28,252
2021-06-01,Combined Equal Weight,Combined equity + cryptocurrency,Equal Weight,O,equity,0.016666666666666666,2020-06-01,2021-05-28,252
2021-06-01,Combined Equal Weight,Combined equity + cryptocurrency,Equal Weight,OXY,equity,0.016666666666666666,2020-06-01,2021-05-28,252
2021-06-01,Combined Equal Weight,Combined equity + cryptocurrency,Equal Weight,PLD,equity,0.016666666666666666,2020-06-01,2021-05-28,252
2021-06-01,Combined Equal Weight,Combined equity + cryptocurrency,Equal Weight,PSA,equity,0.016666666666666666,2020-06-01,2021-05-28,252
2021-06-01,Combined Equal Weight,Combined equity + cryptocurrency,Equal Weight,QCOM,equity,0.016666666666666666,2020-06-01,2021-05-28,252
2021-06-01,Combined Equal Weight,Combined equity + cryptocurrency,Equal Weight,SBUX,equity,0.016666666666666666,2020-06-01,2021-05-28,252
2021-06-01,Combined Equal Weight,Combined equity + cryptocurrency,Equal Weight,SHW,equity,0.016666666666666666,2020-06-01,2021-05-28,252
2021-06-01,Combined Equal Weight,Combined equity + cryptocurrency,Equal Weight,SLB,equity,0.016666666666666666,2020-06-01,2021-05-28,252
2021-06-01,Combined Equal Weight,Combined equity + cryptocurrency,Equal Weight,SO,equity,0.016666666666666666,2020-06-01,2021-05-28,252
2021-06-01,Combined Equal Weight,Combined equity + cryptocurrency,Equal Weight,T,equity,0.016666666666666666,2020-06-01,2021-05-28,252
2021-06-01,Combined Equal Weight,Combined equity + cryptocurrency,Equal Weight,TMUS,equity,0.016666666666666666,2020-06-01,2021-05-28,252
2021-06-01,Combined Equal Weight,Combined equity + cryptocurrency,Equal Weight,TRX-USD,cryptocurrency,0.016666666666666666,2020-06-01,2021-05-28,252
2021-06-01,Combined Equal Weight,Combined equity + cryptocurrency,Equal Weight,TTWO,equity,0.016666666666666666,2020-06-01,2021-05-28,252
2021-06-01,Combined Equal Weight,Combined equity + cryptocurrency,Equal Weight,UPS,equity,0.016666666666666666,2020-06-01,2021-05-28,252
2021-06-01,Combined Equal Weight,Combined equity + cryptocurrency,Equal Weight,USB,equity,0.016666666666666666,2020-06-01,2021-05-28,252
2021-06-01,Combined Equal Weight,Combined equity + cryptocurrency,Equal Weight,V,equity,0.016666666666666666,2020-06-01,2021-05-28,252
2021-06-01,Combined Equal Weight,Combined equity + cryptocurrency,Equal Weight,WFC,equity,0.016666666666666666,2020-06-01,2021-05-28,252
2021-06-01,Combined Equal Weight,Combined equity + cryptocurrency,Equal Weight,WMT,equity,0.016666666666666666,2020-06-01,2021-05-28,252
2021-06-01,Combined Equal Weight,Combined equity + cryptocurrency,Equal Weight,XLM-USD,cryptocurrency,0.016666666666666666,2020-06-01,2021-05-28,252
2021-06-01,Combined Equal Weight,Combined equity + cryptocurrency,Equal Weight,XOM,equity,0.016666666666666666,2020-06-01,2021-05-28,252
2021-06-01,Combined Equal Weight,Combined equity + cryptocurrency,Equal Weight,XRP-USD,cryptocurrency,0.016666666666666666,2020-06-01,2021-05-28,252
2021-07-01,Combined Equal Weight,Combined equity + cryptocurrency,Equal Weight,ABBV,equity,0.016666666666666666,2020-07-01,2021-06-30,252
2021-07-01,Combined Equal Weight,Combined equity + cryptocurrency,Equal Weight,ABT,equity,0.016666666666666666,2020-07-01,2021-06-30,252
2021-07-01,Combined Equal Weight,Combined equity + cryptocurrency,Equal Weight,ADA-USD,cryptocurrency,0.016666666666666666,2020-07-01,2021-06-30,252
2021-07-01,Combined Equal Weight,Combined equity + cryptocurrency,Equal Weight,ADBE,equity,0.016666666666666666,2020-07-01,2021-06-30,252
2021-07-01,Combined Equal Weight,Combined equity + cryptocurrency,Equal Weight,AEP,equity,0.016666666666666666,2020-07-01,2021-06-30,252
2021-07-01,Combined Equal Weight,Combined equity + cryptocurrency,Equal Weight,AMD,equity,0.016666666666666666,2020-07-01,2021-06-30,252
2021-07-01,Combined Equal Weight,Combined equity + cryptocurrency,Equal Weight,AMGN,equity,0.016666666666666666,2020-07-01,2021-06-30,252
2021-07-01,Combined Equal Weight,Combined equity + cryptocurrency,Equal Weight,AMT,equity,0.016666666666666666,2020-07-01,2021-06-30,252
2021-07-01,Combined Equal Weight,Combined equity + cryptocurrency,Equal Weight,BA,equity,0.016666666666666666,2020-07-01,2021-06-30,252
2021-07-01,Combined Equal Weight,Combined equity + cryptocurrency,Equal Weight,BCH-USD,cryptocurrency,0.016666666666666666,2020-07-01,2021-06-30,252
2021-07-01,Combined Equal Weight,Combined equity + cryptocurrency,Equal Weight,BTC-USD,cryptocurrency,0.016666666666666666,2020-07-01,2021-06-30,252
2021-07-01,Combined Equal Weight,Combined equity + cryptocurrency,Equal Weight,CAT,equity,0.016666666666666666,2020-07-01,2021-06-30,252
2021-07-01,Combined Equal Weight,Combined equity + cryptocurrency,Equal Weight,CCI,equity,0.016666666666666666,2020-07-01,2021-06-30,252
2021-07-01,Combined Equal Weight,Combined equity + cryptocurrency,Equal Weight,CMCSA,equity,0.016666666666666666,2020-07-01,2021-06-30,252
2021-07-01,Combined Equal Weight,Combined equity + cryptocurrency,Equal Weight,COP,equity,0.016666666666666666,2020-07-01,2021-06-30,252
2021-07-01,Combined Equal Weight,Combined equity + cryptocurrency,Equal Weight,CVX,equity,0.016666666666666666,2020-07-01,2021-06-30,252
2021-07-01,Combined Equal Weight,Combined equity + cryptocurrency,Equal Weight,D,equity,0.016666666666666666,2020-07-01,2021-06-30,252
2021-07-01,Combined Equal Weight,Combined equity + cryptocurrency,Equal Weight,DD,equity,0.016666666666666666,2020-07-01,2021-06-30,252
2021-07-01,Combined Equal Weight,Combined equity + cryptocurrency,Equal Weight,DIS,equity,0.016666666666666666,2020-07-01,2021-06-30,252
2021-07-01,Combined Equal Weight,Combined equity + cryptocurrency,Equal Weight,DOW,equity,0.016666666666666666,2020-07-01,2021-06-30,252
2021-07-01,Combined Equal Weight,Combined equity + cryptocurrency,Equal Weight,DUK,equity,0.016666666666666666,2020-07-01,2021-06-30,252
2021-07-01,Combined Equal Weight,Combined equity + cryptocurrency,Equal Weight,EA,equity,0.016666666666666666,2020-07-01,2021-06-30,252
2021-07-01,Combined Equal Weight,Combined equity + cryptocurrency,Equal Weight,EOS-USD,cryptocurrency,0.016666666666666666,2020-07-01,2021-06-30,252
2021-07-01,Combined Equal Weight,Combined equity + cryptocurrency,Equal Weight,ETC-USD,cryptocurrency,0.016666666666666666,2020-07-01,2021-06-30,252
2021-07-01,Combined Equal Weight,Combined equity + cryptocurrency,Equal Weight,ETH-USD,cryptocurrency,0.016666666666666666,2020-07-01,2021-06-30,252
2021-07-01,Combined Equal Weight,Combined equity + cryptocurrency,Equal Weight,GE,equity,0.016666666666666666,2020-07-01,2021-06-30,252
2021-07-01,Combined Equal Weight,Combined equity + cryptocurrency,Equal Weight,GILD,equity,0.016666666666666666,2020-07-01,2021-06-30,252
2021-07-01,Combined Equal Weight,Combined equity + cryptocurrency,Equal Weight,GS,equity,0.016666666666666666,2020-07-01,2021-06-30,252
2021-07-01,Combined Equal Weight,Combined equity + cryptocurrency,Equal Weight,INTC,equity,0.016666666666666666,2020-07-01,2021-06-30,252
2021-07-01,Combined Equal Weight,Combined equity + cryptocurrency,Equal Weight,KO,equity,0.016666666666666666,2020-07-01,2021-06-30,252
2021-07-01,Combined Equal Weight,Combined equity + cryptocurrency,Equal Weight,LTC-USD,cryptocurrency,0.016666666666666666,2020-07-01,2021-06-30,252
2021-07-01,Combined Equal Weight,Combined equity + cryptocurrency,Equal Weight,MMM,equity,0.016666666666666666,2020-07-01,2021-06-30,252
2021-07-01,Combined Equal Weight,Combined equity + cryptocurrency,Equal Weight,MRK,equity,0.016666666666666666,2020-07-01,2021-06-30,252
2021-07-01,Combined Equal Weight,Combined equity + cryptocurrency,Equal Weight,MS,equity,0.016666666666666666,2020-07-01,2021-06-30,252
2021-07-01,Combined Equal Weight,Combined equity + cryptocurrency,Equal Weight,NEE,equity,0.016666666666666666,2020-07-01,2021-06-30,252
2021-07-01,Combined Equal Weight,Combined equity + cryptocurrency,Equal Weight,NEM,equity,0.016666666666666666,2020-07-01,2021-06-30,252
2021-07-01,Combined Equal Weight,Combined equity + cryptocurrency,Equal Weight,NKE,equity,0.016666666666666666,2020-07-01,2021-06-30,252
2021-07-01,Combined Equal Weight,Combined equity + cryptocurrency,Equal Weight,NUE,equity,0.016666666666666666,2020-07-01,2021-06-30,252
2021-07-01,Combined Equal Weight,Combined equity + cryptocurrency,Equal Weight,NVDA,equity,0.016666666666666666,2020-07-01,2021-06-30,252
2021-07-01,Combined Equal Weight,Combined equity + cryptocurrency,Equal Weight,O,equity,0.016666666666666666,2020-07-01,2021-06-30,252
2021-07-01,Combined Equal Weight,Combined equity + cryptocurrency,Equal Weight,OXY,equity,0.016666666666666666,2020-07-01,2021-06-30,252
2021-07-01,Combined Equal Weight,Combined equity + cryptocurrency,Equal Weight,PLD,equity,0.016666666666666666,2020-07-01,2021-06-30,252
2021-07-01,Combined Equal Weight,Combined equity + cryptocurrency,Equal Weight,PSA,equity,0.016666666666666666,2020-07-01,2021-06-30,252
2021-07-01,Combined Equal Weight,Combined equity + cryptocurrency,Equal Weight,QCOM,equity,0.016666666666666666,2020-07-01,2021-06-30,252
2021-07-01,Combined Equal Weight,Combined equity + cryptocurrency,Equal Weight,SBUX,equity,0.016666666666666666,2020-07-01,2021-06-30,252
2021-07-01,Combined Equal Weight,Combined equity + cryptocurrency,Equal Weight,SHW,equity,0.016666666666666666,2020-07-01,2021-06-30,252
2021-07-01,Combined Equal Weight,Combined equity + cryptocurrency,Equal Weight,SLB,equity,0.016666666666666666,2020-07-01,2021-06-30,252
2021-07-01,Combined Equal Weight,Combined equity + cryptocurrency,Equal Weight,SO,equity,0.016666666666666666,2020-07-01,2021-06-30,252
2021-07-01,Combined Equal Weight,Combined equity + cryptocurrency,Equal Weight,T,equity,0.016666666666666666,2020-07-01,2021-06-30,252
2021-07-01,Combined Equal Weight,Combined equity + cryptocurrency,Equal Weight,TMUS,equity,0.016666666666666666,2020-07-01,2021-06-30,252
2021-07-01,Combined Equal Weight,Combined equity + cryptocurrency,Equal Weight,TRX-USD,cryptocurrency,0.016666666666666666,2020-07-01,2021-06-30,252
2021-07-01,Combined Equal Weight,Combined equity + cryptocurrency,Equal Weight,TTWO,equity,0.016666666666666666,2020-07-01,2021-06-30,252
2021-07-01,Combined Equal Weight,Combined equity + cryptocurrency,Equal Weight,UPS,equity,0.016666666666666666,2020-07-01,2021-06-30,252
2021-07-01,Combined Equal Weight,Combined equity + cryptocurrency,Equal Weight,USB,equity,0.016666666666666666,2020-07-01,2021-06-30,252
2021-07-01,Combined Equal Weight,Combined equity + cryptocurrency,Equal Weight,V,equity,0.016666666666666666,2020-07-01,2021-06-30,252
2021-07-01,Combined Equal Weight,Combined equity + cryptocurrency,Equal Weight,WFC,equity,0.016666666666666666,2020-07-01,2021-06-30,252
2021-07-01,Combined Equal Weight,Combined equity + cryptocurrency,Equal Weight,WMT,equity,0.016666666666666666,2020-07-01,2021-06-30,252
2021-07-01,Combined Equal Weight,Combined equity + cryptocurrency,Equal Weight,XLM-USD,cryptocurrency,0.016666666666666666,2020-07-01,2021-06-30,252
2021-07-01,Combined Equal Weight,Combined equity + cryptocurrency,Equal Weight,XOM,equity,0.016666666666666666,2020-07-01,2021-06-30,252
2021-07-01,Combined Equal Weight,Combined equity + cryptocurrency,Equal Weight,XRP-USD,cryptocurrency,0.016666666666666666,2020-07-01,2021-06-30,252
2021-08-02,Combined Equal Weight,Combined equity + cryptocurrency,Equal Weight,ABBV,equity,0.016666666666666666,2020-07-31,2021-07-30,252
2021-08-02,Combined Equal Weight,Combined equity + cryptocurrency,Equal Weight,ABT,equity,0.016666666666666666,2020-07-31,2021-07-30,252
2021-08-02,Combined Equal Weight,Combined equity + cryptocurrency,Equal Weight,ADA-USD,cryptocurrency,0.016666666666666666,2020-07-31,2021-07-30,252
2021-08-02,Combined Equal Weight,Combined equity + cryptocurrency,Equal Weight,ADBE,equity,0.016666666666666666,2020-07-31,2021-07-30,252
2021-08-02,Combined Equal Weight,Combined equity + cryptocurrency,Equal Weight,AEP,equity,0.016666666666666666,2020-07-31,2021-07-30,252
2021-08-02,Combined Equal Weight,Combined equity + cryptocurrency,Equal Weight,AMD,equity,0.016666666666666666,2020-07-31,2021-07-30,252
2021-08-02,Combined Equal Weight,Combined equity + cryptocurrency,Equal Weight,AMGN,equity,0.016666666666666666,2020-07-31,2021-07-30,252
2021-08-02,Combined Equal Weight,Combined equity + cryptocurrency,Equal Weight,AMT,equity,0.016666666666666666,2020-07-31,2021-07-30,252
2021-08-02,Combined Equal Weight,Combined equity + cryptocurrency,Equal Weight,BA,equity,0.016666666666666666,2020-07-31,2021-07-30,252
2021-08-02,Combined Equal Weight,Combined equity + cryptocurrency,Equal Weight,BCH-USD,cryptocurrency,0.016666666666666666,2020-07-31,2021-07-30,252
2021-08-02,Combined Equal Weight,Combined equity + cryptocurrency,Equal Weight,BTC-USD,cryptocurrency,0.016666666666666666,2020-07-31,2021-07-30,252
2021-08-02,Combined Equal Weight,Combined equity + cryptocurrency,Equal Weight,CAT,equity,0.016666666666666666,2020-07-31,2021-07-30,252
2021-08-02,Combined Equal Weight,Combined equity + cryptocurrency,Equal Weight,CCI,equity,0.016666666666666666,2020-07-31,2021-07-30,252
2021-08-02,Combined Equal Weight,Combined equity + cryptocurrency,Equal Weight,CMCSA,equity,0.016666666666666666,2020-07-31,2021-07-30,252
2021-08-02,Combined Equal Weight,Combined equity + cryptocurrency,Equal Weight,COP,equity,0.016666666666666666,2020-07-31,2021-07-30,252
2021-08-02,Combined Equal Weight,Combined equity + cryptocurrency,Equal Weight,CVX,equity,0.016666666666666666,2020-07-31,2021-07-30,252
2021-08-02,Combined Equal Weight,Combined equity + cryptocurrency,Equal Weight,D,equity,0.016666666666666666,2020-07-31,2021-07-30,252
2021-08-02,Combined Equal Weight,Combined equity + cryptocurrency,Equal Weight,DD,equity,0.016666666666666666,2020-07-31,2021-07-30,252
2021-08-02,Combined Equal Weight,Combined equity + cryptocurrency,Equal Weight,DIS,equity,0.016666666666666666,2020-07-31,2021-07-30,252
2021-08-02,Combined Equal Weight,Combined equity + cryptocurrency,Equal Weight,DOW,equity,0.016666666666666666,2020-07-31,2021-07-30,252
2021-08-02,Combined Equal Weight,Combined equity + cryptocurrency,Equal Weight,DUK,equity,0.016666666666666666,2020-07-31,2021-07-30,252
2021-08-02,Combined Equal Weight,Combined equity + cryptocurrency,Equal Weight,EA,equity,0.016666666666666666,2020-07-31,2021-07-30,252
2021-08-02,Combined Equal Weight,Combined equity + cryptocurrency,Equal Weight,EOS-USD,cryptocurrency,0.016666666666666666,2020-07-31,2021-07-30,252
2021-08-02,Combined Equal Weight,Combined equity + cryptocurrency,Equal Weight,ETC-USD,cryptocurrency,0.016666666666666666,2020-07-31,2021-07-30,252
2021-08-02,Combined Equal Weight,Combined equity + cryptocurrency,Equal Weight,ETH-USD,cryptocurrency,0.016666666666666666,2020-07-31,2021-07-30,252
2021-08-02,Combined Equal Weight,Combined equity + cryptocurrency,Equal Weight,GE,equity,0.016666666666666666,2020-07-31,2021-07-30,252
2021-08-02,Combined Equal Weight,Combined equity + cryptocurrency,Equal Weight,GILD,equity,0.016666666666666666,2020-07-31,2021-07-30,252
2021-08-02,Combined Equal Weight,Combined equity + cryptocurrency,Equal Weight,GS,equity,0.016666666666666666,2020-07-31,2021-07-30,252
2021-08-02,Combined Equal Weight,Combined equity + cryptocurrency,Equal Weight,INTC,equity,0.016666666666666666,2020-07-31,2021-07-30,252
2021-08-02,Combined Equal Weight,Combined equity + cryptocurrency,Equal Weight,KO,equity,0.016666666666666666,2020-07-31,2021-07-30,252
2021-08-02,Combined Equal Weight,Combined equity + cryptocurrency,Equal Weight,LTC-USD,cryptocurrency,0.016666666666666666,2020-07-31,2021-07-30,252
2021-08-02,Combined Equal Weight,Combined equity + cryptocurrency,Equal Weight,MMM,equity,0.016666666666666666,2020-07-31,2021-07-30,252
2021-08-02,Combined Equal Weight,Combined equity + cryptocurrency,Equal Weight,MRK,equity,0.016666666666666666,2020-07-31,2021-07-30,252
2021-08-02,Combined Equal Weight,Combined equity + cryptocurrency,Equal Weight,MS,equity,0.016666666666666666,2020-07-31,2021-07-30,252
2021-08-02,Combined Equal Weight,Combined equity + cryptocurrency,Equal Weight,NEE,equity,0.016666666666666666,2020-07-31,2021-07-30,252
2021-08-02,Combined Equal Weight,Combined equity + cryptocurrency,Equal Weight,NEM,equity,0.016666666666666666,2020-07-31,2021-07-30,252
2021-08-02,Combined Equal Weight,Combined equity + cryptocurrency,Equal Weight,NKE,equity,0.016666666666666666,2020-07-31,2021-07-30,252
2021-08-02,Combined Equal Weight,Combined equity + cryptocurrency,Equal Weight,NUE,equity,0.016666666666666666,2020-07-31,2021-07-30,252
2021-08-02,Combined Equal Weight,Combined equity + cryptocurrency,Equal Weight,NVDA,equity,0.016666666666666666,2020-07-31,2021-07-30,252
2021-08-02,Combined Equal Weight,Combined equity + cryptocurrency,Equal Weight,O,equity,0.016666666666666666,2020-07-31,2021-07-30,252
2021-08-02,Combined Equal Weight,Combined equity + cryptocurrency,Equal Weight,OXY,equity,0.016666666666666666,2020-07-31,2021-07-30,252
2021-08-02,Combined Equal Weight,Combined equity + cryptocurrency,Equal Weight,PLD,equity,0.016666666666666666,2020-07-31,2021-07-30,252
2021-08-02,Combined Equal Weight,Combined equity + cryptocurrency,Equal Weight,PSA,equity,0.016666666666666666,2020-07-31,2021-07-30,252
2021-08-02,Combined Equal Weight,Combined equity + cryptocurrency,Equal Weight,QCOM,equity,0.016666666666666666,2020-07-31,2021-07-30,252
2021-08-02,Combined Equal Weight,Combined equity + cryptocurrency,Equal Weight,SBUX,equity,0.016666666666666666,2020-07-31,2021-07-30,252
2021-08-02,Combined Equal Weight,Combined equity + cryptocurrency,Equal Weight,SHW,equity,0.016666666666666666,2020-07-31,2021-07-30,252
2021-08-02,Combined Equal Weight,Combined equity + cryptocurrency,Equal Weight,SLB,equity,0.016666666666666666,2020-07-31,2021-07-30,252
2021-08-02,Combined Equal Weight,Combined equity + cryptocurrency,Equal Weight,SO,equity,0.016666666666666666,2020-07-31,2021-07-30,252
2021-08-02,Combined Equal Weight,Combined equity + cryptocurrency,Equal Weight,T,equity,0.016666666666666666,2020-07-31,2021-07-30,252
2021-08-02,Combined Equal Weight,Combined equity + cryptocurrency,Equal Weight,TMUS,equity,0.016666666666666666,2020-07-31,2021-07-30,252
2021-08-02,Combined Equal Weight,Combined equity + cryptocurrency,Equal Weight,TRX-USD,cryptocurrency,0.016666666666666666,2020-07-31,2021-07-30,252
2021-08-02,Combined Equal Weight,Combined equity + cryptocurrency,Equal Weight,TTWO,equity,0.016666666666666666,2020-07-31,2021-07-30,252
2021-08-02,Combined Equal Weight,Combined equity + cryptocurrency,Equal Weight,UPS,equity,0.016666666666666666,2020-07-31,2021-07-30,252
2021-08-02,Combined Equal Weight,Combined equity + cryptocurrency,Equal Weight,USB,equity,0.016666666666666666,2020-07-31,2021-07-30,252
2021-08-02,Combined Equal Weight,Combined equity + cryptocurrency,Equal Weight,V,equity,0.016666666666666666,2020-07-31,2021-07-30,252
2021-08-02,Combined Equal Weight,Combined equity + cryptocurrency,Equal Weight,WFC,equity,0.016666666666666666,2020-07-31,2021-07-30,252
2021-08-02,Combined Equal Weight,Combined equity + cryptocurrency,Equal Weight,WMT,equity,0.016666666666666666,2020-07-31,2021-07-30,252
2021-08-02,Combined Equal Weight,Combined equity + cryptocurrency,Equal Weight,XLM-USD,cryptocurrency,0.016666666666666666,2020-07-31,2021-07-30,252
2021-08-02,Combined Equal Weight,Combined equity + cryptocurrency,Equal Weight,XOM,equity,0.016666666666666666,2020-07-31,2021-07-30,252
2021-08-02,Combined Equal Weight,Combined equity + cryptocurrency,Equal Weight,XRP-USD,cryptocurrency,0.016666666666666666,2020-07-31,2021-07-30,252
2021-09-01,Combined Equal Weight,Combined equity + cryptocurrency,Equal Weight,ABBV,equity,0.016666666666666666,2020-09-01,2021-08-31,252
2021-09-01,Combined Equal Weight,Combined equity + cryptocurrency,Equal Weight,ABT,equity,0.016666666666666666,2020-09-01,2021-08-31,252
2021-09-01,Combined Equal Weight,Combined equity + cryptocurrency,Equal Weight,ADA-USD,cryptocurrency,0.016666666666666666,2020-09-01,2021-08-31,252
2021-09-01,Combined Equal Weight,Combined equity + cryptocurrency,Equal Weight,ADBE,equity,0.016666666666666666,2020-09-01,2021-08-31,252
2021-09-01,Combined Equal Weight,Combined equity + cryptocurrency,Equal Weight,AEP,equity,0.016666666666666666,2020-09-01,2021-08-31,252
2021-09-01,Combined Equal Weight,Combined equity + cryptocurrency,Equal Weight,AMD,equity,0.016666666666666666,2020-09-01,2021-08-31,252
2021-09-01,Combined Equal Weight,Combined equity + cryptocurrency,Equal Weight,AMGN,equity,0.016666666666666666,2020-09-01,2021-08-31,252
2021-09-01,Combined Equal Weight,Combined equity + cryptocurrency,Equal Weight,AMT,equity,0.016666666666666666,2020-09-01,2021-08-31,252
2021-09-01,Combined Equal Weight,Combined equity + cryptocurrency,Equal Weight,BA,equity,0.016666666666666666,2020-09-01,2021-08-31,252
2021-09-01,Combined Equal Weight,Combined equity + cryptocurrency,Equal Weight,BCH-USD,cryptocurrency,0.016666666666666666,2020-09-01,2021-08-31,252
2021-09-01,Combined Equal Weight,Combined equity + cryptocurrency,Equal Weight,BTC-USD,cryptocurrency,0.016666666666666666,2020-09-01,2021-08-31,252
2021-09-01,Combined Equal Weight,Combined equity + cryptocurrency,Equal Weight,CAT,equity,0.016666666666666666,2020-09-01,2021-08-31,252
2021-09-01,Combined Equal Weight,Combined equity + cryptocurrency,Equal Weight,CCI,equity,0.016666666666666666,2020-09-01,2021-08-31,252
2021-09-01,Combined Equal Weight,Combined equity + cryptocurrency,Equal Weight,CMCSA,equity,0.016666666666666666,2020-09-01,2021-08-31,252
2021-09-01,Combined Equal Weight,Combined equity + cryptocurrency,Equal Weight,COP,equity,0.016666666666666666,2020-09-01,2021-08-31,252
2021-09-01,Combined Equal Weight,Combined equity + cryptocurrency,Equal Weight,CVX,equity,0.016666666666666666,2020-09-01,2021-08-31,252
2021-09-01,Combined Equal Weight,Combined equity + cryptocurrency,Equal Weight,D,equity,0.016666666666666666,2020-09-01,2021-08-31,252
2021-09-01,Combined Equal Weight,Combined equity + cryptocurrency,Equal Weight,DD,equity,0.016666666666666666,2020-09-01,2021-08-31,252
2021-09-01,Combined Equal Weight,Combined equity + cryptocurrency,Equal Weight,DIS,equity,0.016666666666666666,2020-09-01,2021-08-31,252
2021-09-01,Combined Equal Weight,Combined equity + cryptocurrency,Equal Weight,DOW,equity,0.016666666666666666,2020-09-01,2021-08-31,252
2021-09-01,Combined Equal Weight,Combined equity + cryptocurrency,Equal Weight,DUK,equity,0.016666666666666666,2020-09-01,2021-08-31,252
2021-09-01,Combined Equal Weight,Combined equity + cryptocurrency,Equal Weight,EA,equity,0.016666666666666666,2020-09-01,2021-08-31,252
2021-09-01,Combined Equal Weight,Combined equity + cryptocurrency,Equal Weight,EOS-USD,cryptocurrency,0.016666666666666666,2020-09-01,2021-08-31,252
2021-09-01,Combined Equal Weight,Combined equity + cryptocurrency,Equal Weight,ETC-USD,cryptocurrency,0.016666666666666666,2020-09-01,2021-08-31,252
2021-09-01,Combined Equal Weight,Combined equity + cryptocurrency,Equal Weight,ETH-USD,cryptocurrency,0.016666666666666666,2020-09-01,2021-08-31,252
2021-09-01,Combined Equal Weight,Combined equity + cryptocurrency,Equal Weight,GE,equity,0.016666666666666666,2020-09-01,2021-08-31,252
2021-09-01,Combined Equal Weight,Combined equity + cryptocurrency,Equal Weight,GILD,equity,0.016666666666666666,2020-09-01,2021-08-31,252
2021-09-01,Combined Equal Weight,Combined equity + cryptocurrency,Equal Weight,GS,equity,0.016666666666666666,2020-09-01,2021-08-31,252
2021-09-01,Combined Equal Weight,Combined equity + cryptocurrency,Equal Weight,INTC,equity,0.016666666666666666,2020-09-01,2021-08-31,252
2021-09-01,Combined Equal Weight,Combined equity + cryptocurrency,Equal Weight,KO,equity,0.016666666666666666,2020-09-01,2021-08-31,252
2021-09-01,Combined Equal Weight,Combined equity + cryptocurrency,Equal Weight,LTC-USD,cryptocurrency,0.016666666666666666,2020-09-01,2021-08-31,252
2021-09-01,Combined Equal Weight,Combined equity + cryptocurrency,Equal Weight,MMM,equity,0.016666666666666666,2020-09-01,2021-08-31,252
2021-09-01,Combined Equal Weight,Combined equity + cryptocurrency,Equal Weight,MRK,equity,0.016666666666666666,2020-09-01,2021-08-31,252
2021-09-01,Combined Equal Weight,Combined equity + cryptocurrency,Equal Weight,MS,equity,0.016666666666666666,2020-09-01,2021-08-31,252
2021-09-01,Combined Equal Weight,Combined equity + cryptocurrency,Equal Weight,NEE,equity,0.016666666666666666,2020-09-01,2021-08-31,252
2021-09-01,Combined Equal Weight,Combined equity + cryptocurrency,Equal Weight,NEM,equity,0.016666666666666666,2020-09-01,2021-08-31,252
2021-09-01,Combined Equal Weight,Combined equity + cryptocurrency,Equal Weight,NKE,equity,0.016666666666666666,2020-09-01,2021-08-31,252
2021-09-01,Combined Equal Weight,Combined equity + cryptocurrency,Equal Weight,NUE,equity,0.016666666666666666,2020-09-01,2021-08-31,252
2021-09-01,Combined Equal Weight,Combined equity + cryptocurrency,Equal Weight,NVDA,equity,0.016666666666666666,2020-09-01,2021-08-31,252
2021-09-01,Combined Equal Weight,Combined equity + cryptocurrency,Equal Weight,O,equity,0.016666666666666666,2020-09-01,2021-08-31,252
2021-09-01,Combined Equal Weight,Combined equity + cryptocurrency,Equal Weight,OXY,equity,0.016666666666666666,2020-09-01,2021-08-31,252
2021-09-01,Combined Equal Weight,Combined equity + cryptocurrency,Equal Weight,PLD,equity,0.016666666666666666,2020-09-01,2021-08-31,252
2021-09-01,Combined Equal Weight,Combined equity + cryptocurrency,Equal Weight,PSA,equity,0.016666666666666666,2020-09-01,2021-08-31,252
2021-09-01,Combined Equal Weight,Combined equity + cryptocurrency,Equal Weight,QCOM,equity,0.016666666666666666,2020-09-01,2021-08-31,252
2021-09-01,Combined Equal Weight,Combined equity + cryptocurrency,Equal Weight,SBUX,equity,0.016666666666666666,2020-09-01,2021-08-31,252
2021-09-01,Combined Equal Weight,Combined equity + cryptocurrency,Equal Weight,SHW,equity,0.016666666666666666,2020-09-01,2021-08-31,252
2021-09-01,Combined Equal Weight,Combined equity + cryptocurrency,Equal Weight,SLB,equity,0.016666666666666666,2020-09-01,2021-08-31,252
2021-09-01,Combined Equal Weight,Combined equity + cryptocurrency,Equal Weight,SO,equity,0.016666666666666666,2020-09-01,2021-08-31,252
2021-09-01,Combined Equal Weight,Combined equity + cryptocurrency,Equal Weight,T,equity,0.016666666666666666,2020-09-01,2021-08-31,252
2021-09-01,Combined Equal Weight,Combined equity + cryptocurrency,Equal Weight,TMUS,equity,0.016666666666666666,2020-09-01,2021-08-31,252
2021-09-01,Combined Equal Weight,Combined equity + cryptocurrency,Equal Weight,TRX-USD,cryptocurrency,0.016666666666666666,2020-09-01,2021-08-31,252
2021-09-01,Combined Equal Weight,Combined equity + cryptocurrency,Equal Weight,TTWO,equity,0.016666666666666666,2020-09-01,2021-08-31,252
2021-09-01,Combined Equal Weight,Combined equity + cryptocurrency,Equal Weight,UPS,equity,0.016666666666666666,2020-09-01,2021-08-31,252
2021-09-01,Combined Equal Weight,Combined equity + cryptocurrency,Equal Weight,USB,equity,0.016666666666666666,2020-09-01,2021-08-31,252
2021-09-01,Combined Equal Weight,Combined equity + cryptocurrency,Equal Weight,V,equity,0.016666666666666666,2020-09-01,2021-08-31,252
2021-09-01,Combined Equal Weight,Combined equity + cryptocurrency,Equal Weight,WFC,equity,0.016666666666666666,2020-09-01,2021-08-31,252
2021-09-01,Combined Equal Weight,Combined equity + cryptocurrency,Equal Weight,WMT,equity,0.016666666666666666,2020-09-01,2021-08-31,252
2021-09-01,Combined Equal Weight,Combined equity + cryptocurrency,Equal Weight,XLM-USD,cryptocurrency,0.016666666666666666,2020-09-01,2021-08-31,252
2021-09-01,Combined Equal Weight,Combined equity + cryptocurrency,Equal Weight,XOM,equity,0.016666666666666666,2020-09-01,2021-08-31,252
2021-09-01,Combined Equal Weight,Combined equity + cryptocurrency,Equal Weight,XRP-USD,cryptocurrency,0.016666666666666666,2020-09-01,2021-08-31,252
2021-10-01,Combined Equal Weight,Combined equity + cryptocurrency,Equal Weight,ABBV,equity,0.016666666666666666,2020-10-01,2021-09-30,252
2021-10-01,Combined Equal Weight,Combined equity + cryptocurrency,Equal Weight,ABT,equity,0.016666666666666666,2020-10-01,2021-09-30,252
2021-10-01,Combined Equal Weight,Combined equity + cryptocurrency,Equal Weight,ADA-USD,cryptocurrency,0.016666666666666666,2020-10-01,2021-09-30,252
2021-10-01,Combined Equal Weight,Combined equity + cryptocurrency,Equal Weight,ADBE,equity,0.016666666666666666,2020-10-01,2021-09-30,252
2021-10-01,Combined Equal Weight,Combined equity + cryptocurrency,Equal Weight,AEP,equity,0.016666666666666666,2020-10-01,2021-09-30,252
2021-10-01,Combined Equal Weight,Combined equity + cryptocurrency,Equal Weight,AMD,equity,0.016666666666666666,2020-10-01,2021-09-30,252
2021-10-01,Combined Equal Weight,Combined equity + cryptocurrency,Equal Weight,AMGN,equity,0.016666666666666666,2020-10-01,2021-09-30,252
2021-10-01,Combined Equal Weight,Combined equity + cryptocurrency,Equal Weight,AMT,equity,0.016666666666666666,2020-10-01,2021-09-30,252
2021-10-01,Combined Equal Weight,Combined equity + cryptocurrency,Equal Weight,BA,equity,0.016666666666666666,2020-10-01,2021-09-30,252
2021-10-01,Combined Equal Weight,Combined equity + cryptocurrency,Equal Weight,BCH-USD,cryptocurrency,0.016666666666666666,2020-10-01,2021-09-30,252
2021-10-01,Combined Equal Weight,Combined equity + cryptocurrency,Equal Weight,BTC-USD,cryptocurrency,0.016666666666666666,2020-10-01,2021-09-30,252
2021-10-01,Combined Equal Weight,Combined equity + cryptocurrency,Equal Weight,CAT,equity,0.016666666666666666,2020-10-01,2021-09-30,252
2021-10-01,Combined Equal Weight,Combined equity + cryptocurrency,Equal Weight,CCI,equity,0.016666666666666666,2020-10-01,2021-09-30,252
2021-10-01,Combined Equal Weight,Combined equity + cryptocurrency,Equal Weight,CMCSA,equity,0.016666666666666666,2020-10-01,2021-09-30,252
2021-10-01,Combined Equal Weight,Combined equity + cryptocurrency,Equal Weight,COP,equity,0.016666666666666666,2020-10-01,2021-09-30,252
2021-10-01,Combined Equal Weight,Combined equity + cryptocurrency,Equal Weight,CVX,equity,0.016666666666666666,2020-10-01,2021-09-30,252
2021-10-01,Combined Equal Weight,Combined equity + cryptocurrency,Equal Weight,D,equity,0.016666666666666666,2020-10-01,2021-09-30,252
2021-10-01,Combined Equal Weight,Combined equity + cryptocurrency,Equal Weight,DD,equity,0.016666666666666666,2020-10-01,2021-09-30,252
2021-10-01,Combined Equal Weight,Combined equity + cryptocurrency,Equal Weight,DIS,equity,0.016666666666666666,2020-10-01,2021-09-30,252
2021-10-01,Combined Equal Weight,Combined equity + cryptocurrency,Equal Weight,DOW,equity,0.016666666666666666,2020-10-01,2021-09-30,252
2021-10-01,Combined Equal Weight,Combined equity + cryptocurrency,Equal Weight,DUK,equity,0.016666666666666666,2020-10-01,2021-09-30,252
2021-10-01,Combined Equal Weight,Combined equity + cryptocurrency,Equal Weight,EA,equity,0.016666666666666666,2020-10-01,2021-09-30,252
2021-10-01,Combined Equal Weight,Combined equity + cryptocurrency,Equal Weight,EOS-USD,cryptocurrency,0.016666666666666666,2020-10-01,2021-09-30,252
2021-10-01,Combined Equal Weight,Combined equity + cryptocurrency,Equal Weight,ETC-USD,cryptocurrency,0.016666666666666666,2020-10-01,2021-09-30,252
2021-10-01,Combined Equal Weight,Combined equity + cryptocurrency,Equal Weight,ETH-USD,cryptocurrency,0.016666666666666666,2020-10-01,2021-09-30,252
2021-10-01,Combined Equal Weight,Combined equity + cryptocurrency,Equal Weight,GE,equity,0.016666666666666666,2020-10-01,2021-09-30,252
2021-10-01,Combined Equal Weight,Combined equity + cryptocurrency,Equal Weight,GILD,equity,0.016666666666666666,2020-10-01,2021-09-30,252
2021-10-01,Combined Equal Weight,Combined equity + cryptocurrency,Equal Weight,GS,equity,0.016666666666666666,2020-10-01,2021-09-30,252
2021-10-01,Combined Equal Weight,Combined equity + cryptocurrency,Equal Weight,INTC,equity,0.016666666666666666,2020-10-01,2021-09-30,252
2021-10-01,Combined Equal Weight,Combined equity + cryptocurrency,Equal Weight,KO,equity,0.016666666666666666,2020-10-01,2021-09-30,252
2021-10-01,Combined Equal Weight,Combined equity + cryptocurrency,Equal Weight,LTC-USD,cryptocurrency,0.016666666666666666,2020-10-01,2021-09-30,252
2021-10-01,Combined Equal Weight,Combined equity + cryptocurrency,Equal Weight,MMM,equity,0.016666666666666666,2020-10-01,2021-09-30,252
2021-10-01,Combined Equal Weight,Combined equity + cryptocurrency,Equal Weight,MRK,equity,0.016666666666666666,2020-10-01,2021-09-30,252
2021-10-01,Combined Equal Weight,Combined equity + cryptocurrency,Equal Weight,MS,equity,0.016666666666666666,2020-10-01,2021-09-30,252
2021-10-01,Combined Equal Weight,Combined equity + cryptocurrency,Equal Weight,NEE,equity,0.016666666666666666,2020-10-01,2021-09-30,252
2021-10-01,Combined Equal Weight,Combined equity + cryptocurrency,Equal Weight,NEM,equity,0.016666666666666666,2020-10-01,2021-09-30,252
2021-10-01,Combined Equal Weight,Combined equity + cryptocurrency,Equal Weight,NKE,equity,0.016666666666666666,2020-10-01,2021-09-30,252
2021-10-01,Combined Equal Weight,Combined equity + cryptocurrency,Equal Weight,NUE,equity,0.016666666666666666,2020-10-01,2021-09-30,252
2021-10-01,Combined Equal Weight,Combined equity + cryptocurrency,Equal Weight,NVDA,equity,0.016666666666666666,2020-10-01,2021-09-30,252
2021-10-01,Combined Equal Weight,Combined equity + cryptocurrency,Equal Weight,O,equity,0.016666666666666666,2020-10-01,2021-09-30,252
2021-10-01,Combined Equal Weight,Combined equity + cryptocurrency,Equal Weight,OXY,equity,0.016666666666666666,2020-10-01,2021-09-30,252
2021-10-01,Combined Equal Weight,Combined equity + cryptocurrency,Equal Weight,PLD,equity,0.016666666666666666,2020-10-01,2021-09-30,252
2021-10-01,Combined Equal Weight,Combined equity + cryptocurrency,Equal Weight,PSA,equity,0.016666666666666666,2020-10-01,2021-09-30,252
2021-10-01,Combined Equal Weight,Combined equity + cryptocurrency,Equal Weight,QCOM,equity,0.016666666666666666,2020-10-01,2021-09-30,252
2021-10-01,Combined Equal Weight,Combined equity + cryptocurrency,Equal Weight,SBUX,equity,0.016666666666666666,2020-10-01,2021-09-30,252
2021-10-01,Combined Equal Weight,Combined equity + cryptocurrency,Equal Weight,SHW,equity,0.016666666666666666,2020-10-01,2021-09-30,252
2021-10-01,Combined Equal Weight,Combined equity + cryptocurrency,Equal Weight,SLB,equity,0.016666666666666666,2020-10-01,2021-09-30,252
2021-10-01,Combined Equal Weight,Combined equity + cryptocurrency,Equal Weight,SO,equity,0.016666666666666666,2020-10-01,2021-09-30,252
2021-10-01,Combined Equal Weight,Combined equity + cryptocurrency,Equal Weight,T,equity,0.016666666666666666,2020-10-01,2021-09-30,252
2021-10-01,Combined Equal Weight,Combined equity + cryptocurrency,Equal Weight,TMUS,equity,0.016666666666666666,2020-10-01,2021-09-30,252
2021-10-01,Combined Equal Weight,Combined equity + cryptocurrency,Equal Weight,TRX-USD,cryptocurrency,0.016666666666666666,2020-10-01,2021-09-30,252
2021-10-01,Combined Equal Weight,Combined equity + cryptocurrency,Equal Weight,TTWO,equity,0.016666666666666666,2020-10-01,2021-09-30,252
2021-10-01,Combined Equal Weight,Combined equity + cryptocurrency,Equal Weight,UPS,equity,0.016666666666666666,2020-10-01,2021-09-30,252
2021-10-01,Combined Equal Weight,Combined equity + cryptocurrency,Equal Weight,USB,equity,0.016666666666666666,2020-10-01,2021-09-30,252
2021-10-01,Combined Equal Weight,Combined equity + cryptocurrency,Equal Weight,V,equity,0.016666666666666666,2020-10-01,2021-09-30,252
2021-10-01,Combined Equal Weight,Combined equity + cryptocurrency,Equal Weight,WFC,equity,0.016666666666666666,2020-10-01,2021-09-30,252
2021-10-01,Combined Equal Weight,Combined equity + cryptocurrency,Equal Weight,WMT,equity,0.016666666666666666,2020-10-01,2021-09-30,252
2021-10-01,Combined Equal Weight,Combined equity + cryptocurrency,Equal Weight,XLM-USD,cryptocurrency,0.016666666666666666,2020-10-01,2021-09-30,252
2021-10-01,Combined Equal Weight,Combined equity + cryptocurrency,Equal Weight,XOM,equity,0.016666666666666666,2020-10-01,2021-09-30,252
2021-10-01,Combined Equal Weight,Combined equity + cryptocurrency,Equal Weight,XRP-USD,cryptocurrency,0.016666666666666666,2020-10-01,2021-09-30,252
2021-11-01,Combined Equal Weight,Combined equity + cryptocurrency,Equal Weight,ABBV,equity,0.016666666666666666,2020-10-30,2021-10-29,252
2021-11-01,Combined Equal Weight,Combined equity + cryptocurrency,Equal Weight,ABT,equity,0.016666666666666666,2020-10-30,2021-10-29,252
2021-11-01,Combined Equal Weight,Combined equity + cryptocurrency,Equal Weight,ADA-USD,cryptocurrency,0.016666666666666666,2020-10-30,2021-10-29,252
2021-11-01,Combined Equal Weight,Combined equity + cryptocurrency,Equal Weight,ADBE,equity,0.016666666666666666,2020-10-30,2021-10-29,252
2021-11-01,Combined Equal Weight,Combined equity + cryptocurrency,Equal Weight,AEP,equity,0.016666666666666666,2020-10-30,2021-10-29,252
2021-11-01,Combined Equal Weight,Combined equity + cryptocurrency,Equal Weight,AMD,equity,0.016666666666666666,2020-10-30,2021-10-29,252
2021-11-01,Combined Equal Weight,Combined equity + cryptocurrency,Equal Weight,AMGN,equity,0.016666666666666666,2020-10-30,2021-10-29,252
2021-11-01,Combined Equal Weight,Combined equity + cryptocurrency,Equal Weight,AMT,equity,0.016666666666666666,2020-10-30,2021-10-29,252
2021-11-01,Combined Equal Weight,Combined equity + cryptocurrency,Equal Weight,BA,equity,0.016666666666666666,2020-10-30,2021-10-29,252
2021-11-01,Combined Equal Weight,Combined equity + cryptocurrency,Equal Weight,BCH-USD,cryptocurrency,0.016666666666666666,2020-10-30,2021-10-29,252
2021-11-01,Combined Equal Weight,Combined equity + cryptocurrency,Equal Weight,BTC-USD,cryptocurrency,0.016666666666666666,2020-10-30,2021-10-29,252
2021-11-01,Combined Equal Weight,Combined equity + cryptocurrency,Equal Weight,CAT,equity,0.016666666666666666,2020-10-30,2021-10-29,252
2021-11-01,Combined Equal Weight,Combined equity + cryptocurrency,Equal Weight,CCI,equity,0.016666666666666666,2020-10-30,2021-10-29,252
2021-11-01,Combined Equal Weight,Combined equity + cryptocurrency,Equal Weight,CMCSA,equity,0.016666666666666666,2020-10-30,2021-10-29,252
2021-11-01,Combined Equal Weight,Combined equity + cryptocurrency,Equal Weight,COP,equity,0.016666666666666666,2020-10-30,2021-10-29,252
2021-11-01,Combined Equal Weight,Combined equity + cryptocurrency,Equal Weight,CVX,equity,0.016666666666666666,2020-10-30,2021-10-29,252
2021-11-01,Combined Equal Weight,Combined equity + cryptocurrency,Equal Weight,D,equity,0.016666666666666666,2020-10-30,2021-10-29,252
2021-11-01,Combined Equal Weight,Combined equity + cryptocurrency,Equal Weight,DD,equity,0.016666666666666666,2020-10-30,2021-10-29,252
2021-11-01,Combined Equal Weight,Combined equity + cryptocurrency,Equal Weight,DIS,equity,0.016666666666666666,2020-10-30,2021-10-29,252
2021-11-01,Combined Equal Weight,Combined equity + cryptocurrency,Equal Weight,DOW,equity,0.016666666666666666,2020-10-30,2021-10-29,252
2021-11-01,Combined Equal Weight,Combined equity + cryptocurrency,Equal Weight,DUK,equity,0.016666666666666666,2020-10-30,2021-10-29,252
2021-11-01,Combined Equal Weight,Combined equity + cryptocurrency,Equal Weight,EA,equity,0.016666666666666666,2020-10-30,2021-10-29,252
2021-11-01,Combined Equal Weight,Combined equity + cryptocurrency,Equal Weight,EOS-USD,cryptocurrency,0.016666666666666666,2020-10-30,2021-10-29,252
2021-11-01,Combined Equal Weight,Combined equity + cryptocurrency,Equal Weight,ETC-USD,cryptocurrency,0.016666666666666666,2020-10-30,2021-10-29,252
2021-11-01,Combined Equal Weight,Combined equity + cryptocurrency,Equal Weight,ETH-USD,cryptocurrency,0.016666666666666666,2020-10-30,2021-10-29,252
2021-11-01,Combined Equal Weight,Combined equity + cryptocurrency,Equal Weight,GE,equity,0.016666666666666666,2020-10-30,2021-10-29,252
2021-11-01,Combined Equal Weight,Combined equity + cryptocurrency,Equal Weight,GILD,equity,0.016666666666666666,2020-10-30,2021-10-29,252
2021-11-01,Combined Equal Weight,Combined equity + cryptocurrency,Equal Weight,GS,equity,0.016666666666666666,2020-10-30,2021-10-29,252
2021-11-01,Combined Equal Weight,Combined equity + cryptocurrency,Equal Weight,INTC,equity,0.016666666666666666,2020-10-30,2021-10-29,252
2021-11-01,Combined Equal Weight,Combined equity + cryptocurrency,Equal Weight,KO,equity,0.016666666666666666,2020-10-30,2021-10-29,252
2021-11-01,Combined Equal Weight,Combined equity + cryptocurrency,Equal Weight,LTC-USD,cryptocurrency,0.016666666666666666,2020-10-30,2021-10-29,252
2021-11-01,Combined Equal Weight,Combined equity + cryptocurrency,Equal Weight,MMM,equity,0.016666666666666666,2020-10-30,2021-10-29,252
2021-11-01,Combined Equal Weight,Combined equity + cryptocurrency,Equal Weight,MRK,equity,0.016666666666666666,2020-10-30,2021-10-29,252
2021-11-01,Combined Equal Weight,Combined equity + cryptocurrency,Equal Weight,MS,equity,0.016666666666666666,2020-10-30,2021-10-29,252
2021-11-01,Combined Equal Weight,Combined equity + cryptocurrency,Equal Weight,NEE,equity,0.016666666666666666,2020-10-30,2021-10-29,252
2021-11-01,Combined Equal Weight,Combined equity + cryptocurrency,Equal Weight,NEM,equity,0.016666666666666666,2020-10-30,2021-10-29,252
2021-11-01,Combined Equal Weight,Combined equity + cryptocurrency,Equal Weight,NKE,equity,0.016666666666666666,2020-10-30,2021-10-29,252
2021-11-01,Combined Equal Weight,Combined equity + cryptocurrency,Equal Weight,NUE,equity,0.016666666666666666,2020-10-30,2021-10-29,252
2021-11-01,Combined Equal Weight,Combined equity + cryptocurrency,Equal Weight,NVDA,equity,0.016666666666666666,2020-10-30,2021-10-29,252
2021-11-01,Combined Equal Weight,Combined equity + cryptocurrency,Equal Weight,O,equity,0.016666666666666666,2020-10-30,2021-10-29,252
2021-11-01,Combined Equal Weight,Combined equity + cryptocurrency,Equal Weight,OXY,equity,0.016666666666666666,2020-10-30,2021-10-29,252
2021-11-01,Combined Equal Weight,Combined equity + cryptocurrency,Equal Weight,PLD,equity,0.016666666666666666,2020-10-30,2021-10-29,252
2021-11-01,Combined Equal Weight,Combined equity + cryptocurrency,Equal Weight,PSA,equity,0.016666666666666666,2020-10-30,2021-10-29,252
2021-11-01,Combined Equal Weight,Combined equity + cryptocurrency,Equal Weight,QCOM,equity,0.016666666666666666,2020-10-30,2021-10-29,252
2021-11-01,Combined Equal Weight,Combined equity + cryptocurrency,Equal Weight,SBUX,equity,0.016666666666666666,2020-10-30,2021-10-29,252
2021-11-01,Combined Equal Weight,Combined equity + cryptocurrency,Equal Weight,SHW,equity,0.016666666666666666,2020-10-30,2021-10-29,252
2021-11-01,Combined Equal Weight,Combined equity + cryptocurrency,Equal Weight,SLB,equity,0.016666666666666666,2020-10-30,2021-10-29,252
2021-11-01,Combined Equal Weight,Combined equity + cryptocurrency,Equal Weight,SO,equity,0.016666666666666666,2020-10-30,2021-10-29,252
2021-11-01,Combined Equal Weight,Combined equity + cryptocurrency,Equal Weight,T,equity,0.016666666666666666,2020-10-30,2021-10-29,252
2021-11-01,Combined Equal Weight,Combined equity + cryptocurrency,Equal Weight,TMUS,equity,0.016666666666666666,2020-10-30,2021-10-29,252
2021-11-01,Combined Equal Weight,Combined equity + cryptocurrency,Equal Weight,TRX-USD,cryptocurrency,0.016666666666666666,2020-10-30,2021-10-29,252
2021-11-01,Combined Equal Weight,Combined equity + cryptocurrency,Equal Weight,TTWO,equity,0.016666666666666666,2020-10-30,2021-10-29,252
2021-11-01,Combined Equal Weight,Combined equity + cryptocurrency,Equal Weight,UPS,equity,0.016666666666666666,2020-10-30,2021-10-29,252
2021-11-01,Combined Equal Weight,Combined equity + cryptocurrency,Equal Weight,USB,equity,0.016666666666666666,2020-10-30,2021-10-29,252
2021-11-01,Combined Equal Weight,Combined equity + cryptocurrency,Equal Weight,V,equity,0.016666666666666666,2020-10-30,2021-10-29,252
2021-11-01,Combined Equal Weight,Combined equity + cryptocurrency,Equal Weight,WFC,equity,0.016666666666666666,2020-10-30,2021-10-29,252
2021-11-01,Combined Equal Weight,Combined equity + cryptocurrency,Equal Weight,WMT,equity,0.016666666666666666,2020-10-30,2021-10-29,252
2021-11-01,Combined Equal Weight,Combined equity + cryptocurrency,Equal Weight,XLM-USD,cryptocurrency,0.016666666666666666,2020-10-30,2021-10-29,252
2021-11-01,Combined Equal Weight,Combined equity + cryptocurrency,Equal Weight,XOM,equity,0.016666666666666666,2020-10-30,2021-10-29,252
2021-11-01,Combined Equal Weight,Combined equity + cryptocurrency,Equal Weight,XRP-USD,cryptocurrency,0.016666666666666666,2020-10-30,2021-10-29,252
2021-12-01,Combined Equal Weight,Combined equity + cryptocurrency,Equal Weight,ABBV,equity,0.016666666666666666,2020-12-01,2021-11-30,252
2021-12-01,Combined Equal Weight,Combined equity + cryptocurrency,Equal Weight,ABT,equity,0.016666666666666666,2020-12-01,2021-11-30,252
2021-12-01,Combined Equal Weight,Combined equity + cryptocurrency,Equal Weight,ADA-USD,cryptocurrency,0.016666666666666666,2020-12-01,2021-11-30,252
2021-12-01,Combined Equal Weight,Combined equity + cryptocurrency,Equal Weight,ADBE,equity,0.016666666666666666,2020-12-01,2021-11-30,252
2021-12-01,Combined Equal Weight,Combined equity + cryptocurrency,Equal Weight,AEP,equity,0.016666666666666666,2020-12-01,2021-11-30,252
2021-12-01,Combined Equal Weight,Combined equity + cryptocurrency,Equal Weight,AMD,equity,0.016666666666666666,2020-12-01,2021-11-30,252
2021-12-01,Combined Equal Weight,Combined equity + cryptocurrency,Equal Weight,AMGN,equity,0.016666666666666666,2020-12-01,2021-11-30,252
2021-12-01,Combined Equal Weight,Combined equity + cryptocurrency,Equal Weight,AMT,equity,0.016666666666666666,2020-12-01,2021-11-30,252
2021-12-01,Combined Equal Weight,Combined equity + cryptocurrency,Equal Weight,BA,equity,0.016666666666666666,2020-12-01,2021-11-30,252
2021-12-01,Combined Equal Weight,Combined equity + cryptocurrency,Equal Weight,BCH-USD,cryptocurrency,0.016666666666666666,2020-12-01,2021-11-30,252
2021-12-01,Combined Equal Weight,Combined equity + cryptocurrency,Equal Weight,BTC-USD,cryptocurrency,0.016666666666666666,2020-12-01,2021-11-30,252
2021-12-01,Combined Equal Weight,Combined equity + cryptocurrency,Equal Weight,CAT,equity,0.016666666666666666,2020-12-01,2021-11-30,252
2021-12-01,Combined Equal Weight,Combined equity + cryptocurrency,Equal Weight,CCI,equity,0.016666666666666666,2020-12-01,2021-11-30,252
2021-12-01,Combined Equal Weight,Combined equity + cryptocurrency,Equal Weight,CMCSA,equity,0.016666666666666666,2020-12-01,2021-11-30,252
2021-12-01,Combined Equal Weight,Combined equity + cryptocurrency,Equal Weight,COP,equity,0.016666666666666666,2020-12-01,2021-11-30,252
2021-12-01,Combined Equal Weight,Combined equity + cryptocurrency,Equal Weight,CVX,equity,0.016666666666666666,2020-12-01,2021-11-30,252
2021-12-01,Combined Equal Weight,Combined equity + cryptocurrency,Equal Weight,D,equity,0.016666666666666666,2020-12-01,2021-11-30,252
2021-12-01,Combined Equal Weight,Combined equity + cryptocurrency,Equal Weight,DD,equity,0.016666666666666666,2020-12-01,2021-11-30,252
2021-12-01,Combined Equal Weight,Combined equity + cryptocurrency,Equal Weight,DIS,equity,0.016666666666666666,2020-12-01,2021-11-30,252
2021-12-01,Combined Equal Weight,Combined equity + cryptocurrency,Equal Weight,DOW,equity,0.016666666666666666,2020-12-01,2021-11-30,252
2021-12-01,Combined Equal Weight,Combined equity + cryptocurrency,Equal Weight,DUK,equity,0.016666666666666666,2020-12-01,2021-11-30,252
2021-12-01,Combined Equal Weight,Combined equity + cryptocurrency,Equal Weight,EA,equity,0.016666666666666666,2020-12-01,2021-11-30,252
2021-12-01,Combined Equal Weight,Combined equity + cryptocurrency,Equal Weight,EOS-USD,cryptocurrency,0.016666666666666666,2020-12-01,2021-11-30,252
2021-12-01,Combined Equal Weight,Combined equity + cryptocurrency,Equal Weight,ETC-USD,cryptocurrency,0.016666666666666666,2020-12-01,2021-11-30,252
2021-12-01,Combined Equal Weight,Combined equity + cryptocurrency,Equal Weight,ETH-USD,cryptocurrency,0.016666666666666666,2020-12-01,2021-11-30,252
2021-12-01,Combined Equal Weight,Combined equity + cryptocurrency,Equal Weight,GE,equity,0.016666666666666666,2020-12-01,2021-11-30,252
2021-12-01,Combined Equal Weight,Combined equity + cryptocurrency,Equal Weight,GILD,equity,0.016666666666666666,2020-12-01,2021-11-30,252
2021-12-01,Combined Equal Weight,Combined equity + cryptocurrency,Equal Weight,GS,equity,0.016666666666666666,2020-12-01,2021-11-30,252
2021-12-01,Combined Equal Weight,Combined equity + cryptocurrency,Equal Weight,INTC,equity,0.016666666666666666,2020-12-01,2021-11-30,252
2021-12-01,Combined Equal Weight,Combined equity + cryptocurrency,Equal Weight,KO,equity,0.016666666666666666,2020-12-01,2021-11-30,252
2021-12-01,Combined Equal Weight,Combined equity + cryptocurrency,Equal Weight,LTC-USD,cryptocurrency,0.016666666666666666,2020-12-01,2021-11-30,252
2021-12-01,Combined Equal Weight,Combined equity + cryptocurrency,Equal Weight,MMM,equity,0.016666666666666666,2020-12-01,2021-11-30,252
2021-12-01,Combined Equal Weight,Combined equity + cryptocurrency,Equal Weight,MRK,equity,0.016666666666666666,2020-12-01,2021-11-30,252
2021-12-01,Combined Equal Weight,Combined equity + cryptocurrency,Equal Weight,MS,equity,0.016666666666666666,2020-12-01,2021-11-30,252
2021-12-01,Combined Equal Weight,Combined equity + cryptocurrency,Equal Weight,NEE,equity,0.016666666666666666,2020-12-01,2021-11-30,252
2021-12-01,Combined Equal Weight,Combined equity + cryptocurrency,Equal Weight,NEM,equity,0.016666666666666666,2020-12-01,2021-11-30,252
2021-12-01,Combined Equal Weight,Combined equity + cryptocurrency,Equal Weight,NKE,equity,0.016666666666666666,2020-12-01,2021-11-30,252
2021-12-01,Combined Equal Weight,Combined equity + cryptocurrency,Equal Weight,NUE,equity,0.016666666666666666,2020-12-01,2021-11-30,252
2021-12-01,Combined Equal Weight,Combined equity + cryptocurrency,Equal Weight,NVDA,equity,0.016666666666666666,2020-12-01,2021-11-30,252
2021-12-01,Combined Equal Weight,Combined equity + cryptocurrency,Equal Weight,O,equity,0.016666666666666666,2020-12-01,2021-11-30,252
2021-12-01,Combined Equal Weight,Combined equity + cryptocurrency,Equal Weight,OXY,equity,0.016666666666666666,2020-12-01,2021-11-30,252
2021-12-01,Combined Equal Weight,Combined equity + cryptocurrency,Equal Weight,PLD,equity,0.016666666666666666,2020-12-01,2021-11-30,252
2021-12-01,Combined Equal Weight,Combined equity + cryptocurrency,Equal Weight,PSA,equity,0.016666666666666666,2020-12-01,2021-11-30,252
2021-12-01,Combined Equal Weight,Combined equity + cryptocurrency,Equal Weight,QCOM,equity,0.016666666666666666,2020-12-01,2021-11-30,252
2021-12-01,Combined Equal Weight,Combined equity + cryptocurrency,Equal Weight,SBUX,equity,0.016666666666666666,2020-12-01,2021-11-30,252
2021-12-01,Combined Equal Weight,Combined equity + cryptocurrency,Equal Weight,SHW,equity,0.016666666666666666,2020-12-01,2021-11-30,252
2021-12-01,Combined Equal Weight,Combined equity + cryptocurrency,Equal Weight,SLB,equity,0.016666666666666666,2020-12-01,2021-11-30,252
2021-12-01,Combined Equal Weight,Combined equity + cryptocurrency,Equal Weight,SO,equity,0.016666666666666666,2020-12-01,2021-11-30,252
2021-12-01,Combined Equal Weight,Combined equity + cryptocurrency,Equal Weight,T,equity,0.016666666666666666,2020-12-01,2021-11-30,252
2021-12-01,Combined Equal Weight,Combined equity + cryptocurrency,Equal Weight,TMUS,equity,0.016666666666666666,2020-12-01,2021-11-30,252
2021-12-01,Combined Equal Weight,Combined equity + cryptocurrency,Equal Weight,TRX-USD,cryptocurrency,0.016666666666666666,2020-12-01,2021-11-30,252
2021-12-01,Combined Equal Weight,Combined equity + cryptocurrency,Equal Weight,TTWO,equity,0.016666666666666666,2020-12-01,2021-11-30,252
2021-12-01,Combined Equal Weight,Combined equity + cryptocurrency,Equal Weight,UPS,equity,0.016666666666666666,2020-12-01,2021-11-30,252
2021-12-01,Combined Equal Weight,Combined equity + cryptocurrency,Equal Weight,USB,equity,0.016666666666666666,2020-12-01,2021-11-30,252
2021-12-01,Combined Equal Weight,Combined equity + cryptocurrency,Equal Weight,V,equity,0.016666666666666666,2020-12-01,2021-11-30,252
2021-12-01,Combined Equal Weight,Combined equity + cryptocurrency,Equal Weight,WFC,equity,0.016666666666666666,2020-12-01,2021-11-30,252
2021-12-01,Combined Equal Weight,Combined equity + cryptocurrency,Equal Weight,WMT,equity,0.016666666666666666,2020-12-01,2021-11-30,252
2021-12-01,Combined Equal Weight,Combined equity + cryptocurrency,Equal Weight,XLM-USD,cryptocurrency,0.016666666666666666,2020-12-01,2021-11-30,252
2021-12-01,Combined Equal Weight,Combined equity + cryptocurrency,Equal Weight,XOM,equity,0.016666666666666666,2020-12-01,2021-11-30,252
2021-12-01,Combined Equal Weight,Combined equity + cryptocurrency,Equal Weight,XRP-USD,cryptocurrency,0.016666666666666666,2020-12-01,2021-11-30,252
2022-01-03,Combined Equal Weight,Combined equity + cryptocurrency,Equal Weight,ABBV,equity,0.016666666666666666,2021-01-04,2021-12-31,252
2022-01-03,Combined Equal Weight,Combined equity + cryptocurrency,Equal Weight,ABT,equity,0.016666666666666666,2021-01-04,2021-12-31,252
2022-01-03,Combined Equal Weight,Combined equity + cryptocurrency,Equal Weight,ADA-USD,cryptocurrency,0.016666666666666666,2021-01-04,2021-12-31,252
2022-01-03,Combined Equal Weight,Combined equity + cryptocurrency,Equal Weight,ADBE,equity,0.016666666666666666,2021-01-04,2021-12-31,252
2022-01-03,Combined Equal Weight,Combined equity + cryptocurrency,Equal Weight,AEP,equity,0.016666666666666666,2021-01-04,2021-12-31,252
2022-01-03,Combined Equal Weight,Combined equity + cryptocurrency,Equal Weight,AMD,equity,0.016666666666666666,2021-01-04,2021-12-31,252
2022-01-03,Combined Equal Weight,Combined equity + cryptocurrency,Equal Weight,AMGN,equity,0.016666666666666666,2021-01-04,2021-12-31,252
2022-01-03,Combined Equal Weight,Combined equity + cryptocurrency,Equal Weight,AMT,equity,0.016666666666666666,2021-01-04,2021-12-31,252
2022-01-03,Combined Equal Weight,Combined equity + cryptocurrency,Equal Weight,BA,equity,0.016666666666666666,2021-01-04,2021-12-31,252
2022-01-03,Combined Equal Weight,Combined equity + cryptocurrency,Equal Weight,BCH-USD,cryptocurrency,0.016666666666666666,2021-01-04,2021-12-31,252
2022-01-03,Combined Equal Weight,Combined equity + cryptocurrency,Equal Weight,BTC-USD,cryptocurrency,0.016666666666666666,2021-01-04,2021-12-31,252
2022-01-03,Combined Equal Weight,Combined equity + cryptocurrency,Equal Weight,CAT,equity,0.016666666666666666,2021-01-04,2021-12-31,252
2022-01-03,Combined Equal Weight,Combined equity + cryptocurrency,Equal Weight,CCI,equity,0.016666666666666666,2021-01-04,2021-12-31,252
2022-01-03,Combined Equal Weight,Combined equity + cryptocurrency,Equal Weight,CMCSA,equity,0.016666666666666666,2021-01-04,2021-12-31,252
2022-01-03,Combined Equal Weight,Combined equity + cryptocurrency,Equal Weight,COP,equity,0.016666666666666666,2021-01-04,2021-12-31,252
2022-01-03,Combined Equal Weight,Combined equity + cryptocurrency,Equal Weight,CVX,equity,0.016666666666666666,2021-01-04,2021-12-31,252
2022-01-03,Combined Equal Weight,Combined equity + cryptocurrency,Equal Weight,D,equity,0.016666666666666666,2021-01-04,2021-12-31,252
2022-01-03,Combined Equal Weight,Combined equity + cryptocurrency,Equal Weight,DD,equity,0.016666666666666666,2021-01-04,2021-12-31,252
2022-01-03,Combined Equal Weight,Combined equity + cryptocurrency,Equal Weight,DIS,equity,0.016666666666666666,2021-01-04,2021-12-31,252
2022-01-03,Combined Equal Weight,Combined equity + cryptocurrency,Equal Weight,DOW,equity,0.016666666666666666,2021-01-04,2021-12-31,252
2022-01-03,Combined Equal Weight,Combined equity + cryptocurrency,Equal Weight,DUK,equity,0.016666666666666666,2021-01-04,2021-12-31,252
2022-01-03,Combined Equal Weight,Combined equity + cryptocurrency,Equal Weight,EA,equity,0.016666666666666666,2021-01-04,2021-12-31,252
2022-01-03,Combined Equal Weight,Combined equity + cryptocurrency,Equal Weight,EOS-USD,cryptocurrency,0.016666666666666666,2021-01-04,2021-12-31,252
2022-01-03,Combined Equal Weight,Combined equity + cryptocurrency,Equal Weight,ETC-USD,cryptocurrency,0.016666666666666666,2021-01-04,2021-12-31,252
2022-01-03,Combined Equal Weight,Combined equity + cryptocurrency,Equal Weight,ETH-USD,cryptocurrency,0.016666666666666666,2021-01-04,2021-12-31,252
2022-01-03,Combined Equal Weight,Combined equity + cryptocurrency,Equal Weight,GE,equity,0.016666666666666666,2021-01-04,2021-12-31,252
2022-01-03,Combined Equal Weight,Combined equity + cryptocurrency,Equal Weight,GILD,equity,0.016666666666666666,2021-01-04,2021-12-31,252
2022-01-03,Combined Equal Weight,Combined equity + cryptocurrency,Equal Weight,GS,equity,0.016666666666666666,2021-01-04,2021-12-31,252
2022-01-03,Combined Equal Weight,Combined equity + cryptocurrency,Equal Weight,INTC,equity,0.016666666666666666,2021-01-04,2021-12-31,252
2022-01-03,Combined Equal Weight,Combined equity + cryptocurrency,Equal Weight,KO,equity,0.016666666666666666,2021-01-04,2021-12-31,252
2022-01-03,Combined Equal Weight,Combined equity + cryptocurrency,Equal Weight,LTC-USD,cryptocurrency,0.016666666666666666,2021-01-04,2021-12-31,252
2022-01-03,Combined Equal Weight,Combined equity + cryptocurrency,Equal Weight,MMM,equity,0.016666666666666666,2021-01-04,2021-12-31,252
2022-01-03,Combined Equal Weight,Combined equity + cryptocurrency,Equal Weight,MRK,equity,0.016666666666666666,2021-01-04,2021-12-31,252
2022-01-03,Combined Equal Weight,Combined equity + cryptocurrency,Equal Weight,MS,equity,0.016666666666666666,2021-01-04,2021-12-31,252
2022-01-03,Combined Equal Weight,Combined equity + cryptocurrency,Equal Weight,NEE,equity,0.016666666666666666,2021-01-04,2021-12-31,252
2022-01-03,Combined Equal Weight,Combined equity + cryptocurrency,Equal Weight,NEM,equity,0.016666666666666666,2021-01-04,2021-12-31,252
2022-01-03,Combined Equal Weight,Combined equity + cryptocurrency,Equal Weight,NKE,equity,0.016666666666666666,2021-01-04,2021-12-31,252
2022-01-03,Combined Equal Weight,Combined equity + cryptocurrency,Equal Weight,NUE,equity,0.016666666666666666,2021-01-04,2021-12-31,252
2022-01-03,Combined Equal Weight,Combined equity + cryptocurrency,Equal Weight,NVDA,equity,0.016666666666666666,2021-01-04,2021-12-31,252
2022-01-03,Combined Equal Weight,Combined equity + cryptocurrency,Equal Weight,O,equity,0.016666666666666666,2021-01-04,2021-12-31,252
2022-01-03,Combined Equal Weight,Combined equity + cryptocurrency,Equal Weight,OXY,equity,0.016666666666666666,2021-01-04,2021-12-31,252
2022-01-03,Combined Equal Weight,Combined equity + cryptocurrency,Equal Weight,PLD,equity,0.016666666666666666,2021-01-04,2021-12-31,252
2022-01-03,Combined Equal Weight,Combined equity + cryptocurrency,Equal Weight,PSA,equity,0.016666666666666666,2021-01-04,2021-12-31,252
2022-01-03,Combined Equal Weight,Combined equity + cryptocurrency,Equal Weight,QCOM,equity,0.016666666666666666,2021-01-04,2021-12-31,252
2022-01-03,Combined Equal Weight,Combined equity + cryptocurrency,Equal Weight,SBUX,equity,0.016666666666666666,2021-01-04,2021-12-31,252
2022-01-03,Combined Equal Weight,Combined equity + cryptocurrency,Equal Weight,SHW,equity,0.016666666666666666,2021-01-04,2021-12-31,252
2022-01-03,Combined Equal Weight,Combined equity + cryptocurrency,Equal Weight,SLB,equity,0.016666666666666666,2021-01-04,2021-12-31,252
2022-01-03,Combined Equal Weight,Combined equity + cryptocurrency,Equal Weight,SO,equity,0.016666666666666666,2021-01-04,2021-12-31,252
2022-01-03,Combined Equal Weight,Combined equity + cryptocurrency,Equal Weight,T,equity,0.016666666666666666,2021-01-04,2021-12-31,252
2022-01-03,Combined Equal Weight,Combined equity + cryptocurrency,Equal Weight,TMUS,equity,0.016666666666666666,2021-01-04,2021-12-31,252
2022-01-03,Combined Equal Weight,Combined equity + cryptocurrency,Equal Weight,TRX-USD,cryptocurrency,0.016666666666666666,2021-01-04,2021-12-31,252
2022-01-03,Combined Equal Weight,Combined equity + cryptocurrency,Equal Weight,TTWO,equity,0.016666666666666666,2021-01-04,2021-12-31,252
2022-01-03,Combined Equal Weight,Combined equity + cryptocurrency,Equal Weight,UPS,equity,0.016666666666666666,2021-01-04,2021-12-31,252
2022-01-03,Combined Equal Weight,Combined equity + cryptocurrency,Equal Weight,USB,equity,0.016666666666666666,2021-01-04,2021-12-31,252
2022-01-03,Combined Equal Weight,Combined equity + cryptocurrency,Equal Weight,V,equity,0.016666666666666666,2021-01-04,2021-12-31,252
2022-01-03,Combined Equal Weight,Combined equity + cryptocurrency,Equal Weight,WFC,equity,0.016666666666666666,2021-01-04,2021-12-31,252
2022-01-03,Combined Equal Weight,Combined equity + cryptocurrency,Equal Weight,WMT,equity,0.016666666666666666,2021-01-04,2021-12-31,252
2022-01-03,Combined Equal Weight,Combined equity + cryptocurrency,Equal Weight,XLM-USD,cryptocurrency,0.016666666666666666,2021-01-04,2021-12-31,252
2022-01-03,Combined Equal Weight,Combined equity + cryptocurrency,Equal Weight,XOM,equity,0.016666666666666666,2021-01-04,2021-12-31,252
2022-01-03,Combined Equal Weight,Combined equity + cryptocurrency,Equal Weight,XRP-USD,cryptocurrency,0.016666666666666666,2021-01-04,2021-12-31,252
2022-02-01,Combined Equal Weight,Combined equity + cryptocurrency,Equal Weight,ABBV,equity,0.016666666666666666,2021-02-02,2022-01-31,252
2022-02-01,Combined Equal Weight,Combined equity + cryptocurrency,Equal Weight,ABT,equity,0.016666666666666666,2021-02-02,2022-01-31,252
2022-02-01,Combined Equal Weight,Combined equity + cryptocurrency,Equal Weight,ADA-USD,cryptocurrency,0.016666666666666666,2021-02-02,2022-01-31,252
2022-02-01,Combined Equal Weight,Combined equity + cryptocurrency,Equal Weight,ADBE,equity,0.016666666666666666,2021-02-02,2022-01-31,252
2022-02-01,Combined Equal Weight,Combined equity + cryptocurrency,Equal Weight,AEP,equity,0.016666666666666666,2021-02-02,2022-01-31,252
2022-02-01,Combined Equal Weight,Combined equity + cryptocurrency,Equal Weight,AMD,equity,0.016666666666666666,2021-02-02,2022-01-31,252
2022-02-01,Combined Equal Weight,Combined equity + cryptocurrency,Equal Weight,AMGN,equity,0.016666666666666666,2021-02-02,2022-01-31,252
2022-02-01,Combined Equal Weight,Combined equity + cryptocurrency,Equal Weight,AMT,equity,0.016666666666666666,2021-02-02,2022-01-31,252
2022-02-01,Combined Equal Weight,Combined equity + cryptocurrency,Equal Weight,BA,equity,0.016666666666666666,2021-02-02,2022-01-31,252
2022-02-01,Combined Equal Weight,Combined equity + cryptocurrency,Equal Weight,BCH-USD,cryptocurrency,0.016666666666666666,2021-02-02,2022-01-31,252
2022-02-01,Combined Equal Weight,Combined equity + cryptocurrency,Equal Weight,BTC-USD,cryptocurrency,0.016666666666666666,2021-02-02,2022-01-31,252
2022-02-01,Combined Equal Weight,Combined equity + cryptocurrency,Equal Weight,CAT,equity,0.016666666666666666,2021-02-02,2022-01-31,252
2022-02-01,Combined Equal Weight,Combined equity + cryptocurrency,Equal Weight,CCI,equity,0.016666666666666666,2021-02-02,2022-01-31,252
2022-02-01,Combined Equal Weight,Combined equity + cryptocurrency,Equal Weight,CMCSA,equity,0.016666666666666666,2021-02-02,2022-01-31,252
2022-02-01,Combined Equal Weight,Combined equity + cryptocurrency,Equal Weight,COP,equity,0.016666666666666666,2021-02-02,2022-01-31,252
2022-02-01,Combined Equal Weight,Combined equity + cryptocurrency,Equal Weight,CVX,equity,0.016666666666666666,2021-02-02,2022-01-31,252
2022-02-01,Combined Equal Weight,Combined equity + cryptocurrency,Equal Weight,D,equity,0.016666666666666666,2021-02-02,2022-01-31,252
2022-02-01,Combined Equal Weight,Combined equity + cryptocurrency,Equal Weight,DD,equity,0.016666666666666666,2021-02-02,2022-01-31,252
2022-02-01,Combined Equal Weight,Combined equity + cryptocurrency,Equal Weight,DIS,equity,0.016666666666666666,2021-02-02,2022-01-31,252
2022-02-01,Combined Equal Weight,Combined equity + cryptocurrency,Equal Weight,DOW,equity,0.016666666666666666,2021-02-02,2022-01-31,252
2022-02-01,Combined Equal Weight,Combined equity + cryptocurrency,Equal Weight,DUK,equity,0.016666666666666666,2021-02-02,2022-01-31,252
2022-02-01,Combined Equal Weight,Combined equity + cryptocurrency,Equal Weight,EA,equity,0.016666666666666666,2021-02-02,2022-01-31,252
2022-02-01,Combined Equal Weight,Combined equity + cryptocurrency,Equal Weight,EOS-USD,cryptocurrency,0.016666666666666666,2021-02-02,2022-01-31,252
2022-02-01,Combined Equal Weight,Combined equity + cryptocurrency,Equal Weight,ETC-USD,cryptocurrency,0.016666666666666666,2021-02-02,2022-01-31,252
2022-02-01,Combined Equal Weight,Combined equity + cryptocurrency,Equal Weight,ETH-USD,cryptocurrency,0.016666666666666666,2021-02-02,2022-01-31,252
2022-02-01,Combined Equal Weight,Combined equity + cryptocurrency,Equal Weight,GE,equity,0.016666666666666666,2021-02-02,2022-01-31,252
2022-02-01,Combined Equal Weight,Combined equity + cryptocurrency,Equal Weight,GILD,equity,0.016666666666666666,2021-02-02,2022-01-31,252
2022-02-01,Combined Equal Weight,Combined equity + cryptocurrency,Equal Weight,GS,equity,0.016666666666666666,2021-02-02,2022-01-31,252
2022-02-01,Combined Equal Weight,Combined equity + cryptocurrency,Equal Weight,INTC,equity,0.016666666666666666,2021-02-02,2022-01-31,252
2022-02-01,Combined Equal Weight,Combined equity + cryptocurrency,Equal Weight,KO,equity,0.016666666666666666,2021-02-02,2022-01-31,252
2022-02-01,Combined Equal Weight,Combined equity + cryptocurrency,Equal Weight,LTC-USD,cryptocurrency,0.016666666666666666,2021-02-02,2022-01-31,252
2022-02-01,Combined Equal Weight,Combined equity + cryptocurrency,Equal Weight,MMM,equity,0.016666666666666666,2021-02-02,2022-01-31,252
2022-02-01,Combined Equal Weight,Combined equity + cryptocurrency,Equal Weight,MRK,equity,0.016666666666666666,2021-02-02,2022-01-31,252
2022-02-01,Combined Equal Weight,Combined equity + cryptocurrency,Equal Weight,MS,equity,0.016666666666666666,2021-02-02,2022-01-31,252
2022-02-01,Combined Equal Weight,Combined equity + cryptocurrency,Equal Weight,NEE,equity,0.016666666666666666,2021-02-02,2022-01-31,252
2022-02-01,Combined Equal Weight,Combined equity + cryptocurrency,Equal Weight,NEM,equity,0.016666666666666666,2021-02-02,2022-01-31,252
2022-02-01,Combined Equal Weight,Combined equity + cryptocurrency,Equal Weight,NKE,equity,0.016666666666666666,2021-02-02,2022-01-31,252
2022-02-01,Combined Equal Weight,Combined equity + cryptocurrency,Equal Weight,NUE,equity,0.016666666666666666,2021-02-02,2022-01-31,252
2022-02-01,Combined Equal Weight,Combined equity + cryptocurrency,Equal Weight,NVDA,equity,0.016666666666666666,2021-02-02,2022-01-31,252
2022-02-01,Combined Equal Weight,Combined equity + cryptocurrency,Equal Weight,O,equity,0.016666666666666666,2021-02-02,2022-01-31,252
2022-02-01,Combined Equal Weight,Combined equity + cryptocurrency,Equal Weight,OXY,equity,0.016666666666666666,2021-02-02,2022-01-31,252
2022-02-01,Combined Equal Weight,Combined equity + cryptocurrency,Equal Weight,PLD,equity,0.016666666666666666,2021-02-02,2022-01-31,252
2022-02-01,Combined Equal Weight,Combined equity + cryptocurrency,Equal Weight,PSA,equity,0.016666666666666666,2021-02-02,2022-01-31,252
2022-02-01,Combined Equal Weight,Combined equity + cryptocurrency,Equal Weight,QCOM,equity,0.016666666666666666,2021-02-02,2022-01-31,252
2022-02-01,Combined Equal Weight,Combined equity + cryptocurrency,Equal Weight,SBUX,equity,0.016666666666666666,2021-02-02,2022-01-31,252
2022-02-01,Combined Equal Weight,Combined equity + cryptocurrency,Equal Weight,SHW,equity,0.016666666666666666,2021-02-02,2022-01-31,252
2022-02-01,Combined Equal Weight,Combined equity + cryptocurrency,Equal Weight,SLB,equity,0.016666666666666666,2021-02-02,2022-01-31,252
2022-02-01,Combined Equal Weight,Combined equity + cryptocurrency,Equal Weight,SO,equity,0.016666666666666666,2021-02-02,2022-01-31,252
2022-02-01,Combined Equal Weight,Combined equity + cryptocurrency,Equal Weight,T,equity,0.016666666666666666,2021-02-02,2022-01-31,252
2022-02-01,Combined Equal Weight,Combined equity + cryptocurrency,Equal Weight,TMUS,equity,0.016666666666666666,2021-02-02,2022-01-31,252
2022-02-01,Combined Equal Weight,Combined equity + cryptocurrency,Equal Weight,TRX-USD,cryptocurrency,0.016666666666666666,2021-02-02,2022-01-31,252
2022-02-01,Combined Equal Weight,Combined equity + cryptocurrency,Equal Weight,TTWO,equity,0.016666666666666666,2021-02-02,2022-01-31,252
2022-02-01,Combined Equal Weight,Combined equity + cryptocurrency,Equal Weight,UPS,equity,0.016666666666666666,2021-02-02,2022-01-31,252
2022-02-01,Combined Equal Weight,Combined equity + cryptocurrency,Equal Weight,USB,equity,0.016666666666666666,2021-02-02,2022-01-31,252
2022-02-01,Combined Equal Weight,Combined equity + cryptocurrency,Equal Weight,V,equity,0.016666666666666666,2021-02-02,2022-01-31,252
2022-02-01,Combined Equal Weight,Combined equity + cryptocurrency,Equal Weight,WFC,equity,0.016666666666666666,2021-02-02,2022-01-31,252
2022-02-01,Combined Equal Weight,Combined equity + cryptocurrency,Equal Weight,WMT,equity,0.016666666666666666,2021-02-02,2022-01-31,252
2022-02-01,Combined Equal Weight,Combined equity + cryptocurrency,Equal Weight,XLM-USD,cryptocurrency,0.016666666666666666,2021-02-02,2022-01-31,252
2022-02-01,Combined Equal Weight,Combined equity + cryptocurrency,Equal Weight,XOM,equity,0.016666666666666666,2021-02-02,2022-01-31,252
2022-02-01,Combined Equal Weight,Combined equity + cryptocurrency,Equal Weight,XRP-USD,cryptocurrency,0.016666666666666666,2021-02-02,2022-01-31,252
2022-03-01,Combined Equal Weight,Combined equity + cryptocurrency,Equal Weight,ABBV,equity,0.016666666666666666,2021-03-02,2022-02-28,252
2022-03-01,Combined Equal Weight,Combined equity + cryptocurrency,Equal Weight,ABT,equity,0.016666666666666666,2021-03-02,2022-02-28,252
2022-03-01,Combined Equal Weight,Combined equity + cryptocurrency,Equal Weight,ADA-USD,cryptocurrency,0.016666666666666666,2021-03-02,2022-02-28,252
2022-03-01,Combined Equal Weight,Combined equity + cryptocurrency,Equal Weight,ADBE,equity,0.016666666666666666,2021-03-02,2022-02-28,252
2022-03-01,Combined Equal Weight,Combined equity + cryptocurrency,Equal Weight,AEP,equity,0.016666666666666666,2021-03-02,2022-02-28,252
2022-03-01,Combined Equal Weight,Combined equity + cryptocurrency,Equal Weight,AMD,equity,0.016666666666666666,2021-03-02,2022-02-28,252
2022-03-01,Combined Equal Weight,Combined equity + cryptocurrency,Equal Weight,AMGN,equity,0.016666666666666666,2021-03-02,2022-02-28,252
2022-03-01,Combined Equal Weight,Combined equity + cryptocurrency,Equal Weight,AMT,equity,0.016666666666666666,2021-03-02,2022-02-28,252
2022-03-01,Combined Equal Weight,Combined equity + cryptocurrency,Equal Weight,BA,equity,0.016666666666666666,2021-03-02,2022-02-28,252
2022-03-01,Combined Equal Weight,Combined equity + cryptocurrency,Equal Weight,BCH-USD,cryptocurrency,0.016666666666666666,2021-03-02,2022-02-28,252
2022-03-01,Combined Equal Weight,Combined equity + cryptocurrency,Equal Weight,BTC-USD,cryptocurrency,0.016666666666666666,2021-03-02,2022-02-28,252
2022-03-01,Combined Equal Weight,Combined equity + cryptocurrency,Equal Weight,CAT,equity,0.016666666666666666,2021-03-02,2022-02-28,252
2022-03-01,Combined Equal Weight,Combined equity + cryptocurrency,Equal Weight,CCI,equity,0.016666666666666666,2021-03-02,2022-02-28,252
2022-03-01,Combined Equal Weight,Combined equity + cryptocurrency,Equal Weight,CMCSA,equity,0.016666666666666666,2021-03-02,2022-02-28,252
2022-03-01,Combined Equal Weight,Combined equity + cryptocurrency,Equal Weight,COP,equity,0.016666666666666666,2021-03-02,2022-02-28,252
2022-03-01,Combined Equal Weight,Combined equity + cryptocurrency,Equal Weight,CVX,equity,0.016666666666666666,2021-03-02,2022-02-28,252
2022-03-01,Combined Equal Weight,Combined equity + cryptocurrency,Equal Weight,D,equity,0.016666666666666666,2021-03-02,2022-02-28,252
2022-03-01,Combined Equal Weight,Combined equity + cryptocurrency,Equal Weight,DD,equity,0.016666666666666666,2021-03-02,2022-02-28,252
2022-03-01,Combined Equal Weight,Combined equity + cryptocurrency,Equal Weight,DIS,equity,0.016666666666666666,2021-03-02,2022-02-28,252
2022-03-01,Combined Equal Weight,Combined equity + cryptocurrency,Equal Weight,DOW,equity,0.016666666666666666,2021-03-02,2022-02-28,252
2022-03-01,Combined Equal Weight,Combined equity + cryptocurrency,Equal Weight,DUK,equity,0.016666666666666666,2021-03-02,2022-02-28,252
2022-03-01,Combined Equal Weight,Combined equity + cryptocurrency,Equal Weight,EA,equity,0.016666666666666666,2021-03-02,2022-02-28,252
2022-03-01,Combined Equal Weight,Combined equity + cryptocurrency,Equal Weight,EOS-USD,cryptocurrency,0.016666666666666666,2021-03-02,2022-02-28,252
2022-03-01,Combined Equal Weight,Combined equity + cryptocurrency,Equal Weight,ETC-USD,cryptocurrency,0.016666666666666666,2021-03-02,2022-02-28,252
2022-03-01,Combined Equal Weight,Combined equity + cryptocurrency,Equal Weight,ETH-USD,cryptocurrency,0.016666666666666666,2021-03-02,2022-02-28,252
2022-03-01,Combined Equal Weight,Combined equity + cryptocurrency,Equal Weight,GE,equity,0.016666666666666666,2021-03-02,2022-02-28,252
2022-03-01,Combined Equal Weight,Combined equity + cryptocurrency,Equal Weight,GILD,equity,0.016666666666666666,2021-03-02,2022-02-28,252
2022-03-01,Combined Equal Weight,Combined equity + cryptocurrency,Equal Weight,GS,equity,0.016666666666666666,2021-03-02,2022-02-28,252
2022-03-01,Combined Equal Weight,Combined equity + cryptocurrency,Equal Weight,INTC,equity,0.016666666666666666,2021-03-02,2022-02-28,252
2022-03-01,Combined Equal Weight,Combined equity + cryptocurrency,Equal Weight,KO,equity,0.016666666666666666,2021-03-02,2022-02-28,252
2022-03-01,Combined Equal Weight,Combined equity + cryptocurrency,Equal Weight,LTC-USD,cryptocurrency,0.016666666666666666,2021-03-02,2022-02-28,252
2022-03-01,Combined Equal Weight,Combined equity + cryptocurrency,Equal Weight,MMM,equity,0.016666666666666666,2021-03-02,2022-02-28,252
2022-03-01,Combined Equal Weight,Combined equity + cryptocurrency,Equal Weight,MRK,equity,0.016666666666666666,2021-03-02,2022-02-28,252
2022-03-01,Combined Equal Weight,Combined equity + cryptocurrency,Equal Weight,MS,equity,0.016666666666666666,2021-03-02,2022-02-28,252
2022-03-01,Combined Equal Weight,Combined equity + cryptocurrency,Equal Weight,NEE,equity,0.016666666666666666,2021-03-02,2022-02-28,252
2022-03-01,Combined Equal Weight,Combined equity + cryptocurrency,Equal Weight,NEM,equity,0.016666666666666666,2021-03-02,2022-02-28,252
2022-03-01,Combined Equal Weight,Combined equity + cryptocurrency,Equal Weight,NKE,equity,0.016666666666666666,2021-03-02,2022-02-28,252
2022-03-01,Combined Equal Weight,Combined equity + cryptocurrency,Equal Weight,NUE,equity,0.016666666666666666,2021-03-02,2022-02-28,252
2022-03-01,Combined Equal Weight,Combined equity + cryptocurrency,Equal Weight,NVDA,equity,0.016666666666666666,2021-03-02,2022-02-28,252
2022-03-01,Combined Equal Weight,Combined equity + cryptocurrency,Equal Weight,O,equity,0.016666666666666666,2021-03-02,2022-02-28,252
2022-03-01,Combined Equal Weight,Combined equity + cryptocurrency,Equal Weight,OXY,equity,0.016666666666666666,2021-03-02,2022-02-28,252
2022-03-01,Combined Equal Weight,Combined equity + cryptocurrency,Equal Weight,PLD,equity,0.016666666666666666,2021-03-02,2022-02-28,252
2022-03-01,Combined Equal Weight,Combined equity + cryptocurrency,Equal Weight,PSA,equity,0.016666666666666666,2021-03-02,2022-02-28,252
2022-03-01,Combined Equal Weight,Combined equity + cryptocurrency,Equal Weight,QCOM,equity,0.016666666666666666,2021-03-02,2022-02-28,252
2022-03-01,Combined Equal Weight,Combined equity + cryptocurrency,Equal Weight,SBUX,equity,0.016666666666666666,2021-03-02,2022-02-28,252
2022-03-01,Combined Equal Weight,Combined equity + cryptocurrency,Equal Weight,SHW,equity,0.016666666666666666,2021-03-02,2022-02-28,252
2022-03-01,Combined Equal Weight,Combined equity + cryptocurrency,Equal Weight,SLB,equity,0.016666666666666666,2021-03-02,2022-02-28,252
2022-03-01,Combined Equal Weight,Combined equity + cryptocurrency,Equal Weight,SO,equity,0.016666666666666666,2021-03-02,2022-02-28,252
2022-03-01,Combined Equal Weight,Combined equity + cryptocurrency,Equal Weight,T,equity,0.016666666666666666,2021-03-02,2022-02-28,252
2022-03-01,Combined Equal Weight,Combined equity + cryptocurrency,Equal Weight,TMUS,equity,0.016666666666666666,2021-03-02,2022-02-28,252
2022-03-01,Combined Equal Weight,Combined equity + cryptocurrency,Equal Weight,TRX-USD,cryptocurrency,0.016666666666666666,2021-03-02,2022-02-28,252
2022-03-01,Combined Equal Weight,Combined equity + cryptocurrency,Equal Weight,TTWO,equity,0.016666666666666666,2021-03-02,2022-02-28,252
2022-03-01,Combined Equal Weight,Combined equity + cryptocurrency,Equal Weight,UPS,equity,0.016666666666666666,2021-03-02,2022-02-28,252
2022-03-01,Combined Equal Weight,Combined equity + cryptocurrency,Equal Weight,USB,equity,0.016666666666666666,2021-03-02,2022-02-28,252
2022-03-01,Combined Equal Weight,Combined equity + cryptocurrency,Equal Weight,V,equity,0.016666666666666666,2021-03-02,2022-02-28,252
2022-03-01,Combined Equal Weight,Combined equity + cryptocurrency,Equal Weight,WFC,equity,0.016666666666666666,2021-03-02,2022-02-28,252
2022-03-01,Combined Equal Weight,Combined equity + cryptocurrency,Equal Weight,WMT,equity,0.016666666666666666,2021-03-02,2022-02-28,252
2022-03-01,Combined Equal Weight,Combined equity + cryptocurrency,Equal Weight,XLM-USD,cryptocurrency,0.016666666666666666,2021-03-02,2022-02-28,252
2022-03-01,Combined Equal Weight,Combined equity + cryptocurrency,Equal Weight,XOM,equity,0.016666666666666666,2021-03-02,2022-02-28,252
2022-03-01,Combined Equal Weight,Combined equity + cryptocurrency,Equal Weight,XRP-USD,cryptocurrency,0.016666666666666666,2021-03-02,2022-02-28,252
2022-04-01,Combined Equal Weight,Combined equity + cryptocurrency,Equal Weight,ABBV,equity,0.016666666666666666,2021-04-05,2022-03-31,252
2022-04-01,Combined Equal Weight,Combined equity + cryptocurrency,Equal Weight,ABT,equity,0.016666666666666666,2021-04-05,2022-03-31,252
2022-04-01,Combined Equal Weight,Combined equity + cryptocurrency,Equal Weight,ADA-USD,cryptocurrency,0.016666666666666666,2021-04-05,2022-03-31,252
2022-04-01,Combined Equal Weight,Combined equity + cryptocurrency,Equal Weight,ADBE,equity,0.016666666666666666,2021-04-05,2022-03-31,252
2022-04-01,Combined Equal Weight,Combined equity + cryptocurrency,Equal Weight,AEP,equity,0.016666666666666666,2021-04-05,2022-03-31,252
2022-04-01,Combined Equal Weight,Combined equity + cryptocurrency,Equal Weight,AMD,equity,0.016666666666666666,2021-04-05,2022-03-31,252
2022-04-01,Combined Equal Weight,Combined equity + cryptocurrency,Equal Weight,AMGN,equity,0.016666666666666666,2021-04-05,2022-03-31,252
2022-04-01,Combined Equal Weight,Combined equity + cryptocurrency,Equal Weight,AMT,equity,0.016666666666666666,2021-04-05,2022-03-31,252
2022-04-01,Combined Equal Weight,Combined equity + cryptocurrency,Equal Weight,BA,equity,0.016666666666666666,2021-04-05,2022-03-31,252
2022-04-01,Combined Equal Weight,Combined equity + cryptocurrency,Equal Weight,BCH-USD,cryptocurrency,0.016666666666666666,2021-04-05,2022-03-31,252
2022-04-01,Combined Equal Weight,Combined equity + cryptocurrency,Equal Weight,BTC-USD,cryptocurrency,0.016666666666666666,2021-04-05,2022-03-31,252
2022-04-01,Combined Equal Weight,Combined equity + cryptocurrency,Equal Weight,CAT,equity,0.016666666666666666,2021-04-05,2022-03-31,252
2022-04-01,Combined Equal Weight,Combined equity + cryptocurrency,Equal Weight,CCI,equity,0.016666666666666666,2021-04-05,2022-03-31,252
2022-04-01,Combined Equal Weight,Combined equity + cryptocurrency,Equal Weight,CMCSA,equity,0.016666666666666666,2021-04-05,2022-03-31,252
2022-04-01,Combined Equal Weight,Combined equity + cryptocurrency,Equal Weight,COP,equity,0.016666666666666666,2021-04-05,2022-03-31,252
2022-04-01,Combined Equal Weight,Combined equity + cryptocurrency,Equal Weight,CVX,equity,0.016666666666666666,2021-04-05,2022-03-31,252
2022-04-01,Combined Equal Weight,Combined equity + cryptocurrency,Equal Weight,D,equity,0.016666666666666666,2021-04-05,2022-03-31,252
2022-04-01,Combined Equal Weight,Combined equity + cryptocurrency,Equal Weight,DD,equity,0.016666666666666666,2021-04-05,2022-03-31,252
2022-04-01,Combined Equal Weight,Combined equity + cryptocurrency,Equal Weight,DIS,equity,0.016666666666666666,2021-04-05,2022-03-31,252
2022-04-01,Combined Equal Weight,Combined equity + cryptocurrency,Equal Weight,DOW,equity,0.016666666666666666,2021-04-05,2022-03-31,252
2022-04-01,Combined Equal Weight,Combined equity + cryptocurrency,Equal Weight,DUK,equity,0.016666666666666666,2021-04-05,2022-03-31,252
2022-04-01,Combined Equal Weight,Combined equity + cryptocurrency,Equal Weight,EA,equity,0.016666666666666666,2021-04-05,2022-03-31,252
2022-04-01,Combined Equal Weight,Combined equity + cryptocurrency,Equal Weight,EOS-USD,cryptocurrency,0.016666666666666666,2021-04-05,2022-03-31,252
2022-04-01,Combined Equal Weight,Combined equity + cryptocurrency,Equal Weight,ETC-USD,cryptocurrency,0.016666666666666666,2021-04-05,2022-03-31,252
2022-04-01,Combined Equal Weight,Combined equity + cryptocurrency,Equal Weight,ETH-USD,cryptocurrency,0.016666666666666666,2021-04-05,2022-03-31,252
2022-04-01,Combined Equal Weight,Combined equity + cryptocurrency,Equal Weight,GE,equity,0.016666666666666666,2021-04-05,2022-03-31,252
2022-04-01,Combined Equal Weight,Combined equity + cryptocurrency,Equal Weight,GILD,equity,0.016666666666666666,2021-04-05,2022-03-31,252
2022-04-01,Combined Equal Weight,Combined equity + cryptocurrency,Equal Weight,GS,equity,0.016666666666666666,2021-04-05,2022-03-31,252
2022-04-01,Combined Equal Weight,Combined equity + cryptocurrency,Equal Weight,INTC,equity,0.016666666666666666,2021-04-05,2022-03-31,252
2022-04-01,Combined Equal Weight,Combined equity + cryptocurrency,Equal Weight,KO,equity,0.016666666666666666,2021-04-05,2022-03-31,252
2022-04-01,Combined Equal Weight,Combined equity + cryptocurrency,Equal Weight,LTC-USD,cryptocurrency,0.016666666666666666,2021-04-05,2022-03-31,252
2022-04-01,Combined Equal Weight,Combined equity + cryptocurrency,Equal Weight,MMM,equity,0.016666666666666666,2021-04-05,2022-03-31,252
2022-04-01,Combined Equal Weight,Combined equity + cryptocurrency,Equal Weight,MRK,equity,0.016666666666666666,2021-04-05,2022-03-31,252
2022-04-01,Combined Equal Weight,Combined equity + cryptocurrency,Equal Weight,MS,equity,0.016666666666666666,2021-04-05,2022-03-31,252
2022-04-01,Combined Equal Weight,Combined equity + cryptocurrency,Equal Weight,NEE,equity,0.016666666666666666,2021-04-05,2022-03-31,252
2022-04-01,Combined Equal Weight,Combined equity + cryptocurrency,Equal Weight,NEM,equity,0.016666666666666666,2021-04-05,2022-03-31,252
2022-04-01,Combined Equal Weight,Combined equity + cryptocurrency,Equal Weight,NKE,equity,0.016666666666666666,2021-04-05,2022-03-31,252
2022-04-01,Combined Equal Weight,Combined equity + cryptocurrency,Equal Weight,NUE,equity,0.016666666666666666,2021-04-05,2022-03-31,252
2022-04-01,Combined Equal Weight,Combined equity + cryptocurrency,Equal Weight,NVDA,equity,0.016666666666666666,2021-04-05,2022-03-31,252
2022-04-01,Combined Equal Weight,Combined equity + cryptocurrency,Equal Weight,O,equity,0.016666666666666666,2021-04-05,2022-03-31,252
2022-04-01,Combined Equal Weight,Combined equity + cryptocurrency,Equal Weight,OXY,equity,0.016666666666666666,2021-04-05,2022-03-31,252
2022-04-01,Combined Equal Weight,Combined equity + cryptocurrency,Equal Weight,PLD,equity,0.016666666666666666,2021-04-05,2022-03-31,252
2022-04-01,Combined Equal Weight,Combined equity + cryptocurrency,Equal Weight,PSA,equity,0.016666666666666666,2021-04-05,2022-03-31,252
2022-04-01,Combined Equal Weight,Combined equity + cryptocurrency,Equal Weight,QCOM,equity,0.016666666666666666,2021-04-05,2022-03-31,252
2022-04-01,Combined Equal Weight,Combined equity + cryptocurrency,Equal Weight,SBUX,equity,0.016666666666666666,2021-04-05,2022-03-31,252
2022-04-01,Combined Equal Weight,Combined equity + cryptocurrency,Equal Weight,SHW,equity,0.016666666666666666,2021-04-05,2022-03-31,252
2022-04-01,Combined Equal Weight,Combined equity + cryptocurrency,Equal Weight,SLB,equity,0.016666666666666666,2021-04-05,2022-03-31,252
2022-04-01,Combined Equal Weight,Combined equity + cryptocurrency,Equal Weight,SO,equity,0.016666666666666666,2021-04-05,2022-03-31,252
2022-04-01,Combined Equal Weight,Combined equity + cryptocurrency,Equal Weight,T,equity,0.016666666666666666,2021-04-05,2022-03-31,252
2022-04-01,Combined Equal Weight,Combined equity + cryptocurrency,Equal Weight,TMUS,equity,0.016666666666666666,2021-04-05,2022-03-31,252
2022-04-01,Combined Equal Weight,Combined equity + cryptocurrency,Equal Weight,TRX-USD,cryptocurrency,0.016666666666666666,2021-04-05,2022-03-31,252
2022-04-01,Combined Equal Weight,Combined equity + cryptocurrency,Equal Weight,TTWO,equity,0.016666666666666666,2021-04-05,2022-03-31,252
2022-04-01,Combined Equal Weight,Combined equity + cryptocurrency,Equal Weight,UPS,equity,0.016666666666666666,2021-04-05,2022-03-31,252
2022-04-01,Combined Equal Weight,Combined equity + cryptocurrency,Equal Weight,USB,equity,0.016666666666666666,2021-04-05,2022-03-31,252
2022-04-01,Combined Equal Weight,Combined equity + cryptocurrency,Equal Weight,V,equity,0.016666666666666666,2021-04-05,2022-03-31,252
2022-04-01,Combined Equal Weight,Combined equity + cryptocurrency,Equal Weight,WFC,equity,0.016666666666666666,2021-04-05,2022-03-31,252
2022-04-01,Combined Equal Weight,Combined equity + cryptocurrency,Equal Weight,WMT,equity,0.016666666666666666,2021-04-05,2022-03-31,252
2022-04-01,Combined Equal Weight,Combined equity + cryptocurrency,Equal Weight,XLM-USD,cryptocurrency,0.016666666666666666,2021-04-05,2022-03-31,252
2022-04-01,Combined Equal Weight,Combined equity + cryptocurrency,Equal Weight,XOM,equity,0.016666666666666666,2021-04-05,2022-03-31,252
2022-04-01,Combined Equal Weight,Combined equity + cryptocurrency,Equal Weight,XRP-USD,cryptocurrency,0.016666666666666666,2021-04-05,2022-03-31,252
2022-05-02,Combined Equal Weight,Combined equity + cryptocurrency,Equal Weight,ABBV,equity,0.016666666666666666,2021-05-03,2022-04-29,252
2022-05-02,Combined Equal Weight,Combined equity + cryptocurrency,Equal Weight,ABT,equity,0.016666666666666666,2021-05-03,2022-04-29,252
2022-05-02,Combined Equal Weight,Combined equity + cryptocurrency,Equal Weight,ADA-USD,cryptocurrency,0.016666666666666666,2021-05-03,2022-04-29,252
2022-05-02,Combined Equal Weight,Combined equity + cryptocurrency,Equal Weight,ADBE,equity,0.016666666666666666,2021-05-03,2022-04-29,252
2022-05-02,Combined Equal Weight,Combined equity + cryptocurrency,Equal Weight,AEP,equity,0.016666666666666666,2021-05-03,2022-04-29,252
2022-05-02,Combined Equal Weight,Combined equity + cryptocurrency,Equal Weight,AMD,equity,0.016666666666666666,2021-05-03,2022-04-29,252
2022-05-02,Combined Equal Weight,Combined equity + cryptocurrency,Equal Weight,AMGN,equity,0.016666666666666666,2021-05-03,2022-04-29,252
2022-05-02,Combined Equal Weight,Combined equity + cryptocurrency,Equal Weight,AMT,equity,0.016666666666666666,2021-05-03,2022-04-29,252
2022-05-02,Combined Equal Weight,Combined equity + cryptocurrency,Equal Weight,BA,equity,0.016666666666666666,2021-05-03,2022-04-29,252
2022-05-02,Combined Equal Weight,Combined equity + cryptocurrency,Equal Weight,BCH-USD,cryptocurrency,0.016666666666666666,2021-05-03,2022-04-29,252
2022-05-02,Combined Equal Weight,Combined equity + cryptocurrency,Equal Weight,BTC-USD,cryptocurrency,0.016666666666666666,2021-05-03,2022-04-29,252
2022-05-02,Combined Equal Weight,Combined equity + cryptocurrency,Equal Weight,CAT,equity,0.016666666666666666,2021-05-03,2022-04-29,252
2022-05-02,Combined Equal Weight,Combined equity + cryptocurrency,Equal Weight,CCI,equity,0.016666666666666666,2021-05-03,2022-04-29,252
2022-05-02,Combined Equal Weight,Combined equity + cryptocurrency,Equal Weight,CMCSA,equity,0.016666666666666666,2021-05-03,2022-04-29,252
2022-05-02,Combined Equal Weight,Combined equity + cryptocurrency,Equal Weight,COP,equity,0.016666666666666666,2021-05-03,2022-04-29,252
2022-05-02,Combined Equal Weight,Combined equity + cryptocurrency,Equal Weight,CVX,equity,0.016666666666666666,2021-05-03,2022-04-29,252
2022-05-02,Combined Equal Weight,Combined equity + cryptocurrency,Equal Weight,D,equity,0.016666666666666666,2021-05-03,2022-04-29,252
2022-05-02,Combined Equal Weight,Combined equity + cryptocurrency,Equal Weight,DD,equity,0.016666666666666666,2021-05-03,2022-04-29,252
2022-05-02,Combined Equal Weight,Combined equity + cryptocurrency,Equal Weight,DIS,equity,0.016666666666666666,2021-05-03,2022-04-29,252
2022-05-02,Combined Equal Weight,Combined equity + cryptocurrency,Equal Weight,DOW,equity,0.016666666666666666,2021-05-03,2022-04-29,252
2022-05-02,Combined Equal Weight,Combined equity + cryptocurrency,Equal Weight,DUK,equity,0.016666666666666666,2021-05-03,2022-04-29,252
2022-05-02,Combined Equal Weight,Combined equity + cryptocurrency,Equal Weight,EA,equity,0.016666666666666666,2021-05-03,2022-04-29,252
2022-05-02,Combined Equal Weight,Combined equity + cryptocurrency,Equal Weight,EOS-USD,cryptocurrency,0.016666666666666666,2021-05-03,2022-04-29,252
2022-05-02,Combined Equal Weight,Combined equity + cryptocurrency,Equal Weight,ETC-USD,cryptocurrency,0.016666666666666666,2021-05-03,2022-04-29,252
2022-05-02,Combined Equal Weight,Combined equity + cryptocurrency,Equal Weight,ETH-USD,cryptocurrency,0.016666666666666666,2021-05-03,2022-04-29,252
2022-05-02,Combined Equal Weight,Combined equity + cryptocurrency,Equal Weight,GE,equity,0.016666666666666666,2021-05-03,2022-04-29,252
2022-05-02,Combined Equal Weight,Combined equity + cryptocurrency,Equal Weight,GILD,equity,0.016666666666666666,2021-05-03,2022-04-29,252
2022-05-02,Combined Equal Weight,Combined equity + cryptocurrency,Equal Weight,GS,equity,0.016666666666666666,2021-05-03,2022-04-29,252
2022-05-02,Combined Equal Weight,Combined equity + cryptocurrency,Equal Weight,INTC,equity,0.016666666666666666,2021-05-03,2022-04-29,252
2022-05-02,Combined Equal Weight,Combined equity + cryptocurrency,Equal Weight,KO,equity,0.016666666666666666,2021-05-03,2022-04-29,252
2022-05-02,Combined Equal Weight,Combined equity + cryptocurrency,Equal Weight,LTC-USD,cryptocurrency,0.016666666666666666,2021-05-03,2022-04-29,252
2022-05-02,Combined Equal Weight,Combined equity + cryptocurrency,Equal Weight,MMM,equity,0.016666666666666666,2021-05-03,2022-04-29,252
2022-05-02,Combined Equal Weight,Combined equity + cryptocurrency,Equal Weight,MRK,equity,0.016666666666666666,2021-05-03,2022-04-29,252
2022-05-02,Combined Equal Weight,Combined equity + cryptocurrency,Equal Weight,MS,equity,0.016666666666666666,2021-05-03,2022-04-29,252
2022-05-02,Combined Equal Weight,Combined equity + cryptocurrency,Equal Weight,NEE,equity,0.016666666666666666,2021-05-03,2022-04-29,252
2022-05-02,Combined Equal Weight,Combined equity + cryptocurrency,Equal Weight,NEM,equity,0.016666666666666666,2021-05-03,2022-04-29,252
2022-05-02,Combined Equal Weight,Combined equity + cryptocurrency,Equal Weight,NKE,equity,0.016666666666666666,2021-05-03,2022-04-29,252
2022-05-02,Combined Equal Weight,Combined equity + cryptocurrency,Equal Weight,NUE,equity,0.016666666666666666,2021-05-03,2022-04-29,252
2022-05-02,Combined Equal Weight,Combined equity + cryptocurrency,Equal Weight,NVDA,equity,0.016666666666666666,2021-05-03,2022-04-29,252
2022-05-02,Combined Equal Weight,Combined equity + cryptocurrency,Equal Weight,O,equity,0.016666666666666666,2021-05-03,2022-04-29,252
2022-05-02,Combined Equal Weight,Combined equity + cryptocurrency,Equal Weight,OXY,equity,0.016666666666666666,2021-05-03,2022-04-29,252
2022-05-02,Combined Equal Weight,Combined equity + cryptocurrency,Equal Weight,PLD,equity,0.016666666666666666,2021-05-03,2022-04-29,252
2022-05-02,Combined Equal Weight,Combined equity + cryptocurrency,Equal Weight,PSA,equity,0.016666666666666666,2021-05-03,2022-04-29,252
2022-05-02,Combined Equal Weight,Combined equity + cryptocurrency,Equal Weight,QCOM,equity,0.016666666666666666,2021-05-03,2022-04-29,252
2022-05-02,Combined Equal Weight,Combined equity + cryptocurrency,Equal Weight,SBUX,equity,0.016666666666666666,2021-05-03,2022-04-29,252
2022-05-02,Combined Equal Weight,Combined equity + cryptocurrency,Equal Weight,SHW,equity,0.016666666666666666,2021-05-03,2022-04-29,252
2022-05-02,Combined Equal Weight,Combined equity + cryptocurrency,Equal Weight,SLB,equity,0.016666666666666666,2021-05-03,2022-04-29,252
2022-05-02,Combined Equal Weight,Combined equity + cryptocurrency,Equal Weight,SO,equity,0.016666666666666666,2021-05-03,2022-04-29,252
2022-05-02,Combined Equal Weight,Combined equity + cryptocurrency,Equal Weight,T,equity,0.016666666666666666,2021-05-03,2022-04-29,252
2022-05-02,Combined Equal Weight,Combined equity + cryptocurrency,Equal Weight,TMUS,equity,0.016666666666666666,2021-05-03,2022-04-29,252
2022-05-02,Combined Equal Weight,Combined equity + cryptocurrency,Equal Weight,TRX-USD,cryptocurrency,0.016666666666666666,2021-05-03,2022-04-29,252
2022-05-02,Combined Equal Weight,Combined equity + cryptocurrency,Equal Weight,TTWO,equity,0.016666666666666666,2021-05-03,2022-04-29,252
2022-05-02,Combined Equal Weight,Combined equity + cryptocurrency,Equal Weight,UPS,equity,0.016666666666666666,2021-05-03,2022-04-29,252
2022-05-02,Combined Equal Weight,Combined equity + cryptocurrency,Equal Weight,USB,equity,0.016666666666666666,2021-05-03,2022-04-29,252
2022-05-02,Combined Equal Weight,Combined equity + cryptocurrency,Equal Weight,V,equity,0.016666666666666666,2021-05-03,2022-04-29,252
2022-05-02,Combined Equal Weight,Combined equity + cryptocurrency,Equal Weight,WFC,equity,0.016666666666666666,2021-05-03,2022-04-29,252
2022-05-02,Combined Equal Weight,Combined equity + cryptocurrency,Equal Weight,WMT,equity,0.016666666666666666,2021-05-03,2022-04-29,252
2022-05-02,Combined Equal Weight,Combined equity + cryptocurrency,Equal Weight,XLM-USD,cryptocurrency,0.016666666666666666,2021-05-03,2022-04-29,252
2022-05-02,Combined Equal Weight,Combined equity + cryptocurrency,Equal Weight,XOM,equity,0.016666666666666666,2021-05-03,2022-04-29,252
2022-05-02,Combined Equal Weight,Combined equity + cryptocurrency,Equal Weight,XRP-USD,cryptocurrency,0.016666666666666666,2021-05-03,2022-04-29,252
2022-06-01,Combined Equal Weight,Combined equity + cryptocurrency,Equal Weight,ABBV,equity,0.016666666666666666,2021-06-02,2022-05-31,252
2022-06-01,Combined Equal Weight,Combined equity + cryptocurrency,Equal Weight,ABT,equity,0.016666666666666666,2021-06-02,2022-05-31,252
2022-06-01,Combined Equal Weight,Combined equity + cryptocurrency,Equal Weight,ADA-USD,cryptocurrency,0.016666666666666666,2021-06-02,2022-05-31,252
2022-06-01,Combined Equal Weight,Combined equity + cryptocurrency,Equal Weight,ADBE,equity,0.016666666666666666,2021-06-02,2022-05-31,252
2022-06-01,Combined Equal Weight,Combined equity + cryptocurrency,Equal Weight,AEP,equity,0.016666666666666666,2021-06-02,2022-05-31,252
2022-06-01,Combined Equal Weight,Combined equity + cryptocurrency,Equal Weight,AMD,equity,0.016666666666666666,2021-06-02,2022-05-31,252
2022-06-01,Combined Equal Weight,Combined equity + cryptocurrency,Equal Weight,AMGN,equity,0.016666666666666666,2021-06-02,2022-05-31,252
2022-06-01,Combined Equal Weight,Combined equity + cryptocurrency,Equal Weight,AMT,equity,0.016666666666666666,2021-06-02,2022-05-31,252
2022-06-01,Combined Equal Weight,Combined equity + cryptocurrency,Equal Weight,BA,equity,0.016666666666666666,2021-06-02,2022-05-31,252
2022-06-01,Combined Equal Weight,Combined equity + cryptocurrency,Equal Weight,BCH-USD,cryptocurrency,0.016666666666666666,2021-06-02,2022-05-31,252
2022-06-01,Combined Equal Weight,Combined equity + cryptocurrency,Equal Weight,BTC-USD,cryptocurrency,0.016666666666666666,2021-06-02,2022-05-31,252
2022-06-01,Combined Equal Weight,Combined equity + cryptocurrency,Equal Weight,CAT,equity,0.016666666666666666,2021-06-02,2022-05-31,252
2022-06-01,Combined Equal Weight,Combined equity + cryptocurrency,Equal Weight,CCI,equity,0.016666666666666666,2021-06-02,2022-05-31,252
2022-06-01,Combined Equal Weight,Combined equity + cryptocurrency,Equal Weight,CMCSA,equity,0.016666666666666666,2021-06-02,2022-05-31,252
2022-06-01,Combined Equal Weight,Combined equity + cryptocurrency,Equal Weight,COP,equity,0.016666666666666666,2021-06-02,2022-05-31,252
2022-06-01,Combined Equal Weight,Combined equity + cryptocurrency,Equal Weight,CVX,equity,0.016666666666666666,2021-06-02,2022-05-31,252
2022-06-01,Combined Equal Weight,Combined equity + cryptocurrency,Equal Weight,D,equity,0.016666666666666666,2021-06-02,2022-05-31,252
2022-06-01,Combined Equal Weight,Combined equity + cryptocurrency,Equal Weight,DD,equity,0.016666666666666666,2021-06-02,2022-05-31,252
2022-06-01,Combined Equal Weight,Combined equity + cryptocurrency,Equal Weight,DIS,equity,0.016666666666666666,2021-06-02,2022-05-31,252
2022-06-01,Combined Equal Weight,Combined equity + cryptocurrency,Equal Weight,DOW,equity,0.016666666666666666,2021-06-02,2022-05-31,252
2022-06-01,Combined Equal Weight,Combined equity + cryptocurrency,Equal Weight,DUK,equity,0.016666666666666666,2021-06-02,2022-05-31,252
2022-06-01,Combined Equal Weight,Combined equity + cryptocurrency,Equal Weight,EA,equity,0.016666666666666666,2021-06-02,2022-05-31,252
2022-06-01,Combined Equal Weight,Combined equity + cryptocurrency,Equal Weight,EOS-USD,cryptocurrency,0.016666666666666666,2021-06-02,2022-05-31,252
2022-06-01,Combined Equal Weight,Combined equity + cryptocurrency,Equal Weight,ETC-USD,cryptocurrency,0.016666666666666666,2021-06-02,2022-05-31,252
2022-06-01,Combined Equal Weight,Combined equity + cryptocurrency,Equal Weight,ETH-USD,cryptocurrency,0.016666666666666666,2021-06-02,2022-05-31,252
2022-06-01,Combined Equal Weight,Combined equity + cryptocurrency,Equal Weight,GE,equity,0.016666666666666666,2021-06-02,2022-05-31,252
2022-06-01,Combined Equal Weight,Combined equity + cryptocurrency,Equal Weight,GILD,equity,0.016666666666666666,2021-06-02,2022-05-31,252
2022-06-01,Combined Equal Weight,Combined equity + cryptocurrency,Equal Weight,GS,equity,0.016666666666666666,2021-06-02,2022-05-31,252
2022-06-01,Combined Equal Weight,Combined equity + cryptocurrency,Equal Weight,INTC,equity,0.016666666666666666,2021-06-02,2022-05-31,252
2022-06-01,Combined Equal Weight,Combined equity + cryptocurrency,Equal Weight,KO,equity,0.016666666666666666,2021-06-02,2022-05-31,252
2022-06-01,Combined Equal Weight,Combined equity + cryptocurrency,Equal Weight,LTC-USD,cryptocurrency,0.016666666666666666,2021-06-02,2022-05-31,252
2022-06-01,Combined Equal Weight,Combined equity + cryptocurrency,Equal Weight,MMM,equity,0.016666666666666666,2021-06-02,2022-05-31,252
2022-06-01,Combined Equal Weight,Combined equity + cryptocurrency,Equal Weight,MRK,equity,0.016666666666666666,2021-06-02,2022-05-31,252
2022-06-01,Combined Equal Weight,Combined equity + cryptocurrency,Equal Weight,MS,equity,0.016666666666666666,2021-06-02,2022-05-31,252
2022-06-01,Combined Equal Weight,Combined equity + cryptocurrency,Equal Weight,NEE,equity,0.016666666666666666,2021-06-02,2022-05-31,252
2022-06-01,Combined Equal Weight,Combined equity + cryptocurrency,Equal Weight,NEM,equity,0.016666666666666666,2021-06-02,2022-05-31,252
2022-06-01,Combined Equal Weight,Combined equity + cryptocurrency,Equal Weight,NKE,equity,0.016666666666666666,2021-06-02,2022-05-31,252
2022-06-01,Combined Equal Weight,Combined equity + cryptocurrency,Equal Weight,NUE,equity,0.016666666666666666,2021-06-02,2022-05-31,252
2022-06-01,Combined Equal Weight,Combined equity + cryptocurrency,Equal Weight,NVDA,equity,0.016666666666666666,2021-06-02,2022-05-31,252
2022-06-01,Combined Equal Weight,Combined equity + cryptocurrency,Equal Weight,O,equity,0.016666666666666666,2021-06-02,2022-05-31,252
2022-06-01,Combined Equal Weight,Combined equity + cryptocurrency,Equal Weight,OXY,equity,0.016666666666666666,2021-06-02,2022-05-31,252
2022-06-01,Combined Equal Weight,Combined equity + cryptocurrency,Equal Weight,PLD,equity,0.016666666666666666,2021-06-02,2022-05-31,252
2022-06-01,Combined Equal Weight,Combined equity + cryptocurrency,Equal Weight,PSA,equity,0.016666666666666666,2021-06-02,2022-05-31,252
2022-06-01,Combined Equal Weight,Combined equity + cryptocurrency,Equal Weight,QCOM,equity,0.016666666666666666,2021-06-02,2022-05-31,252
2022-06-01,Combined Equal Weight,Combined equity + cryptocurrency,Equal Weight,SBUX,equity,0.016666666666666666,2021-06-02,2022-05-31,252
2022-06-01,Combined Equal Weight,Combined equity + cryptocurrency,Equal Weight,SHW,equity,0.016666666666666666,2021-06-02,2022-05-31,252
2022-06-01,Combined Equal Weight,Combined equity + cryptocurrency,Equal Weight,SLB,equity,0.016666666666666666,2021-06-02,2022-05-31,252
2022-06-01,Combined Equal Weight,Combined equity + cryptocurrency,Equal Weight,SO,equity,0.016666666666666666,2021-06-02,2022-05-31,252
2022-06-01,Combined Equal Weight,Combined equity + cryptocurrency,Equal Weight,T,equity,0.016666666666666666,2021-06-02,2022-05-31,252
2022-06-01,Combined Equal Weight,Combined equity + cryptocurrency,Equal Weight,TMUS,equity,0.016666666666666666,2021-06-02,2022-05-31,252
2022-06-01,Combined Equal Weight,Combined equity + cryptocurrency,Equal Weight,TRX-USD,cryptocurrency,0.016666666666666666,2021-06-02,2022-05-31,252
2022-06-01,Combined Equal Weight,Combined equity + cryptocurrency,Equal Weight,TTWO,equity,0.016666666666666666,2021-06-02,2022-05-31,252
2022-06-01,Combined Equal Weight,Combined equity + cryptocurrency,Equal Weight,UPS,equity,0.016666666666666666,2021-06-02,2022-05-31,252
2022-06-01,Combined Equal Weight,Combined equity + cryptocurrency,Equal Weight,USB,equity,0.016666666666666666,2021-06-02,2022-05-31,252
2022-06-01,Combined Equal Weight,Combined equity + cryptocurrency,Equal Weight,V,equity,0.016666666666666666,2021-06-02,2022-05-31,252
2022-06-01,Combined Equal Weight,Combined equity + cryptocurrency,Equal Weight,WFC,equity,0.016666666666666666,2021-06-02,2022-05-31,252
2022-06-01,Combined Equal Weight,Combined equity + cryptocurrency,Equal Weight,WMT,equity,0.016666666666666666,2021-06-02,2022-05-31,252
2022-06-01,Combined Equal Weight,Combined equity + cryptocurrency,Equal Weight,XLM-USD,cryptocurrency,0.016666666666666666,2021-06-02,2022-05-31,252
2022-06-01,Combined Equal Weight,Combined equity + cryptocurrency,Equal Weight,XOM,equity,0.016666666666666666,2021-06-02,2022-05-31,252
2022-06-01,Combined Equal Weight,Combined equity + cryptocurrency,Equal Weight,XRP-USD,cryptocurrency,0.016666666666666666,2021-06-02,2022-05-31,252
2022-07-01,Combined Equal Weight,Combined equity + cryptocurrency,Equal Weight,ABBV,equity,0.016666666666666666,2021-07-01,2022-06-30,252
2022-07-01,Combined Equal Weight,Combined equity + cryptocurrency,Equal Weight,ABT,equity,0.016666666666666666,2021-07-01,2022-06-30,252
2022-07-01,Combined Equal Weight,Combined equity + cryptocurrency,Equal Weight,ADA-USD,cryptocurrency,0.016666666666666666,2021-07-01,2022-06-30,252
2022-07-01,Combined Equal Weight,Combined equity + cryptocurrency,Equal Weight,ADBE,equity,0.016666666666666666,2021-07-01,2022-06-30,252
2022-07-01,Combined Equal Weight,Combined equity + cryptocurrency,Equal Weight,AEP,equity,0.016666666666666666,2021-07-01,2022-06-30,252
2022-07-01,Combined Equal Weight,Combined equity + cryptocurrency,Equal Weight,AMD,equity,0.016666666666666666,2021-07-01,2022-06-30,252
2022-07-01,Combined Equal Weight,Combined equity + cryptocurrency,Equal Weight,AMGN,equity,0.016666666666666666,2021-07-01,2022-06-30,252
2022-07-01,Combined Equal Weight,Combined equity + cryptocurrency,Equal Weight,AMT,equity,0.016666666666666666,2021-07-01,2022-06-30,252
2022-07-01,Combined Equal Weight,Combined equity + cryptocurrency,Equal Weight,BA,equity,0.016666666666666666,2021-07-01,2022-06-30,252
2022-07-01,Combined Equal Weight,Combined equity + cryptocurrency,Equal Weight,BCH-USD,cryptocurrency,0.016666666666666666,2021-07-01,2022-06-30,252
2022-07-01,Combined Equal Weight,Combined equity + cryptocurrency,Equal Weight,BTC-USD,cryptocurrency,0.016666666666666666,2021-07-01,2022-06-30,252
2022-07-01,Combined Equal Weight,Combined equity + cryptocurrency,Equal Weight,CAT,equity,0.016666666666666666,2021-07-01,2022-06-30,252
2022-07-01,Combined Equal Weight,Combined equity + cryptocurrency,Equal Weight,CCI,equity,0.016666666666666666,2021-07-01,2022-06-30,252
2022-07-01,Combined Equal Weight,Combined equity + cryptocurrency,Equal Weight,CMCSA,equity,0.016666666666666666,2021-07-01,2022-06-30,252
2022-07-01,Combined Equal Weight,Combined equity + cryptocurrency,Equal Weight,COP,equity,0.016666666666666666,2021-07-01,2022-06-30,252
2022-07-01,Combined Equal Weight,Combined equity + cryptocurrency,Equal Weight,CVX,equity,0.016666666666666666,2021-07-01,2022-06-30,252
2022-07-01,Combined Equal Weight,Combined equity + cryptocurrency,Equal Weight,D,equity,0.016666666666666666,2021-07-01,2022-06-30,252
2022-07-01,Combined Equal Weight,Combined equity + cryptocurrency,Equal Weight,DD,equity,0.016666666666666666,2021-07-01,2022-06-30,252
2022-07-01,Combined Equal Weight,Combined equity + cryptocurrency,Equal Weight,DIS,equity,0.016666666666666666,2021-07-01,2022-06-30,252
2022-07-01,Combined Equal Weight,Combined equity + cryptocurrency,Equal Weight,DOW,equity,0.016666666666666666,2021-07-01,2022-06-30,252
2022-07-01,Combined Equal Weight,Combined equity + cryptocurrency,Equal Weight,DUK,equity,0.016666666666666666,2021-07-01,2022-06-30,252
2022-07-01,Combined Equal Weight,Combined equity + cryptocurrency,Equal Weight,EA,equity,0.016666666666666666,2021-07-01,2022-06-30,252
2022-07-01,Combined Equal Weight,Combined equity + cryptocurrency,Equal Weight,EOS-USD,cryptocurrency,0.016666666666666666,2021-07-01,2022-06-30,252
2022-07-01,Combined Equal Weight,Combined equity + cryptocurrency,Equal Weight,ETC-USD,cryptocurrency,0.016666666666666666,2021-07-01,2022-06-30,252
2022-07-01,Combined Equal Weight,Combined equity + cryptocurrency,Equal Weight,ETH-USD,cryptocurrency,0.016666666666666666,2021-07-01,2022-06-30,252
2022-07-01,Combined Equal Weight,Combined equity + cryptocurrency,Equal Weight,GE,equity,0.016666666666666666,2021-07-01,2022-06-30,252
2022-07-01,Combined Equal Weight,Combined equity + cryptocurrency,Equal Weight,GILD,equity,0.016666666666666666,2021-07-01,2022-06-30,252
2022-07-01,Combined Equal Weight,Combined equity + cryptocurrency,Equal Weight,GS,equity,0.016666666666666666,2021-07-01,2022-06-30,252
2022-07-01,Combined Equal Weight,Combined equity + cryptocurrency,Equal Weight,INTC,equity,0.016666666666666666,2021-07-01,2022-06-30,252
2022-07-01,Combined Equal Weight,Combined equity + cryptocurrency,Equal Weight,KO,equity,0.016666666666666666,2021-07-01,2022-06-30,252
2022-07-01,Combined Equal Weight,Combined equity + cryptocurrency,Equal Weight,LTC-USD,cryptocurrency,0.016666666666666666,2021-07-01,2022-06-30,252
2022-07-01,Combined Equal Weight,Combined equity + cryptocurrency,Equal Weight,MMM,equity,0.016666666666666666,2021-07-01,2022-06-30,252
2022-07-01,Combined Equal Weight,Combined equity + cryptocurrency,Equal Weight,MRK,equity,0.016666666666666666,2021-07-01,2022-06-30,252
2022-07-01,Combined Equal Weight,Combined equity + cryptocurrency,Equal Weight,MS,equity,0.016666666666666666,2021-07-01,2022-06-30,252
2022-07-01,Combined Equal Weight,Combined equity + cryptocurrency,Equal Weight,NEE,equity,0.016666666666666666,2021-07-01,2022-06-30,252
2022-07-01,Combined Equal Weight,Combined equity + cryptocurrency,Equal Weight,NEM,equity,0.016666666666666666,2021-07-01,2022-06-30,252
2022-07-01,Combined Equal Weight,Combined equity + cryptocurrency,Equal Weight,NKE,equity,0.016666666666666666,2021-07-01,2022-06-30,252
2022-07-01,Combined Equal Weight,Combined equity + cryptocurrency,Equal Weight,NUE,equity,0.016666666666666666,2021-07-01,2022-06-30,252
2022-07-01,Combined Equal Weight,Combined equity + cryptocurrency,Equal Weight,NVDA,equity,0.016666666666666666,2021-07-01,2022-06-30,252
2022-07-01,Combined Equal Weight,Combined equity + cryptocurrency,Equal Weight,O,equity,0.016666666666666666,2021-07-01,2022-06-30,252
2022-07-01,Combined Equal Weight,Combined equity + cryptocurrency,Equal Weight,OXY,equity,0.016666666666666666,2021-07-01,2022-06-30,252
2022-07-01,Combined Equal Weight,Combined equity + cryptocurrency,Equal Weight,PLD,equity,0.016666666666666666,2021-07-01,2022-06-30,252
2022-07-01,Combined Equal Weight,Combined equity + cryptocurrency,Equal Weight,PSA,equity,0.016666666666666666,2021-07-01,2022-06-30,252
2022-07-01,Combined Equal Weight,Combined equity + cryptocurrency,Equal Weight,QCOM,equity,0.016666666666666666,2021-07-01,2022-06-30,252
2022-07-01,Combined Equal Weight,Combined equity + cryptocurrency,Equal Weight,SBUX,equity,0.016666666666666666,2021-07-01,2022-06-30,252
2022-07-01,Combined Equal Weight,Combined equity + cryptocurrency,Equal Weight,SHW,equity,0.016666666666666666,2021-07-01,2022-06-30,252
2022-07-01,Combined Equal Weight,Combined equity + cryptocurrency,Equal Weight,SLB,equity,0.016666666666666666,2021-07-01,2022-06-30,252
2022-07-01,Combined Equal Weight,Combined equity + cryptocurrency,Equal Weight,SO,equity,0.016666666666666666,2021-07-01,2022-06-30,252
2022-07-01,Combined Equal Weight,Combined equity + cryptocurrency,Equal Weight,T,equity,0.016666666666666666,2021-07-01,2022-06-30,252
2022-07-01,Combined Equal Weight,Combined equity + cryptocurrency,Equal Weight,TMUS,equity,0.016666666666666666,2021-07-01,2022-06-30,252
2022-07-01,Combined Equal Weight,Combined equity + cryptocurrency,Equal Weight,TRX-USD,cryptocurrency,0.016666666666666666,2021-07-01,2022-06-30,252
2022-07-01,Combined Equal Weight,Combined equity + cryptocurrency,Equal Weight,TTWO,equity,0.016666666666666666,2021-07-01,2022-06-30,252
2022-07-01,Combined Equal Weight,Combined equity + cryptocurrency,Equal Weight,UPS,equity,0.016666666666666666,2021-07-01,2022-06-30,252
2022-07-01,Combined Equal Weight,Combined equity + cryptocurrency,Equal Weight,USB,equity,0.016666666666666666,2021-07-01,2022-06-30,252
2022-07-01,Combined Equal Weight,Combined equity + cryptocurrency,Equal Weight,V,equity,0.016666666666666666,2021-07-01,2022-06-30,252
2022-07-01,Combined Equal Weight,Combined equity + cryptocurrency,Equal Weight,WFC,equity,0.016666666666666666,2021-07-01,2022-06-30,252
2022-07-01,Combined Equal Weight,Combined equity + cryptocurrency,Equal Weight,WMT,equity,0.016666666666666666,2021-07-01,2022-06-30,252
2022-07-01,Combined Equal Weight,Combined equity + cryptocurrency,Equal Weight,XLM-USD,cryptocurrency,0.016666666666666666,2021-07-01,2022-06-30,252
2022-07-01,Combined Equal Weight,Combined equity + cryptocurrency,Equal Weight,XOM,equity,0.016666666666666666,2021-07-01,2022-06-30,252
2022-07-01,Combined Equal Weight,Combined equity + cryptocurrency,Equal Weight,XRP-USD,cryptocurrency,0.016666666666666666,2021-07-01,2022-06-30,252
2022-08-01,Combined Equal Weight,Combined equity + cryptocurrency,Equal Weight,ABBV,equity,0.016666666666666666,2021-07-30,2022-07-29,252
2022-08-01,Combined Equal Weight,Combined equity + cryptocurrency,Equal Weight,ABT,equity,0.016666666666666666,2021-07-30,2022-07-29,252
2022-08-01,Combined Equal Weight,Combined equity + cryptocurrency,Equal Weight,ADA-USD,cryptocurrency,0.016666666666666666,2021-07-30,2022-07-29,252
2022-08-01,Combined Equal Weight,Combined equity + cryptocurrency,Equal Weight,ADBE,equity,0.016666666666666666,2021-07-30,2022-07-29,252
2022-08-01,Combined Equal Weight,Combined equity + cryptocurrency,Equal Weight,AEP,equity,0.016666666666666666,2021-07-30,2022-07-29,252
2022-08-01,Combined Equal Weight,Combined equity + cryptocurrency,Equal Weight,AMD,equity,0.016666666666666666,2021-07-30,2022-07-29,252
2022-08-01,Combined Equal Weight,Combined equity + cryptocurrency,Equal Weight,AMGN,equity,0.016666666666666666,2021-07-30,2022-07-29,252
2022-08-01,Combined Equal Weight,Combined equity + cryptocurrency,Equal Weight,AMT,equity,0.016666666666666666,2021-07-30,2022-07-29,252
2022-08-01,Combined Equal Weight,Combined equity + cryptocurrency,Equal Weight,BA,equity,0.016666666666666666,2021-07-30,2022-07-29,252
2022-08-01,Combined Equal Weight,Combined equity + cryptocurrency,Equal Weight,BCH-USD,cryptocurrency,0.016666666666666666,2021-07-30,2022-07-29,252
2022-08-01,Combined Equal Weight,Combined equity + cryptocurrency,Equal Weight,BTC-USD,cryptocurrency,0.016666666666666666,2021-07-30,2022-07-29,252
2022-08-01,Combined Equal Weight,Combined equity + cryptocurrency,Equal Weight,CAT,equity,0.016666666666666666,2021-07-30,2022-07-29,252
2022-08-01,Combined Equal Weight,Combined equity + cryptocurrency,Equal Weight,CCI,equity,0.016666666666666666,2021-07-30,2022-07-29,252
2022-08-01,Combined Equal Weight,Combined equity + cryptocurrency,Equal Weight,CMCSA,equity,0.016666666666666666,2021-07-30,2022-07-29,252
2022-08-01,Combined Equal Weight,Combined equity + cryptocurrency,Equal Weight,COP,equity,0.016666666666666666,2021-07-30,2022-07-29,252
2022-08-01,Combined Equal Weight,Combined equity + cryptocurrency,Equal Weight,CVX,equity,0.016666666666666666,2021-07-30,2022-07-29,252
2022-08-01,Combined Equal Weight,Combined equity + cryptocurrency,Equal Weight,D,equity,0.016666666666666666,2021-07-30,2022-07-29,252
2022-08-01,Combined Equal Weight,Combined equity + cryptocurrency,Equal Weight,DD,equity,0.016666666666666666,2021-07-30,2022-07-29,252
2022-08-01,Combined Equal Weight,Combined equity + cryptocurrency,Equal Weight,DIS,equity,0.016666666666666666,2021-07-30,2022-07-29,252
2022-08-01,Combined Equal Weight,Combined equity + cryptocurrency,Equal Weight,DOW,equity,0.016666666666666666,2021-07-30,2022-07-29,252
2022-08-01,Combined Equal Weight,Combined equity + cryptocurrency,Equal Weight,DUK,equity,0.016666666666666666,2021-07-30,2022-07-29,252
2022-08-01,Combined Equal Weight,Combined equity + cryptocurrency,Equal Weight,EA,equity,0.016666666666666666,2021-07-30,2022-07-29,252
2022-08-01,Combined Equal Weight,Combined equity + cryptocurrency,Equal Weight,EOS-USD,cryptocurrency,0.016666666666666666,2021-07-30,2022-07-29,252
2022-08-01,Combined Equal Weight,Combined equity + cryptocurrency,Equal Weight,ETC-USD,cryptocurrency,0.016666666666666666,2021-07-30,2022-07-29,252
2022-08-01,Combined Equal Weight,Combined equity + cryptocurrency,Equal Weight,ETH-USD,cryptocurrency,0.016666666666666666,2021-07-30,2022-07-29,252
2022-08-01,Combined Equal Weight,Combined equity + cryptocurrency,Equal Weight,GE,equity,0.016666666666666666,2021-07-30,2022-07-29,252
2022-08-01,Combined Equal Weight,Combined equity + cryptocurrency,Equal Weight,GILD,equity,0.016666666666666666,2021-07-30,2022-07-29,252
2022-08-01,Combined Equal Weight,Combined equity + cryptocurrency,Equal Weight,GS,equity,0.016666666666666666,2021-07-30,2022-07-29,252
2022-08-01,Combined Equal Weight,Combined equity + cryptocurrency,Equal Weight,INTC,equity,0.016666666666666666,2021-07-30,2022-07-29,252
2022-08-01,Combined Equal Weight,Combined equity + cryptocurrency,Equal Weight,KO,equity,0.016666666666666666,2021-07-30,2022-07-29,252
2022-08-01,Combined Equal Weight,Combined equity + cryptocurrency,Equal Weight,LTC-USD,cryptocurrency,0.016666666666666666,2021-07-30,2022-07-29,252
2022-08-01,Combined Equal Weight,Combined equity + cryptocurrency,Equal Weight,MMM,equity,0.016666666666666666,2021-07-30,2022-07-29,252
2022-08-01,Combined Equal Weight,Combined equity + cryptocurrency,Equal Weight,MRK,equity,0.016666666666666666,2021-07-30,2022-07-29,252
2022-08-01,Combined Equal Weight,Combined equity + cryptocurrency,Equal Weight,MS,equity,0.016666666666666666,2021-07-30,2022-07-29,252
2022-08-01,Combined Equal Weight,Combined equity + cryptocurrency,Equal Weight,NEE,equity,0.016666666666666666,2021-07-30,2022-07-29,252
2022-08-01,Combined Equal Weight,Combined equity + cryptocurrency,Equal Weight,NEM,equity,0.016666666666666666,2021-07-30,2022-07-29,252
2022-08-01,Combined Equal Weight,Combined equity + cryptocurrency,Equal Weight,NKE,equity,0.016666666666666666,2021-07-30,2022-07-29,252
2022-08-01,Combined Equal Weight,Combined equity + cryptocurrency,Equal Weight,NUE,equity,0.016666666666666666,2021-07-30,2022-07-29,252
2022-08-01,Combined Equal Weight,Combined equity + cryptocurrency,Equal Weight,NVDA,equity,0.016666666666666666,2021-07-30,2022-07-29,252
2022-08-01,Combined Equal Weight,Combined equity + cryptocurrency,Equal Weight,O,equity,0.016666666666666666,2021-07-30,2022-07-29,252
2022-08-01,Combined Equal Weight,Combined equity + cryptocurrency,Equal Weight,OXY,equity,0.016666666666666666,2021-07-30,2022-07-29,252
2022-08-01,Combined Equal Weight,Combined equity + cryptocurrency,Equal Weight,PLD,equity,0.016666666666666666,2021-07-30,2022-07-29,252
2022-08-01,Combined Equal Weight,Combined equity + cryptocurrency,Equal Weight,PSA,equity,0.016666666666666666,2021-07-30,2022-07-29,252
2022-08-01,Combined Equal Weight,Combined equity + cryptocurrency,Equal Weight,QCOM,equity,0.016666666666666666,2021-07-30,2022-07-29,252
2022-08-01,Combined Equal Weight,Combined equity + cryptocurrency,Equal Weight,SBUX,equity,0.016666666666666666,2021-07-30,2022-07-29,252
2022-08-01,Combined Equal Weight,Combined equity + cryptocurrency,Equal Weight,SHW,equity,0.016666666666666666,2021-07-30,2022-07-29,252
2022-08-01,Combined Equal Weight,Combined equity + cryptocurrency,Equal Weight,SLB,equity,0.016666666666666666,2021-07-30,2022-07-29,252
2022-08-01,Combined Equal Weight,Combined equity + cryptocurrency,Equal Weight,SO,equity,0.016666666666666666,2021-07-30,2022-07-29,252
2022-08-01,Combined Equal Weight,Combined equity + cryptocurrency,Equal Weight,T,equity,0.016666666666666666,2021-07-30,2022-07-29,252
2022-08-01,Combined Equal Weight,Combined equity + cryptocurrency,Equal Weight,TMUS,equity,0.016666666666666666,2021-07-30,2022-07-29,252
2022-08-01,Combined Equal Weight,Combined equity + cryptocurrency,Equal Weight,TRX-USD,cryptocurrency,0.016666666666666666,2021-07-30,2022-07-29,252
2022-08-01,Combined Equal Weight,Combined equity + cryptocurrency,Equal Weight,TTWO,equity,0.016666666666666666,2021-07-30,2022-07-29,252
2022-08-01,Combined Equal Weight,Combined equity + cryptocurrency,Equal Weight,UPS,equity,0.016666666666666666,2021-07-30,2022-07-29,252
2022-08-01,Combined Equal Weight,Combined equity + cryptocurrency,Equal Weight,USB,equity,0.016666666666666666,2021-07-30,2022-07-29,252
2022-08-01,Combined Equal Weight,Combined equity + cryptocurrency,Equal Weight,V,equity,0.016666666666666666,2021-07-30,2022-07-29,252
2022-08-01,Combined Equal Weight,Combined equity + cryptocurrency,Equal Weight,WFC,equity,0.016666666666666666,2021-07-30,2022-07-29,252
2022-08-01,Combined Equal Weight,Combined equity + cryptocurrency,Equal Weight,WMT,equity,0.016666666666666666,2021-07-30,2022-07-29,252
2022-08-01,Combined Equal Weight,Combined equity + cryptocurrency,Equal Weight,XLM-USD,cryptocurrency,0.016666666666666666,2021-07-30,2022-07-29,252
2022-08-01,Combined Equal Weight,Combined equity + cryptocurrency,Equal Weight,XOM,equity,0.016666666666666666,2021-07-30,2022-07-29,252
2022-08-01,Combined Equal Weight,Combined equity + cryptocurrency,Equal Weight,XRP-USD,cryptocurrency,0.016666666666666666,2021-07-30,2022-07-29,252
2022-09-01,Combined Equal Weight,Combined equity + cryptocurrency,Equal Weight,ABBV,equity,0.016666666666666666,2021-09-01,2022-08-31,252
2022-09-01,Combined Equal Weight,Combined equity + cryptocurrency,Equal Weight,ABT,equity,0.016666666666666666,2021-09-01,2022-08-31,252
2022-09-01,Combined Equal Weight,Combined equity + cryptocurrency,Equal Weight,ADA-USD,cryptocurrency,0.016666666666666666,2021-09-01,2022-08-31,252
2022-09-01,Combined Equal Weight,Combined equity + cryptocurrency,Equal Weight,ADBE,equity,0.016666666666666666,2021-09-01,2022-08-31,252
2022-09-01,Combined Equal Weight,Combined equity + cryptocurrency,Equal Weight,AEP,equity,0.016666666666666666,2021-09-01,2022-08-31,252
2022-09-01,Combined Equal Weight,Combined equity + cryptocurrency,Equal Weight,AMD,equity,0.016666666666666666,2021-09-01,2022-08-31,252
2022-09-01,Combined Equal Weight,Combined equity + cryptocurrency,Equal Weight,AMGN,equity,0.016666666666666666,2021-09-01,2022-08-31,252
2022-09-01,Combined Equal Weight,Combined equity + cryptocurrency,Equal Weight,AMT,equity,0.016666666666666666,2021-09-01,2022-08-31,252
2022-09-01,Combined Equal Weight,Combined equity + cryptocurrency,Equal Weight,BA,equity,0.016666666666666666,2021-09-01,2022-08-31,252
2022-09-01,Combined Equal Weight,Combined equity + cryptocurrency,Equal Weight,BCH-USD,cryptocurrency,0.016666666666666666,2021-09-01,2022-08-31,252
2022-09-01,Combined Equal Weight,Combined equity + cryptocurrency,Equal Weight,BTC-USD,cryptocurrency,0.016666666666666666,2021-09-01,2022-08-31,252
2022-09-01,Combined Equal Weight,Combined equity + cryptocurrency,Equal Weight,CAT,equity,0.016666666666666666,2021-09-01,2022-08-31,252
2022-09-01,Combined Equal Weight,Combined equity + cryptocurrency,Equal Weight,CCI,equity,0.016666666666666666,2021-09-01,2022-08-31,252
2022-09-01,Combined Equal Weight,Combined equity + cryptocurrency,Equal Weight,CMCSA,equity,0.016666666666666666,2021-09-01,2022-08-31,252
2022-09-01,Combined Equal Weight,Combined equity + cryptocurrency,Equal Weight,COP,equity,0.016666666666666666,2021-09-01,2022-08-31,252
2022-09-01,Combined Equal Weight,Combined equity + cryptocurrency,Equal Weight,CVX,equity,0.016666666666666666,2021-09-01,2022-08-31,252
2022-09-01,Combined Equal Weight,Combined equity + cryptocurrency,Equal Weight,D,equity,0.016666666666666666,2021-09-01,2022-08-31,252
2022-09-01,Combined Equal Weight,Combined equity + cryptocurrency,Equal Weight,DD,equity,0.016666666666666666,2021-09-01,2022-08-31,252
2022-09-01,Combined Equal Weight,Combined equity + cryptocurrency,Equal Weight,DIS,equity,0.016666666666666666,2021-09-01,2022-08-31,252
2022-09-01,Combined Equal Weight,Combined equity + cryptocurrency,Equal Weight,DOW,equity,0.016666666666666666,2021-09-01,2022-08-31,252
2022-09-01,Combined Equal Weight,Combined equity + cryptocurrency,Equal Weight,DUK,equity,0.016666666666666666,2021-09-01,2022-08-31,252
2022-09-01,Combined Equal Weight,Combined equity + cryptocurrency,Equal Weight,EA,equity,0.016666666666666666,2021-09-01,2022-08-31,252
2022-09-01,Combined Equal Weight,Combined equity + cryptocurrency,Equal Weight,EOS-USD,cryptocurrency,0.016666666666666666,2021-09-01,2022-08-31,252
2022-09-01,Combined Equal Weight,Combined equity + cryptocurrency,Equal Weight,ETC-USD,cryptocurrency,0.016666666666666666,2021-09-01,2022-08-31,252
2022-09-01,Combined Equal Weight,Combined equity + cryptocurrency,Equal Weight,ETH-USD,cryptocurrency,0.016666666666666666,2021-09-01,2022-08-31,252
2022-09-01,Combined Equal Weight,Combined equity + cryptocurrency,Equal Weight,GE,equity,0.016666666666666666,2021-09-01,2022-08-31,252
2022-09-01,Combined Equal Weight,Combined equity + cryptocurrency,Equal Weight,GILD,equity,0.016666666666666666,2021-09-01,2022-08-31,252
2022-09-01,Combined Equal Weight,Combined equity + cryptocurrency,Equal Weight,GS,equity,0.016666666666666666,2021-09-01,2022-08-31,252
2022-09-01,Combined Equal Weight,Combined equity + cryptocurrency,Equal Weight,INTC,equity,0.016666666666666666,2021-09-01,2022-08-31,252
2022-09-01,Combined Equal Weight,Combined equity + cryptocurrency,Equal Weight,KO,equity,0.016666666666666666,2021-09-01,2022-08-31,252
2022-09-01,Combined Equal Weight,Combined equity + cryptocurrency,Equal Weight,LTC-USD,cryptocurrency,0.016666666666666666,2021-09-01,2022-08-31,252
2022-09-01,Combined Equal Weight,Combined equity + cryptocurrency,Equal Weight,MMM,equity,0.016666666666666666,2021-09-01,2022-08-31,252
2022-09-01,Combined Equal Weight,Combined equity + cryptocurrency,Equal Weight,MRK,equity,0.016666666666666666,2021-09-01,2022-08-31,252
2022-09-01,Combined Equal Weight,Combined equity + cryptocurrency,Equal Weight,MS,equity,0.016666666666666666,2021-09-01,2022-08-31,252
2022-09-01,Combined Equal Weight,Combined equity + cryptocurrency,Equal Weight,NEE,equity,0.016666666666666666,2021-09-01,2022-08-31,252
2022-09-01,Combined Equal Weight,Combined equity + cryptocurrency,Equal Weight,NEM,equity,0.016666666666666666,2021-09-01,2022-08-31,252
2022-09-01,Combined Equal Weight,Combined equity + cryptocurrency,Equal Weight,NKE,equity,0.016666666666666666,2021-09-01,2022-08-31,252
2022-09-01,Combined Equal Weight,Combined equity + cryptocurrency,Equal Weight,NUE,equity,0.016666666666666666,2021-09-01,2022-08-31,252
2022-09-01,Combined Equal Weight,Combined equity + cryptocurrency,Equal Weight,NVDA,equity,0.016666666666666666,2021-09-01,2022-08-31,252
2022-09-01,Combined Equal Weight,Combined equity + cryptocurrency,Equal Weight,O,equity,0.016666666666666666,2021-09-01,2022-08-31,252
2022-09-01,Combined Equal Weight,Combined equity + cryptocurrency,Equal Weight,OXY,equity,0.016666666666666666,2021-09-01,2022-08-31,252
2022-09-01,Combined Equal Weight,Combined equity + cryptocurrency,Equal Weight,PLD,equity,0.016666666666666666,2021-09-01,2022-08-31,252
2022-09-01,Combined Equal Weight,Combined equity + cryptocurrency,Equal Weight,PSA,equity,0.016666666666666666,2021-09-01,2022-08-31,252
2022-09-01,Combined Equal Weight,Combined equity + cryptocurrency,Equal Weight,QCOM,equity,0.016666666666666666,2021-09-01,2022-08-31,252
2022-09-01,Combined Equal Weight,Combined equity + cryptocurrency,Equal Weight,SBUX,equity,0.016666666666666666,2021-09-01,2022-08-31,252
2022-09-01,Combined Equal Weight,Combined equity + cryptocurrency,Equal Weight,SHW,equity,0.016666666666666666,2021-09-01,2022-08-31,252
2022-09-01,Combined Equal Weight,Combined equity + cryptocurrency,Equal Weight,SLB,equity,0.016666666666666666,2021-09-01,2022-08-31,252
2022-09-01,Combined Equal Weight,Combined equity + cryptocurrency,Equal Weight,SO,equity,0.016666666666666666,2021-09-01,2022-08-31,252
2022-09-01,Combined Equal Weight,Combined equity + cryptocurrency,Equal Weight,T,equity,0.016666666666666666,2021-09-01,2022-08-31,252
2022-09-01,Combined Equal Weight,Combined equity + cryptocurrency,Equal Weight,TMUS,equity,0.016666666666666666,2021-09-01,2022-08-31,252
2022-09-01,Combined Equal Weight,Combined equity + cryptocurrency,Equal Weight,TRX-USD,cryptocurrency,0.016666666666666666,2021-09-01,2022-08-31,252
2022-09-01,Combined Equal Weight,Combined equity + cryptocurrency,Equal Weight,TTWO,equity,0.016666666666666666,2021-09-01,2022-08-31,252
2022-09-01,Combined Equal Weight,Combined equity + cryptocurrency,Equal Weight,UPS,equity,0.016666666666666666,2021-09-01,2022-08-31,252
2022-09-01,Combined Equal Weight,Combined equity + cryptocurrency,Equal Weight,USB,equity,0.016666666666666666,2021-09-01,2022-08-31,252
2022-09-01,Combined Equal Weight,Combined equity + cryptocurrency,Equal Weight,V,equity,0.016666666666666666,2021-09-01,2022-08-31,252
2022-09-01,Combined Equal Weight,Combined equity + cryptocurrency,Equal Weight,WFC,equity,0.016666666666666666,2021-09-01,2022-08-31,252
2022-09-01,Combined Equal Weight,Combined equity + cryptocurrency,Equal Weight,WMT,equity,0.016666666666666666,2021-09-01,2022-08-31,252
2022-09-01,Combined Equal Weight,Combined equity + cryptocurrency,Equal Weight,XLM-USD,cryptocurrency,0.016666666666666666,2021-09-01,2022-08-31,252
2022-09-01,Combined Equal Weight,Combined equity + cryptocurrency,Equal Weight,XOM,equity,0.016666666666666666,2021-09-01,2022-08-31,252
2022-09-01,Combined Equal Weight,Combined equity + cryptocurrency,Equal Weight,XRP-USD,cryptocurrency,0.016666666666666666,2021-09-01,2022-08-31,252
2022-10-03,Combined Equal Weight,Combined equity + cryptocurrency,Equal Weight,ABBV,equity,0.016666666666666666,2021-10-01,2022-09-30,252
2022-10-03,Combined Equal Weight,Combined equity + cryptocurrency,Equal Weight,ABT,equity,0.016666666666666666,2021-10-01,2022-09-30,252
2022-10-03,Combined Equal Weight,Combined equity + cryptocurrency,Equal Weight,ADA-USD,cryptocurrency,0.016666666666666666,2021-10-01,2022-09-30,252
2022-10-03,Combined Equal Weight,Combined equity + cryptocurrency,Equal Weight,ADBE,equity,0.016666666666666666,2021-10-01,2022-09-30,252
2022-10-03,Combined Equal Weight,Combined equity + cryptocurrency,Equal Weight,AEP,equity,0.016666666666666666,2021-10-01,2022-09-30,252
2022-10-03,Combined Equal Weight,Combined equity + cryptocurrency,Equal Weight,AMD,equity,0.016666666666666666,2021-10-01,2022-09-30,252
2022-10-03,Combined Equal Weight,Combined equity + cryptocurrency,Equal Weight,AMGN,equity,0.016666666666666666,2021-10-01,2022-09-30,252
2022-10-03,Combined Equal Weight,Combined equity + cryptocurrency,Equal Weight,AMT,equity,0.016666666666666666,2021-10-01,2022-09-30,252
2022-10-03,Combined Equal Weight,Combined equity + cryptocurrency,Equal Weight,BA,equity,0.016666666666666666,2021-10-01,2022-09-30,252
2022-10-03,Combined Equal Weight,Combined equity + cryptocurrency,Equal Weight,BCH-USD,cryptocurrency,0.016666666666666666,2021-10-01,2022-09-30,252
2022-10-03,Combined Equal Weight,Combined equity + cryptocurrency,Equal Weight,BTC-USD,cryptocurrency,0.016666666666666666,2021-10-01,2022-09-30,252
2022-10-03,Combined Equal Weight,Combined equity + cryptocurrency,Equal Weight,CAT,equity,0.016666666666666666,2021-10-01,2022-09-30,252
2022-10-03,Combined Equal Weight,Combined equity + cryptocurrency,Equal Weight,CCI,equity,0.016666666666666666,2021-10-01,2022-09-30,252
2022-10-03,Combined Equal Weight,Combined equity + cryptocurrency,Equal Weight,CMCSA,equity,0.016666666666666666,2021-10-01,2022-09-30,252
2022-10-03,Combined Equal Weight,Combined equity + cryptocurrency,Equal Weight,COP,equity,0.016666666666666666,2021-10-01,2022-09-30,252
2022-10-03,Combined Equal Weight,Combined equity + cryptocurrency,Equal Weight,CVX,equity,0.016666666666666666,2021-10-01,2022-09-30,252
2022-10-03,Combined Equal Weight,Combined equity + cryptocurrency,Equal Weight,D,equity,0.016666666666666666,2021-10-01,2022-09-30,252
2022-10-03,Combined Equal Weight,Combined equity + cryptocurrency,Equal Weight,DD,equity,0.016666666666666666,2021-10-01,2022-09-30,252
2022-10-03,Combined Equal Weight,Combined equity + cryptocurrency,Equal Weight,DIS,equity,0.016666666666666666,2021-10-01,2022-09-30,252
2022-10-03,Combined Equal Weight,Combined equity + cryptocurrency,Equal Weight,DOW,equity,0.016666666666666666,2021-10-01,2022-09-30,252
2022-10-03,Combined Equal Weight,Combined equity + cryptocurrency,Equal Weight,DUK,equity,0.016666666666666666,2021-10-01,2022-09-30,252
2022-10-03,Combined Equal Weight,Combined equity + cryptocurrency,Equal Weight,EA,equity,0.016666666666666666,2021-10-01,2022-09-30,252
2022-10-03,Combined Equal Weight,Combined equity + cryptocurrency,Equal Weight,EOS-USD,cryptocurrency,0.016666666666666666,2021-10-01,2022-09-30,252
2022-10-03,Combined Equal Weight,Combined equity + cryptocurrency,Equal Weight,ETC-USD,cryptocurrency,0.016666666666666666,2021-10-01,2022-09-30,252
2022-10-03,Combined Equal Weight,Combined equity + cryptocurrency,Equal Weight,ETH-USD,cryptocurrency,0.016666666666666666,2021-10-01,2022-09-30,252
2022-10-03,Combined Equal Weight,Combined equity + cryptocurrency,Equal Weight,GE,equity,0.016666666666666666,2021-10-01,2022-09-30,252
2022-10-03,Combined Equal Weight,Combined equity + cryptocurrency,Equal Weight,GILD,equity,0.016666666666666666,2021-10-01,2022-09-30,252
2022-10-03,Combined Equal Weight,Combined equity + cryptocurrency,Equal Weight,GS,equity,0.016666666666666666,2021-10-01,2022-09-30,252
2022-10-03,Combined Equal Weight,Combined equity + cryptocurrency,Equal Weight,INTC,equity,0.016666666666666666,2021-10-01,2022-09-30,252
2022-10-03,Combined Equal Weight,Combined equity + cryptocurrency,Equal Weight,KO,equity,0.016666666666666666,2021-10-01,2022-09-30,252
2022-10-03,Combined Equal Weight,Combined equity + cryptocurrency,Equal Weight,LTC-USD,cryptocurrency,0.016666666666666666,2021-10-01,2022-09-30,252
2022-10-03,Combined Equal Weight,Combined equity + cryptocurrency,Equal Weight,MMM,equity,0.016666666666666666,2021-10-01,2022-09-30,252
2022-10-03,Combined Equal Weight,Combined equity + cryptocurrency,Equal Weight,MRK,equity,0.016666666666666666,2021-10-01,2022-09-30,252
2022-10-03,Combined Equal Weight,Combined equity + cryptocurrency,Equal Weight,MS,equity,0.016666666666666666,2021-10-01,2022-09-30,252
2022-10-03,Combined Equal Weight,Combined equity + cryptocurrency,Equal Weight,NEE,equity,0.016666666666666666,2021-10-01,2022-09-30,252
2022-10-03,Combined Equal Weight,Combined equity + cryptocurrency,Equal Weight,NEM,equity,0.016666666666666666,2021-10-01,2022-09-30,252
2022-10-03,Combined Equal Weight,Combined equity + cryptocurrency,Equal Weight,NKE,equity,0.016666666666666666,2021-10-01,2022-09-30,252
2022-10-03,Combined Equal Weight,Combined equity + cryptocurrency,Equal Weight,NUE,equity,0.016666666666666666,2021-10-01,2022-09-30,252
2022-10-03,Combined Equal Weight,Combined equity + cryptocurrency,Equal Weight,NVDA,equity,0.016666666666666666,2021-10-01,2022-09-30,252
2022-10-03,Combined Equal Weight,Combined equity + cryptocurrency,Equal Weight,O,equity,0.016666666666666666,2021-10-01,2022-09-30,252
2022-10-03,Combined Equal Weight,Combined equity + cryptocurrency,Equal Weight,OXY,equity,0.016666666666666666,2021-10-01,2022-09-30,252
2022-10-03,Combined Equal Weight,Combined equity + cryptocurrency,Equal Weight,PLD,equity,0.016666666666666666,2021-10-01,2022-09-30,252
2022-10-03,Combined Equal Weight,Combined equity + cryptocurrency,Equal Weight,PSA,equity,0.016666666666666666,2021-10-01,2022-09-30,252
2022-10-03,Combined Equal Weight,Combined equity + cryptocurrency,Equal Weight,QCOM,equity,0.016666666666666666,2021-10-01,2022-09-30,252
2022-10-03,Combined Equal Weight,Combined equity + cryptocurrency,Equal Weight,SBUX,equity,0.016666666666666666,2021-10-01,2022-09-30,252
2022-10-03,Combined Equal Weight,Combined equity + cryptocurrency,Equal Weight,SHW,equity,0.016666666666666666,2021-10-01,2022-09-30,252
2022-10-03,Combined Equal Weight,Combined equity + cryptocurrency,Equal Weight,SLB,equity,0.016666666666666666,2021-10-01,2022-09-30,252
2022-10-03,Combined Equal Weight,Combined equity + cryptocurrency,Equal Weight,SO,equity,0.016666666666666666,2021-10-01,2022-09-30,252
2022-10-03,Combined Equal Weight,Combined equity + cryptocurrency,Equal Weight,T,equity,0.016666666666666666,2021-10-01,2022-09-30,252
2022-10-03,Combined Equal Weight,Combined equity + cryptocurrency,Equal Weight,TMUS,equity,0.016666666666666666,2021-10-01,2022-09-30,252
2022-10-03,Combined Equal Weight,Combined equity + cryptocurrency,Equal Weight,TRX-USD,cryptocurrency,0.016666666666666666,2021-10-01,2022-09-30,252
2022-10-03,Combined Equal Weight,Combined equity + cryptocurrency,Equal Weight,TTWO,equity,0.016666666666666666,2021-10-01,2022-09-30,252
2022-10-03,Combined Equal Weight,Combined equity + cryptocurrency,Equal Weight,UPS,equity,0.016666666666666666,2021-10-01,2022-09-30,252
2022-10-03,Combined Equal Weight,Combined equity + cryptocurrency,Equal Weight,USB,equity,0.016666666666666666,2021-10-01,2022-09-30,252
2022-10-03,Combined Equal Weight,Combined equity + cryptocurrency,Equal Weight,V,equity,0.016666666666666666,2021-10-01,2022-09-30,252
2022-10-03,Combined Equal Weight,Combined equity + cryptocurrency,Equal Weight,WFC,equity,0.016666666666666666,2021-10-01,2022-09-30,252
2022-10-03,Combined Equal Weight,Combined equity + cryptocurrency,Equal Weight,WMT,equity,0.016666666666666666,2021-10-01,2022-09-30,252
2022-10-03,Combined Equal Weight,Combined equity + cryptocurrency,Equal Weight,XLM-USD,cryptocurrency,0.016666666666666666,2021-10-01,2022-09-30,252
2022-10-03,Combined Equal Weight,Combined equity + cryptocurrency,Equal Weight,XOM,equity,0.016666666666666666,2021-10-01,2022-09-30,252
2022-10-03,Combined Equal Weight,Combined equity + cryptocurrency,Equal Weight,XRP-USD,cryptocurrency,0.016666666666666666,2021-10-01,2022-09-30,252
2022-11-01,Combined Equal Weight,Combined equity + cryptocurrency,Equal Weight,ABBV,equity,0.016666666666666666,2021-11-01,2022-10-31,252
2022-11-01,Combined Equal Weight,Combined equity + cryptocurrency,Equal Weight,ABT,equity,0.016666666666666666,2021-11-01,2022-10-31,252
2022-11-01,Combined Equal Weight,Combined equity + cryptocurrency,Equal Weight,ADA-USD,cryptocurrency,0.016666666666666666,2021-11-01,2022-10-31,252
2022-11-01,Combined Equal Weight,Combined equity + cryptocurrency,Equal Weight,ADBE,equity,0.016666666666666666,2021-11-01,2022-10-31,252
2022-11-01,Combined Equal Weight,Combined equity + cryptocurrency,Equal Weight,AEP,equity,0.016666666666666666,2021-11-01,2022-10-31,252
2022-11-01,Combined Equal Weight,Combined equity + cryptocurrency,Equal Weight,AMD,equity,0.016666666666666666,2021-11-01,2022-10-31,252
2022-11-01,Combined Equal Weight,Combined equity + cryptocurrency,Equal Weight,AMGN,equity,0.016666666666666666,2021-11-01,2022-10-31,252
2022-11-01,Combined Equal Weight,Combined equity + cryptocurrency,Equal Weight,AMT,equity,0.016666666666666666,2021-11-01,2022-10-31,252
2022-11-01,Combined Equal Weight,Combined equity + cryptocurrency,Equal Weight,BA,equity,0.016666666666666666,2021-11-01,2022-10-31,252
2022-11-01,Combined Equal Weight,Combined equity + cryptocurrency,Equal Weight,BCH-USD,cryptocurrency,0.016666666666666666,2021-11-01,2022-10-31,252
2022-11-01,Combined Equal Weight,Combined equity + cryptocurrency,Equal Weight,BTC-USD,cryptocurrency,0.016666666666666666,2021-11-01,2022-10-31,252
2022-11-01,Combined Equal Weight,Combined equity + cryptocurrency,Equal Weight,CAT,equity,0.016666666666666666,2021-11-01,2022-10-31,252
2022-11-01,Combined Equal Weight,Combined equity + cryptocurrency,Equal Weight,CCI,equity,0.016666666666666666,2021-11-01,2022-10-31,252
2022-11-01,Combined Equal Weight,Combined equity + cryptocurrency,Equal Weight,CMCSA,equity,0.016666666666666666,2021-11-01,2022-10-31,252
2022-11-01,Combined Equal Weight,Combined equity + cryptocurrency,Equal Weight,COP,equity,0.016666666666666666,2021-11-01,2022-10-31,252
2022-11-01,Combined Equal Weight,Combined equity + cryptocurrency,Equal Weight,CVX,equity,0.016666666666666666,2021-11-01,2022-10-31,252
2022-11-01,Combined Equal Weight,Combined equity + cryptocurrency,Equal Weight,D,equity,0.016666666666666666,2021-11-01,2022-10-31,252
2022-11-01,Combined Equal Weight,Combined equity + cryptocurrency,Equal Weight,DD,equity,0.016666666666666666,2021-11-01,2022-10-31,252
2022-11-01,Combined Equal Weight,Combined equity + cryptocurrency,Equal Weight,DIS,equity,0.016666666666666666,2021-11-01,2022-10-31,252
2022-11-01,Combined Equal Weight,Combined equity + cryptocurrency,Equal Weight,DOW,equity,0.016666666666666666,2021-11-01,2022-10-31,252
2022-11-01,Combined Equal Weight,Combined equity + cryptocurrency,Equal Weight,DUK,equity,0.016666666666666666,2021-11-01,2022-10-31,252
2022-11-01,Combined Equal Weight,Combined equity + cryptocurrency,Equal Weight,EA,equity,0.016666666666666666,2021-11-01,2022-10-31,252
2022-11-01,Combined Equal Weight,Combined equity + cryptocurrency,Equal Weight,EOS-USD,cryptocurrency,0.016666666666666666,2021-11-01,2022-10-31,252
2022-11-01,Combined Equal Weight,Combined equity + cryptocurrency,Equal Weight,ETC-USD,cryptocurrency,0.016666666666666666,2021-11-01,2022-10-31,252
2022-11-01,Combined Equal Weight,Combined equity + cryptocurrency,Equal Weight,ETH-USD,cryptocurrency,0.016666666666666666,2021-11-01,2022-10-31,252
2022-11-01,Combined Equal Weight,Combined equity + cryptocurrency,Equal Weight,GE,equity,0.016666666666666666,2021-11-01,2022-10-31,252
2022-11-01,Combined Equal Weight,Combined equity + cryptocurrency,Equal Weight,GILD,equity,0.016666666666666666,2021-11-01,2022-10-31,252
2022-11-01,Combined Equal Weight,Combined equity + cryptocurrency,Equal Weight,GS,equity,0.016666666666666666,2021-11-01,2022-10-31,252
2022-11-01,Combined Equal Weight,Combined equity + cryptocurrency,Equal Weight,INTC,equity,0.016666666666666666,2021-11-01,2022-10-31,252
2022-11-01,Combined Equal Weight,Combined equity + cryptocurrency,Equal Weight,KO,equity,0.016666666666666666,2021-11-01,2022-10-31,252
2022-11-01,Combined Equal Weight,Combined equity + cryptocurrency,Equal Weight,LTC-USD,cryptocurrency,0.016666666666666666,2021-11-01,2022-10-31,252
2022-11-01,Combined Equal Weight,Combined equity + cryptocurrency,Equal Weight,MMM,equity,0.016666666666666666,2021-11-01,2022-10-31,252
2022-11-01,Combined Equal Weight,Combined equity + cryptocurrency,Equal Weight,MRK,equity,0.016666666666666666,2021-11-01,2022-10-31,252
2022-11-01,Combined Equal Weight,Combined equity + cryptocurrency,Equal Weight,MS,equity,0.016666666666666666,2021-11-01,2022-10-31,252
2022-11-01,Combined Equal Weight,Combined equity + cryptocurrency,Equal Weight,NEE,equity,0.016666666666666666,2021-11-01,2022-10-31,252
2022-11-01,Combined Equal Weight,Combined equity + cryptocurrency,Equal Weight,NEM,equity,0.016666666666666666,2021-11-01,2022-10-31,252
2022-11-01,Combined Equal Weight,Combined equity + cryptocurrency,Equal Weight,NKE,equity,0.016666666666666666,2021-11-01,2022-10-31,252
2022-11-01,Combined Equal Weight,Combined equity + cryptocurrency,Equal Weight,NUE,equity,0.016666666666666666,2021-11-01,2022-10-31,252
2022-11-01,Combined Equal Weight,Combined equity + cryptocurrency,Equal Weight,NVDA,equity,0.016666666666666666,2021-11-01,2022-10-31,252
2022-11-01,Combined Equal Weight,Combined equity + cryptocurrency,Equal Weight,O,equity,0.016666666666666666,2021-11-01,2022-10-31,252
2022-11-01,Combined Equal Weight,Combined equity + cryptocurrency,Equal Weight,OXY,equity,0.016666666666666666,2021-11-01,2022-10-31,252
2022-11-01,Combined Equal Weight,Combined equity + cryptocurrency,Equal Weight,PLD,equity,0.016666666666666666,2021-11-01,2022-10-31,252
2022-11-01,Combined Equal Weight,Combined equity + cryptocurrency,Equal Weight,PSA,equity,0.016666666666666666,2021-11-01,2022-10-31,252
2022-11-01,Combined Equal Weight,Combined equity + cryptocurrency,Equal Weight,QCOM,equity,0.016666666666666666,2021-11-01,2022-10-31,252
2022-11-01,Combined Equal Weight,Combined equity + cryptocurrency,Equal Weight,SBUX,equity,0.016666666666666666,2021-11-01,2022-10-31,252
2022-11-01,Combined Equal Weight,Combined equity + cryptocurrency,Equal Weight,SHW,equity,0.016666666666666666,2021-11-01,2022-10-31,252
2022-11-01,Combined Equal Weight,Combined equity + cryptocurrency,Equal Weight,SLB,equity,0.016666666666666666,2021-11-01,2022-10-31,252
2022-11-01,Combined Equal Weight,Combined equity + cryptocurrency,Equal Weight,SO,equity,0.016666666666666666,2021-11-01,2022-10-31,252
2022-11-01,Combined Equal Weight,Combined equity + cryptocurrency,Equal Weight,T,equity,0.016666666666666666,2021-11-01,2022-10-31,252
2022-11-01,Combined Equal Weight,Combined equity + cryptocurrency,Equal Weight,TMUS,equity,0.016666666666666666,2021-11-01,2022-10-31,252
2022-11-01,Combined Equal Weight,Combined equity + cryptocurrency,Equal Weight,TRX-USD,cryptocurrency,0.016666666666666666,2021-11-01,2022-10-31,252
2022-11-01,Combined Equal Weight,Combined equity + cryptocurrency,Equal Weight,TTWO,equity,0.016666666666666666,2021-11-01,2022-10-31,252
2022-11-01,Combined Equal Weight,Combined equity + cryptocurrency,Equal Weight,UPS,equity,0.016666666666666666,2021-11-01,2022-10-31,252
2022-11-01,Combined Equal Weight,Combined equity + cryptocurrency,Equal Weight,USB,equity,0.016666666666666666,2021-11-01,2022-10-31,252
2022-11-01,Combined Equal Weight,Combined equity + cryptocurrency,Equal Weight,V,equity,0.016666666666666666,2021-11-01,2022-10-31,252
2022-11-01,Combined Equal Weight,Combined equity + cryptocurrency,Equal Weight,WFC,equity,0.016666666666666666,2021-11-01,2022-10-31,252
2022-11-01,Combined Equal Weight,Combined equity + cryptocurrency,Equal Weight,WMT,equity,0.016666666666666666,2021-11-01,2022-10-31,252
2022-11-01,Combined Equal Weight,Combined equity + cryptocurrency,Equal Weight,XLM-USD,cryptocurrency,0.016666666666666666,2021-11-01,2022-10-31,252
2022-11-01,Combined Equal Weight,Combined equity + cryptocurrency,Equal Weight,XOM,equity,0.016666666666666666,2021-11-01,2022-10-31,252
2022-11-01,Combined Equal Weight,Combined equity + cryptocurrency,Equal Weight,XRP-USD,cryptocurrency,0.016666666666666666,2021-11-01,2022-10-31,252
2022-12-01,Combined Equal Weight,Combined equity + cryptocurrency,Equal Weight,ABBV,equity,0.016666666666666666,2021-12-01,2022-11-30,252
2022-12-01,Combined Equal Weight,Combined equity + cryptocurrency,Equal Weight,ABT,equity,0.016666666666666666,2021-12-01,2022-11-30,252
2022-12-01,Combined Equal Weight,Combined equity + cryptocurrency,Equal Weight,ADA-USD,cryptocurrency,0.016666666666666666,2021-12-01,2022-11-30,252
2022-12-01,Combined Equal Weight,Combined equity + cryptocurrency,Equal Weight,ADBE,equity,0.016666666666666666,2021-12-01,2022-11-30,252
2022-12-01,Combined Equal Weight,Combined equity + cryptocurrency,Equal Weight,AEP,equity,0.016666666666666666,2021-12-01,2022-11-30,252
2022-12-01,Combined Equal Weight,Combined equity + cryptocurrency,Equal Weight,AMD,equity,0.016666666666666666,2021-12-01,2022-11-30,252
2022-12-01,Combined Equal Weight,Combined equity + cryptocurrency,Equal Weight,AMGN,equity,0.016666666666666666,2021-12-01,2022-11-30,252
2022-12-01,Combined Equal Weight,Combined equity + cryptocurrency,Equal Weight,AMT,equity,0.016666666666666666,2021-12-01,2022-11-30,252
2022-12-01,Combined Equal Weight,Combined equity + cryptocurrency,Equal Weight,BA,equity,0.016666666666666666,2021-12-01,2022-11-30,252
2022-12-01,Combined Equal Weight,Combined equity + cryptocurrency,Equal Weight,BCH-USD,cryptocurrency,0.016666666666666666,2021-12-01,2022-11-30,252
2022-12-01,Combined Equal Weight,Combined equity + cryptocurrency,Equal Weight,BTC-USD,cryptocurrency,0.016666666666666666,2021-12-01,2022-11-30,252
2022-12-01,Combined Equal Weight,Combined equity + cryptocurrency,Equal Weight,CAT,equity,0.016666666666666666,2021-12-01,2022-11-30,252
2022-12-01,Combined Equal Weight,Combined equity + cryptocurrency,Equal Weight,CCI,equity,0.016666666666666666,2021-12-01,2022-11-30,252
2022-12-01,Combined Equal Weight,Combined equity + cryptocurrency,Equal Weight,CMCSA,equity,0.016666666666666666,2021-12-01,2022-11-30,252
2022-12-01,Combined Equal Weight,Combined equity + cryptocurrency,Equal Weight,COP,equity,0.016666666666666666,2021-12-01,2022-11-30,252
2022-12-01,Combined Equal Weight,Combined equity + cryptocurrency,Equal Weight,CVX,equity,0.016666666666666666,2021-12-01,2022-11-30,252
2022-12-01,Combined Equal Weight,Combined equity + cryptocurrency,Equal Weight,D,equity,0.016666666666666666,2021-12-01,2022-11-30,252
2022-12-01,Combined Equal Weight,Combined equity + cryptocurrency,Equal Weight,DD,equity,0.016666666666666666,2021-12-01,2022-11-30,252
2022-12-01,Combined Equal Weight,Combined equity + cryptocurrency,Equal Weight,DIS,equity,0.016666666666666666,2021-12-01,2022-11-30,252
2022-12-01,Combined Equal Weight,Combined equity + cryptocurrency,Equal Weight,DOW,equity,0.016666666666666666,2021-12-01,2022-11-30,252
2022-12-01,Combined Equal Weight,Combined equity + cryptocurrency,Equal Weight,DUK,equity,0.016666666666666666,2021-12-01,2022-11-30,252
2022-12-01,Combined Equal Weight,Combined equity + cryptocurrency,Equal Weight,EA,equity,0.016666666666666666,2021-12-01,2022-11-30,252
2022-12-01,Combined Equal Weight,Combined equity + cryptocurrency,Equal Weight,EOS-USD,cryptocurrency,0.016666666666666666,2021-12-01,2022-11-30,252
2022-12-01,Combined Equal Weight,Combined equity + cryptocurrency,Equal Weight,ETC-USD,cryptocurrency,0.016666666666666666,2021-12-01,2022-11-30,252
2022-12-01,Combined Equal Weight,Combined equity + cryptocurrency,Equal Weight,ETH-USD,cryptocurrency,0.016666666666666666,2021-12-01,2022-11-30,252
2022-12-01,Combined Equal Weight,Combined equity + cryptocurrency,Equal Weight,GE,equity,0.016666666666666666,2021-12-01,2022-11-30,252
2022-12-01,Combined Equal Weight,Combined equity + cryptocurrency,Equal Weight,GILD,equity,0.016666666666666666,2021-12-01,2022-11-30,252
2022-12-01,Combined Equal Weight,Combined equity + cryptocurrency,Equal Weight,GS,equity,0.016666666666666666,2021-12-01,2022-11-30,252
2022-12-01,Combined Equal Weight,Combined equity + cryptocurrency,Equal Weight,INTC,equity,0.016666666666666666,2021-12-01,2022-11-30,252
2022-12-01,Combined Equal Weight,Combined equity + cryptocurrency,Equal Weight,KO,equity,0.016666666666666666,2021-12-01,2022-11-30,252
2022-12-01,Combined Equal Weight,Combined equity + cryptocurrency,Equal Weight,LTC-USD,cryptocurrency,0.016666666666666666,2021-12-01,2022-11-30,252
2022-12-01,Combined Equal Weight,Combined equity + cryptocurrency,Equal Weight,MMM,equity,0.016666666666666666,2021-12-01,2022-11-30,252
2022-12-01,Combined Equal Weight,Combined equity + cryptocurrency,Equal Weight,MRK,equity,0.016666666666666666,2021-12-01,2022-11-30,252
2022-12-01,Combined Equal Weight,Combined equity + cryptocurrency,Equal Weight,MS,equity,0.016666666666666666,2021-12-01,2022-11-30,252
2022-12-01,Combined Equal Weight,Combined equity + cryptocurrency,Equal Weight,NEE,equity,0.016666666666666666,2021-12-01,2022-11-30,252
2022-12-01,Combined Equal Weight,Combined equity + cryptocurrency,Equal Weight,NEM,equity,0.016666666666666666,2021-12-01,2022-11-30,252
2022-12-01,Combined Equal Weight,Combined equity + cryptocurrency,Equal Weight,NKE,equity,0.016666666666666666,2021-12-01,2022-11-30,252
2022-12-01,Combined Equal Weight,Combined equity + cryptocurrency,Equal Weight,NUE,equity,0.016666666666666666,2021-12-01,2022-11-30,252
2022-12-01,Combined Equal Weight,Combined equity + cryptocurrency,Equal Weight,NVDA,equity,0.016666666666666666,2021-12-01,2022-11-30,252
2022-12-01,Combined Equal Weight,Combined equity + cryptocurrency,Equal Weight,O,equity,0.016666666666666666,2021-12-01,2022-11-30,252
2022-12-01,Combined Equal Weight,Combined equity + cryptocurrency,Equal Weight,OXY,equity,0.016666666666666666,2021-12-01,2022-11-30,252
2022-12-01,Combined Equal Weight,Combined equity + cryptocurrency,Equal Weight,PLD,equity,0.016666666666666666,2021-12-01,2022-11-30,252
2022-12-01,Combined Equal Weight,Combined equity + cryptocurrency,Equal Weight,PSA,equity,0.016666666666666666,2021-12-01,2022-11-30,252
2022-12-01,Combined Equal Weight,Combined equity + cryptocurrency,Equal Weight,QCOM,equity,0.016666666666666666,2021-12-01,2022-11-30,252
2022-12-01,Combined Equal Weight,Combined equity + cryptocurrency,Equal Weight,SBUX,equity,0.016666666666666666,2021-12-01,2022-11-30,252
2022-12-01,Combined Equal Weight,Combined equity + cryptocurrency,Equal Weight,SHW,equity,0.016666666666666666,2021-12-01,2022-11-30,252
2022-12-01,Combined Equal Weight,Combined equity + cryptocurrency,Equal Weight,SLB,equity,0.016666666666666666,2021-12-01,2022-11-30,252
2022-12-01,Combined Equal Weight,Combined equity + cryptocurrency,Equal Weight,SO,equity,0.016666666666666666,2021-12-01,2022-11-30,252
2022-12-01,Combined Equal Weight,Combined equity + cryptocurrency,Equal Weight,T,equity,0.016666666666666666,2021-12-01,2022-11-30,252
2022-12-01,Combined Equal Weight,Combined equity + cryptocurrency,Equal Weight,TMUS,equity,0.016666666666666666,2021-12-01,2022-11-30,252
2022-12-01,Combined Equal Weight,Combined equity + cryptocurrency,Equal Weight,TRX-USD,cryptocurrency,0.016666666666666666,2021-12-01,2022-11-30,252
2022-12-01,Combined Equal Weight,Combined equity + cryptocurrency,Equal Weight,TTWO,equity,0.016666666666666666,2021-12-01,2022-11-30,252
2022-12-01,Combined Equal Weight,Combined equity + cryptocurrency,Equal Weight,UPS,equity,0.016666666666666666,2021-12-01,2022-11-30,252
2022-12-01,Combined Equal Weight,Combined equity + cryptocurrency,Equal Weight,USB,equity,0.016666666666666666,2021-12-01,2022-11-30,252
2022-12-01,Combined Equal Weight,Combined equity + cryptocurrency,Equal Weight,V,equity,0.016666666666666666,2021-12-01,2022-11-30,252
2022-12-01,Combined Equal Weight,Combined equity + cryptocurrency,Equal Weight,WFC,equity,0.016666666666666666,2021-12-01,2022-11-30,252
2022-12-01,Combined Equal Weight,Combined equity + cryptocurrency,Equal Weight,WMT,equity,0.016666666666666666,2021-12-01,2022-11-30,252
2022-12-01,Combined Equal Weight,Combined equity + cryptocurrency,Equal Weight,XLM-USD,cryptocurrency,0.016666666666666666,2021-12-01,2022-11-30,252
2022-12-01,Combined Equal Weight,Combined equity + cryptocurrency,Equal Weight,XOM,equity,0.016666666666666666,2021-12-01,2022-11-30,252
2022-12-01,Combined Equal Weight,Combined equity + cryptocurrency,Equal Weight,XRP-USD,cryptocurrency,0.016666666666666666,2021-12-01,2022-11-30,252
2023-01-03,Combined Equal Weight,Combined equity + cryptocurrency,Equal Weight,ABBV,equity,0.016666666666666666,2021-12-31,2022-12-30,252
2023-01-03,Combined Equal Weight,Combined equity + cryptocurrency,Equal Weight,ABT,equity,0.016666666666666666,2021-12-31,2022-12-30,252
2023-01-03,Combined Equal Weight,Combined equity + cryptocurrency,Equal Weight,ADA-USD,cryptocurrency,0.016666666666666666,2021-12-31,2022-12-30,252
2023-01-03,Combined Equal Weight,Combined equity + cryptocurrency,Equal Weight,ADBE,equity,0.016666666666666666,2021-12-31,2022-12-30,252
2023-01-03,Combined Equal Weight,Combined equity + cryptocurrency,Equal Weight,AEP,equity,0.016666666666666666,2021-12-31,2022-12-30,252
2023-01-03,Combined Equal Weight,Combined equity + cryptocurrency,Equal Weight,AMD,equity,0.016666666666666666,2021-12-31,2022-12-30,252
2023-01-03,Combined Equal Weight,Combined equity + cryptocurrency,Equal Weight,AMGN,equity,0.016666666666666666,2021-12-31,2022-12-30,252
2023-01-03,Combined Equal Weight,Combined equity + cryptocurrency,Equal Weight,AMT,equity,0.016666666666666666,2021-12-31,2022-12-30,252
2023-01-03,Combined Equal Weight,Combined equity + cryptocurrency,Equal Weight,BA,equity,0.016666666666666666,2021-12-31,2022-12-30,252
2023-01-03,Combined Equal Weight,Combined equity + cryptocurrency,Equal Weight,BCH-USD,cryptocurrency,0.016666666666666666,2021-12-31,2022-12-30,252
2023-01-03,Combined Equal Weight,Combined equity + cryptocurrency,Equal Weight,BTC-USD,cryptocurrency,0.016666666666666666,2021-12-31,2022-12-30,252
2023-01-03,Combined Equal Weight,Combined equity + cryptocurrency,Equal Weight,CAT,equity,0.016666666666666666,2021-12-31,2022-12-30,252
2023-01-03,Combined Equal Weight,Combined equity + cryptocurrency,Equal Weight,CCI,equity,0.016666666666666666,2021-12-31,2022-12-30,252
2023-01-03,Combined Equal Weight,Combined equity + cryptocurrency,Equal Weight,CMCSA,equity,0.016666666666666666,2021-12-31,2022-12-30,252
2023-01-03,Combined Equal Weight,Combined equity + cryptocurrency,Equal Weight,COP,equity,0.016666666666666666,2021-12-31,2022-12-30,252
2023-01-03,Combined Equal Weight,Combined equity + cryptocurrency,Equal Weight,CVX,equity,0.016666666666666666,2021-12-31,2022-12-30,252
2023-01-03,Combined Equal Weight,Combined equity + cryptocurrency,Equal Weight,D,equity,0.016666666666666666,2021-12-31,2022-12-30,252
2023-01-03,Combined Equal Weight,Combined equity + cryptocurrency,Equal Weight,DD,equity,0.016666666666666666,2021-12-31,2022-12-30,252
2023-01-03,Combined Equal Weight,Combined equity + cryptocurrency,Equal Weight,DIS,equity,0.016666666666666666,2021-12-31,2022-12-30,252
2023-01-03,Combined Equal Weight,Combined equity + cryptocurrency,Equal Weight,DOW,equity,0.016666666666666666,2021-12-31,2022-12-30,252
2023-01-03,Combined Equal Weight,Combined equity + cryptocurrency,Equal Weight,DUK,equity,0.016666666666666666,2021-12-31,2022-12-30,252
2023-01-03,Combined Equal Weight,Combined equity + cryptocurrency,Equal Weight,EA,equity,0.016666666666666666,2021-12-31,2022-12-30,252
2023-01-03,Combined Equal Weight,Combined equity + cryptocurrency,Equal Weight,EOS-USD,cryptocurrency,0.016666666666666666,2021-12-31,2022-12-30,252
2023-01-03,Combined Equal Weight,Combined equity + cryptocurrency,Equal Weight,ETC-USD,cryptocurrency,0.016666666666666666,2021-12-31,2022-12-30,252
2023-01-03,Combined Equal Weight,Combined equity + cryptocurrency,Equal Weight,ETH-USD,cryptocurrency,0.016666666666666666,2021-12-31,2022-12-30,252
2023-01-03,Combined Equal Weight,Combined equity + cryptocurrency,Equal Weight,GE,equity,0.016666666666666666,2021-12-31,2022-12-30,252
2023-01-03,Combined Equal Weight,Combined equity + cryptocurrency,Equal Weight,GILD,equity,0.016666666666666666,2021-12-31,2022-12-30,252
2023-01-03,Combined Equal Weight,Combined equity + cryptocurrency,Equal Weight,GS,equity,0.016666666666666666,2021-12-31,2022-12-30,252
2023-01-03,Combined Equal Weight,Combined equity + cryptocurrency,Equal Weight,INTC,equity,0.016666666666666666,2021-12-31,2022-12-30,252
2023-01-03,Combined Equal Weight,Combined equity + cryptocurrency,Equal Weight,KO,equity,0.016666666666666666,2021-12-31,2022-12-30,252
2023-01-03,Combined Equal Weight,Combined equity + cryptocurrency,Equal Weight,LTC-USD,cryptocurrency,0.016666666666666666,2021-12-31,2022-12-30,252
2023-01-03,Combined Equal Weight,Combined equity + cryptocurrency,Equal Weight,MMM,equity,0.016666666666666666,2021-12-31,2022-12-30,252
2023-01-03,Combined Equal Weight,Combined equity + cryptocurrency,Equal Weight,MRK,equity,0.016666666666666666,2021-12-31,2022-12-30,252
2023-01-03,Combined Equal Weight,Combined equity + cryptocurrency,Equal Weight,MS,equity,0.016666666666666666,2021-12-31,2022-12-30,252
2023-01-03,Combined Equal Weight,Combined equity + cryptocurrency,Equal Weight,NEE,equity,0.016666666666666666,2021-12-31,2022-12-30,252
2023-01-03,Combined Equal Weight,Combined equity + cryptocurrency,Equal Weight,NEM,equity,0.016666666666666666,2021-12-31,2022-12-30,252
2023-01-03,Combined Equal Weight,Combined equity + cryptocurrency,Equal Weight,NKE,equity,0.016666666666666666,2021-12-31,2022-12-30,252
2023-01-03,Combined Equal Weight,Combined equity + cryptocurrency,Equal Weight,NUE,equity,0.016666666666666666,2021-12-31,2022-12-30,252
2023-01-03,Combined Equal Weight,Combined equity + cryptocurrency,Equal Weight,NVDA,equity,0.016666666666666666,2021-12-31,2022-12-30,252
2023-01-03,Combined Equal Weight,Combined equity + cryptocurrency,Equal Weight,O,equity,0.016666666666666666,2021-12-31,2022-12-30,252
2023-01-03,Combined Equal Weight,Combined equity + cryptocurrency,Equal Weight,OXY,equity,0.016666666666666666,2021-12-31,2022-12-30,252
2023-01-03,Combined Equal Weight,Combined equity + cryptocurrency,Equal Weight,PLD,equity,0.016666666666666666,2021-12-31,2022-12-30,252
2023-01-03,Combined Equal Weight,Combined equity + cryptocurrency,Equal Weight,PSA,equity,0.016666666666666666,2021-12-31,2022-12-30,252
2023-01-03,Combined Equal Weight,Combined equity + cryptocurrency,Equal Weight,QCOM,equity,0.016666666666666666,2021-12-31,2022-12-30,252
2023-01-03,Combined Equal Weight,Combined equity + cryptocurrency,Equal Weight,SBUX,equity,0.016666666666666666,2021-12-31,2022-12-30,252
2023-01-03,Combined Equal Weight,Combined equity + cryptocurrency,Equal Weight,SHW,equity,0.016666666666666666,2021-12-31,2022-12-30,252
2023-01-03,Combined Equal Weight,Combined equity + cryptocurrency,Equal Weight,SLB,equity,0.016666666666666666,2021-12-31,2022-12-30,252
2023-01-03,Combined Equal Weight,Combined equity + cryptocurrency,Equal Weight,SO,equity,0.016666666666666666,2021-12-31,2022-12-30,252
2023-01-03,Combined Equal Weight,Combined equity + cryptocurrency,Equal Weight,T,equity,0.016666666666666666,2021-12-31,2022-12-30,252
2023-01-03,Combined Equal Weight,Combined equity + cryptocurrency,Equal Weight,TMUS,equity,0.016666666666666666,2021-12-31,2022-12-30,252
2023-01-03,Combined Equal Weight,Combined equity + cryptocurrency,Equal Weight,TRX-USD,cryptocurrency,0.016666666666666666,2021-12-31,2022-12-30,252
2023-01-03,Combined Equal Weight,Combined equity + cryptocurrency,Equal Weight,TTWO,equity,0.016666666666666666,2021-12-31,2022-12-30,252
2023-01-03,Combined Equal Weight,Combined equity + cryptocurrency,Equal Weight,UPS,equity,0.016666666666666666,2021-12-31,2022-12-30,252
2023-01-03,Combined Equal Weight,Combined equity + cryptocurrency,Equal Weight,USB,equity,0.016666666666666666,2021-12-31,2022-12-30,252
2023-01-03,Combined Equal Weight,Combined equity + cryptocurrency,Equal Weight,V,equity,0.016666666666666666,2021-12-31,2022-12-30,252
2023-01-03,Combined Equal Weight,Combined equity + cryptocurrency,Equal Weight,WFC,equity,0.016666666666666666,2021-12-31,2022-12-30,252
2023-01-03,Combined Equal Weight,Combined equity + cryptocurrency,Equal Weight,WMT,equity,0.016666666666666666,2021-12-31,2022-12-30,252
2023-01-03,Combined Equal Weight,Combined equity + cryptocurrency,Equal Weight,XLM-USD,cryptocurrency,0.016666666666666666,2021-12-31,2022-12-30,252
2023-01-03,Combined Equal Weight,Combined equity + cryptocurrency,Equal Weight,XOM,equity,0.016666666666666666,2021-12-31,2022-12-30,252
2023-01-03,Combined Equal Weight,Combined equity + cryptocurrency,Equal Weight,XRP-USD,cryptocurrency,0.016666666666666666,2021-12-31,2022-12-30,252
2023-02-01,Combined Equal Weight,Combined equity + cryptocurrency,Equal Weight,ABBV,equity,0.016666666666666666,2022-01-31,2023-01-31,252
2023-02-01,Combined Equal Weight,Combined equity + cryptocurrency,Equal Weight,ABT,equity,0.016666666666666666,2022-01-31,2023-01-31,252
2023-02-01,Combined Equal Weight,Combined equity + cryptocurrency,Equal Weight,ADA-USD,cryptocurrency,0.016666666666666666,2022-01-31,2023-01-31,252
2023-02-01,Combined Equal Weight,Combined equity + cryptocurrency,Equal Weight,ADBE,equity,0.016666666666666666,2022-01-31,2023-01-31,252
2023-02-01,Combined Equal Weight,Combined equity + cryptocurrency,Equal Weight,AEP,equity,0.016666666666666666,2022-01-31,2023-01-31,252
2023-02-01,Combined Equal Weight,Combined equity + cryptocurrency,Equal Weight,AMD,equity,0.016666666666666666,2022-01-31,2023-01-31,252
2023-02-01,Combined Equal Weight,Combined equity + cryptocurrency,Equal Weight,AMGN,equity,0.016666666666666666,2022-01-31,2023-01-31,252
2023-02-01,Combined Equal Weight,Combined equity + cryptocurrency,Equal Weight,AMT,equity,0.016666666666666666,2022-01-31,2023-01-31,252
2023-02-01,Combined Equal Weight,Combined equity + cryptocurrency,Equal Weight,BA,equity,0.016666666666666666,2022-01-31,2023-01-31,252
2023-02-01,Combined Equal Weight,Combined equity + cryptocurrency,Equal Weight,BCH-USD,cryptocurrency,0.016666666666666666,2022-01-31,2023-01-31,252
2023-02-01,Combined Equal Weight,Combined equity + cryptocurrency,Equal Weight,BTC-USD,cryptocurrency,0.016666666666666666,2022-01-31,2023-01-31,252
2023-02-01,Combined Equal Weight,Combined equity + cryptocurrency,Equal Weight,CAT,equity,0.016666666666666666,2022-01-31,2023-01-31,252
2023-02-01,Combined Equal Weight,Combined equity + cryptocurrency,Equal Weight,CCI,equity,0.016666666666666666,2022-01-31,2023-01-31,252
2023-02-01,Combined Equal Weight,Combined equity + cryptocurrency,Equal Weight,CMCSA,equity,0.016666666666666666,2022-01-31,2023-01-31,252
2023-02-01,Combined Equal Weight,Combined equity + cryptocurrency,Equal Weight,COP,equity,0.016666666666666666,2022-01-31,2023-01-31,252
2023-02-01,Combined Equal Weight,Combined equity + cryptocurrency,Equal Weight,CVX,equity,0.016666666666666666,2022-01-31,2023-01-31,252
2023-02-01,Combined Equal Weight,Combined equity + cryptocurrency,Equal Weight,D,equity,0.016666666666666666,2022-01-31,2023-01-31,252
2023-02-01,Combined Equal Weight,Combined equity + cryptocurrency,Equal Weight,DD,equity,0.016666666666666666,2022-01-31,2023-01-31,252
2023-02-01,Combined Equal Weight,Combined equity + cryptocurrency,Equal Weight,DIS,equity,0.016666666666666666,2022-01-31,2023-01-31,252
2023-02-01,Combined Equal Weight,Combined equity + cryptocurrency,Equal Weight,DOW,equity,0.016666666666666666,2022-01-31,2023-01-31,252
2023-02-01,Combined Equal Weight,Combined equity + cryptocurrency,Equal Weight,DUK,equity,0.016666666666666666,2022-01-31,2023-01-31,252
2023-02-01,Combined Equal Weight,Combined equity + cryptocurrency,Equal Weight,EA,equity,0.016666666666666666,2022-01-31,2023-01-31,252
2023-02-01,Combined Equal Weight,Combined equity + cryptocurrency,Equal Weight,EOS-USD,cryptocurrency,0.016666666666666666,2022-01-31,2023-01-31,252
2023-02-01,Combined Equal Weight,Combined equity + cryptocurrency,Equal Weight,ETC-USD,cryptocurrency,0.016666666666666666,2022-01-31,2023-01-31,252
2023-02-01,Combined Equal Weight,Combined equity + cryptocurrency,Equal Weight,ETH-USD,cryptocurrency,0.016666666666666666,2022-01-31,2023-01-31,252
2023-02-01,Combined Equal Weight,Combined equity + cryptocurrency,Equal Weight,GE,equity,0.016666666666666666,2022-01-31,2023-01-31,252
2023-02-01,Combined Equal Weight,Combined equity + cryptocurrency,Equal Weight,GILD,equity,0.016666666666666666,2022-01-31,2023-01-31,252
2023-02-01,Combined Equal Weight,Combined equity + cryptocurrency,Equal Weight,GS,equity,0.016666666666666666,2022-01-31,2023-01-31,252
2023-02-01,Combined Equal Weight,Combined equity + cryptocurrency,Equal Weight,INTC,equity,0.016666666666666666,2022-01-31,2023-01-31,252
2023-02-01,Combined Equal Weight,Combined equity + cryptocurrency,Equal Weight,KO,equity,0.016666666666666666,2022-01-31,2023-01-31,252
2023-02-01,Combined Equal Weight,Combined equity + cryptocurrency,Equal Weight,LTC-USD,cryptocurrency,0.016666666666666666,2022-01-31,2023-01-31,252
2023-02-01,Combined Equal Weight,Combined equity + cryptocurrency,Equal Weight,MMM,equity,0.016666666666666666,2022-01-31,2023-01-31,252
2023-02-01,Combined Equal Weight,Combined equity + cryptocurrency,Equal Weight,MRK,equity,0.016666666666666666,2022-01-31,2023-01-31,252
2023-02-01,Combined Equal Weight,Combined equity + cryptocurrency,Equal Weight,MS,equity,0.016666666666666666,2022-01-31,2023-01-31,252
2023-02-01,Combined Equal Weight,Combined equity + cryptocurrency,Equal Weight,NEE,equity,0.016666666666666666,2022-01-31,2023-01-31,252
2023-02-01,Combined Equal Weight,Combined equity + cryptocurrency,Equal Weight,NEM,equity,0.016666666666666666,2022-01-31,2023-01-31,252
2023-02-01,Combined Equal Weight,Combined equity + cryptocurrency,Equal Weight,NKE,equity,0.016666666666666666,2022-01-31,2023-01-31,252
2023-02-01,Combined Equal Weight,Combined equity + cryptocurrency,Equal Weight,NUE,equity,0.016666666666666666,2022-01-31,2023-01-31,252
2023-02-01,Combined Equal Weight,Combined equity + cryptocurrency,Equal Weight,NVDA,equity,0.016666666666666666,2022-01-31,2023-01-31,252
2023-02-01,Combined Equal Weight,Combined equity + cryptocurrency,Equal Weight,O,equity,0.016666666666666666,2022-01-31,2023-01-31,252
2023-02-01,Combined Equal Weight,Combined equity + cryptocurrency,Equal Weight,OXY,equity,0.016666666666666666,2022-01-31,2023-01-31,252
2023-02-01,Combined Equal Weight,Combined equity + cryptocurrency,Equal Weight,PLD,equity,0.016666666666666666,2022-01-31,2023-01-31,252
2023-02-01,Combined Equal Weight,Combined equity + cryptocurrency,Equal Weight,PSA,equity,0.016666666666666666,2022-01-31,2023-01-31,252
2023-02-01,Combined Equal Weight,Combined equity + cryptocurrency,Equal Weight,QCOM,equity,0.016666666666666666,2022-01-31,2023-01-31,252
2023-02-01,Combined Equal Weight,Combined equity + cryptocurrency,Equal Weight,SBUX,equity,0.016666666666666666,2022-01-31,2023-01-31,252
2023-02-01,Combined Equal Weight,Combined equity + cryptocurrency,Equal Weight,SHW,equity,0.016666666666666666,2022-01-31,2023-01-31,252
2023-02-01,Combined Equal Weight,Combined equity + cryptocurrency,Equal Weight,SLB,equity,0.016666666666666666,2022-01-31,2023-01-31,252
2023-02-01,Combined Equal Weight,Combined equity + cryptocurrency,Equal Weight,SO,equity,0.016666666666666666,2022-01-31,2023-01-31,252
2023-02-01,Combined Equal Weight,Combined equity + cryptocurrency,Equal Weight,T,equity,0.016666666666666666,2022-01-31,2023-01-31,252
2023-02-01,Combined Equal Weight,Combined equity + cryptocurrency,Equal Weight,TMUS,equity,0.016666666666666666,2022-01-31,2023-01-31,252
2023-02-01,Combined Equal Weight,Combined equity + cryptocurrency,Equal Weight,TRX-USD,cryptocurrency,0.016666666666666666,2022-01-31,2023-01-31,252
2023-02-01,Combined Equal Weight,Combined equity + cryptocurrency,Equal Weight,TTWO,equity,0.016666666666666666,2022-01-31,2023-01-31,252
2023-02-01,Combined Equal Weight,Combined equity + cryptocurrency,Equal Weight,UPS,equity,0.016666666666666666,2022-01-31,2023-01-31,252
2023-02-01,Combined Equal Weight,Combined equity + cryptocurrency,Equal Weight,USB,equity,0.016666666666666666,2022-01-31,2023-01-31,252
2023-02-01,Combined Equal Weight,Combined equity + cryptocurrency,Equal Weight,V,equity,0.016666666666666666,2022-01-31,2023-01-31,252
2023-02-01,Combined Equal Weight,Combined equity + cryptocurrency,Equal Weight,WFC,equity,0.016666666666666666,2022-01-31,2023-01-31,252
2023-02-01,Combined Equal Weight,Combined equity + cryptocurrency,Equal Weight,WMT,equity,0.016666666666666666,2022-01-31,2023-01-31,252
2023-02-01,Combined Equal Weight,Combined equity + cryptocurrency,Equal Weight,XLM-USD,cryptocurrency,0.016666666666666666,2022-01-31,2023-01-31,252
2023-02-01,Combined Equal Weight,Combined equity + cryptocurrency,Equal Weight,XOM,equity,0.016666666666666666,2022-01-31,2023-01-31,252
2023-02-01,Combined Equal Weight,Combined equity + cryptocurrency,Equal Weight,XRP-USD,cryptocurrency,0.016666666666666666,2022-01-31,2023-01-31,252
2023-03-01,Combined Equal Weight,Combined equity + cryptocurrency,Equal Weight,ABBV,equity,0.016666666666666666,2022-02-28,2023-02-28,252
2023-03-01,Combined Equal Weight,Combined equity + cryptocurrency,Equal Weight,ABT,equity,0.016666666666666666,2022-02-28,2023-02-28,252
2023-03-01,Combined Equal Weight,Combined equity + cryptocurrency,Equal Weight,ADA-USD,cryptocurrency,0.016666666666666666,2022-02-28,2023-02-28,252
2023-03-01,Combined Equal Weight,Combined equity + cryptocurrency,Equal Weight,ADBE,equity,0.016666666666666666,2022-02-28,2023-02-28,252
2023-03-01,Combined Equal Weight,Combined equity + cryptocurrency,Equal Weight,AEP,equity,0.016666666666666666,2022-02-28,2023-02-28,252
2023-03-01,Combined Equal Weight,Combined equity + cryptocurrency,Equal Weight,AMD,equity,0.016666666666666666,2022-02-28,2023-02-28,252
2023-03-01,Combined Equal Weight,Combined equity + cryptocurrency,Equal Weight,AMGN,equity,0.016666666666666666,2022-02-28,2023-02-28,252
2023-03-01,Combined Equal Weight,Combined equity + cryptocurrency,Equal Weight,AMT,equity,0.016666666666666666,2022-02-28,2023-02-28,252
2023-03-01,Combined Equal Weight,Combined equity + cryptocurrency,Equal Weight,BA,equity,0.016666666666666666,2022-02-28,2023-02-28,252
2023-03-01,Combined Equal Weight,Combined equity + cryptocurrency,Equal Weight,BCH-USD,cryptocurrency,0.016666666666666666,2022-02-28,2023-02-28,252
2023-03-01,Combined Equal Weight,Combined equity + cryptocurrency,Equal Weight,BTC-USD,cryptocurrency,0.016666666666666666,2022-02-28,2023-02-28,252
2023-03-01,Combined Equal Weight,Combined equity + cryptocurrency,Equal Weight,CAT,equity,0.016666666666666666,2022-02-28,2023-02-28,252
2023-03-01,Combined Equal Weight,Combined equity + cryptocurrency,Equal Weight,CCI,equity,0.016666666666666666,2022-02-28,2023-02-28,252
2023-03-01,Combined Equal Weight,Combined equity + cryptocurrency,Equal Weight,CMCSA,equity,0.016666666666666666,2022-02-28,2023-02-28,252
2023-03-01,Combined Equal Weight,Combined equity + cryptocurrency,Equal Weight,COP,equity,0.016666666666666666,2022-02-28,2023-02-28,252
2023-03-01,Combined Equal Weight,Combined equity + cryptocurrency,Equal Weight,CVX,equity,0.016666666666666666,2022-02-28,2023-02-28,252
2023-03-01,Combined Equal Weight,Combined equity + cryptocurrency,Equal Weight,D,equity,0.016666666666666666,2022-02-28,2023-02-28,252
2023-03-01,Combined Equal Weight,Combined equity + cryptocurrency,Equal Weight,DD,equity,0.016666666666666666,2022-02-28,2023-02-28,252
2023-03-01,Combined Equal Weight,Combined equity + cryptocurrency,Equal Weight,DIS,equity,0.016666666666666666,2022-02-28,2023-02-28,252
2023-03-01,Combined Equal Weight,Combined equity + cryptocurrency,Equal Weight,DOW,equity,0.016666666666666666,2022-02-28,2023-02-28,252
2023-03-01,Combined Equal Weight,Combined equity + cryptocurrency,Equal Weight,DUK,equity,0.016666666666666666,2022-02-28,2023-02-28,252
2023-03-01,Combined Equal Weight,Combined equity + cryptocurrency,Equal Weight,EA,equity,0.016666666666666666,2022-02-28,2023-02-28,252
2023-03-01,Combined Equal Weight,Combined equity + cryptocurrency,Equal Weight,EOS-USD,cryptocurrency,0.016666666666666666,2022-02-28,2023-02-28,252
2023-03-01,Combined Equal Weight,Combined equity + cryptocurrency,Equal Weight,ETC-USD,cryptocurrency,0.016666666666666666,2022-02-28,2023-02-28,252
2023-03-01,Combined Equal Weight,Combined equity + cryptocurrency,Equal Weight,ETH-USD,cryptocurrency,0.016666666666666666,2022-02-28,2023-02-28,252
2023-03-01,Combined Equal Weight,Combined equity + cryptocurrency,Equal Weight,GE,equity,0.016666666666666666,2022-02-28,2023-02-28,252
2023-03-01,Combined Equal Weight,Combined equity + cryptocurrency,Equal Weight,GILD,equity,0.016666666666666666,2022-02-28,2023-02-28,252
2023-03-01,Combined Equal Weight,Combined equity + cryptocurrency,Equal Weight,GS,equity,0.016666666666666666,2022-02-28,2023-02-28,252
2023-03-01,Combined Equal Weight,Combined equity + cryptocurrency,Equal Weight,INTC,equity,0.016666666666666666,2022-02-28,2023-02-28,252
2023-03-01,Combined Equal Weight,Combined equity + cryptocurrency,Equal Weight,KO,equity,0.016666666666666666,2022-02-28,2023-02-28,252
2023-03-01,Combined Equal Weight,Combined equity + cryptocurrency,Equal Weight,LTC-USD,cryptocurrency,0.016666666666666666,2022-02-28,2023-02-28,252
2023-03-01,Combined Equal Weight,Combined equity + cryptocurrency,Equal Weight,MMM,equity,0.016666666666666666,2022-02-28,2023-02-28,252
2023-03-01,Combined Equal Weight,Combined equity + cryptocurrency,Equal Weight,MRK,equity,0.016666666666666666,2022-02-28,2023-02-28,252
2023-03-01,Combined Equal Weight,Combined equity + cryptocurrency,Equal Weight,MS,equity,0.016666666666666666,2022-02-28,2023-02-28,252
2023-03-01,Combined Equal Weight,Combined equity + cryptocurrency,Equal Weight,NEE,equity,0.016666666666666666,2022-02-28,2023-02-28,252
2023-03-01,Combined Equal Weight,Combined equity + cryptocurrency,Equal Weight,NEM,equity,0.016666666666666666,2022-02-28,2023-02-28,252
2023-03-01,Combined Equal Weight,Combined equity + cryptocurrency,Equal Weight,NKE,equity,0.016666666666666666,2022-02-28,2023-02-28,252
2023-03-01,Combined Equal Weight,Combined equity + cryptocurrency,Equal Weight,NUE,equity,0.016666666666666666,2022-02-28,2023-02-28,252
2023-03-01,Combined Equal Weight,Combined equity + cryptocurrency,Equal Weight,NVDA,equity,0.016666666666666666,2022-02-28,2023-02-28,252
2023-03-01,Combined Equal Weight,Combined equity + cryptocurrency,Equal Weight,O,equity,0.016666666666666666,2022-02-28,2023-02-28,252
2023-03-01,Combined Equal Weight,Combined equity + cryptocurrency,Equal Weight,OXY,equity,0.016666666666666666,2022-02-28,2023-02-28,252
2023-03-01,Combined Equal Weight,Combined equity + cryptocurrency,Equal Weight,PLD,equity,0.016666666666666666,2022-02-28,2023-02-28,252
2023-03-01,Combined Equal Weight,Combined equity + cryptocurrency,Equal Weight,PSA,equity,0.016666666666666666,2022-02-28,2023-02-28,252
2023-03-01,Combined Equal Weight,Combined equity + cryptocurrency,Equal Weight,QCOM,equity,0.016666666666666666,2022-02-28,2023-02-28,252
2023-03-01,Combined Equal Weight,Combined equity + cryptocurrency,Equal Weight,SBUX,equity,0.016666666666666666,2022-02-28,2023-02-28,252
2023-03-01,Combined Equal Weight,Combined equity + cryptocurrency,Equal Weight,SHW,equity,0.016666666666666666,2022-02-28,2023-02-28,252
2023-03-01,Combined Equal Weight,Combined equity + cryptocurrency,Equal Weight,SLB,equity,0.016666666666666666,2022-02-28,2023-02-28,252
2023-03-01,Combined Equal Weight,Combined equity + cryptocurrency,Equal Weight,SO,equity,0.016666666666666666,2022-02-28,2023-02-28,252
2023-03-01,Combined Equal Weight,Combined equity + cryptocurrency,Equal Weight,T,equity,0.016666666666666666,2022-02-28,2023-02-28,252
2023-03-01,Combined Equal Weight,Combined equity + cryptocurrency,Equal Weight,TMUS,equity,0.016666666666666666,2022-02-28,2023-02-28,252
2023-03-01,Combined Equal Weight,Combined equity + cryptocurrency,Equal Weight,TRX-USD,cryptocurrency,0.016666666666666666,2022-02-28,2023-02-28,252
2023-03-01,Combined Equal Weight,Combined equity + cryptocurrency,Equal Weight,TTWO,equity,0.016666666666666666,2022-02-28,2023-02-28,252
2023-03-01,Combined Equal Weight,Combined equity + cryptocurrency,Equal Weight,UPS,equity,0.016666666666666666,2022-02-28,2023-02-28,252
2023-03-01,Combined Equal Weight,Combined equity + cryptocurrency,Equal Weight,USB,equity,0.016666666666666666,2022-02-28,2023-02-28,252
2023-03-01,Combined Equal Weight,Combined equity + cryptocurrency,Equal Weight,V,equity,0.016666666666666666,2022-02-28,2023-02-28,252
2023-03-01,Combined Equal Weight,Combined equity + cryptocurrency,Equal Weight,WFC,equity,0.016666666666666666,2022-02-28,2023-02-28,252
2023-03-01,Combined Equal Weight,Combined equity + cryptocurrency,Equal Weight,WMT,equity,0.016666666666666666,2022-02-28,2023-02-28,252
2023-03-01,Combined Equal Weight,Combined equity + cryptocurrency,Equal Weight,XLM-USD,cryptocurrency,0.016666666666666666,2022-02-28,2023-02-28,252
2023-03-01,Combined Equal Weight,Combined equity + cryptocurrency,Equal Weight,XOM,equity,0.016666666666666666,2022-02-28,2023-02-28,252
2023-03-01,Combined Equal Weight,Combined equity + cryptocurrency,Equal Weight,XRP-USD,cryptocurrency,0.016666666666666666,2022-02-28,2023-02-28,252
2023-04-03,Combined Equal Weight,Combined equity + cryptocurrency,Equal Weight,ABBV,equity,0.016666666666666666,2022-03-31,2023-03-31,252
2023-04-03,Combined Equal Weight,Combined equity + cryptocurrency,Equal Weight,ABT,equity,0.016666666666666666,2022-03-31,2023-03-31,252
2023-04-03,Combined Equal Weight,Combined equity + cryptocurrency,Equal Weight,ADA-USD,cryptocurrency,0.016666666666666666,2022-03-31,2023-03-31,252
2023-04-03,Combined Equal Weight,Combined equity + cryptocurrency,Equal Weight,ADBE,equity,0.016666666666666666,2022-03-31,2023-03-31,252
2023-04-03,Combined Equal Weight,Combined equity + cryptocurrency,Equal Weight,AEP,equity,0.016666666666666666,2022-03-31,2023-03-31,252
2023-04-03,Combined Equal Weight,Combined equity + cryptocurrency,Equal Weight,AMD,equity,0.016666666666666666,2022-03-31,2023-03-31,252
2023-04-03,Combined Equal Weight,Combined equity + cryptocurrency,Equal Weight,AMGN,equity,0.016666666666666666,2022-03-31,2023-03-31,252
2023-04-03,Combined Equal Weight,Combined equity + cryptocurrency,Equal Weight,AMT,equity,0.016666666666666666,2022-03-31,2023-03-31,252
2023-04-03,Combined Equal Weight,Combined equity + cryptocurrency,Equal Weight,BA,equity,0.016666666666666666,2022-03-31,2023-03-31,252
2023-04-03,Combined Equal Weight,Combined equity + cryptocurrency,Equal Weight,BCH-USD,cryptocurrency,0.016666666666666666,2022-03-31,2023-03-31,252
2023-04-03,Combined Equal Weight,Combined equity + cryptocurrency,Equal Weight,BTC-USD,cryptocurrency,0.016666666666666666,2022-03-31,2023-03-31,252
2023-04-03,Combined Equal Weight,Combined equity + cryptocurrency,Equal Weight,CAT,equity,0.016666666666666666,2022-03-31,2023-03-31,252
2023-04-03,Combined Equal Weight,Combined equity + cryptocurrency,Equal Weight,CCI,equity,0.016666666666666666,2022-03-31,2023-03-31,252
2023-04-03,Combined Equal Weight,Combined equity + cryptocurrency,Equal Weight,CMCSA,equity,0.016666666666666666,2022-03-31,2023-03-31,252
2023-04-03,Combined Equal Weight,Combined equity + cryptocurrency,Equal Weight,COP,equity,0.016666666666666666,2022-03-31,2023-03-31,252
2023-04-03,Combined Equal Weight,Combined equity + cryptocurrency,Equal Weight,CVX,equity,0.016666666666666666,2022-03-31,2023-03-31,252
2023-04-03,Combined Equal Weight,Combined equity + cryptocurrency,Equal Weight,D,equity,0.016666666666666666,2022-03-31,2023-03-31,252
2023-04-03,Combined Equal Weight,Combined equity + cryptocurrency,Equal Weight,DD,equity,0.016666666666666666,2022-03-31,2023-03-31,252
2023-04-03,Combined Equal Weight,Combined equity + cryptocurrency,Equal Weight,DIS,equity,0.016666666666666666,2022-03-31,2023-03-31,252
2023-04-03,Combined Equal Weight,Combined equity + cryptocurrency,Equal Weight,DOW,equity,0.016666666666666666,2022-03-31,2023-03-31,252
2023-04-03,Combined Equal Weight,Combined equity + cryptocurrency,Equal Weight,DUK,equity,0.016666666666666666,2022-03-31,2023-03-31,252
2023-04-03,Combined Equal Weight,Combined equity + cryptocurrency,Equal Weight,EA,equity,0.016666666666666666,2022-03-31,2023-03-31,252
2023-04-03,Combined Equal Weight,Combined equity + cryptocurrency,Equal Weight,EOS-USD,cryptocurrency,0.016666666666666666,2022-03-31,2023-03-31,252
2023-04-03,Combined Equal Weight,Combined equity + cryptocurrency,Equal Weight,ETC-USD,cryptocurrency,0.016666666666666666,2022-03-31,2023-03-31,252
2023-04-03,Combined Equal Weight,Combined equity + cryptocurrency,Equal Weight,ETH-USD,cryptocurrency,0.016666666666666666,2022-03-31,2023-03-31,252
2023-04-03,Combined Equal Weight,Combined equity + cryptocurrency,Equal Weight,GE,equity,0.016666666666666666,2022-03-31,2023-03-31,252
2023-04-03,Combined Equal Weight,Combined equity + cryptocurrency,Equal Weight,GILD,equity,0.016666666666666666,2022-03-31,2023-03-31,252
2023-04-03,Combined Equal Weight,Combined equity + cryptocurrency,Equal Weight,GS,equity,0.016666666666666666,2022-03-31,2023-03-31,252
2023-04-03,Combined Equal Weight,Combined equity + cryptocurrency,Equal Weight,INTC,equity,0.016666666666666666,2022-03-31,2023-03-31,252
2023-04-03,Combined Equal Weight,Combined equity + cryptocurrency,Equal Weight,KO,equity,0.016666666666666666,2022-03-31,2023-03-31,252
2023-04-03,Combined Equal Weight,Combined equity + cryptocurrency,Equal Weight,LTC-USD,cryptocurrency,0.016666666666666666,2022-03-31,2023-03-31,252
2023-04-03,Combined Equal Weight,Combined equity + cryptocurrency,Equal Weight,MMM,equity,0.016666666666666666,2022-03-31,2023-03-31,252
2023-04-03,Combined Equal Weight,Combined equity + cryptocurrency,Equal Weight,MRK,equity,0.016666666666666666,2022-03-31,2023-03-31,252
2023-04-03,Combined Equal Weight,Combined equity + cryptocurrency,Equal Weight,MS,equity,0.016666666666666666,2022-03-31,2023-03-31,252
2023-04-03,Combined Equal Weight,Combined equity + cryptocurrency,Equal Weight,NEE,equity,0.016666666666666666,2022-03-31,2023-03-31,252
2023-04-03,Combined Equal Weight,Combined equity + cryptocurrency,Equal Weight,NEM,equity,0.016666666666666666,2022-03-31,2023-03-31,252
2023-04-03,Combined Equal Weight,Combined equity + cryptocurrency,Equal Weight,NKE,equity,0.016666666666666666,2022-03-31,2023-03-31,252
2023-04-03,Combined Equal Weight,Combined equity + cryptocurrency,Equal Weight,NUE,equity,0.016666666666666666,2022-03-31,2023-03-31,252
2023-04-03,Combined Equal Weight,Combined equity + cryptocurrency,Equal Weight,NVDA,equity,0.016666666666666666,2022-03-31,2023-03-31,252
2023-04-03,Combined Equal Weight,Combined equity + cryptocurrency,Equal Weight,O,equity,0.016666666666666666,2022-03-31,2023-03-31,252
2023-04-03,Combined Equal Weight,Combined equity + cryptocurrency,Equal Weight,OXY,equity,0.016666666666666666,2022-03-31,2023-03-31,252
2023-04-03,Combined Equal Weight,Combined equity + cryptocurrency,Equal Weight,PLD,equity,0.016666666666666666,2022-03-31,2023-03-31,252
2023-04-03,Combined Equal Weight,Combined equity + cryptocurrency,Equal Weight,PSA,equity,0.016666666666666666,2022-03-31,2023-03-31,252
2023-04-03,Combined Equal Weight,Combined equity + cryptocurrency,Equal Weight,QCOM,equity,0.016666666666666666,2022-03-31,2023-03-31,252
2023-04-03,Combined Equal Weight,Combined equity + cryptocurrency,Equal Weight,SBUX,equity,0.016666666666666666,2022-03-31,2023-03-31,252
2023-04-03,Combined Equal Weight,Combined equity + cryptocurrency,Equal Weight,SHW,equity,0.016666666666666666,2022-03-31,2023-03-31,252
2023-04-03,Combined Equal Weight,Combined equity + cryptocurrency,Equal Weight,SLB,equity,0.016666666666666666,2022-03-31,2023-03-31,252
2023-04-03,Combined Equal Weight,Combined equity + cryptocurrency,Equal Weight,SO,equity,0.016666666666666666,2022-03-31,2023-03-31,252
2023-04-03,Combined Equal Weight,Combined equity + cryptocurrency,Equal Weight,T,equity,0.016666666666666666,2022-03-31,2023-03-31,252
2023-04-03,Combined Equal Weight,Combined equity + cryptocurrency,Equal Weight,TMUS,equity,0.016666666666666666,2022-03-31,2023-03-31,252
2023-04-03,Combined Equal Weight,Combined equity + cryptocurrency,Equal Weight,TRX-USD,cryptocurrency,0.016666666666666666,2022-03-31,2023-03-31,252
2023-04-03,Combined Equal Weight,Combined equity + cryptocurrency,Equal Weight,TTWO,equity,0.016666666666666666,2022-03-31,2023-03-31,252
2023-04-03,Combined Equal Weight,Combined equity + cryptocurrency,Equal Weight,UPS,equity,0.016666666666666666,2022-03-31,2023-03-31,252
2023-04-03,Combined Equal Weight,Combined equity + cryptocurrency,Equal Weight,USB,equity,0.016666666666666666,2022-03-31,2023-03-31,252
2023-04-03,Combined Equal Weight,Combined equity + cryptocurrency,Equal Weight,V,equity,0.016666666666666666,2022-03-31,2023-03-31,252
2023-04-03,Combined Equal Weight,Combined equity + cryptocurrency,Equal Weight,WFC,equity,0.016666666666666666,2022-03-31,2023-03-31,252
2023-04-03,Combined Equal Weight,Combined equity + cryptocurrency,Equal Weight,WMT,equity,0.016666666666666666,2022-03-31,2023-03-31,252
2023-04-03,Combined Equal Weight,Combined equity + cryptocurrency,Equal Weight,XLM-USD,cryptocurrency,0.016666666666666666,2022-03-31,2023-03-31,252
2023-04-03,Combined Equal Weight,Combined equity + cryptocurrency,Equal Weight,XOM,equity,0.016666666666666666,2022-03-31,2023-03-31,252
2023-04-03,Combined Equal Weight,Combined equity + cryptocurrency,Equal Weight,XRP-USD,cryptocurrency,0.016666666666666666,2022-03-31,2023-03-31,252
2023-05-01,Combined Equal Weight,Combined equity + cryptocurrency,Equal Weight,ABBV,equity,0.016666666666666666,2022-04-28,2023-04-28,252
2023-05-01,Combined Equal Weight,Combined equity + cryptocurrency,Equal Weight,ABT,equity,0.016666666666666666,2022-04-28,2023-04-28,252
2023-05-01,Combined Equal Weight,Combined equity + cryptocurrency,Equal Weight,ADA-USD,cryptocurrency,0.016666666666666666,2022-04-28,2023-04-28,252
2023-05-01,Combined Equal Weight,Combined equity + cryptocurrency,Equal Weight,ADBE,equity,0.016666666666666666,2022-04-28,2023-04-28,252
2023-05-01,Combined Equal Weight,Combined equity + cryptocurrency,Equal Weight,AEP,equity,0.016666666666666666,2022-04-28,2023-04-28,252
2023-05-01,Combined Equal Weight,Combined equity + cryptocurrency,Equal Weight,AMD,equity,0.016666666666666666,2022-04-28,2023-04-28,252
2023-05-01,Combined Equal Weight,Combined equity + cryptocurrency,Equal Weight,AMGN,equity,0.016666666666666666,2022-04-28,2023-04-28,252
2023-05-01,Combined Equal Weight,Combined equity + cryptocurrency,Equal Weight,AMT,equity,0.016666666666666666,2022-04-28,2023-04-28,252
2023-05-01,Combined Equal Weight,Combined equity + cryptocurrency,Equal Weight,BA,equity,0.016666666666666666,2022-04-28,2023-04-28,252
2023-05-01,Combined Equal Weight,Combined equity + cryptocurrency,Equal Weight,BCH-USD,cryptocurrency,0.016666666666666666,2022-04-28,2023-04-28,252
2023-05-01,Combined Equal Weight,Combined equity + cryptocurrency,Equal Weight,BTC-USD,cryptocurrency,0.016666666666666666,2022-04-28,2023-04-28,252
2023-05-01,Combined Equal Weight,Combined equity + cryptocurrency,Equal Weight,CAT,equity,0.016666666666666666,2022-04-28,2023-04-28,252
2023-05-01,Combined Equal Weight,Combined equity + cryptocurrency,Equal Weight,CCI,equity,0.016666666666666666,2022-04-28,2023-04-28,252
2023-05-01,Combined Equal Weight,Combined equity + cryptocurrency,Equal Weight,CMCSA,equity,0.016666666666666666,2022-04-28,2023-04-28,252
2023-05-01,Combined Equal Weight,Combined equity + cryptocurrency,Equal Weight,COP,equity,0.016666666666666666,2022-04-28,2023-04-28,252
2023-05-01,Combined Equal Weight,Combined equity + cryptocurrency,Equal Weight,CVX,equity,0.016666666666666666,2022-04-28,2023-04-28,252
2023-05-01,Combined Equal Weight,Combined equity + cryptocurrency,Equal Weight,D,equity,0.016666666666666666,2022-04-28,2023-04-28,252
2023-05-01,Combined Equal Weight,Combined equity + cryptocurrency,Equal Weight,DD,equity,0.016666666666666666,2022-04-28,2023-04-28,252
2023-05-01,Combined Equal Weight,Combined equity + cryptocurrency,Equal Weight,DIS,equity,0.016666666666666666,2022-04-28,2023-04-28,252
2023-05-01,Combined Equal Weight,Combined equity + cryptocurrency,Equal Weight,DOW,equity,0.016666666666666666,2022-04-28,2023-04-28,252
2023-05-01,Combined Equal Weight,Combined equity + cryptocurrency,Equal Weight,DUK,equity,0.016666666666666666,2022-04-28,2023-04-28,252
2023-05-01,Combined Equal Weight,Combined equity + cryptocurrency,Equal Weight,EA,equity,0.016666666666666666,2022-04-28,2023-04-28,252
2023-05-01,Combined Equal Weight,Combined equity + cryptocurrency,Equal Weight,EOS-USD,cryptocurrency,0.016666666666666666,2022-04-28,2023-04-28,252
2023-05-01,Combined Equal Weight,Combined equity + cryptocurrency,Equal Weight,ETC-USD,cryptocurrency,0.016666666666666666,2022-04-28,2023-04-28,252
2023-05-01,Combined Equal Weight,Combined equity + cryptocurrency,Equal Weight,ETH-USD,cryptocurrency,0.016666666666666666,2022-04-28,2023-04-28,252
2023-05-01,Combined Equal Weight,Combined equity + cryptocurrency,Equal Weight,GE,equity,0.016666666666666666,2022-04-28,2023-04-28,252
2023-05-01,Combined Equal Weight,Combined equity + cryptocurrency,Equal Weight,GILD,equity,0.016666666666666666,2022-04-28,2023-04-28,252
2023-05-01,Combined Equal Weight,Combined equity + cryptocurrency,Equal Weight,GS,equity,0.016666666666666666,2022-04-28,2023-04-28,252
2023-05-01,Combined Equal Weight,Combined equity + cryptocurrency,Equal Weight,INTC,equity,0.016666666666666666,2022-04-28,2023-04-28,252
2023-05-01,Combined Equal Weight,Combined equity + cryptocurrency,Equal Weight,KO,equity,0.016666666666666666,2022-04-28,2023-04-28,252
2023-05-01,Combined Equal Weight,Combined equity + cryptocurrency,Equal Weight,LTC-USD,cryptocurrency,0.016666666666666666,2022-04-28,2023-04-28,252
2023-05-01,Combined Equal Weight,Combined equity + cryptocurrency,Equal Weight,MMM,equity,0.016666666666666666,2022-04-28,2023-04-28,252
2023-05-01,Combined Equal Weight,Combined equity + cryptocurrency,Equal Weight,MRK,equity,0.016666666666666666,2022-04-28,2023-04-28,252
2023-05-01,Combined Equal Weight,Combined equity + cryptocurrency,Equal Weight,MS,equity,0.016666666666666666,2022-04-28,2023-04-28,252
2023-05-01,Combined Equal Weight,Combined equity + cryptocurrency,Equal Weight,NEE,equity,0.016666666666666666,2022-04-28,2023-04-28,252
2023-05-01,Combined Equal Weight,Combined equity + cryptocurrency,Equal Weight,NEM,equity,0.016666666666666666,2022-04-28,2023-04-28,252
2023-05-01,Combined Equal Weight,Combined equity + cryptocurrency,Equal Weight,NKE,equity,0.016666666666666666,2022-04-28,2023-04-28,252
2023-05-01,Combined Equal Weight,Combined equity + cryptocurrency,Equal Weight,NUE,equity,0.016666666666666666,2022-04-28,2023-04-28,252
2023-05-01,Combined Equal Weight,Combined equity + cryptocurrency,Equal Weight,NVDA,equity,0.016666666666666666,2022-04-28,2023-04-28,252
2023-05-01,Combined Equal Weight,Combined equity + cryptocurrency,Equal Weight,O,equity,0.016666666666666666,2022-04-28,2023-04-28,252
2023-05-01,Combined Equal Weight,Combined equity + cryptocurrency,Equal Weight,OXY,equity,0.016666666666666666,2022-04-28,2023-04-28,252
2023-05-01,Combined Equal Weight,Combined equity + cryptocurrency,Equal Weight,PLD,equity,0.016666666666666666,2022-04-28,2023-04-28,252
2023-05-01,Combined Equal Weight,Combined equity + cryptocurrency,Equal Weight,PSA,equity,0.016666666666666666,2022-04-28,2023-04-28,252
2023-05-01,Combined Equal Weight,Combined equity + cryptocurrency,Equal Weight,QCOM,equity,0.016666666666666666,2022-04-28,2023-04-28,252
2023-05-01,Combined Equal Weight,Combined equity + cryptocurrency,Equal Weight,SBUX,equity,0.016666666666666666,2022-04-28,2023-04-28,252
2023-05-01,Combined Equal Weight,Combined equity + cryptocurrency,Equal Weight,SHW,equity,0.016666666666666666,2022-04-28,2023-04-28,252
2023-05-01,Combined Equal Weight,Combined equity + cryptocurrency,Equal Weight,SLB,equity,0.016666666666666666,2022-04-28,2023-04-28,252
2023-05-01,Combined Equal Weight,Combined equity + cryptocurrency,Equal Weight,SO,equity,0.016666666666666666,2022-04-28,2023-04-28,252
2023-05-01,Combined Equal Weight,Combined equity + cryptocurrency,Equal Weight,T,equity,0.016666666666666666,2022-04-28,2023-04-28,252
2023-05-01,Combined Equal Weight,Combined equity + cryptocurrency,Equal Weight,TMUS,equity,0.016666666666666666,2022-04-28,2023-04-28,252
2023-05-01,Combined Equal Weight,Combined equity + cryptocurrency,Equal Weight,TRX-USD,cryptocurrency,0.016666666666666666,2022-04-28,2023-04-28,252
2023-05-01,Combined Equal Weight,Combined equity + cryptocurrency,Equal Weight,TTWO,equity,0.016666666666666666,2022-04-28,2023-04-28,252
2023-05-01,Combined Equal Weight,Combined equity + cryptocurrency,Equal Weight,UPS,equity,0.016666666666666666,2022-04-28,2023-04-28,252
2023-05-01,Combined Equal Weight,Combined equity + cryptocurrency,Equal Weight,USB,equity,0.016666666666666666,2022-04-28,2023-04-28,252
2023-05-01,Combined Equal Weight,Combined equity + cryptocurrency,Equal Weight,V,equity,0.016666666666666666,2022-04-28,2023-04-28,252
2023-05-01,Combined Equal Weight,Combined equity + cryptocurrency,Equal Weight,WFC,equity,0.016666666666666666,2022-04-28,2023-04-28,252
2023-05-01,Combined Equal Weight,Combined equity + cryptocurrency,Equal Weight,WMT,equity,0.016666666666666666,2022-04-28,2023-04-28,252
2023-05-01,Combined Equal Weight,Combined equity + cryptocurrency,Equal Weight,XLM-USD,cryptocurrency,0.016666666666666666,2022-04-28,2023-04-28,252
2023-05-01,Combined Equal Weight,Combined equity + cryptocurrency,Equal Weight,XOM,equity,0.016666666666666666,2022-04-28,2023-04-28,252
2023-05-01,Combined Equal Weight,Combined equity + cryptocurrency,Equal Weight,XRP-USD,cryptocurrency,0.016666666666666666,2022-04-28,2023-04-28,252
2023-06-01,Combined Equal Weight,Combined equity + cryptocurrency,Equal Weight,ABBV,equity,0.016666666666666666,2022-05-31,2023-05-31,252
2023-06-01,Combined Equal Weight,Combined equity + cryptocurrency,Equal Weight,ABT,equity,0.016666666666666666,2022-05-31,2023-05-31,252
2023-06-01,Combined Equal Weight,Combined equity + cryptocurrency,Equal Weight,ADA-USD,cryptocurrency,0.016666666666666666,2022-05-31,2023-05-31,252
2023-06-01,Combined Equal Weight,Combined equity + cryptocurrency,Equal Weight,ADBE,equity,0.016666666666666666,2022-05-31,2023-05-31,252
2023-06-01,Combined Equal Weight,Combined equity + cryptocurrency,Equal Weight,AEP,equity,0.016666666666666666,2022-05-31,2023-05-31,252
2023-06-01,Combined Equal Weight,Combined equity + cryptocurrency,Equal Weight,AMD,equity,0.016666666666666666,2022-05-31,2023-05-31,252
2023-06-01,Combined Equal Weight,Combined equity + cryptocurrency,Equal Weight,AMGN,equity,0.016666666666666666,2022-05-31,2023-05-31,252
2023-06-01,Combined Equal Weight,Combined equity + cryptocurrency,Equal Weight,AMT,equity,0.016666666666666666,2022-05-31,2023-05-31,252
2023-06-01,Combined Equal Weight,Combined equity + cryptocurrency,Equal Weight,BA,equity,0.016666666666666666,2022-05-31,2023-05-31,252
2023-06-01,Combined Equal Weight,Combined equity + cryptocurrency,Equal Weight,BCH-USD,cryptocurrency,0.016666666666666666,2022-05-31,2023-05-31,252
2023-06-01,Combined Equal Weight,Combined equity + cryptocurrency,Equal Weight,BTC-USD,cryptocurrency,0.016666666666666666,2022-05-31,2023-05-31,252
2023-06-01,Combined Equal Weight,Combined equity + cryptocurrency,Equal Weight,CAT,equity,0.016666666666666666,2022-05-31,2023-05-31,252
2023-06-01,Combined Equal Weight,Combined equity + cryptocurrency,Equal Weight,CCI,equity,0.016666666666666666,2022-05-31,2023-05-31,252
2023-06-01,Combined Equal Weight,Combined equity + cryptocurrency,Equal Weight,CMCSA,equity,0.016666666666666666,2022-05-31,2023-05-31,252
2023-06-01,Combined Equal Weight,Combined equity + cryptocurrency,Equal Weight,COP,equity,0.016666666666666666,2022-05-31,2023-05-31,252
2023-06-01,Combined Equal Weight,Combined equity + cryptocurrency,Equal Weight,CVX,equity,0.016666666666666666,2022-05-31,2023-05-31,252
2023-06-01,Combined Equal Weight,Combined equity + cryptocurrency,Equal Weight,D,equity,0.016666666666666666,2022-05-31,2023-05-31,252
2023-06-01,Combined Equal Weight,Combined equity + cryptocurrency,Equal Weight,DD,equity,0.016666666666666666,2022-05-31,2023-05-31,252
2023-06-01,Combined Equal Weight,Combined equity + cryptocurrency,Equal Weight,DIS,equity,0.016666666666666666,2022-05-31,2023-05-31,252
2023-06-01,Combined Equal Weight,Combined equity + cryptocurrency,Equal Weight,DOW,equity,0.016666666666666666,2022-05-31,2023-05-31,252
2023-06-01,Combined Equal Weight,Combined equity + cryptocurrency,Equal Weight,DUK,equity,0.016666666666666666,2022-05-31,2023-05-31,252
2023-06-01,Combined Equal Weight,Combined equity + cryptocurrency,Equal Weight,EA,equity,0.016666666666666666,2022-05-31,2023-05-31,252
2023-06-01,Combined Equal Weight,Combined equity + cryptocurrency,Equal Weight,EOS-USD,cryptocurrency,0.016666666666666666,2022-05-31,2023-05-31,252
2023-06-01,Combined Equal Weight,Combined equity + cryptocurrency,Equal Weight,ETC-USD,cryptocurrency,0.016666666666666666,2022-05-31,2023-05-31,252
2023-06-01,Combined Equal Weight,Combined equity + cryptocurrency,Equal Weight,ETH-USD,cryptocurrency,0.016666666666666666,2022-05-31,2023-05-31,252
2023-06-01,Combined Equal Weight,Combined equity + cryptocurrency,Equal Weight,GE,equity,0.016666666666666666,2022-05-31,2023-05-31,252
2023-06-01,Combined Equal Weight,Combined equity + cryptocurrency,Equal Weight,GILD,equity,0.016666666666666666,2022-05-31,2023-05-31,252
2023-06-01,Combined Equal Weight,Combined equity + cryptocurrency,Equal Weight,GS,equity,0.016666666666666666,2022-05-31,2023-05-31,252
2023-06-01,Combined Equal Weight,Combined equity + cryptocurrency,Equal Weight,INTC,equity,0.016666666666666666,2022-05-31,2023-05-31,252
2023-06-01,Combined Equal Weight,Combined equity + cryptocurrency,Equal Weight,KO,equity,0.016666666666666666,2022-05-31,2023-05-31,252
2023-06-01,Combined Equal Weight,Combined equity + cryptocurrency,Equal Weight,LTC-USD,cryptocurrency,0.016666666666666666,2022-05-31,2023-05-31,252
2023-06-01,Combined Equal Weight,Combined equity + cryptocurrency,Equal Weight,MMM,equity,0.016666666666666666,2022-05-31,2023-05-31,252
2023-06-01,Combined Equal Weight,Combined equity + cryptocurrency,Equal Weight,MRK,equity,0.016666666666666666,2022-05-31,2023-05-31,252
2023-06-01,Combined Equal Weight,Combined equity + cryptocurrency,Equal Weight,MS,equity,0.016666666666666666,2022-05-31,2023-05-31,252
2023-06-01,Combined Equal Weight,Combined equity + cryptocurrency,Equal Weight,NEE,equity,0.016666666666666666,2022-05-31,2023-05-31,252
2023-06-01,Combined Equal Weight,Combined equity + cryptocurrency,Equal Weight,NEM,equity,0.016666666666666666,2022-05-31,2023-05-31,252
2023-06-01,Combined Equal Weight,Combined equity + cryptocurrency,Equal Weight,NKE,equity,0.016666666666666666,2022-05-31,2023-05-31,252
2023-06-01,Combined Equal Weight,Combined equity + cryptocurrency,Equal Weight,NUE,equity,0.016666666666666666,2022-05-31,2023-05-31,252
2023-06-01,Combined Equal Weight,Combined equity + cryptocurrency,Equal Weight,NVDA,equity,0.016666666666666666,2022-05-31,2023-05-31,252
2023-06-01,Combined Equal Weight,Combined equity + cryptocurrency,Equal Weight,O,equity,0.016666666666666666,2022-05-31,2023-05-31,252
2023-06-01,Combined Equal Weight,Combined equity + cryptocurrency,Equal Weight,OXY,equity,0.016666666666666666,2022-05-31,2023-05-31,252
2023-06-01,Combined Equal Weight,Combined equity + cryptocurrency,Equal Weight,PLD,equity,0.016666666666666666,2022-05-31,2023-05-31,252
2023-06-01,Combined Equal Weight,Combined equity + cryptocurrency,Equal Weight,PSA,equity,0.016666666666666666,2022-05-31,2023-05-31,252
2023-06-01,Combined Equal Weight,Combined equity + cryptocurrency,Equal Weight,QCOM,equity,0.016666666666666666,2022-05-31,2023-05-31,252
2023-06-01,Combined Equal Weight,Combined equity + cryptocurrency,Equal Weight,SBUX,equity,0.016666666666666666,2022-05-31,2023-05-31,252
2023-06-01,Combined Equal Weight,Combined equity + cryptocurrency,Equal Weight,SHW,equity,0.016666666666666666,2022-05-31,2023-05-31,252
2023-06-01,Combined Equal Weight,Combined equity + cryptocurrency,Equal Weight,SLB,equity,0.016666666666666666,2022-05-31,2023-05-31,252
2023-06-01,Combined Equal Weight,Combined equity + cryptocurrency,Equal Weight,SO,equity,0.016666666666666666,2022-05-31,2023-05-31,252
2023-06-01,Combined Equal Weight,Combined equity + cryptocurrency,Equal Weight,T,equity,0.016666666666666666,2022-05-31,2023-05-31,252
2023-06-01,Combined Equal Weight,Combined equity + cryptocurrency,Equal Weight,TMUS,equity,0.016666666666666666,2022-05-31,2023-05-31,252
2023-06-01,Combined Equal Weight,Combined equity + cryptocurrency,Equal Weight,TRX-USD,cryptocurrency,0.016666666666666666,2022-05-31,2023-05-31,252
2023-06-01,Combined Equal Weight,Combined equity + cryptocurrency,Equal Weight,TTWO,equity,0.016666666666666666,2022-05-31,2023-05-31,252
2023-06-01,Combined Equal Weight,Combined equity + cryptocurrency,Equal Weight,UPS,equity,0.016666666666666666,2022-05-31,2023-05-31,252
2023-06-01,Combined Equal Weight,Combined equity + cryptocurrency,Equal Weight,USB,equity,0.016666666666666666,2022-05-31,2023-05-31,252
2023-06-01,Combined Equal Weight,Combined equity + cryptocurrency,Equal Weight,V,equity,0.016666666666666666,2022-05-31,2023-05-31,252
2023-06-01,Combined Equal Weight,Combined equity + cryptocurrency,Equal Weight,WFC,equity,0.016666666666666666,2022-05-31,2023-05-31,252
2023-06-01,Combined Equal Weight,Combined equity + cryptocurrency,Equal Weight,WMT,equity,0.016666666666666666,2022-05-31,2023-05-31,252
2023-06-01,Combined Equal Weight,Combined equity + cryptocurrency,Equal Weight,XLM-USD,cryptocurrency,0.016666666666666666,2022-05-31,2023-05-31,252
2023-06-01,Combined Equal Weight,Combined equity + cryptocurrency,Equal Weight,XOM,equity,0.016666666666666666,2022-05-31,2023-05-31,252
2023-06-01,Combined Equal Weight,Combined equity + cryptocurrency,Equal Weight,XRP-USD,cryptocurrency,0.016666666666666666,2022-05-31,2023-05-31,252
2023-07-03,Combined Equal Weight,Combined equity + cryptocurrency,Equal Weight,ABBV,equity,0.016666666666666666,2022-06-30,2023-06-30,252
2023-07-03,Combined Equal Weight,Combined equity + cryptocurrency,Equal Weight,ABT,equity,0.016666666666666666,2022-06-30,2023-06-30,252
2023-07-03,Combined Equal Weight,Combined equity + cryptocurrency,Equal Weight,ADA-USD,cryptocurrency,0.016666666666666666,2022-06-30,2023-06-30,252
2023-07-03,Combined Equal Weight,Combined equity + cryptocurrency,Equal Weight,ADBE,equity,0.016666666666666666,2022-06-30,2023-06-30,252
2023-07-03,Combined Equal Weight,Combined equity + cryptocurrency,Equal Weight,AEP,equity,0.016666666666666666,2022-06-30,2023-06-30,252
2023-07-03,Combined Equal Weight,Combined equity + cryptocurrency,Equal Weight,AMD,equity,0.016666666666666666,2022-06-30,2023-06-30,252
2023-07-03,Combined Equal Weight,Combined equity + cryptocurrency,Equal Weight,AMGN,equity,0.016666666666666666,2022-06-30,2023-06-30,252
2023-07-03,Combined Equal Weight,Combined equity + cryptocurrency,Equal Weight,AMT,equity,0.016666666666666666,2022-06-30,2023-06-30,252
2023-07-03,Combined Equal Weight,Combined equity + cryptocurrency,Equal Weight,BA,equity,0.016666666666666666,2022-06-30,2023-06-30,252
2023-07-03,Combined Equal Weight,Combined equity + cryptocurrency,Equal Weight,BCH-USD,cryptocurrency,0.016666666666666666,2022-06-30,2023-06-30,252
2023-07-03,Combined Equal Weight,Combined equity + cryptocurrency,Equal Weight,BTC-USD,cryptocurrency,0.016666666666666666,2022-06-30,2023-06-30,252
2023-07-03,Combined Equal Weight,Combined equity + cryptocurrency,Equal Weight,CAT,equity,0.016666666666666666,2022-06-30,2023-06-30,252
2023-07-03,Combined Equal Weight,Combined equity + cryptocurrency,Equal Weight,CCI,equity,0.016666666666666666,2022-06-30,2023-06-30,252
2023-07-03,Combined Equal Weight,Combined equity + cryptocurrency,Equal Weight,CMCSA,equity,0.016666666666666666,2022-06-30,2023-06-30,252
2023-07-03,Combined Equal Weight,Combined equity + cryptocurrency,Equal Weight,COP,equity,0.016666666666666666,2022-06-30,2023-06-30,252
2023-07-03,Combined Equal Weight,Combined equity + cryptocurrency,Equal Weight,CVX,equity,0.016666666666666666,2022-06-30,2023-06-30,252
2023-07-03,Combined Equal Weight,Combined equity + cryptocurrency,Equal Weight,D,equity,0.016666666666666666,2022-06-30,2023-06-30,252
2023-07-03,Combined Equal Weight,Combined equity + cryptocurrency,Equal Weight,DD,equity,0.016666666666666666,2022-06-30,2023-06-30,252
2023-07-03,Combined Equal Weight,Combined equity + cryptocurrency,Equal Weight,DIS,equity,0.016666666666666666,2022-06-30,2023-06-30,252
2023-07-03,Combined Equal Weight,Combined equity + cryptocurrency,Equal Weight,DOW,equity,0.016666666666666666,2022-06-30,2023-06-30,252
2023-07-03,Combined Equal Weight,Combined equity + cryptocurrency,Equal Weight,DUK,equity,0.016666666666666666,2022-06-30,2023-06-30,252
2023-07-03,Combined Equal Weight,Combined equity + cryptocurrency,Equal Weight,EA,equity,0.016666666666666666,2022-06-30,2023-06-30,252
2023-07-03,Combined Equal Weight,Combined equity + cryptocurrency,Equal Weight,EOS-USD,cryptocurrency,0.016666666666666666,2022-06-30,2023-06-30,252
2023-07-03,Combined Equal Weight,Combined equity + cryptocurrency,Equal Weight,ETC-USD,cryptocurrency,0.016666666666666666,2022-06-30,2023-06-30,252
2023-07-03,Combined Equal Weight,Combined equity + cryptocurrency,Equal Weight,ETH-USD,cryptocurrency,0.016666666666666666,2022-06-30,2023-06-30,252
2023-07-03,Combined Equal Weight,Combined equity + cryptocurrency,Equal Weight,GE,equity,0.016666666666666666,2022-06-30,2023-06-30,252
2023-07-03,Combined Equal Weight,Combined equity + cryptocurrency,Equal Weight,GILD,equity,0.016666666666666666,2022-06-30,2023-06-30,252
2023-07-03,Combined Equal Weight,Combined equity + cryptocurrency,Equal Weight,GS,equity,0.016666666666666666,2022-06-30,2023-06-30,252
2023-07-03,Combined Equal Weight,Combined equity + cryptocurrency,Equal Weight,INTC,equity,0.016666666666666666,2022-06-30,2023-06-30,252
2023-07-03,Combined Equal Weight,Combined equity + cryptocurrency,Equal Weight,KO,equity,0.016666666666666666,2022-06-30,2023-06-30,252
2023-07-03,Combined Equal Weight,Combined equity + cryptocurrency,Equal Weight,LTC-USD,cryptocurrency,0.016666666666666666,2022-06-30,2023-06-30,252
2023-07-03,Combined Equal Weight,Combined equity + cryptocurrency,Equal Weight,MMM,equity,0.016666666666666666,2022-06-30,2023-06-30,252
2023-07-03,Combined Equal Weight,Combined equity + cryptocurrency,Equal Weight,MRK,equity,0.016666666666666666,2022-06-30,2023-06-30,252
2023-07-03,Combined Equal Weight,Combined equity + cryptocurrency,Equal Weight,MS,equity,0.016666666666666666,2022-06-30,2023-06-30,252
2023-07-03,Combined Equal Weight,Combined equity + cryptocurrency,Equal Weight,NEE,equity,0.016666666666666666,2022-06-30,2023-06-30,252
2023-07-03,Combined Equal Weight,Combined equity + cryptocurrency,Equal Weight,NEM,equity,0.016666666666666666,2022-06-30,2023-06-30,252
2023-07-03,Combined Equal Weight,Combined equity + cryptocurrency,Equal Weight,NKE,equity,0.016666666666666666,2022-06-30,2023-06-30,252
2023-07-03,Combined Equal Weight,Combined equity + cryptocurrency,Equal Weight,NUE,equity,0.016666666666666666,2022-06-30,2023-06-30,252
2023-07-03,Combined Equal Weight,Combined equity + cryptocurrency,Equal Weight,NVDA,equity,0.016666666666666666,2022-06-30,2023-06-30,252
2023-07-03,Combined Equal Weight,Combined equity + cryptocurrency,Equal Weight,O,equity,0.016666666666666666,2022-06-30,2023-06-30,252
2023-07-03,Combined Equal Weight,Combined equity + cryptocurrency,Equal Weight,OXY,equity,0.016666666666666666,2022-06-30,2023-06-30,252
2023-07-03,Combined Equal Weight,Combined equity + cryptocurrency,Equal Weight,PLD,equity,0.016666666666666666,2022-06-30,2023-06-30,252
2023-07-03,Combined Equal Weight,Combined equity + cryptocurrency,Equal Weight,PSA,equity,0.016666666666666666,2022-06-30,2023-06-30,252
2023-07-03,Combined Equal Weight,Combined equity + cryptocurrency,Equal Weight,QCOM,equity,0.016666666666666666,2022-06-30,2023-06-30,252
2023-07-03,Combined Equal Weight,Combined equity + cryptocurrency,Equal Weight,SBUX,equity,0.016666666666666666,2022-06-30,2023-06-30,252
2023-07-03,Combined Equal Weight,Combined equity + cryptocurrency,Equal Weight,SHW,equity,0.016666666666666666,2022-06-30,2023-06-30,252
2023-07-03,Combined Equal Weight,Combined equity + cryptocurrency,Equal Weight,SLB,equity,0.016666666666666666,2022-06-30,2023-06-30,252
2023-07-03,Combined Equal Weight,Combined equity + cryptocurrency,Equal Weight,SO,equity,0.016666666666666666,2022-06-30,2023-06-30,252
2023-07-03,Combined Equal Weight,Combined equity + cryptocurrency,Equal Weight,T,equity,0.016666666666666666,2022-06-30,2023-06-30,252
2023-07-03,Combined Equal Weight,Combined equity + cryptocurrency,Equal Weight,TMUS,equity,0.016666666666666666,2022-06-30,2023-06-30,252
2023-07-03,Combined Equal Weight,Combined equity + cryptocurrency,Equal Weight,TRX-USD,cryptocurrency,0.016666666666666666,2022-06-30,2023-06-30,252
2023-07-03,Combined Equal Weight,Combined equity + cryptocurrency,Equal Weight,TTWO,equity,0.016666666666666666,2022-06-30,2023-06-30,252
2023-07-03,Combined Equal Weight,Combined equity + cryptocurrency,Equal Weight,UPS,equity,0.016666666666666666,2022-06-30,2023-06-30,252
2023-07-03,Combined Equal Weight,Combined equity + cryptocurrency,Equal Weight,USB,equity,0.016666666666666666,2022-06-30,2023-06-30,252
2023-07-03,Combined Equal Weight,Combined equity + cryptocurrency,Equal Weight,V,equity,0.016666666666666666,2022-06-30,2023-06-30,252
2023-07-03,Combined Equal Weight,Combined equity + cryptocurrency,Equal Weight,WFC,equity,0.016666666666666666,2022-06-30,2023-06-30,252
2023-07-03,Combined Equal Weight,Combined equity + cryptocurrency,Equal Weight,WMT,equity,0.016666666666666666,2022-06-30,2023-06-30,252
2023-07-03,Combined Equal Weight,Combined equity + cryptocurrency,Equal Weight,XLM-USD,cryptocurrency,0.016666666666666666,2022-06-30,2023-06-30,252
2023-07-03,Combined Equal Weight,Combined equity + cryptocurrency,Equal Weight,XOM,equity,0.016666666666666666,2022-06-30,2023-06-30,252
2023-07-03,Combined Equal Weight,Combined equity + cryptocurrency,Equal Weight,XRP-USD,cryptocurrency,0.016666666666666666,2022-06-30,2023-06-30,252
2023-08-01,Combined Equal Weight,Combined equity + cryptocurrency,Equal Weight,ABBV,equity,0.016666666666666666,2022-07-29,2023-07-31,252
2023-08-01,Combined Equal Weight,Combined equity + cryptocurrency,Equal Weight,ABT,equity,0.016666666666666666,2022-07-29,2023-07-31,252
2023-08-01,Combined Equal Weight,Combined equity + cryptocurrency,Equal Weight,ADA-USD,cryptocurrency,0.016666666666666666,2022-07-29,2023-07-31,252
2023-08-01,Combined Equal Weight,Combined equity + cryptocurrency,Equal Weight,ADBE,equity,0.016666666666666666,2022-07-29,2023-07-31,252
2023-08-01,Combined Equal Weight,Combined equity + cryptocurrency,Equal Weight,AEP,equity,0.016666666666666666,2022-07-29,2023-07-31,252
2023-08-01,Combined Equal Weight,Combined equity + cryptocurrency,Equal Weight,AMD,equity,0.016666666666666666,2022-07-29,2023-07-31,252
2023-08-01,Combined Equal Weight,Combined equity + cryptocurrency,Equal Weight,AMGN,equity,0.016666666666666666,2022-07-29,2023-07-31,252
2023-08-01,Combined Equal Weight,Combined equity + cryptocurrency,Equal Weight,AMT,equity,0.016666666666666666,2022-07-29,2023-07-31,252
2023-08-01,Combined Equal Weight,Combined equity + cryptocurrency,Equal Weight,BA,equity,0.016666666666666666,2022-07-29,2023-07-31,252
2023-08-01,Combined Equal Weight,Combined equity + cryptocurrency,Equal Weight,BCH-USD,cryptocurrency,0.016666666666666666,2022-07-29,2023-07-31,252
2023-08-01,Combined Equal Weight,Combined equity + cryptocurrency,Equal Weight,BTC-USD,cryptocurrency,0.016666666666666666,2022-07-29,2023-07-31,252
2023-08-01,Combined Equal Weight,Combined equity + cryptocurrency,Equal Weight,CAT,equity,0.016666666666666666,2022-07-29,2023-07-31,252
2023-08-01,Combined Equal Weight,Combined equity + cryptocurrency,Equal Weight,CCI,equity,0.016666666666666666,2022-07-29,2023-07-31,252
2023-08-01,Combined Equal Weight,Combined equity + cryptocurrency,Equal Weight,CMCSA,equity,0.016666666666666666,2022-07-29,2023-07-31,252
2023-08-01,Combined Equal Weight,Combined equity + cryptocurrency,Equal Weight,COP,equity,0.016666666666666666,2022-07-29,2023-07-31,252
2023-08-01,Combined Equal Weight,Combined equity + cryptocurrency,Equal Weight,CVX,equity,0.016666666666666666,2022-07-29,2023-07-31,252
2023-08-01,Combined Equal Weight,Combined equity + cryptocurrency,Equal Weight,D,equity,0.016666666666666666,2022-07-29,2023-07-31,252
2023-08-01,Combined Equal Weight,Combined equity + cryptocurrency,Equal Weight,DD,equity,0.016666666666666666,2022-07-29,2023-07-31,252
2023-08-01,Combined Equal Weight,Combined equity + cryptocurrency,Equal Weight,DIS,equity,0.016666666666666666,2022-07-29,2023-07-31,252
2023-08-01,Combined Equal Weight,Combined equity + cryptocurrency,Equal Weight,DOW,equity,0.016666666666666666,2022-07-29,2023-07-31,252
2023-08-01,Combined Equal Weight,Combined equity + cryptocurrency,Equal Weight,DUK,equity,0.016666666666666666,2022-07-29,2023-07-31,252
2023-08-01,Combined Equal Weight,Combined equity + cryptocurrency,Equal Weight,EA,equity,0.016666666666666666,2022-07-29,2023-07-31,252
2023-08-01,Combined Equal Weight,Combined equity + cryptocurrency,Equal Weight,EOS-USD,cryptocurrency,0.016666666666666666,2022-07-29,2023-07-31,252
2023-08-01,Combined Equal Weight,Combined equity + cryptocurrency,Equal Weight,ETC-USD,cryptocurrency,0.016666666666666666,2022-07-29,2023-07-31,252
2023-08-01,Combined Equal Weight,Combined equity + cryptocurrency,Equal Weight,ETH-USD,cryptocurrency,0.016666666666666666,2022-07-29,2023-07-31,252
2023-08-01,Combined Equal Weight,Combined equity + cryptocurrency,Equal Weight,GE,equity,0.016666666666666666,2022-07-29,2023-07-31,252
2023-08-01,Combined Equal Weight,Combined equity + cryptocurrency,Equal Weight,GILD,equity,0.016666666666666666,2022-07-29,2023-07-31,252
2023-08-01,Combined Equal Weight,Combined equity + cryptocurrency,Equal Weight,GS,equity,0.016666666666666666,2022-07-29,2023-07-31,252
2023-08-01,Combined Equal Weight,Combined equity + cryptocurrency,Equal Weight,INTC,equity,0.016666666666666666,2022-07-29,2023-07-31,252
2023-08-01,Combined Equal Weight,Combined equity + cryptocurrency,Equal Weight,KO,equity,0.016666666666666666,2022-07-29,2023-07-31,252
2023-08-01,Combined Equal Weight,Combined equity + cryptocurrency,Equal Weight,LTC-USD,cryptocurrency,0.016666666666666666,2022-07-29,2023-07-31,252
2023-08-01,Combined Equal Weight,Combined equity + cryptocurrency,Equal Weight,MMM,equity,0.016666666666666666,2022-07-29,2023-07-31,252
2023-08-01,Combined Equal Weight,Combined equity + cryptocurrency,Equal Weight,MRK,equity,0.016666666666666666,2022-07-29,2023-07-31,252
2023-08-01,Combined Equal Weight,Combined equity + cryptocurrency,Equal Weight,MS,equity,0.016666666666666666,2022-07-29,2023-07-31,252
2023-08-01,Combined Equal Weight,Combined equity + cryptocurrency,Equal Weight,NEE,equity,0.016666666666666666,2022-07-29,2023-07-31,252
2023-08-01,Combined Equal Weight,Combined equity + cryptocurrency,Equal Weight,NEM,equity,0.016666666666666666,2022-07-29,2023-07-31,252
2023-08-01,Combined Equal Weight,Combined equity + cryptocurrency,Equal Weight,NKE,equity,0.016666666666666666,2022-07-29,2023-07-31,252
2023-08-01,Combined Equal Weight,Combined equity + cryptocurrency,Equal Weight,NUE,equity,0.016666666666666666,2022-07-29,2023-07-31,252
2023-08-01,Combined Equal Weight,Combined equity + cryptocurrency,Equal Weight,NVDA,equity,0.016666666666666666,2022-07-29,2023-07-31,252
2023-08-01,Combined Equal Weight,Combined equity + cryptocurrency,Equal Weight,O,equity,0.016666666666666666,2022-07-29,2023-07-31,252
2023-08-01,Combined Equal Weight,Combined equity + cryptocurrency,Equal Weight,OXY,equity,0.016666666666666666,2022-07-29,2023-07-31,252
2023-08-01,Combined Equal Weight,Combined equity + cryptocurrency,Equal Weight,PLD,equity,0.016666666666666666,2022-07-29,2023-07-31,252
2023-08-01,Combined Equal Weight,Combined equity + cryptocurrency,Equal Weight,PSA,equity,0.016666666666666666,2022-07-29,2023-07-31,252
2023-08-01,Combined Equal Weight,Combined equity + cryptocurrency,Equal Weight,QCOM,equity,0.016666666666666666,2022-07-29,2023-07-31,252
2023-08-01,Combined Equal Weight,Combined equity + cryptocurrency,Equal Weight,SBUX,equity,0.016666666666666666,2022-07-29,2023-07-31,252
2023-08-01,Combined Equal Weight,Combined equity + cryptocurrency,Equal Weight,SHW,equity,0.016666666666666666,2022-07-29,2023-07-31,252
2023-08-01,Combined Equal Weight,Combined equity + cryptocurrency,Equal Weight,SLB,equity,0.016666666666666666,2022-07-29,2023-07-31,252
2023-08-01,Combined Equal Weight,Combined equity + cryptocurrency,Equal Weight,SO,equity,0.016666666666666666,2022-07-29,2023-07-31,252
2023-08-01,Combined Equal Weight,Combined equity + cryptocurrency,Equal Weight,T,equity,0.016666666666666666,2022-07-29,2023-07-31,252
2023-08-01,Combined Equal Weight,Combined equity + cryptocurrency,Equal Weight,TMUS,equity,0.016666666666666666,2022-07-29,2023-07-31,252
2023-08-01,Combined Equal Weight,Combined equity + cryptocurrency,Equal Weight,TRX-USD,cryptocurrency,0.016666666666666666,2022-07-29,2023-07-31,252
2023-08-01,Combined Equal Weight,Combined equity + cryptocurrency,Equal Weight,TTWO,equity,0.016666666666666666,2022-07-29,2023-07-31,252
2023-08-01,Combined Equal Weight,Combined equity + cryptocurrency,Equal Weight,UPS,equity,0.016666666666666666,2022-07-29,2023-07-31,252
2023-08-01,Combined Equal Weight,Combined equity + cryptocurrency,Equal Weight,USB,equity,0.016666666666666666,2022-07-29,2023-07-31,252
2023-08-01,Combined Equal Weight,Combined equity + cryptocurrency,Equal Weight,V,equity,0.016666666666666666,2022-07-29,2023-07-31,252
2023-08-01,Combined Equal Weight,Combined equity + cryptocurrency,Equal Weight,WFC,equity,0.016666666666666666,2022-07-29,2023-07-31,252
2023-08-01,Combined Equal Weight,Combined equity + cryptocurrency,Equal Weight,WMT,equity,0.016666666666666666,2022-07-29,2023-07-31,252
2023-08-01,Combined Equal Weight,Combined equity + cryptocurrency,Equal Weight,XLM-USD,cryptocurrency,0.016666666666666666,2022-07-29,2023-07-31,252
2023-08-01,Combined Equal Weight,Combined equity + cryptocurrency,Equal Weight,XOM,equity,0.016666666666666666,2022-07-29,2023-07-31,252
2023-08-01,Combined Equal Weight,Combined equity + cryptocurrency,Equal Weight,XRP-USD,cryptocurrency,0.016666666666666666,2022-07-29,2023-07-31,252
2023-09-01,Combined Equal Weight,Combined equity + cryptocurrency,Equal Weight,ABBV,equity,0.016666666666666666,2022-08-31,2023-08-31,252
2023-09-01,Combined Equal Weight,Combined equity + cryptocurrency,Equal Weight,ABT,equity,0.016666666666666666,2022-08-31,2023-08-31,252
2023-09-01,Combined Equal Weight,Combined equity + cryptocurrency,Equal Weight,ADA-USD,cryptocurrency,0.016666666666666666,2022-08-31,2023-08-31,252
2023-09-01,Combined Equal Weight,Combined equity + cryptocurrency,Equal Weight,ADBE,equity,0.016666666666666666,2022-08-31,2023-08-31,252
2023-09-01,Combined Equal Weight,Combined equity + cryptocurrency,Equal Weight,AEP,equity,0.016666666666666666,2022-08-31,2023-08-31,252
2023-09-01,Combined Equal Weight,Combined equity + cryptocurrency,Equal Weight,AMD,equity,0.016666666666666666,2022-08-31,2023-08-31,252
2023-09-01,Combined Equal Weight,Combined equity + cryptocurrency,Equal Weight,AMGN,equity,0.016666666666666666,2022-08-31,2023-08-31,252
2023-09-01,Combined Equal Weight,Combined equity + cryptocurrency,Equal Weight,AMT,equity,0.016666666666666666,2022-08-31,2023-08-31,252
2023-09-01,Combined Equal Weight,Combined equity + cryptocurrency,Equal Weight,BA,equity,0.016666666666666666,2022-08-31,2023-08-31,252
2023-09-01,Combined Equal Weight,Combined equity + cryptocurrency,Equal Weight,BCH-USD,cryptocurrency,0.016666666666666666,2022-08-31,2023-08-31,252
2023-09-01,Combined Equal Weight,Combined equity + cryptocurrency,Equal Weight,BTC-USD,cryptocurrency,0.016666666666666666,2022-08-31,2023-08-31,252
2023-09-01,Combined Equal Weight,Combined equity + cryptocurrency,Equal Weight,CAT,equity,0.016666666666666666,2022-08-31,2023-08-31,252
2023-09-01,Combined Equal Weight,Combined equity + cryptocurrency,Equal Weight,CCI,equity,0.016666666666666666,2022-08-31,2023-08-31,252
2023-09-01,Combined Equal Weight,Combined equity + cryptocurrency,Equal Weight,CMCSA,equity,0.016666666666666666,2022-08-31,2023-08-31,252
2023-09-01,Combined Equal Weight,Combined equity + cryptocurrency,Equal Weight,COP,equity,0.016666666666666666,2022-08-31,2023-08-31,252
2023-09-01,Combined Equal Weight,Combined equity + cryptocurrency,Equal Weight,CVX,equity,0.016666666666666666,2022-08-31,2023-08-31,252
2023-09-01,Combined Equal Weight,Combined equity + cryptocurrency,Equal Weight,D,equity,0.016666666666666666,2022-08-31,2023-08-31,252
2023-09-01,Combined Equal Weight,Combined equity + cryptocurrency,Equal Weight,DD,equity,0.016666666666666666,2022-08-31,2023-08-31,252
2023-09-01,Combined Equal Weight,Combined equity + cryptocurrency,Equal Weight,DIS,equity,0.016666666666666666,2022-08-31,2023-08-31,252
2023-09-01,Combined Equal Weight,Combined equity + cryptocurrency,Equal Weight,DOW,equity,0.016666666666666666,2022-08-31,2023-08-31,252
2023-09-01,Combined Equal Weight,Combined equity + cryptocurrency,Equal Weight,DUK,equity,0.016666666666666666,2022-08-31,2023-08-31,252
2023-09-01,Combined Equal Weight,Combined equity + cryptocurrency,Equal Weight,EA,equity,0.016666666666666666,2022-08-31,2023-08-31,252
2023-09-01,Combined Equal Weight,Combined equity + cryptocurrency,Equal Weight,EOS-USD,cryptocurrency,0.016666666666666666,2022-08-31,2023-08-31,252
2023-09-01,Combined Equal Weight,Combined equity + cryptocurrency,Equal Weight,ETC-USD,cryptocurrency,0.016666666666666666,2022-08-31,2023-08-31,252
2023-09-01,Combined Equal Weight,Combined equity + cryptocurrency,Equal Weight,ETH-USD,cryptocurrency,0.016666666666666666,2022-08-31,2023-08-31,252
2023-09-01,Combined Equal Weight,Combined equity + cryptocurrency,Equal Weight,GE,equity,0.016666666666666666,2022-08-31,2023-08-31,252
2023-09-01,Combined Equal Weight,Combined equity + cryptocurrency,Equal Weight,GILD,equity,0.016666666666666666,2022-08-31,2023-08-31,252
2023-09-01,Combined Equal Weight,Combined equity + cryptocurrency,Equal Weight,GS,equity,0.016666666666666666,2022-08-31,2023-08-31,252
2023-09-01,Combined Equal Weight,Combined equity + cryptocurrency,Equal Weight,INTC,equity,0.016666666666666666,2022-08-31,2023-08-31,252
2023-09-01,Combined Equal Weight,Combined equity + cryptocurrency,Equal Weight,KO,equity,0.016666666666666666,2022-08-31,2023-08-31,252
2023-09-01,Combined Equal Weight,Combined equity + cryptocurrency,Equal Weight,LTC-USD,cryptocurrency,0.016666666666666666,2022-08-31,2023-08-31,252
2023-09-01,Combined Equal Weight,Combined equity + cryptocurrency,Equal Weight,MMM,equity,0.016666666666666666,2022-08-31,2023-08-31,252
2023-09-01,Combined Equal Weight,Combined equity + cryptocurrency,Equal Weight,MRK,equity,0.016666666666666666,2022-08-31,2023-08-31,252
2023-09-01,Combined Equal Weight,Combined equity + cryptocurrency,Equal Weight,MS,equity,0.016666666666666666,2022-08-31,2023-08-31,252
2023-09-01,Combined Equal Weight,Combined equity + cryptocurrency,Equal Weight,NEE,equity,0.016666666666666666,2022-08-31,2023-08-31,252
2023-09-01,Combined Equal Weight,Combined equity + cryptocurrency,Equal Weight,NEM,equity,0.016666666666666666,2022-08-31,2023-08-31,252
2023-09-01,Combined Equal Weight,Combined equity + cryptocurrency,Equal Weight,NKE,equity,0.016666666666666666,2022-08-31,2023-08-31,252
2023-09-01,Combined Equal Weight,Combined equity + cryptocurrency,Equal Weight,NUE,equity,0.016666666666666666,2022-08-31,2023-08-31,252
2023-09-01,Combined Equal Weight,Combined equity + cryptocurrency,Equal Weight,NVDA,equity,0.016666666666666666,2022-08-31,2023-08-31,252
2023-09-01,Combined Equal Weight,Combined equity + cryptocurrency,Equal Weight,O,equity,0.016666666666666666,2022-08-31,2023-08-31,252
2023-09-01,Combined Equal Weight,Combined equity + cryptocurrency,Equal Weight,OXY,equity,0.016666666666666666,2022-08-31,2023-08-31,252
2023-09-01,Combined Equal Weight,Combined equity + cryptocurrency,Equal Weight,PLD,equity,0.016666666666666666,2022-08-31,2023-08-31,252
2023-09-01,Combined Equal Weight,Combined equity + cryptocurrency,Equal Weight,PSA,equity,0.016666666666666666,2022-08-31,2023-08-31,252
2023-09-01,Combined Equal Weight,Combined equity + cryptocurrency,Equal Weight,QCOM,equity,0.016666666666666666,2022-08-31,2023-08-31,252
2023-09-01,Combined Equal Weight,Combined equity + cryptocurrency,Equal Weight,SBUX,equity,0.016666666666666666,2022-08-31,2023-08-31,252
2023-09-01,Combined Equal Weight,Combined equity + cryptocurrency,Equal Weight,SHW,equity,0.016666666666666666,2022-08-31,2023-08-31,252
2023-09-01,Combined Equal Weight,Combined equity + cryptocurrency,Equal Weight,SLB,equity,0.016666666666666666,2022-08-31,2023-08-31,252
2023-09-01,Combined Equal Weight,Combined equity + cryptocurrency,Equal Weight,SO,equity,0.016666666666666666,2022-08-31,2023-08-31,252
2023-09-01,Combined Equal Weight,Combined equity + cryptocurrency,Equal Weight,T,equity,0.016666666666666666,2022-08-31,2023-08-31,252
2023-09-01,Combined Equal Weight,Combined equity + cryptocurrency,Equal Weight,TMUS,equity,0.016666666666666666,2022-08-31,2023-08-31,252
2023-09-01,Combined Equal Weight,Combined equity + cryptocurrency,Equal Weight,TRX-USD,cryptocurrency,0.016666666666666666,2022-08-31,2023-08-31,252
2023-09-01,Combined Equal Weight,Combined equity + cryptocurrency,Equal Weight,TTWO,equity,0.016666666666666666,2022-08-31,2023-08-31,252
2023-09-01,Combined Equal Weight,Combined equity + cryptocurrency,Equal Weight,UPS,equity,0.016666666666666666,2022-08-31,2023-08-31,252
2023-09-01,Combined Equal Weight,Combined equity + cryptocurrency,Equal Weight,USB,equity,0.016666666666666666,2022-08-31,2023-08-31,252
2023-09-01,Combined Equal Weight,Combined equity + cryptocurrency,Equal Weight,V,equity,0.016666666666666666,2022-08-31,2023-08-31,252
2023-09-01,Combined Equal Weight,Combined equity + cryptocurrency,Equal Weight,WFC,equity,0.016666666666666666,2022-08-31,2023-08-31,252
2023-09-01,Combined Equal Weight,Combined equity + cryptocurrency,Equal Weight,WMT,equity,0.016666666666666666,2022-08-31,2023-08-31,252
2023-09-01,Combined Equal Weight,Combined equity + cryptocurrency,Equal Weight,XLM-USD,cryptocurrency,0.016666666666666666,2022-08-31,2023-08-31,252
2023-09-01,Combined Equal Weight,Combined equity + cryptocurrency,Equal Weight,XOM,equity,0.016666666666666666,2022-08-31,2023-08-31,252
2023-09-01,Combined Equal Weight,Combined equity + cryptocurrency,Equal Weight,XRP-USD,cryptocurrency,0.016666666666666666,2022-08-31,2023-08-31,252
2023-10-02,Combined Equal Weight,Combined equity + cryptocurrency,Equal Weight,ABBV,equity,0.016666666666666666,2022-09-29,2023-09-29,252
2023-10-02,Combined Equal Weight,Combined equity + cryptocurrency,Equal Weight,ABT,equity,0.016666666666666666,2022-09-29,2023-09-29,252
2023-10-02,Combined Equal Weight,Combined equity + cryptocurrency,Equal Weight,ADA-USD,cryptocurrency,0.016666666666666666,2022-09-29,2023-09-29,252
2023-10-02,Combined Equal Weight,Combined equity + cryptocurrency,Equal Weight,ADBE,equity,0.016666666666666666,2022-09-29,2023-09-29,252
2023-10-02,Combined Equal Weight,Combined equity + cryptocurrency,Equal Weight,AEP,equity,0.016666666666666666,2022-09-29,2023-09-29,252
2023-10-02,Combined Equal Weight,Combined equity + cryptocurrency,Equal Weight,AMD,equity,0.016666666666666666,2022-09-29,2023-09-29,252
2023-10-02,Combined Equal Weight,Combined equity + cryptocurrency,Equal Weight,AMGN,equity,0.016666666666666666,2022-09-29,2023-09-29,252
2023-10-02,Combined Equal Weight,Combined equity + cryptocurrency,Equal Weight,AMT,equity,0.016666666666666666,2022-09-29,2023-09-29,252
2023-10-02,Combined Equal Weight,Combined equity + cryptocurrency,Equal Weight,BA,equity,0.016666666666666666,2022-09-29,2023-09-29,252
2023-10-02,Combined Equal Weight,Combined equity + cryptocurrency,Equal Weight,BCH-USD,cryptocurrency,0.016666666666666666,2022-09-29,2023-09-29,252
2023-10-02,Combined Equal Weight,Combined equity + cryptocurrency,Equal Weight,BTC-USD,cryptocurrency,0.016666666666666666,2022-09-29,2023-09-29,252
2023-10-02,Combined Equal Weight,Combined equity + cryptocurrency,Equal Weight,CAT,equity,0.016666666666666666,2022-09-29,2023-09-29,252
2023-10-02,Combined Equal Weight,Combined equity + cryptocurrency,Equal Weight,CCI,equity,0.016666666666666666,2022-09-29,2023-09-29,252
2023-10-02,Combined Equal Weight,Combined equity + cryptocurrency,Equal Weight,CMCSA,equity,0.016666666666666666,2022-09-29,2023-09-29,252
2023-10-02,Combined Equal Weight,Combined equity + cryptocurrency,Equal Weight,COP,equity,0.016666666666666666,2022-09-29,2023-09-29,252
2023-10-02,Combined Equal Weight,Combined equity + cryptocurrency,Equal Weight,CVX,equity,0.016666666666666666,2022-09-29,2023-09-29,252
2023-10-02,Combined Equal Weight,Combined equity + cryptocurrency,Equal Weight,D,equity,0.016666666666666666,2022-09-29,2023-09-29,252
2023-10-02,Combined Equal Weight,Combined equity + cryptocurrency,Equal Weight,DD,equity,0.016666666666666666,2022-09-29,2023-09-29,252
2023-10-02,Combined Equal Weight,Combined equity + cryptocurrency,Equal Weight,DIS,equity,0.016666666666666666,2022-09-29,2023-09-29,252
2023-10-02,Combined Equal Weight,Combined equity + cryptocurrency,Equal Weight,DOW,equity,0.016666666666666666,2022-09-29,2023-09-29,252
2023-10-02,Combined Equal Weight,Combined equity + cryptocurrency,Equal Weight,DUK,equity,0.016666666666666666,2022-09-29,2023-09-29,252
2023-10-02,Combined Equal Weight,Combined equity + cryptocurrency,Equal Weight,EA,equity,0.016666666666666666,2022-09-29,2023-09-29,252
2023-10-02,Combined Equal Weight,Combined equity + cryptocurrency,Equal Weight,EOS-USD,cryptocurrency,0.016666666666666666,2022-09-29,2023-09-29,252
2023-10-02,Combined Equal Weight,Combined equity + cryptocurrency,Equal Weight,ETC-USD,cryptocurrency,0.016666666666666666,2022-09-29,2023-09-29,252
2023-10-02,Combined Equal Weight,Combined equity + cryptocurrency,Equal Weight,ETH-USD,cryptocurrency,0.016666666666666666,2022-09-29,2023-09-29,252
2023-10-02,Combined Equal Weight,Combined equity + cryptocurrency,Equal Weight,GE,equity,0.016666666666666666,2022-09-29,2023-09-29,252
2023-10-02,Combined Equal Weight,Combined equity + cryptocurrency,Equal Weight,GILD,equity,0.016666666666666666,2022-09-29,2023-09-29,252
2023-10-02,Combined Equal Weight,Combined equity + cryptocurrency,Equal Weight,GS,equity,0.016666666666666666,2022-09-29,2023-09-29,252
2023-10-02,Combined Equal Weight,Combined equity + cryptocurrency,Equal Weight,INTC,equity,0.016666666666666666,2022-09-29,2023-09-29,252
2023-10-02,Combined Equal Weight,Combined equity + cryptocurrency,Equal Weight,KO,equity,0.016666666666666666,2022-09-29,2023-09-29,252
2023-10-02,Combined Equal Weight,Combined equity + cryptocurrency,Equal Weight,LTC-USD,cryptocurrency,0.016666666666666666,2022-09-29,2023-09-29,252
2023-10-02,Combined Equal Weight,Combined equity + cryptocurrency,Equal Weight,MMM,equity,0.016666666666666666,2022-09-29,2023-09-29,252
2023-10-02,Combined Equal Weight,Combined equity + cryptocurrency,Equal Weight,MRK,equity,0.016666666666666666,2022-09-29,2023-09-29,252
2023-10-02,Combined Equal Weight,Combined equity + cryptocurrency,Equal Weight,MS,equity,0.016666666666666666,2022-09-29,2023-09-29,252
2023-10-02,Combined Equal Weight,Combined equity + cryptocurrency,Equal Weight,NEE,equity,0.016666666666666666,2022-09-29,2023-09-29,252
2023-10-02,Combined Equal Weight,Combined equity + cryptocurrency,Equal Weight,NEM,equity,0.016666666666666666,2022-09-29,2023-09-29,252
2023-10-02,Combined Equal Weight,Combined equity + cryptocurrency,Equal Weight,NKE,equity,0.016666666666666666,2022-09-29,2023-09-29,252
2023-10-02,Combined Equal Weight,Combined equity + cryptocurrency,Equal Weight,NUE,equity,0.016666666666666666,2022-09-29,2023-09-29,252
2023-10-02,Combined Equal Weight,Combined equity + cryptocurrency,Equal Weight,NVDA,equity,0.016666666666666666,2022-09-29,2023-09-29,252
2023-10-02,Combined Equal Weight,Combined equity + cryptocurrency,Equal Weight,O,equity,0.016666666666666666,2022-09-29,2023-09-29,252
2023-10-02,Combined Equal Weight,Combined equity + cryptocurrency,Equal Weight,OXY,equity,0.016666666666666666,2022-09-29,2023-09-29,252
2023-10-02,Combined Equal Weight,Combined equity + cryptocurrency,Equal Weight,PLD,equity,0.016666666666666666,2022-09-29,2023-09-29,252
2023-10-02,Combined Equal Weight,Combined equity + cryptocurrency,Equal Weight,PSA,equity,0.016666666666666666,2022-09-29,2023-09-29,252
2023-10-02,Combined Equal Weight,Combined equity + cryptocurrency,Equal Weight,QCOM,equity,0.016666666666666666,2022-09-29,2023-09-29,252
2023-10-02,Combined Equal Weight,Combined equity + cryptocurrency,Equal Weight,SBUX,equity,0.016666666666666666,2022-09-29,2023-09-29,252
2023-10-02,Combined Equal Weight,Combined equity + cryptocurrency,Equal Weight,SHW,equity,0.016666666666666666,2022-09-29,2023-09-29,252
2023-10-02,Combined Equal Weight,Combined equity + cryptocurrency,Equal Weight,SLB,equity,0.016666666666666666,2022-09-29,2023-09-29,252
2023-10-02,Combined Equal Weight,Combined equity + cryptocurrency,Equal Weight,SO,equity,0.016666666666666666,2022-09-29,2023-09-29,252
2023-10-02,Combined Equal Weight,Combined equity + cryptocurrency,Equal Weight,T,equity,0.016666666666666666,2022-09-29,2023-09-29,252
2023-10-02,Combined Equal Weight,Combined equity + cryptocurrency,Equal Weight,TMUS,equity,0.016666666666666666,2022-09-29,2023-09-29,252
2023-10-02,Combined Equal Weight,Combined equity + cryptocurrency,Equal Weight,TRX-USD,cryptocurrency,0.016666666666666666,2022-09-29,2023-09-29,252
2023-10-02,Combined Equal Weight,Combined equity + cryptocurrency,Equal Weight,TTWO,equity,0.016666666666666666,2022-09-29,2023-09-29,252
2023-10-02,Combined Equal Weight,Combined equity + cryptocurrency,Equal Weight,UPS,equity,0.016666666666666666,2022-09-29,2023-09-29,252
2023-10-02,Combined Equal Weight,Combined equity + cryptocurrency,Equal Weight,USB,equity,0.016666666666666666,2022-09-29,2023-09-29,252
2023-10-02,Combined Equal Weight,Combined equity + cryptocurrency,Equal Weight,V,equity,0.016666666666666666,2022-09-29,2023-09-29,252
2023-10-02,Combined Equal Weight,Combined equity + cryptocurrency,Equal Weight,WFC,equity,0.016666666666666666,2022-09-29,2023-09-29,252
2023-10-02,Combined Equal Weight,Combined equity + cryptocurrency,Equal Weight,WMT,equity,0.016666666666666666,2022-09-29,2023-09-29,252
2023-10-02,Combined Equal Weight,Combined equity + cryptocurrency,Equal Weight,XLM-USD,cryptocurrency,0.016666666666666666,2022-09-29,2023-09-29,252
2023-10-02,Combined Equal Weight,Combined equity + cryptocurrency,Equal Weight,XOM,equity,0.016666666666666666,2022-09-29,2023-09-29,252
2023-10-02,Combined Equal Weight,Combined equity + cryptocurrency,Equal Weight,XRP-USD,cryptocurrency,0.016666666666666666,2022-09-29,2023-09-29,252
2023-11-01,Combined Equal Weight,Combined equity + cryptocurrency,Equal Weight,ABBV,equity,0.016666666666666666,2022-10-31,2023-10-31,252
2023-11-01,Combined Equal Weight,Combined equity + cryptocurrency,Equal Weight,ABT,equity,0.016666666666666666,2022-10-31,2023-10-31,252
2023-11-01,Combined Equal Weight,Combined equity + cryptocurrency,Equal Weight,ADA-USD,cryptocurrency,0.016666666666666666,2022-10-31,2023-10-31,252
2023-11-01,Combined Equal Weight,Combined equity + cryptocurrency,Equal Weight,ADBE,equity,0.016666666666666666,2022-10-31,2023-10-31,252
2023-11-01,Combined Equal Weight,Combined equity + cryptocurrency,Equal Weight,AEP,equity,0.016666666666666666,2022-10-31,2023-10-31,252
2023-11-01,Combined Equal Weight,Combined equity + cryptocurrency,Equal Weight,AMD,equity,0.016666666666666666,2022-10-31,2023-10-31,252
2023-11-01,Combined Equal Weight,Combined equity + cryptocurrency,Equal Weight,AMGN,equity,0.016666666666666666,2022-10-31,2023-10-31,252
2023-11-01,Combined Equal Weight,Combined equity + cryptocurrency,Equal Weight,AMT,equity,0.016666666666666666,2022-10-31,2023-10-31,252
2023-11-01,Combined Equal Weight,Combined equity + cryptocurrency,Equal Weight,BA,equity,0.016666666666666666,2022-10-31,2023-10-31,252
2023-11-01,Combined Equal Weight,Combined equity + cryptocurrency,Equal Weight,BCH-USD,cryptocurrency,0.016666666666666666,2022-10-31,2023-10-31,252
2023-11-01,Combined Equal Weight,Combined equity + cryptocurrency,Equal Weight,BTC-USD,cryptocurrency,0.016666666666666666,2022-10-31,2023-10-31,252
2023-11-01,Combined Equal Weight,Combined equity + cryptocurrency,Equal Weight,CAT,equity,0.016666666666666666,2022-10-31,2023-10-31,252
2023-11-01,Combined Equal Weight,Combined equity + cryptocurrency,Equal Weight,CCI,equity,0.016666666666666666,2022-10-31,2023-10-31,252
2023-11-01,Combined Equal Weight,Combined equity + cryptocurrency,Equal Weight,CMCSA,equity,0.016666666666666666,2022-10-31,2023-10-31,252
2023-11-01,Combined Equal Weight,Combined equity + cryptocurrency,Equal Weight,COP,equity,0.016666666666666666,2022-10-31,2023-10-31,252
2023-11-01,Combined Equal Weight,Combined equity + cryptocurrency,Equal Weight,CVX,equity,0.016666666666666666,2022-10-31,2023-10-31,252
2023-11-01,Combined Equal Weight,Combined equity + cryptocurrency,Equal Weight,D,equity,0.016666666666666666,2022-10-31,2023-10-31,252
2023-11-01,Combined Equal Weight,Combined equity + cryptocurrency,Equal Weight,DD,equity,0.016666666666666666,2022-10-31,2023-10-31,252
2023-11-01,Combined Equal Weight,Combined equity + cryptocurrency,Equal Weight,DIS,equity,0.016666666666666666,2022-10-31,2023-10-31,252
2023-11-01,Combined Equal Weight,Combined equity + cryptocurrency,Equal Weight,DOW,equity,0.016666666666666666,2022-10-31,2023-10-31,252
2023-11-01,Combined Equal Weight,Combined equity + cryptocurrency,Equal Weight,DUK,equity,0.016666666666666666,2022-10-31,2023-10-31,252
2023-11-01,Combined Equal Weight,Combined equity + cryptocurrency,Equal Weight,EA,equity,0.016666666666666666,2022-10-31,2023-10-31,252
2023-11-01,Combined Equal Weight,Combined equity + cryptocurrency,Equal Weight,EOS-USD,cryptocurrency,0.016666666666666666,2022-10-31,2023-10-31,252
2023-11-01,Combined Equal Weight,Combined equity + cryptocurrency,Equal Weight,ETC-USD,cryptocurrency,0.016666666666666666,2022-10-31,2023-10-31,252
2023-11-01,Combined Equal Weight,Combined equity + cryptocurrency,Equal Weight,ETH-USD,cryptocurrency,0.016666666666666666,2022-10-31,2023-10-31,252
2023-11-01,Combined Equal Weight,Combined equity + cryptocurrency,Equal Weight,GE,equity,0.016666666666666666,2022-10-31,2023-10-31,252
2023-11-01,Combined Equal Weight,Combined equity + cryptocurrency,Equal Weight,GILD,equity,0.016666666666666666,2022-10-31,2023-10-31,252
2023-11-01,Combined Equal Weight,Combined equity + cryptocurrency,Equal Weight,GS,equity,0.016666666666666666,2022-10-31,2023-10-31,252
2023-11-01,Combined Equal Weight,Combined equity + cryptocurrency,Equal Weight,INTC,equity,0.016666666666666666,2022-10-31,2023-10-31,252
2023-11-01,Combined Equal Weight,Combined equity + cryptocurrency,Equal Weight,KO,equity,0.016666666666666666,2022-10-31,2023-10-31,252
2023-11-01,Combined Equal Weight,Combined equity + cryptocurrency,Equal Weight,LTC-USD,cryptocurrency,0.016666666666666666,2022-10-31,2023-10-31,252
2023-11-01,Combined Equal Weight,Combined equity + cryptocurrency,Equal Weight,MMM,equity,0.016666666666666666,2022-10-31,2023-10-31,252
2023-11-01,Combined Equal Weight,Combined equity + cryptocurrency,Equal Weight,MRK,equity,0.016666666666666666,2022-10-31,2023-10-31,252
2023-11-01,Combined Equal Weight,Combined equity + cryptocurrency,Equal Weight,MS,equity,0.016666666666666666,2022-10-31,2023-10-31,252
2023-11-01,Combined Equal Weight,Combined equity + cryptocurrency,Equal Weight,NEE,equity,0.016666666666666666,2022-10-31,2023-10-31,252
2023-11-01,Combined Equal Weight,Combined equity + cryptocurrency,Equal Weight,NEM,equity,0.016666666666666666,2022-10-31,2023-10-31,252
2023-11-01,Combined Equal Weight,Combined equity + cryptocurrency,Equal Weight,NKE,equity,0.016666666666666666,2022-10-31,2023-10-31,252
2023-11-01,Combined Equal Weight,Combined equity + cryptocurrency,Equal Weight,NUE,equity,0.016666666666666666,2022-10-31,2023-10-31,252
2023-11-01,Combined Equal Weight,Combined equity + cryptocurrency,Equal Weight,NVDA,equity,0.016666666666666666,2022-10-31,2023-10-31,252
2023-11-01,Combined Equal Weight,Combined equity + cryptocurrency,Equal Weight,O,equity,0.016666666666666666,2022-10-31,2023-10-31,252
2023-11-01,Combined Equal Weight,Combined equity + cryptocurrency,Equal Weight,OXY,equity,0.016666666666666666,2022-10-31,2023-10-31,252
2023-11-01,Combined Equal Weight,Combined equity + cryptocurrency,Equal Weight,PLD,equity,0.016666666666666666,2022-10-31,2023-10-31,252
2023-11-01,Combined Equal Weight,Combined equity + cryptocurrency,Equal Weight,PSA,equity,0.016666666666666666,2022-10-31,2023-10-31,252
2023-11-01,Combined Equal Weight,Combined equity + cryptocurrency,Equal Weight,QCOM,equity,0.016666666666666666,2022-10-31,2023-10-31,252
2023-11-01,Combined Equal Weight,Combined equity + cryptocurrency,Equal Weight,SBUX,equity,0.016666666666666666,2022-10-31,2023-10-31,252
2023-11-01,Combined Equal Weight,Combined equity + cryptocurrency,Equal Weight,SHW,equity,0.016666666666666666,2022-10-31,2023-10-31,252
2023-11-01,Combined Equal Weight,Combined equity + cryptocurrency,Equal Weight,SLB,equity,0.016666666666666666,2022-10-31,2023-10-31,252
2023-11-01,Combined Equal Weight,Combined equity + cryptocurrency,Equal Weight,SO,equity,0.016666666666666666,2022-10-31,2023-10-31,252
2023-11-01,Combined Equal Weight,Combined equity + cryptocurrency,Equal Weight,T,equity,0.016666666666666666,2022-10-31,2023-10-31,252
2023-11-01,Combined Equal Weight,Combined equity + cryptocurrency,Equal Weight,TMUS,equity,0.016666666666666666,2022-10-31,2023-10-31,252
2023-11-01,Combined Equal Weight,Combined equity + cryptocurrency,Equal Weight,TRX-USD,cryptocurrency,0.016666666666666666,2022-10-31,2023-10-31,252
2023-11-01,Combined Equal Weight,Combined equity + cryptocurrency,Equal Weight,TTWO,equity,0.016666666666666666,2022-10-31,2023-10-31,252
2023-11-01,Combined Equal Weight,Combined equity + cryptocurrency,Equal Weight,UPS,equity,0.016666666666666666,2022-10-31,2023-10-31,252
2023-11-01,Combined Equal Weight,Combined equity + cryptocurrency,Equal Weight,USB,equity,0.016666666666666666,2022-10-31,2023-10-31,252
2023-11-01,Combined Equal Weight,Combined equity + cryptocurrency,Equal Weight,V,equity,0.016666666666666666,2022-10-31,2023-10-31,252
2023-11-01,Combined Equal Weight,Combined equity + cryptocurrency,Equal Weight,WFC,equity,0.016666666666666666,2022-10-31,2023-10-31,252
2023-11-01,Combined Equal Weight,Combined equity + cryptocurrency,Equal Weight,WMT,equity,0.016666666666666666,2022-10-31,2023-10-31,252
2023-11-01,Combined Equal Weight,Combined equity + cryptocurrency,Equal Weight,XLM-USD,cryptocurrency,0.016666666666666666,2022-10-31,2023-10-31,252
2023-11-01,Combined Equal Weight,Combined equity + cryptocurrency,Equal Weight,XOM,equity,0.016666666666666666,2022-10-31,2023-10-31,252
2023-11-01,Combined Equal Weight,Combined equity + cryptocurrency,Equal Weight,XRP-USD,cryptocurrency,0.016666666666666666,2022-10-31,2023-10-31,252
2023-12-01,Combined Equal Weight,Combined equity + cryptocurrency,Equal Weight,ABBV,equity,0.016666666666666666,2022-11-30,2023-11-30,252
2023-12-01,Combined Equal Weight,Combined equity + cryptocurrency,Equal Weight,ABT,equity,0.016666666666666666,2022-11-30,2023-11-30,252
2023-12-01,Combined Equal Weight,Combined equity + cryptocurrency,Equal Weight,ADA-USD,cryptocurrency,0.016666666666666666,2022-11-30,2023-11-30,252
2023-12-01,Combined Equal Weight,Combined equity + cryptocurrency,Equal Weight,ADBE,equity,0.016666666666666666,2022-11-30,2023-11-30,252
2023-12-01,Combined Equal Weight,Combined equity + cryptocurrency,Equal Weight,AEP,equity,0.016666666666666666,2022-11-30,2023-11-30,252
2023-12-01,Combined Equal Weight,Combined equity + cryptocurrency,Equal Weight,AMD,equity,0.016666666666666666,2022-11-30,2023-11-30,252
2023-12-01,Combined Equal Weight,Combined equity + cryptocurrency,Equal Weight,AMGN,equity,0.016666666666666666,2022-11-30,2023-11-30,252
2023-12-01,Combined Equal Weight,Combined equity + cryptocurrency,Equal Weight,AMT,equity,0.016666666666666666,2022-11-30,2023-11-30,252
2023-12-01,Combined Equal Weight,Combined equity + cryptocurrency,Equal Weight,BA,equity,0.016666666666666666,2022-11-30,2023-11-30,252
2023-12-01,Combined Equal Weight,Combined equity + cryptocurrency,Equal Weight,BCH-USD,cryptocurrency,0.016666666666666666,2022-11-30,2023-11-30,252
2023-12-01,Combined Equal Weight,Combined equity + cryptocurrency,Equal Weight,BTC-USD,cryptocurrency,0.016666666666666666,2022-11-30,2023-11-30,252
2023-12-01,Combined Equal Weight,Combined equity + cryptocurrency,Equal Weight,CAT,equity,0.016666666666666666,2022-11-30,2023-11-30,252
2023-12-01,Combined Equal Weight,Combined equity + cryptocurrency,Equal Weight,CCI,equity,0.016666666666666666,2022-11-30,2023-11-30,252
2023-12-01,Combined Equal Weight,Combined equity + cryptocurrency,Equal Weight,CMCSA,equity,0.016666666666666666,2022-11-30,2023-11-30,252
2023-12-01,Combined Equal Weight,Combined equity + cryptocurrency,Equal Weight,COP,equity,0.016666666666666666,2022-11-30,2023-11-30,252
2023-12-01,Combined Equal Weight,Combined equity + cryptocurrency,Equal Weight,CVX,equity,0.016666666666666666,2022-11-30,2023-11-30,252
2023-12-01,Combined Equal Weight,Combined equity + cryptocurrency,Equal Weight,D,equity,0.016666666666666666,2022-11-30,2023-11-30,252
2023-12-01,Combined Equal Weight,Combined equity + cryptocurrency,Equal Weight,DD,equity,0.016666666666666666,2022-11-30,2023-11-30,252
2023-12-01,Combined Equal Weight,Combined equity + cryptocurrency,Equal Weight,DIS,equity,0.016666666666666666,2022-11-30,2023-11-30,252
2023-12-01,Combined Equal Weight,Combined equity + cryptocurrency,Equal Weight,DOW,equity,0.016666666666666666,2022-11-30,2023-11-30,252
2023-12-01,Combined Equal Weight,Combined equity + cryptocurrency,Equal Weight,DUK,equity,0.016666666666666666,2022-11-30,2023-11-30,252
2023-12-01,Combined Equal Weight,Combined equity + cryptocurrency,Equal Weight,EA,equity,0.016666666666666666,2022-11-30,2023-11-30,252
2023-12-01,Combined Equal Weight,Combined equity + cryptocurrency,Equal Weight,EOS-USD,cryptocurrency,0.016666666666666666,2022-11-30,2023-11-30,252
2023-12-01,Combined Equal Weight,Combined equity + cryptocurrency,Equal Weight,ETC-USD,cryptocurrency,0.016666666666666666,2022-11-30,2023-11-30,252
2023-12-01,Combined Equal Weight,Combined equity + cryptocurrency,Equal Weight,ETH-USD,cryptocurrency,0.016666666666666666,2022-11-30,2023-11-30,252
2023-12-01,Combined Equal Weight,Combined equity + cryptocurrency,Equal Weight,GE,equity,0.016666666666666666,2022-11-30,2023-11-30,252
2023-12-01,Combined Equal Weight,Combined equity + cryptocurrency,Equal Weight,GILD,equity,0.016666666666666666,2022-11-30,2023-11-30,252
2023-12-01,Combined Equal Weight,Combined equity + cryptocurrency,Equal Weight,GS,equity,0.016666666666666666,2022-11-30,2023-11-30,252
2023-12-01,Combined Equal Weight,Combined equity + cryptocurrency,Equal Weight,INTC,equity,0.016666666666666666,2022-11-30,2023-11-30,252
2023-12-01,Combined Equal Weight,Combined equity + cryptocurrency,Equal Weight,KO,equity,0.016666666666666666,2022-11-30,2023-11-30,252
2023-12-01,Combined Equal Weight,Combined equity + cryptocurrency,Equal Weight,LTC-USD,cryptocurrency,0.016666666666666666,2022-11-30,2023-11-30,252
2023-12-01,Combined Equal Weight,Combined equity + cryptocurrency,Equal Weight,MMM,equity,0.016666666666666666,2022-11-30,2023-11-30,252
2023-12-01,Combined Equal Weight,Combined equity + cryptocurrency,Equal Weight,MRK,equity,0.016666666666666666,2022-11-30,2023-11-30,252
2023-12-01,Combined Equal Weight,Combined equity + cryptocurrency,Equal Weight,MS,equity,0.016666666666666666,2022-11-30,2023-11-30,252
2023-12-01,Combined Equal Weight,Combined equity + cryptocurrency,Equal Weight,NEE,equity,0.016666666666666666,2022-11-30,2023-11-30,252
2023-12-01,Combined Equal Weight,Combined equity + cryptocurrency,Equal Weight,NEM,equity,0.016666666666666666,2022-11-30,2023-11-30,252
2023-12-01,Combined Equal Weight,Combined equity + cryptocurrency,Equal Weight,NKE,equity,0.016666666666666666,2022-11-30,2023-11-30,252
2023-12-01,Combined Equal Weight,Combined equity + cryptocurrency,Equal Weight,NUE,equity,0.016666666666666666,2022-11-30,2023-11-30,252
2023-12-01,Combined Equal Weight,Combined equity + cryptocurrency,Equal Weight,NVDA,equity,0.016666666666666666,2022-11-30,2023-11-30,252
2023-12-01,Combined Equal Weight,Combined equity + cryptocurrency,Equal Weight,O,equity,0.016666666666666666,2022-11-30,2023-11-30,252
2023-12-01,Combined Equal Weight,Combined equity + cryptocurrency,Equal Weight,OXY,equity,0.016666666666666666,2022-11-30,2023-11-30,252
2023-12-01,Combined Equal Weight,Combined equity + cryptocurrency,Equal Weight,PLD,equity,0.016666666666666666,2022-11-30,2023-11-30,252
2023-12-01,Combined Equal Weight,Combined equity + cryptocurrency,Equal Weight,PSA,equity,0.016666666666666666,2022-11-30,2023-11-30,252
2023-12-01,Combined Equal Weight,Combined equity + cryptocurrency,Equal Weight,QCOM,equity,0.016666666666666666,2022-11-30,2023-11-30,252
2023-12-01,Combined Equal Weight,Combined equity + cryptocurrency,Equal Weight,SBUX,equity,0.016666666666666666,2022-11-30,2023-11-30,252
2023-12-01,Combined Equal Weight,Combined equity + cryptocurrency,Equal Weight,SHW,equity,0.016666666666666666,2022-11-30,2023-11-30,252
2023-12-01,Combined Equal Weight,Combined equity + cryptocurrency,Equal Weight,SLB,equity,0.016666666666666666,2022-11-30,2023-11-30,252
2023-12-01,Combined Equal Weight,Combined equity + cryptocurrency,Equal Weight,SO,equity,0.016666666666666666,2022-11-30,2023-11-30,252
2023-12-01,Combined Equal Weight,Combined equity + cryptocurrency,Equal Weight,T,equity,0.016666666666666666,2022-11-30,2023-11-30,252
2023-12-01,Combined Equal Weight,Combined equity + cryptocurrency,Equal Weight,TMUS,equity,0.016666666666666666,2022-11-30,2023-11-30,252
2023-12-01,Combined Equal Weight,Combined equity + cryptocurrency,Equal Weight,TRX-USD,cryptocurrency,0.016666666666666666,2022-11-30,2023-11-30,252
2023-12-01,Combined Equal Weight,Combined equity + cryptocurrency,Equal Weight,TTWO,equity,0.016666666666666666,2022-11-30,2023-11-30,252
2023-12-01,Combined Equal Weight,Combined equity + cryptocurrency,Equal Weight,UPS,equity,0.016666666666666666,2022-11-30,2023-11-30,252
2023-12-01,Combined Equal Weight,Combined equity + cryptocurrency,Equal Weight,USB,equity,0.016666666666666666,2022-11-30,2023-11-30,252
2023-12-01,Combined Equal Weight,Combined equity + cryptocurrency,Equal Weight,V,equity,0.016666666666666666,2022-11-30,2023-11-30,252
2023-12-01,Combined Equal Weight,Combined equity + cryptocurrency,Equal Weight,WFC,equity,0.016666666666666666,2022-11-30,2023-11-30,252
2023-12-01,Combined Equal Weight,Combined equity + cryptocurrency,Equal Weight,WMT,equity,0.016666666666666666,2022-11-30,2023-11-30,252
2023-12-01,Combined Equal Weight,Combined equity + cryptocurrency,Equal Weight,XLM-USD,cryptocurrency,0.016666666666666666,2022-11-30,2023-11-30,252
2023-12-01,Combined Equal Weight,Combined equity + cryptocurrency,Equal Weight,XOM,equity,0.016666666666666666,2022-11-30,2023-11-30,252
2023-12-01,Combined Equal Weight,Combined equity + cryptocurrency,Equal Weight,XRP-USD,cryptocurrency,0.016666666666666666,2022-11-30,2023-11-30,252
2021-01-04,Combined Risk Parity,Combined equity + cryptocurrency,Risk Parity,ABBV,equity,0.024142810114146478,2020-01-03,2020-12-31,252
2021-01-04,Combined Risk Parity,Combined equity + cryptocurrency,Risk Parity,ABT,equity,0.020437569151463116,2020-01-03,2020-12-31,252
2021-01-04,Combined Risk Parity,Combined equity + cryptocurrency,Risk Parity,ADA-USD,cryptocurrency,0.010344042265784767,2020-01-03,2020-12-31,252
2021-01-04,Combined Risk Parity,Combined equity + cryptocurrency,Risk Parity,ADBE,equity,0.016326134798802804,2020-01-03,2020-12-31,252
2021-01-04,Combined Risk Parity,Combined equity + cryptocurrency,Risk Parity,AEP,equity,0.021688744494344565,2020-01-03,2020-12-31,252
2021-01-04,Combined Risk Parity,Combined equity + cryptocurrency,Risk Parity,AMD,equity,0.014850031021011553,2020-01-03,2020-12-31,252
2021-01-04,Combined Risk Parity,Combined equity + cryptocurrency,Risk Parity,AMGN,equity,0.021346960831144547,2020-01-03,2020-12-31,252
2021-01-04,Combined Risk Parity,Combined equity + cryptocurrency,Risk Parity,AMT,equity,0.016937544297061635,2020-01-03,2020-12-31,252
2021-01-04,Combined Risk Parity,Combined equity + cryptocurrency,Risk Parity,BA,equity,0.009661225200544183,2020-01-03,2020-12-31,252
2021-01-04,Combined Risk Parity,Combined equity + cryptocurrency,Risk Parity,BCH-USD,cryptocurrency,0.011242594578752745,2020-01-03,2020-12-31,252
2021-01-04,Combined Risk Parity,Combined equity + cryptocurrency,Risk Parity,BTC-USD,cryptocurrency,0.014738472010102484,2020-01-03,2020-12-31,252
2021-01-04,Combined Risk Parity,Combined equity + cryptocurrency,Risk Parity,CAT,equity,0.016477014662169186,2020-01-03,2020-12-31,252
2021-01-04,Combined Risk Parity,Combined equity + cryptocurrency,Risk Parity,CCI,equity,0.018053037978094245,2020-01-03,2020-12-31,252
2021-01-04,Combined Risk Parity,Combined equity + cryptocurrency,Risk Parity,CMCSA,equity,0.01804132957317303,2020-01-03,2020-12-31,252
2021-01-04,Combined Risk Parity,Combined equity + cryptocurrency,Risk Parity,COP,equity,0.011119592741673328,2020-01-03,2020-12-31,252
2021-01-04,Combined Risk Parity,Combined equity + cryptocurrency,Risk Parity,CVX,equity,0.01216966132506428,2020-01-03,2020-12-31,252
2021-01-04,Combined Risk Parity,Combined equity + cryptocurrency,Risk Parity,D,equity,0.017667212475131817,2020-01-03,2020-12-31,252
2021-01-04,Combined Risk Parity,Combined equity + cryptocurrency,Risk Parity,DD,equity,0.014303834124244671,2020-01-03,2020-12-31,252
2021-01-04,Combined Risk Parity,Combined equity + cryptocurrency,Risk Parity,DIS,equity,0.015628087993437737,2020-01-03,2020-12-31,252
2021-01-04,Combined Risk Parity,Combined equity + cryptocurrency,Risk Parity,DOW,equity,0.012027675713436043,2020-01-03,2020-12-31,252
2021-01-04,Combined Risk Parity,Combined equity + cryptocurrency,Risk Parity,DUK,equity,0.01719895681158781,2020-01-03,2020-12-31,252
2021-01-04,Combined Risk Parity,Combined equity + cryptocurrency,Risk Parity,EA,equity,0.028028782135763566,2020-01-03,2020-12-31,252
2021-01-04,Combined Risk Parity,Combined equity + cryptocurrency,Risk Parity,EOS-USD,cryptocurrency,0.01193158306669046,2020-01-03,2020-12-31,252
2021-01-04,Combined Risk Parity,Combined equity + cryptocurrency,Risk Parity,ETC-USD,cryptocurrency,0.012162791769866338,2020-01-03,2020-12-31,252
2021-01-04,Combined Risk Parity,Combined equity + cryptocurrency,Risk Parity,ETH-USD,cryptocurrency,0.011023570818353064,2020-01-03,2020-12-31,252
2021-01-04,Combined Risk Parity,Combined equity + cryptocurrency,Risk Parity,GE,equity,0.013360665682702591,2020-01-03,2020-12-31,252
2021-01-04,Combined Risk Parity,Combined equity + cryptocurrency,Risk Parity,GILD,equity,0.03296529850913512,2020-01-03,2020-12-31,252
2021-01-04,Combined Risk Parity,Combined equity + cryptocurrency,Risk Parity,GS,equity,0.013196510525892893,2020-01-03,2020-12-31,252
2021-01-04,Combined Risk Parity,Combined equity + cryptocurrency,Risk Parity,INTC,equity,0.014456565084767016,2020-01-03,2020-12-31,252
2021-01-04,Combined Risk Parity,Combined equity + cryptocurrency,Risk Parity,KO,equity,0.020452091655142914,2020-01-03,2020-12-31,252
2021-01-04,Combined Risk Parity,Combined equity + cryptocurrency,Risk Parity,LTC-USD,cryptocurrency,0.011610594895219256,2020-01-03,2020-12-31,252
2021-01-04,Combined Risk Parity,Combined equity + cryptocurrency,Risk Parity,MMM,equity,0.01994809405353104,2020-01-03,2020-12-31,252
2021-01-04,Combined Risk Parity,Combined equity + cryptocurrency,Risk Parity,MRK,equity,0.02459994846070248,2020-01-03,2020-12-31,252
2021-01-04,Combined Risk Parity,Combined equity + cryptocurrency,Risk Parity,MS,equity,0.011707824587533009,2020-01-03,2020-12-31,252
2021-01-04,Combined Risk Parity,Combined equity + cryptocurrency,Risk Parity,NEE,equity,0.01730391702226026,2020-01-03,2020-12-31,252
2021-01-04,Combined Risk Parity,Combined equity + cryptocurrency,Risk Parity,NEM,equity,0.03486163382838001,2020-01-03,2020-12-31,252
2021-01-04,Combined Risk Parity,Combined equity + cryptocurrency,Risk Parity,NKE,equity,0.018324328275446243,2020-01-03,2020-12-31,252
2021-01-04,Combined Risk Parity,Combined equity + cryptocurrency,Risk Parity,NUE,equity,0.014274668043861521,2020-01-03,2020-12-31,252
2021-01-04,Combined Risk Parity,Combined equity + cryptocurrency,Risk Parity,NVDA,equity,0.013271712373327369,2020-01-03,2020-12-31,252
2021-01-04,Combined Risk Parity,Combined equity + cryptocurrency,Risk Parity,O,equity,0.014038415512812963,2020-01-03,2020-12-31,252
2021-01-04,Combined Risk Parity,Combined equity + cryptocurrency,Risk Parity,OXY,equity,0.009044781858594841,2020-01-03,2020-12-31,252
2021-01-04,Combined Risk Parity,Combined equity + cryptocurrency,Risk Parity,PLD,equity,0.015402362783149149,2020-01-03,2020-12-31,252
2021-01-04,Combined Risk Parity,Combined equity + cryptocurrency,Risk Parity,PSA,equity,0.022741653229287655,2020-01-03,2020-12-31,252
2021-01-04,Combined Risk Parity,Combined equity + cryptocurrency,Risk Parity,QCOM,equity,0.014887317233648207,2020-01-03,2020-12-31,252
2021-01-04,Combined Risk Parity,Combined equity + cryptocurrency,Risk Parity,SBUX,equity,0.015190283017367516,2020-01-03,2020-12-31,252
2021-01-04,Combined Risk Parity,Combined equity + cryptocurrency,Risk Parity,SHW,equity,0.01749584490715328,2020-01-03,2020-12-31,252
2021-01-04,Combined Risk Parity,Combined equity + cryptocurrency,Risk Parity,SLB,equity,0.01075701569454454,2020-01-03,2020-12-31,252
2021-01-04,Combined Risk Parity,Combined equity + cryptocurrency,Risk Parity,SO,equity,0.01611440220774423,2020-01-03,2020-12-31,252
2021-01-04,Combined Risk Parity,Combined equity + cryptocurrency,Risk Parity,T,equity,0.019609540396382668,2020-01-03,2020-12-31,252
2021-01-04,Combined Risk Parity,Combined equity + cryptocurrency,Risk Parity,TMUS,equity,0.01919311433221189,2020-01-03,2020-12-31,252
2021-01-04,Combined Risk Parity,Combined equity + cryptocurrency,Risk Parity,TRX-USD,cryptocurrency,0.012645816013802855,2020-01-03,2020-12-31,252
2021-01-04,Combined Risk Parity,Combined equity + cryptocurrency,Risk Parity,TTWO,equity,0.026263065058708474,2020-01-03,2020-12-31,252
2021-01-04,Combined Risk Parity,Combined equity + cryptocurrency,Risk Parity,UPS,equity,0.02137338155128593,2020-01-03,2020-12-31,252
2021-01-04,Combined Risk Parity,Combined equity + cryptocurrency,Risk Parity,USB,equity,0.012751317280506083,2020-01-03,2020-12-31,252
2021-01-04,Combined Risk Parity,Combined equity + cryptocurrency,Risk Parity,V,equity,0.015347638076975598,2020-01-03,2020-12-31,252
2021-01-04,Combined Risk Parity,Combined equity + cryptocurrency,Risk Parity,WFC,equity,0.012032261784450217,2020-01-03,2020-12-31,252
2021-01-04,Combined Risk Parity,Combined equity + cryptocurrency,Risk Parity,WMT,equity,0.030136025997761037,2020-01-03,2020-12-31,252
2021-01-04,Combined Risk Parity,Combined equity + cryptocurrency,Risk Parity,XLM-USD,cryptocurrency,0.010840873540686252,2020-01-03,2020-12-31,252
2021-01-04,Combined Risk Parity,Combined equity + cryptocurrency,Risk Parity,XOM,equity,0.01460463224178722,2020-01-03,2020-12-31,252
2021-01-04,Combined Risk Parity,Combined equity + cryptocurrency,Risk Parity,XRP-USD,cryptocurrency,0.011647144331393165,2020-01-03,2020-12-31,252
2021-02-01,Combined Risk Parity,Combined equity + cryptocurrency,Risk Parity,ABBV,equity,0.023870097573887424,2020-01-31,2021-01-29,252
2021-02-01,Combined Risk Parity,Combined equity + cryptocurrency,Risk Parity,ABT,equity,0.02061562031356991,2020-01-31,2021-01-29,252
2021-02-01,Combined Risk Parity,Combined equity + cryptocurrency,Risk Parity,ADA-USD,cryptocurrency,0.009847674699102757,2020-01-31,2021-01-29,252
2021-02-01,Combined Risk Parity,Combined equity + cryptocurrency,Risk Parity,ADBE,equity,0.01651941577384145,2020-01-31,2021-01-29,252
2021-02-01,Combined Risk Parity,Combined equity + cryptocurrency,Risk Parity,AEP,equity,0.022000756000547832,2020-01-31,2021-01-29,252
2021-02-01,Combined Risk Parity,Combined equity + cryptocurrency,Risk Parity,AMD,equity,0.015170935134464323,2020-01-31,2021-01-29,252
2021-02-01,Combined Risk Parity,Combined equity + cryptocurrency,Risk Parity,AMGN,equity,0.021480410983030853,2020-01-31,2021-01-29,252
2021-02-01,Combined Risk Parity,Combined equity + cryptocurrency,Risk Parity,AMT,equity,0.017189761456914466,2020-01-31,2021-01-29,252
2021-02-01,Combined Risk Parity,Combined equity + cryptocurrency,Risk Parity,BA,equity,0.009657023270410852,2020-01-31,2021-01-29,252
2021-02-01,Combined Risk Parity,Combined equity + cryptocurrency,Risk Parity,BCH-USD,cryptocurrency,0.011043005027218838,2020-01-31,2021-01-29,252
2021-02-01,Combined Risk Parity,Combined equity + cryptocurrency,Risk Parity,BTC-USD,cryptocurrency,0.013957153360843315,2020-01-31,2021-01-29,252
2021-02-01,Combined Risk Parity,Combined equity + cryptocurrency,Risk Parity,CAT,equity,0.016415753983765165,2020-01-31,2021-01-29,252
2021-02-01,Combined Risk Parity,Combined equity + cryptocurrency,Risk Parity,CCI,equity,0.018368363253920068,2020-01-31,2021-01-29,252
2021-02-01,Combined Risk Parity,Combined equity + cryptocurrency,Risk Parity,CMCSA,equity,0.01800554781047632,2020-01-31,2021-01-29,252
2021-02-01,Combined Risk Parity,Combined equity + cryptocurrency,Risk Parity,COP,equity,0.01108105227861257,2020-01-31,2021-01-29,252
2021-02-01,Combined Risk Parity,Combined equity + cryptocurrency,Risk Parity,CVX,equity,0.01215416977865737,2020-01-31,2021-01-29,252
2021-02-01,Combined Risk Parity,Combined equity + cryptocurrency,Risk Parity,D,equity,0.017980634531992928,2020-01-31,2021-01-29,252
2021-02-01,Combined Risk Parity,Combined equity + cryptocurrency,Risk Parity,DD,equity,0.014128495427085025,2020-01-31,2021-01-29,252
2021-02-01,Combined Risk Parity,Combined equity + cryptocurrency,Risk Parity,DIS,equity,0.015619423280546019,2020-01-31,2021-01-29,252
2021-02-01,Combined Risk Parity,Combined equity + cryptocurrency,Risk Parity,DOW,equity,0.01201821639453685,2020-01-31,2021-01-29,252
2021-02-01,Combined Risk Parity,Combined equity + cryptocurrency,Risk Parity,DUK,equity,0.017412019526578327,2020-01-31,2021-01-29,252
2021-02-01,Combined Risk Parity,Combined equity + cryptocurrency,Risk Parity,EA,equity,0.028933800706959938,2020-01-31,2021-01-29,252
2021-02-01,Combined Risk Parity,Combined equity + cryptocurrency,Risk Parity,EOS-USD,cryptocurrency,0.011774707117867763,2020-01-31,2021-01-29,252
2021-02-01,Combined Risk Parity,Combined equity + cryptocurrency,Risk Parity,ETC-USD,cryptocurrency,0.012183106976157664,2020-01-31,2021-01-29,252
2021-02-01,Combined Risk Parity,Combined equity + cryptocurrency,Risk Parity,ETH-USD,cryptocurrency,0.010663908150952566,2020-01-31,2021-01-29,252
2021-02-01,Combined Risk Parity,Combined equity + cryptocurrency,Risk Parity,GE,equity,0.01341026420576363,2020-01-31,2021-01-29,252
2021-02-01,Combined Risk Parity,Combined equity + cryptocurrency,Risk Parity,GILD,equity,0.03257237617470129,2020-01-31,2021-01-29,252
2021-02-01,Combined Risk Parity,Combined equity + cryptocurrency,Risk Parity,GS,equity,0.013253638252705669,2020-01-31,2021-01-29,252
2021-02-01,Combined Risk Parity,Combined equity + cryptocurrency,Risk Parity,INTC,equity,0.0145106314946415,2020-01-31,2021-01-29,252
2021-02-01,Combined Risk Parity,Combined equity + cryptocurrency,Risk Parity,KO,equity,0.020809638133684697,2020-01-31,2021-01-29,252
2021-02-01,Combined Risk Parity,Combined equity + cryptocurrency,Risk Parity,LTC-USD,cryptocurrency,0.011308638172662719,2020-01-31,2021-01-29,252
2021-02-01,Combined Risk Parity,Combined equity + cryptocurrency,Risk Parity,MMM,equity,0.02058525632554505,2020-01-31,2021-01-29,252
2021-02-01,Combined Risk Parity,Combined equity + cryptocurrency,Risk Parity,MRK,equity,0.024618090093374387,2020-01-31,2021-01-29,252
2021-02-01,Combined Risk Parity,Combined equity + cryptocurrency,Risk Parity,MS,equity,0.011727815118309077,2020-01-31,2021-01-29,252
2021-02-01,Combined Risk Parity,Combined equity + cryptocurrency,Risk Parity,NEE,equity,0.016851522110369433,2020-01-31,2021-01-29,252
2021-02-01,Combined Risk Parity,Combined equity + cryptocurrency,Risk Parity,NEM,equity,0.03378319001617522,2020-01-31,2021-01-29,252
2021-02-01,Combined Risk Parity,Combined equity + cryptocurrency,Risk Parity,NKE,equity,0.018355110990873665,2020-01-31,2021-01-29,252
2021-02-01,Combined Risk Parity,Combined equity + cryptocurrency,Risk Parity,NUE,equity,0.014328105926985281,2020-01-31,2021-01-29,252
2021-02-01,Combined Risk Parity,Combined equity + cryptocurrency,Risk Parity,NVDA,equity,0.013547498305989624,2020-01-31,2021-01-29,252
2021-02-01,Combined Risk Parity,Combined equity + cryptocurrency,Risk Parity,O,equity,0.014271326078287348,2020-01-31,2021-01-29,252
2021-02-01,Combined Risk Parity,Combined equity + cryptocurrency,Risk Parity,OXY,equity,0.009037397912603926,2020-01-31,2021-01-29,252
2021-02-01,Combined Risk Parity,Combined equity + cryptocurrency,Risk Parity,PLD,equity,0.015578438668512657,2020-01-31,2021-01-29,252
2021-02-01,Combined Risk Parity,Combined equity + cryptocurrency,Risk Parity,PSA,equity,0.02316242780070209,2020-01-31,2021-01-29,252
2021-02-01,Combined Risk Parity,Combined equity + cryptocurrency,Risk Parity,QCOM,equity,0.014897167812764189,2020-01-31,2021-01-29,252
2021-02-01,Combined Risk Parity,Combined equity + cryptocurrency,Risk Parity,SBUX,equity,0.015147599516895593,2020-01-31,2021-01-29,252
2021-02-01,Combined Risk Parity,Combined equity + cryptocurrency,Risk Parity,SHW,equity,0.01780718669209197,2020-01-31,2021-01-29,252
2021-02-01,Combined Risk Parity,Combined equity + cryptocurrency,Risk Parity,SLB,equity,0.010678984543706138,2020-01-31,2021-01-29,252
2021-02-01,Combined Risk Parity,Combined equity + cryptocurrency,Risk Parity,SO,equity,0.01613335089973006,2020-01-31,2021-01-29,252
2021-02-01,Combined Risk Parity,Combined equity + cryptocurrency,Risk Parity,T,equity,0.019886527075049638,2020-01-31,2021-01-29,252
2021-02-01,Combined Risk Parity,Combined equity + cryptocurrency,Risk Parity,TMUS,equity,0.01902870169593209,2020-01-31,2021-01-29,252
2021-02-01,Combined Risk Parity,Combined equity + cryptocurrency,Risk Parity,TRX-USD,cryptocurrency,0.012869583904804423,2020-01-31,2021-01-29,252
2021-02-01,Combined Risk Parity,Combined equity + cryptocurrency,Risk Parity,TTWO,equity,0.026214848111951104,2020-01-31,2021-01-29,252
2021-02-01,Combined Risk Parity,Combined equity + cryptocurrency,Risk Parity,UPS,equity,0.021595458178466122,2020-01-31,2021-01-29,252
2021-02-01,Combined Risk Parity,Combined equity + cryptocurrency,Risk Parity,USB,equity,0.012682157675050718,2020-01-31,2021-01-29,252
2021-02-01,Combined Risk Parity,Combined equity + cryptocurrency,Risk Parity,V,equity,0.015510438880917824,2020-01-31,2021-01-29,252
2021-02-01,Combined Risk Parity,Combined equity + cryptocurrency,Risk Parity,WFC,equity,0.011798681046122389,2020-01-31,2021-01-29,252
2021-02-01,Combined Risk Parity,Combined equity + cryptocurrency,Risk Parity,WMT,equity,0.030251275351259814,2020-01-31,2021-01-29,252
2021-02-01,Combined Risk Parity,Combined equity + cryptocurrency,Risk Parity,XLM-USD,cryptocurrency,0.009614115206788709,2020-01-31,2021-01-29,252
2021-02-01,Combined Risk Parity,Combined equity + cryptocurrency,Risk Parity,XOM,equity,0.014579460751760592,2020-01-31,2021-01-29,252
2021-02-01,Combined Risk Parity,Combined equity + cryptocurrency,Risk Parity,XRP-USD,cryptocurrency,0.011502044062880913,2020-01-31,2021-01-29,252
2021-03-01,Combined Risk Parity,Combined equity + cryptocurrency,Risk Parity,ABBV,equity,0.02434788521113366,2020-02-28,2021-02-26,252
2021-03-01,Combined Risk Parity,Combined equity + cryptocurrency,Risk Parity,ABT,equity,0.020820902676970527,2020-02-28,2021-02-26,252
2021-03-01,Combined Risk Parity,Combined equity + cryptocurrency,Risk Parity,ADA-USD,cryptocurrency,0.009757251513918251,2020-02-28,2021-02-26,252
2021-03-01,Combined Risk Parity,Combined equity + cryptocurrency,Risk Parity,ADBE,equity,0.016450103560979482,2020-02-28,2021-02-26,252
2021-03-01,Combined Risk Parity,Combined equity + cryptocurrency,Risk Parity,AEP,equity,0.022291816372789312,2020-02-28,2021-02-26,252
2021-03-01,Combined Risk Parity,Combined equity + cryptocurrency,Risk Parity,AMD,equity,0.015409299069883729,2020-02-28,2021-02-26,252
2021-03-01,Combined Risk Parity,Combined equity + cryptocurrency,Risk Parity,AMGN,equity,0.022123874847514664,2020-02-28,2021-02-26,252
2021-03-01,Combined Risk Parity,Combined equity + cryptocurrency,Risk Parity,AMT,equity,0.01705121836277404,2020-02-28,2021-02-26,252
2021-03-01,Combined Risk Parity,Combined equity + cryptocurrency,Risk Parity,BA,equity,0.009534773681160992,2020-02-28,2021-02-26,252
2021-03-01,Combined Risk Parity,Combined equity + cryptocurrency,Risk Parity,BCH-USD,cryptocurrency,0.010774648709279588,2020-02-28,2021-02-26,252
2021-03-01,Combined Risk Parity,Combined equity + cryptocurrency,Risk Parity,BTC-USD,cryptocurrency,0.013374753317634082,2020-02-28,2021-02-26,252
2021-03-01,Combined Risk Parity,Combined equity + cryptocurrency,Risk Parity,CAT,equity,0.016578750799450547,2020-02-28,2021-02-26,252
2021-03-01,Combined Risk Parity,Combined equity + cryptocurrency,Risk Parity,CCI,equity,0.018631893101997636,2020-02-28,2021-02-26,252
2021-03-01,Combined Risk Parity,Combined equity + cryptocurrency,Risk Parity,CMCSA,equity,0.01821025813105356,2020-02-28,2021-02-26,252
2021-03-01,Combined Risk Parity,Combined equity + cryptocurrency,Risk Parity,COP,equity,0.011137297884482,2020-02-28,2021-02-26,252
2021-03-01,Combined Risk Parity,Combined equity + cryptocurrency,Risk Parity,CVX,equity,0.012198295041372391,2020-02-28,2021-02-26,252
2021-03-01,Combined Risk Parity,Combined equity + cryptocurrency,Risk Parity,D,equity,0.01802427350473166,2020-02-28,2021-02-26,252
2021-03-01,Combined Risk Parity,Combined equity + cryptocurrency,Risk Parity,DD,equity,0.014356756017555103,2020-02-28,2021-02-26,252
2021-03-01,Combined Risk Parity,Combined equity + cryptocurrency,Risk Parity,DIS,equity,0.015642843420760288,2020-02-28,2021-02-26,252
2021-03-01,Combined Risk Parity,Combined equity + cryptocurrency,Risk Parity,DOW,equity,0.012161373859411665,2020-02-28,2021-02-26,252
2021-03-01,Combined Risk Parity,Combined equity + cryptocurrency,Risk Parity,DUK,equity,0.017493024472528214,2020-02-28,2021-02-26,252
2021-03-01,Combined Risk Parity,Combined equity + cryptocurrency,Risk Parity,EA,equity,0.02901448749298754,2020-02-28,2021-02-26,252
2021-03-01,Combined Risk Parity,Combined equity + cryptocurrency,Risk Parity,EOS-USD,cryptocurrency,0.011414966361496194,2020-02-28,2021-02-26,252
2021-03-01,Combined Risk Parity,Combined equity + cryptocurrency,Risk Parity,ETC-USD,cryptocurrency,0.011683030630196833,2020-02-28,2021-02-26,252
2021-03-01,Combined Risk Parity,Combined equity + cryptocurrency,Risk Parity,ETH-USD,cryptocurrency,0.010429204810064163,2020-02-28,2021-02-26,252
2021-03-01,Combined Risk Parity,Combined equity + cryptocurrency,Risk Parity,GE,equity,0.013469153285082983,2020-02-28,2021-02-26,252
2021-03-01,Combined Risk Parity,Combined equity + cryptocurrency,Risk Parity,GILD,equity,0.03114089809200676,2020-02-28,2021-02-26,252
2021-03-01,Combined Risk Parity,Combined equity + cryptocurrency,Risk Parity,GS,equity,0.013159857872599757,2020-02-28,2021-02-26,252
2021-03-01,Combined Risk Parity,Combined equity + cryptocurrency,Risk Parity,INTC,equity,0.01458229365106442,2020-02-28,2021-02-26,252
2021-03-01,Combined Risk Parity,Combined equity + cryptocurrency,Risk Parity,KO,equity,0.020722849384960284,2020-02-28,2021-02-26,252
2021-03-01,Combined Risk Parity,Combined equity + cryptocurrency,Risk Parity,LTC-USD,cryptocurrency,0.010962416376115384,2020-02-28,2021-02-26,252
2021-03-01,Combined Risk Parity,Combined equity + cryptocurrency,Risk Parity,MMM,equity,0.020594340439474203,2020-02-28,2021-02-26,252
2021-03-01,Combined Risk Parity,Combined equity + cryptocurrency,Risk Parity,MRK,equity,0.02441016552139127,2020-02-28,2021-02-26,252
2021-03-01,Combined Risk Parity,Combined equity + cryptocurrency,Risk Parity,MS,equity,0.011704590945215948,2020-02-28,2021-02-26,252
2021-03-01,Combined Risk Parity,Combined equity + cryptocurrency,Risk Parity,NEE,equity,0.01682532066199466,2020-02-28,2021-02-26,252
2021-03-01,Combined Risk Parity,Combined equity + cryptocurrency,Risk Parity,NEM,equity,0.033483971208072366,2020-02-28,2021-02-26,252
2021-03-01,Combined Risk Parity,Combined equity + cryptocurrency,Risk Parity,NKE,equity,0.018555288890346532,2020-02-28,2021-02-26,252
2021-03-01,Combined Risk Parity,Combined equity + cryptocurrency,Risk Parity,NUE,equity,0.014371723296510097,2020-02-28,2021-02-26,252
2021-03-01,Combined Risk Parity,Combined equity + cryptocurrency,Risk Parity,NVDA,equity,0.013578628141956265,2020-02-28,2021-02-26,252
2021-03-01,Combined Risk Parity,Combined equity + cryptocurrency,Risk Parity,O,equity,0.01427724345356613,2020-02-28,2021-02-26,252
2021-03-01,Combined Risk Parity,Combined equity + cryptocurrency,Risk Parity,OXY,equity,0.009000676707047786,2020-02-28,2021-02-26,252
2021-03-01,Combined Risk Parity,Combined equity + cryptocurrency,Risk Parity,PLD,equity,0.015755360440712553,2020-02-28,2021-02-26,252
2021-03-01,Combined Risk Parity,Combined equity + cryptocurrency,Risk Parity,PSA,equity,0.023539582649711618,2020-02-28,2021-02-26,252
2021-03-01,Combined Risk Parity,Combined equity + cryptocurrency,Risk Parity,QCOM,equity,0.015023308710548204,2020-02-28,2021-02-26,252
2021-03-01,Combined Risk Parity,Combined equity + cryptocurrency,Risk Parity,SBUX,equity,0.015110045249808161,2020-02-28,2021-02-26,252
2021-03-01,Combined Risk Parity,Combined equity + cryptocurrency,Risk Parity,SHW,equity,0.017856867229633106,2020-02-28,2021-02-26,252
2021-03-01,Combined Risk Parity,Combined equity + cryptocurrency,Risk Parity,SLB,equity,0.010700736285177202,2020-02-28,2021-02-26,252
2021-03-01,Combined Risk Parity,Combined equity + cryptocurrency,Risk Parity,SO,equity,0.016041921175866506,2020-02-28,2021-02-26,252
2021-03-01,Combined Risk Parity,Combined equity + cryptocurrency,Risk Parity,T,equity,0.01966681272910815,2020-02-28,2021-02-26,252
2021-03-01,Combined Risk Parity,Combined equity + cryptocurrency,Risk Parity,TMUS,equity,0.019544710207748804,2020-02-28,2021-02-26,252
2021-03-01,Combined Risk Parity,Combined equity + cryptocurrency,Risk Parity,TRX-USD,cryptocurrency,0.01251854120345211,2020-02-28,2021-02-26,252
2021-03-01,Combined Risk Parity,Combined equity + cryptocurrency,Risk Parity,TTWO,equity,0.02623384504429285,2020-02-28,2021-02-26,252
2021-03-01,Combined Risk Parity,Combined equity + cryptocurrency,Risk Parity,UPS,equity,0.02234879801909429,2020-02-28,2021-02-26,252
2021-03-01,Combined Risk Parity,Combined equity + cryptocurrency,Risk Parity,USB,equity,0.012620096709920597,2020-02-28,2021-02-26,252
2021-03-01,Combined Risk Parity,Combined equity + cryptocurrency,Risk Parity,V,equity,0.015740811585007234,2020-02-28,2021-02-26,252
2021-03-01,Combined Risk Parity,Combined equity + cryptocurrency,Risk Parity,WFC,equity,0.01161306630113189,2020-02-28,2021-02-26,252
2021-03-01,Combined Risk Parity,Combined equity + cryptocurrency,Risk Parity,WMT,equity,0.030442529721810285,2020-02-28,2021-02-26,252
2021-03-01,Combined Risk Parity,Combined equity + cryptocurrency,Risk Parity,XLM-USD,cryptocurrency,0.009404321324754772,2020-02-28,2021-02-26,252
2021-03-01,Combined Risk Parity,Combined equity + cryptocurrency,Risk Parity,XOM,equity,0.014743554446397071,2020-02-28,2021-02-26,252
2021-03-01,Combined Risk Parity,Combined equity + cryptocurrency,Risk Parity,XRP-USD,cryptocurrency,0.011342690186293499,2020-02-28,2021-02-26,252
2021-04-01,Combined Risk Parity,Combined equity + cryptocurrency,Risk Parity,ABBV,equity,0.02697704228521561,2020-04-01,2021-03-31,252
2021-04-01,Combined Risk Parity,Combined equity + cryptocurrency,Risk Parity,ABT,equity,0.023424396380731398,2020-04-01,2021-03-31,252
2021-04-01,Combined Risk Parity,Combined equity + cryptocurrency,Risk Parity,ADA-USD,cryptocurrency,0.007948072480788626,2020-04-01,2021-03-31,252
2021-04-01,Combined Risk Parity,Combined equity + cryptocurrency,Risk Parity,ADBE,equity,0.01749655062837756,2020-04-01,2021-03-31,252
2021-04-01,Combined Risk Parity,Combined equity + cryptocurrency,Risk Parity,AEP,equity,0.021267386491997588,2020-04-01,2021-03-31,252
2021-04-01,Combined Risk Parity,Combined equity + cryptocurrency,Risk Parity,AMD,equity,0.014942673076140216,2020-04-01,2021-03-31,252
2021-04-01,Combined Risk Parity,Combined equity + cryptocurrency,Risk Parity,AMGN,equity,0.026052402564449528,2020-04-01,2021-03-31,252
2021-04-01,Combined Risk Parity,Combined equity + cryptocurrency,Risk Parity,AMT,equity,0.018232801114027596,2020-04-01,2021-03-31,252
2021-04-01,Combined Risk Parity,Combined equity + cryptocurrency,Risk Parity,BA,equity,0.008355741437190384,2020-04-01,2021-03-31,252
2021-04-01,Combined Risk Parity,Combined equity + cryptocurrency,Risk Parity,BCH-USD,cryptocurrency,0.008824106920250005,2020-04-01,2021-03-31,252
2021-04-01,Combined Risk Parity,Combined equity + cryptocurrency,Risk Parity,BTC-USD,cryptocurrency,0.011735875997381271,2020-04-01,2021-03-31,252
2021-04-01,Combined Risk Parity,Combined equity + cryptocurrency,Risk Parity,CAT,equity,0.014585565902375357,2020-04-01,2021-03-31,252
2021-04-01,Combined Risk Parity,Combined equity + cryptocurrency,Risk Parity,CCI,equity,0.020320008903474907,2020-04-01,2021-03-31,252
2021-04-01,Combined Risk Parity,Combined equity + cryptocurrency,Risk Parity,CMCSA,equity,0.016606796382623672,2020-04-01,2021-03-31,252
2021-04-01,Combined Risk Parity,Combined equity + cryptocurrency,Risk Parity,COP,equity,0.010827264870513062,2020-04-01,2021-03-31,252
2021-04-01,Combined Risk Parity,Combined equity + cryptocurrency,Risk Parity,CVX,equity,0.012034636157488985,2020-04-01,2021-03-31,252
2021-04-01,Combined Risk Parity,Combined equity + cryptocurrency,Risk Parity,D,equity,0.02502240781792666,2020-04-01,2021-03-31,252
2021-04-01,Combined Risk Parity,Combined equity + cryptocurrency,Risk Parity,DD,equity,0.01308448504948821,2020-04-01,2021-03-31,252
2021-04-01,Combined Risk Parity,Combined equity + cryptocurrency,Risk Parity,DIS,equity,0.015659225445425938,2020-04-01,2021-03-31,252
2021-04-01,Combined Risk Parity,Combined equity + cryptocurrency,Risk Parity,DOW,equity,0.010879013893216953,2020-04-01,2021-03-31,252
2021-04-01,Combined Risk Parity,Combined equity + cryptocurrency,Risk Parity,DUK,equity,0.021081708600196578,2020-04-01,2021-03-31,252
2021-04-01,Combined Risk Parity,Combined equity + cryptocurrency,Risk Parity,EA,equity,0.03454492604493003,2020-04-01,2021-03-31,252
2021-04-01,Combined Risk Parity,Combined equity + cryptocurrency,Risk Parity,EOS-USD,cryptocurrency,0.008790990477263982,2020-04-01,2021-03-31,252
2021-04-01,Combined Risk Parity,Combined equity + cryptocurrency,Risk Parity,ETC-USD,cryptocurrency,0.009905449842697903,2020-04-01,2021-03-31,252
2021-04-01,Combined Risk Parity,Combined equity + cryptocurrency,Risk Parity,ETH-USD,cryptocurrency,0.008503114503188056,2020-04-01,2021-03-31,252
2021-04-01,Combined Risk Parity,Combined equity + cryptocurrency,Risk Parity,GE,equity,0.013027304344945785,2020-04-01,2021-03-31,252
2021-04-01,Combined Risk Parity,Combined equity + cryptocurrency,Risk Parity,GILD,equity,0.02668270123041903,2020-04-01,2021-03-31,252
2021-04-01,Combined Risk Parity,Combined equity + cryptocurrency,Risk Parity,GS,equity,0.014178572281334454,2020-04-01,2021-03-31,252
2021-04-01,Combined Risk Parity,Combined equity + cryptocurrency,Risk Parity,INTC,equity,0.01600893294586064,2020-04-01,2021-03-31,252
2021-04-01,Combined Risk Parity,Combined equity + cryptocurrency,Risk Parity,KO,equity,0.018353606496920444,2020-04-01,2021-03-31,252
2021-04-01,Combined Risk Parity,Combined equity + cryptocurrency,Risk Parity,LTC-USD,cryptocurrency,0.009093120405196138,2020-04-01,2021-03-31,252
2021-04-01,Combined Risk Parity,Combined equity + cryptocurrency,Risk Parity,MMM,equity,0.02155850410792327,2020-04-01,2021-03-31,252
2021-04-01,Combined Risk Parity,Combined equity + cryptocurrency,Risk Parity,MRK,equity,0.0242024698203833,2020-04-01,2021-03-31,252
2021-04-01,Combined Risk Parity,Combined equity + cryptocurrency,Risk Parity,MS,equity,0.012463948430880157,2020-04-01,2021-03-31,252
2021-04-01,Combined Risk Parity,Combined equity + cryptocurrency,Risk Parity,NEE,equity,0.0176791364433893,2020-04-01,2021-03-31,252
2021-04-01,Combined Risk Parity,Combined equity + cryptocurrency,Risk Parity,NEM,equity,0.025265413188260505,2020-04-01,2021-03-31,252
2021-04-01,Combined Risk Parity,Combined equity + cryptocurrency,Risk Parity,NKE,equity,0.018799714803670948,2020-04-01,2021-03-31,252
2021-04-01,Combined Risk Parity,Combined equity + cryptocurrency,Risk Parity,NUE,equity,0.013437003188635936,2020-04-01,2021-03-31,252
2021-04-01,Combined Risk Parity,Combined equity + cryptocurrency,Risk Parity,NVDA,equity,0.01340589645880797,2020-04-01,2021-03-31,252
2021-04-01,Combined Risk Parity,Combined equity + cryptocurrency,Risk Parity,O,equity,0.015240389260326028,2020-04-01,2021-03-31,252
2021-04-01,Combined Risk Parity,Combined equity + cryptocurrency,Risk Parity,OXY,equity,0.006940256627570283,2020-04-01,2021-03-31,252
2021-04-01,Combined Risk Parity,Combined equity + cryptocurrency,Risk Parity,PLD,equity,0.015426111193469623,2020-04-01,2021-03-31,252
2021-04-01,Combined Risk Parity,Combined equity + cryptocurrency,Risk Parity,PSA,equity,0.02859246209191819,2020-04-01,2021-03-31,252
2021-04-01,Combined Risk Parity,Combined equity + cryptocurrency,Risk Parity,QCOM,equity,0.014159005573534545,2020-04-01,2021-03-31,252
2021-04-01,Combined Risk Parity,Combined equity + cryptocurrency,Risk Parity,SBUX,equity,0.015582411082621601,2020-04-01,2021-03-31,252
2021-04-01,Combined Risk Parity,Combined equity + cryptocurrency,Risk Parity,SHW,equity,0.018136247945514057,2020-04-01,2021-03-31,252
2021-04-01,Combined Risk Parity,Combined equity + cryptocurrency,Risk Parity,SLB,equity,0.009063878217305825,2020-04-01,2021-03-31,252
2021-04-01,Combined Risk Parity,Combined equity + cryptocurrency,Risk Parity,SO,equity,0.016878536949936847,2020-04-01,2021-03-31,252
2021-04-01,Combined Risk Parity,Combined equity + cryptocurrency,Risk Parity,T,equity,0.02060525727634414,2020-04-01,2021-03-31,252
2021-04-01,Combined Risk Parity,Combined equity + cryptocurrency,Risk Parity,TMUS,equity,0.02129634594465237,2020-04-01,2021-03-31,252
2021-04-01,Combined Risk Parity,Combined equity + cryptocurrency,Risk Parity,TRX-USD,cryptocurrency,0.011880246023576041,2020-04-01,2021-03-31,252
2021-04-01,Combined Risk Parity,Combined equity + cryptocurrency,Risk Parity,TTWO,equity,0.03164904207257439,2020-04-01,2021-03-31,252
2021-04-01,Combined Risk Parity,Combined equity + cryptocurrency,Risk Parity,UPS,equity,0.01824914907021583,2020-04-01,2021-03-31,252
2021-04-01,Combined Risk Parity,Combined equity + cryptocurrency,Risk Parity,USB,equity,0.011480731978529808,2020-04-01,2021-03-31,252
2021-04-01,Combined Risk Parity,Combined equity + cryptocurrency,Risk Parity,V,equity,0.014686935327699581,2020-04-01,2021-03-31,252
2021-04-01,Combined Risk Parity,Combined equity + cryptocurrency,Risk Parity,WFC,equity,0.011277612674369272,2020-04-01,2021-03-31,252
2021-04-01,Combined Risk Parity,Combined equity + cryptocurrency,Risk Parity,WMT,equity,0.03965528727131948,2020-04-01,2021-03-31,252
2021-04-01,Combined Risk Parity,Combined equity + cryptocurrency,Risk Parity,XLM-USD,cryptocurrency,0.006689412546903064,2020-04-01,2021-03-31,252
2021-04-01,Combined Risk Parity,Combined equity + cryptocurrency,Risk Parity,XOM,equity,0.012497774943651046,2020-04-01,2021-03-31,252
2021-04-01,Combined Risk Parity,Combined equity + cryptocurrency,Risk Parity,XRP-USD,cryptocurrency,0.008753938513979882,2020-04-01,2021-03-31,252
2021-05-03,Combined Risk Parity,Combined equity + cryptocurrency,Risk Parity,ABBV,equity,0.02898464503553604,2020-05-01,2021-04-30,252
2021-05-03,Combined Risk Parity,Combined equity + cryptocurrency,Risk Parity,ABT,equity,0.022087347362536935,2020-05-01,2021-04-30,252
2021-05-03,Combined Risk Parity,Combined equity + cryptocurrency,Risk Parity,ADA-USD,cryptocurrency,0.006849905999491847,2020-05-01,2021-04-30,252
2021-05-03,Combined Risk Parity,Combined equity + cryptocurrency,Risk Parity,ADBE,equity,0.01845174121691365,2020-05-01,2021-04-30,252
2021-05-03,Combined Risk Parity,Combined equity + cryptocurrency,Risk Parity,AEP,equity,0.02715233453746399,2020-05-01,2021-04-30,252
2021-05-03,Combined Risk Parity,Combined equity + cryptocurrency,Risk Parity,AMD,equity,0.014227879102275656,2020-05-01,2021-04-30,252
2021-05-03,Combined Risk Parity,Combined equity + cryptocurrency,Risk Parity,AMGN,equity,0.02549319567010318,2020-05-01,2021-04-30,252
2021-05-03,Combined Risk Parity,Combined equity + cryptocurrency,Risk Parity,AMT,equity,0.02010617119862621,2020-05-01,2021-04-30,252
2021-05-03,Combined Risk Parity,Combined equity + cryptocurrency,Risk Parity,BA,equity,0.007531839564572267,2020-05-01,2021-04-30,252
2021-05-03,Combined Risk Parity,Combined equity + cryptocurrency,Risk Parity,BCH-USD,cryptocurrency,0.007018658894984247,2020-05-01,2021-04-30,252
2021-05-03,Combined Risk Parity,Combined equity + cryptocurrency,Risk Parity,BTC-USD,cryptocurrency,0.01030343413657327,2020-05-01,2021-04-30,252
2021-05-03,Combined Risk Parity,Combined equity + cryptocurrency,Risk Parity,CAT,equity,0.01413853015025432,2020-05-01,2021-04-30,252
2021-05-03,Combined Risk Parity,Combined equity + cryptocurrency,Risk Parity,CCI,equity,0.020890584666225905,2020-05-01,2021-04-30,252
2021-05-03,Combined Risk Parity,Combined equity + cryptocurrency,Risk Parity,CMCSA,equity,0.0168639275293315,2020-05-01,2021-04-30,252
2021-05-03,Combined Risk Parity,Combined equity + cryptocurrency,Risk Parity,COP,equity,0.010123012602413483,2020-05-01,2021-04-30,252
2021-05-03,Combined Risk Parity,Combined equity + cryptocurrency,Risk Parity,CVX,equity,0.012067312472963242,2020-05-01,2021-04-30,252
2021-05-03,Combined Risk Parity,Combined equity + cryptocurrency,Risk Parity,D,equity,0.03167793698941815,2020-05-01,2021-04-30,252
2021-05-03,Combined Risk Parity,Combined equity + cryptocurrency,Risk Parity,DD,equity,0.012960607321400731,2020-05-01,2021-04-30,252
2021-05-03,Combined Risk Parity,Combined equity + cryptocurrency,Risk Parity,DIS,equity,0.014537342636018058,2020-05-01,2021-04-30,252
2021-05-03,Combined Risk Parity,Combined equity + cryptocurrency,Risk Parity,DOW,equity,0.010764509149560769,2020-05-01,2021-04-30,252
2021-05-03,Combined Risk Parity,Combined equity + cryptocurrency,Risk Parity,DUK,equity,0.025592151591763427,2020-05-01,2021-04-30,252
2021-05-03,Combined Risk Parity,Combined equity + cryptocurrency,Risk Parity,EA,equity,0.03066045650263274,2020-05-01,2021-04-30,252
2021-05-03,Combined Risk Parity,Combined equity + cryptocurrency,Risk Parity,EOS-USD,cryptocurrency,0.007301593839751901,2020-05-01,2021-04-30,252
2021-05-03,Combined Risk Parity,Combined equity + cryptocurrency,Risk Parity,ETC-USD,cryptocurrency,0.007958663494048258,2020-05-01,2021-04-30,252
2021-05-03,Combined Risk Parity,Combined equity + cryptocurrency,Risk Parity,ETH-USD,cryptocurrency,0.008154436891481742,2020-05-01,2021-04-30,252
2021-05-03,Combined Risk Parity,Combined equity + cryptocurrency,Risk Parity,GE,equity,0.011683820945493455,2020-05-01,2021-04-30,252
2021-05-03,Combined Risk Parity,Combined equity + cryptocurrency,Risk Parity,GILD,equity,0.02779325502450451,2020-05-01,2021-04-30,252
2021-05-03,Combined Risk Parity,Combined equity + cryptocurrency,Risk Parity,GS,equity,0.01372801443230378,2020-05-01,2021-04-30,252
2021-05-03,Combined Risk Parity,Combined equity + cryptocurrency,Risk Parity,INTC,equity,0.015783361114914296,2020-05-01,2021-04-30,252
2021-05-03,Combined Risk Parity,Combined equity + cryptocurrency,Risk Parity,KO,equity,0.019445833280582303,2020-05-01,2021-04-30,252
2021-05-03,Combined Risk Parity,Combined equity + cryptocurrency,Risk Parity,LTC-USD,cryptocurrency,0.007478301017609182,2020-05-01,2021-04-30,252
2021-05-03,Combined Risk Parity,Combined equity + cryptocurrency,Risk Parity,MMM,equity,0.021417867933072068,2020-05-01,2021-04-30,252
2021-05-03,Combined Risk Parity,Combined equity + cryptocurrency,Risk Parity,MRK,equity,0.028231454588868204,2020-05-01,2021-04-30,252
2021-05-03,Combined Risk Parity,Combined equity + cryptocurrency,Risk Parity,MS,equity,0.012917427814344271,2020-05-01,2021-04-30,252
2021-05-03,Combined Risk Parity,Combined equity + cryptocurrency,Risk Parity,NEE,equity,0.01914569000819389,2020-05-01,2021-04-30,252
2021-05-03,Combined Risk Parity,Combined equity + cryptocurrency,Risk Parity,NEM,equity,0.023945905988277436,2020-05-01,2021-04-30,252
2021-05-03,Combined Risk Parity,Combined equity + cryptocurrency,Risk Parity,NKE,equity,0.01920432730710501,2020-05-01,2021-04-30,252
2021-05-03,Combined Risk Parity,Combined equity + cryptocurrency,Risk Parity,NUE,equity,0.011710011241697935,2020-05-01,2021-04-30,252
2021-05-03,Combined Risk Parity,Combined equity + cryptocurrency,Risk Parity,NVDA,equity,0.013650606092833653,2020-05-01,2021-04-30,252
2021-05-03,Combined Risk Parity,Combined equity + cryptocurrency,Risk Parity,O,equity,0.01653517426354377,2020-05-01,2021-04-30,252
2021-05-03,Combined Risk Parity,Combined equity + cryptocurrency,Risk Parity,OXY,equity,0.006289009726464497,2020-05-01,2021-04-30,252
2021-05-03,Combined Risk Parity,Combined equity + cryptocurrency,Risk Parity,PLD,equity,0.016832274084213828,2020-05-01,2021-04-30,252
2021-05-03,Combined Risk Parity,Combined equity + cryptocurrency,Risk Parity,PSA,equity,0.02670156580052473,2020-05-01,2021-04-30,252
2021-05-03,Combined Risk Parity,Combined equity + cryptocurrency,Risk Parity,QCOM,equity,0.01254911059872205,2020-05-01,2021-04-30,252
2021-05-03,Combined Risk Parity,Combined equity + cryptocurrency,Risk Parity,SBUX,equity,0.015821831049272168,2020-05-01,2021-04-30,252
2021-05-03,Combined Risk Parity,Combined equity + cryptocurrency,Risk Parity,SHW,equity,0.022436004302428057,2020-05-01,2021-04-30,252
2021-05-03,Combined Risk Parity,Combined equity + cryptocurrency,Risk Parity,SLB,equity,0.008393875250697486,2020-05-01,2021-04-30,252
2021-05-03,Combined Risk Parity,Combined equity + cryptocurrency,Risk Parity,SO,equity,0.020570195932460796,2020-05-01,2021-04-30,252
2021-05-03,Combined Risk Parity,Combined equity + cryptocurrency,Risk Parity,T,equity,0.023659449635747988,2020-05-01,2021-04-30,252
2021-05-03,Combined Risk Parity,Combined equity + cryptocurrency,Risk Parity,TMUS,equity,0.017513178570783206,2020-05-01,2021-04-30,252
2021-05-03,Combined Risk Parity,Combined equity + cryptocurrency,Risk Parity,TRX-USD,cryptocurrency,0.009810429770702817,2020-05-01,2021-04-30,252
2021-05-03,Combined Risk Parity,Combined equity + cryptocurrency,Risk Parity,TTWO,equity,0.026702065376035637,2020-05-01,2021-04-30,252
2021-05-03,Combined Risk Parity,Combined equity + cryptocurrency,Risk Parity,UPS,equity,0.017251919770105765,2020-05-01,2021-04-30,252
2021-05-03,Combined Risk Parity,Combined equity + cryptocurrency,Risk Parity,USB,equity,0.011932648856695097,2020-05-01,2021-04-30,252
2021-05-03,Combined Risk Parity,Combined equity + cryptocurrency,Risk Parity,V,equity,0.016368532473227216,2020-05-01,2021-04-30,252
2021-05-03,Combined Risk Parity,Combined equity + cryptocurrency,Risk Parity,WFC,equity,0.010871577725717504,2020-05-01,2021-04-30,252
2021-05-03,Combined Risk Parity,Combined equity + cryptocurrency,Risk Parity,WMT,equity,0.03867336337691967,2020-05-01,2021-04-30,252
2021-05-03,Combined Risk Parity,Combined equity + cryptocurrency,Risk Parity,XLM-USD,cryptocurrency,0.005385510560156235,2020-05-01,2021-04-30,252
2021-05-03,Combined Risk Parity,Combined equity + cryptocurrency,Risk Parity,XOM,equity,0.011252020720001076,2020-05-01,2021-04-30,252
2021-05-03,Combined Risk Parity,Combined equity + cryptocurrency,Risk Parity,XRP-USD,cryptocurrency,0.006416166809438935,2020-05-01,2021-04-30,252
2021-06-01,Combined Risk Parity,Combined equity + cryptocurrency,Risk Parity,ABBV,equity,0.0239505358443894,2020-06-01,2021-05-28,252
2021-06-01,Combined Risk Parity,Combined equity + cryptocurrency,Risk Parity,ABT,equity,0.022454105090730023,2020-06-01,2021-05-28,252
2021-06-01,Combined Risk Parity,Combined equity + cryptocurrency,Risk Parity,ADA-USD,cryptocurrency,0.00517414850265264,2020-06-01,2021-05-28,252
2021-06-01,Combined Risk Parity,Combined equity + cryptocurrency,Risk Parity,ADBE,equity,0.017296197607164707,2020-06-01,2021-05-28,252
2021-06-01,Combined Risk Parity,Combined equity + cryptocurrency,Risk Parity,AEP,equity,0.03019439613790604,2020-06-01,2021-05-28,252
2021-06-01,Combined Risk Parity,Combined equity + cryptocurrency,Risk Parity,AMD,equity,0.01472653032757248,2020-06-01,2021-05-28,252
2021-06-01,Combined Risk Parity,Combined equity + cryptocurrency,Risk Parity,AMGN,equity,0.023358598843929997,2020-06-01,2021-05-28,252
2021-06-01,Combined Risk Parity,Combined equity + cryptocurrency,Risk Parity,AMT,equity,0.020746174845621985,2020-06-01,2021-05-28,252
2021-06-01,Combined Risk Parity,Combined equity + cryptocurrency,Risk Parity,BA,equity,0.00776580410955659,2020-06-01,2021-05-28,252
2021-06-01,Combined Risk Parity,Combined equity + cryptocurrency,Risk Parity,BCH-USD,cryptocurrency,0.004877258747473725,2020-06-01,2021-05-28,252
2021-06-01,Combined Risk Parity,Combined equity + cryptocurrency,Risk Parity,BTC-USD,cryptocurrency,0.008168948084963481,2020-06-01,2021-05-28,252
2021-06-01,Combined Risk Parity,Combined equity + cryptocurrency,Risk Parity,CAT,equity,0.015434122276046154,2020-06-01,2021-05-28,252
2021-06-01,Combined Risk Parity,Combined equity + cryptocurrency,Risk Parity,CCI,equity,0.02289188672976154,2020-06-01,2021-05-28,252
2021-06-01,Combined Risk Parity,Combined equity + cryptocurrency,Risk Parity,CMCSA,equity,0.016943711680699428,2020-06-01,2021-05-28,252
2021-06-01,Combined Risk Parity,Combined equity + cryptocurrency,Risk Parity,COP,equity,0.010041519345281158,2020-06-01,2021-05-28,252
2021-06-01,Combined Risk Parity,Combined equity + cryptocurrency,Risk Parity,CVX,equity,0.012185087029638268,2020-06-01,2021-05-28,252
2021-06-01,Combined Risk Parity,Combined equity + cryptocurrency,Risk Parity,D,equity,0.03241891598214799,2020-06-01,2021-05-28,252
2021-06-01,Combined Risk Parity,Combined equity + cryptocurrency,Risk Parity,DD,equity,0.0130466905808484,2020-06-01,2021-05-28,252
2021-06-01,Combined Risk Parity,Combined equity + cryptocurrency,Risk Parity,DIS,equity,0.01590421922831779,2020-06-01,2021-05-28,252
2021-06-01,Combined Risk Parity,Combined equity + cryptocurrency,Risk Parity,DOW,equity,0.011678995602991196,2020-06-01,2021-05-28,252
2021-06-01,Combined Risk Parity,Combined equity + cryptocurrency,Risk Parity,DUK,equity,0.027131021814879717,2020-06-01,2021-05-28,252
2021-06-01,Combined Risk Parity,Combined equity + cryptocurrency,Risk Parity,EA,equity,0.028836848237836377,2020-06-01,2021-05-28,252
2021-06-01,Combined Risk Parity,Combined equity + cryptocurrency,Risk Parity,EOS-USD,cryptocurrency,0.004902112016959697,2020-06-01,2021-05-28,252
2021-06-01,Combined Risk Parity,Combined equity + cryptocurrency,Risk Parity,ETC-USD,cryptocurrency,0.004997189671682116,2020-06-01,2021-05-28,252
2021-06-01,Combined Risk Parity,Combined equity + cryptocurrency,Risk Parity,ETH-USD,cryptocurrency,0.006335782804626079,2020-06-01,2021-05-28,252
2021-06-01,Combined Risk Parity,Combined equity + cryptocurrency,Risk Parity,GE,equity,0.013064107874556969,2020-06-01,2021-05-28,252
2021-06-01,Combined Risk Parity,Combined equity + cryptocurrency,Risk Parity,GILD,equity,0.029362293020148596,2020-06-01,2021-05-28,252
2021-06-01,Combined Risk Parity,Combined equity + cryptocurrency,Risk Parity,GS,equity,0.014366612464165351,2020-06-01,2021-05-28,252
2021-06-01,Combined Risk Parity,Combined equity + cryptocurrency,Risk Parity,INTC,equity,0.015816217030163497,2020-06-01,2021-05-28,252
2021-06-01,Combined Risk Parity,Combined equity + cryptocurrency,Risk Parity,KO,equity,0.019870380008432772,2020-06-01,2021-05-28,252
2021-06-01,Combined Risk Parity,Combined equity + cryptocurrency,Risk Parity,LTC-USD,cryptocurrency,0.005559824001826787,2020-06-01,2021-05-28,252
2021-06-01,Combined Risk Parity,Combined equity + cryptocurrency,Risk Parity,MMM,equity,0.02368312400854725,2020-06-01,2021-05-28,252
2021-06-01,Combined Risk Parity,Combined equity + cryptocurrency,Risk Parity,MRK,equity,0.027587029007135354,2020-06-01,2021-05-28,252
2021-06-01,Combined Risk Parity,Combined equity + cryptocurrency,Risk Parity,MS,equity,0.014063471240315775,2020-06-01,2021-05-28,252
2021-06-01,Combined Risk Parity,Combined equity + cryptocurrency,Risk Parity,NEE,equity,0.02017669521511225,2020-06-01,2021-05-28,252
2021-06-01,Combined Risk Parity,Combined equity + cryptocurrency,Risk Parity,NEM,equity,0.020861888354798033,2020-06-01,2021-05-28,252
2021-06-01,Combined Risk Parity,Combined equity + cryptocurrency,Risk Parity,NKE,equity,0.018743838766227965,2020-06-01,2021-05-28,252
2021-06-01,Combined Risk Parity,Combined equity + cryptocurrency,Risk Parity,NUE,equity,0.01129842939090506,2020-06-01,2021-05-28,252
2021-06-01,Combined Risk Parity,Combined equity + cryptocurrency,Risk Parity,NVDA,equity,0.013061643797370279,2020-06-01,2021-05-28,252
2021-06-01,Combined Risk Parity,Combined equity + cryptocurrency,Risk Parity,O,equity,0.017401060069809945,2020-06-01,2021-05-28,252
2021-06-01,Combined Risk Parity,Combined equity + cryptocurrency,Risk Parity,OXY,equity,0.006554609918654586,2020-06-01,2021-05-28,252
2021-06-01,Combined Risk Parity,Combined equity + cryptocurrency,Risk Parity,PLD,equity,0.018373157053392253,2020-06-01,2021-05-28,252
2021-06-01,Combined Risk Parity,Combined equity + cryptocurrency,Risk Parity,PSA,equity,0.03209995838468626,2020-06-01,2021-05-28,252
2021-06-01,Combined Risk Parity,Combined equity + cryptocurrency,Risk Parity,QCOM,equity,0.01286399558956338,2020-06-01,2021-05-28,252
2021-06-01,Combined Risk Parity,Combined equity + cryptocurrency,Risk Parity,SBUX,equity,0.015404636777377235,2020-06-01,2021-05-28,252
2021-06-01,Combined Risk Parity,Combined equity + cryptocurrency,Risk Parity,SHW,equity,0.02162375264715279,2020-06-01,2021-05-28,252
2021-06-01,Combined Risk Parity,Combined equity + cryptocurrency,Risk Parity,SLB,equity,0.009217094912742706,2020-06-01,2021-05-28,252
2021-06-01,Combined Risk Parity,Combined equity + cryptocurrency,Risk Parity,SO,equity,0.022946554593672577,2020-06-01,2021-05-28,252
2021-06-01,Combined Risk Parity,Combined equity + cryptocurrency,Risk Parity,T,equity,0.025422456684303072,2020-06-01,2021-05-28,252
2021-06-01,Combined Risk Parity,Combined equity + cryptocurrency,Risk Parity,TMUS,equity,0.01873814963851426,2020-06-01,2021-05-28,252
2021-06-01,Combined Risk Parity,Combined equity + cryptocurrency,Risk Parity,TRX-USD,cryptocurrency,0.006955716359483203,2020-06-01,2021-05-28,252
2021-06-01,Combined Risk Parity,Combined equity + cryptocurrency,Risk Parity,TTWO,equity,0.028030160188529187,2020-06-01,2021-05-28,252
2021-06-01,Combined Risk Parity,Combined equity + cryptocurrency,Risk Parity,UPS,equity,0.01760672741812184,2020-06-01,2021-05-28,252
2021-06-01,Combined Risk Parity,Combined equity + cryptocurrency,Risk Parity,USB,equity,0.01319311479830741,2020-06-01,2021-05-28,252
2021-06-01,Combined Risk Parity,Combined equity + cryptocurrency,Risk Parity,V,equity,0.0163162470849998,2020-06-01,2021-05-28,252
2021-06-01,Combined Risk Parity,Combined equity + cryptocurrency,Risk Parity,WFC,equity,0.011935127819222313,2020-06-01,2021-05-28,252
2021-06-01,Combined Risk Parity,Combined equity + cryptocurrency,Risk Parity,WMT,equity,0.035114584119861875,2020-06-01,2021-05-28,252
2021-06-01,Combined Risk Parity,Combined equity + cryptocurrency,Risk Parity,XLM-USD,cryptocurrency,0.004304666195831502,2020-06-01,2021-05-28,252
2021-06-01,Combined Risk Parity,Combined equity + cryptocurrency,Risk Parity,XOM,equity,0.01181252731837163,2020-06-01,2021-05-28,252
2021-06-01,Combined Risk Parity,Combined equity + cryptocurrency,Risk Parity,XRP-USD,cryptocurrency,0.0051093471040193905,2020-06-01,2021-05-28,252
2021-07-01,Combined Risk Parity,Combined equity + cryptocurrency,Risk Parity,ABBV,equity,0.022897780325890463,2020-07-01,2021-06-30,252
2021-07-01,Combined Risk Parity,Combined equity + cryptocurrency,Risk Parity,ABT,equity,0.023577641591664856,2020-07-01,2021-06-30,252
2021-07-01,Combined Risk Parity,Combined equity + cryptocurrency,Risk Parity,ADA-USD,cryptocurrency,0.004579068956742593,2020-07-01,2021-06-30,252
2021-07-01,Combined Risk Parity,Combined equity + cryptocurrency,Risk Parity,ADBE,equity,0.017817376012049333,2020-07-01,2021-06-30,252
2021-07-01,Combined Risk Parity,Combined equity + cryptocurrency,Risk Parity,AEP,equity,0.030646571371736212,2020-07-01,2021-06-30,252
2021-07-01,Combined Risk Parity,Combined equity + cryptocurrency,Risk Parity,AMD,equity,0.014903162910059426,2020-07-01,2021-06-30,252
2021-07-01,Combined Risk Parity,Combined equity + cryptocurrency,Risk Parity,AMGN,equity,0.02099832401437952,2020-07-01,2021-06-30,252
2021-07-01,Combined Risk Parity,Combined equity + cryptocurrency,Risk Parity,AMT,equity,0.02284670743405165,2020-07-01,2021-06-30,252
2021-07-01,Combined Risk Parity,Combined equity + cryptocurrency,Risk Parity,BA,equity,0.00938463168667912,2020-07-01,2021-06-30,252
2021-07-01,Combined Risk Parity,Combined equity + cryptocurrency,Risk Parity,BCH-USD,cryptocurrency,0.004225613732161331,2020-07-01,2021-06-30,252
2021-07-01,Combined Risk Parity,Combined equity + cryptocurrency,Risk Parity,BTC-USD,cryptocurrency,0.0070159158966945235,2020-07-01,2021-06-30,252
2021-07-01,Combined Risk Parity,Combined equity + cryptocurrency,Risk Parity,CAT,equity,0.01639099505849138,2020-07-01,2021-06-30,252
2021-07-01,Combined Risk Parity,Combined equity + cryptocurrency,Risk Parity,CCI,equity,0.02652630039364941,2020-07-01,2021-06-30,252
2021-07-01,Combined Risk Parity,Combined equity + cryptocurrency,Risk Parity,CMCSA,equity,0.015731646064207485,2020-07-01,2021-06-30,252
2021-07-01,Combined Risk Parity,Combined equity + cryptocurrency,Risk Parity,COP,equity,0.010085970006581384,2020-07-01,2021-06-30,252
2021-07-01,Combined Risk Parity,Combined equity + cryptocurrency,Risk Parity,CVX,equity,0.012159504979391543,2020-07-01,2021-06-30,252
2021-07-01,Combined Risk Parity,Combined equity + cryptocurrency,Risk Parity,D,equity,0.029984792582944404,2020-07-01,2021-06-30,252
2021-07-01,Combined Risk Parity,Combined equity + cryptocurrency,Risk Parity,DD,equity,0.01267136309466679,2020-07-01,2021-06-30,252
2021-07-01,Combined Risk Parity,Combined equity + cryptocurrency,Risk Parity,DIS,equity,0.016610050348040886,2020-07-01,2021-06-30,252
2021-07-01,Combined Risk Parity,Combined equity + cryptocurrency,Risk Parity,DOW,equity,0.01200653643801367,2020-07-01,2021-06-30,252
2021-07-01,Combined Risk Parity,Combined equity + cryptocurrency,Risk Parity,DUK,equity,0.0262044396658732,2020-07-01,2021-06-30,252
2021-07-01,Combined Risk Parity,Combined equity + cryptocurrency,Risk Parity,EA,equity,0.02381067448050135,2020-07-01,2021-06-30,252
2021-07-01,Combined Risk Parity,Combined equity + cryptocurrency,Risk Parity,EOS-USD,cryptocurrency,0.00426707120587114,2020-07-01,2021-06-30,252
2021-07-01,Combined Risk Parity,Combined equity + cryptocurrency,Risk Parity,ETC-USD,cryptocurrency,0.004255909816799051,2020-07-01,2021-06-30,252
2021-07-01,Combined Risk Parity,Combined equity + cryptocurrency,Risk Parity,ETH-USD,cryptocurrency,0.005464940614067994,2020-07-01,2021-06-30,252
2021-07-01,Combined Risk Parity,Combined equity + cryptocurrency,Risk Parity,GE,equity,0.01443330288555361,2020-07-01,2021-06-30,252
2021-07-01,Combined Risk Parity,Combined equity + cryptocurrency,Risk Parity,GILD,equity,0.026285888022281247,2020-07-01,2021-06-30,252
2021-07-01,Combined Risk Parity,Combined equity + cryptocurrency,Risk Parity,GS,equity,0.01597906942633003,2020-07-01,2021-06-30,252
2021-07-01,Combined Risk Parity,Combined equity + cryptocurrency,Risk Parity,INTC,equity,0.014517603538057776,2020-07-01,2021-06-30,252
2021-07-01,Combined Risk Parity,Combined equity + cryptocurrency,Risk Parity,KO,equity,0.020771303752377564,2020-07-01,2021-06-30,252
2021-07-01,Combined Risk Parity,Combined equity + cryptocurrency,Risk Parity,LTC-USD,cryptocurrency,0.004698623462052817,2020-07-01,2021-06-30,252
2021-07-01,Combined Risk Parity,Combined equity + cryptocurrency,Risk Parity,MMM,equity,0.026334738260950064,2020-07-01,2021-06-30,252
2021-07-01,Combined Risk Parity,Combined equity + cryptocurrency,Risk Parity,MRK,equity,0.02945606097476615,2020-07-01,2021-06-30,252
2021-07-01,Combined Risk Parity,Combined equity + cryptocurrency,Risk Parity,MS,equity,0.013883517848034177,2020-07-01,2021-06-30,252
2021-07-01,Combined Risk Parity,Combined equity + cryptocurrency,Risk Parity,NEE,equity,0.018618282427314475,2020-07-01,2021-06-30,252
2021-07-01,Combined Risk Parity,Combined equity + cryptocurrency,Risk Parity,NEM,equity,0.017353970675031888,2020-07-01,2021-06-30,252
2021-07-01,Combined Risk Parity,Combined equity + cryptocurrency,Risk Parity,NKE,equity,0.022016785132408758,2020-07-01,2021-06-30,252
2021-07-01,Combined Risk Parity,Combined equity + cryptocurrency,Risk Parity,NUE,equity,0.011121772916066919,2020-07-01,2021-06-30,252
2021-07-01,Combined Risk Parity,Combined equity + cryptocurrency,Risk Parity,NVDA,equity,0.012436830548654687,2020-07-01,2021-06-30,252
2021-07-01,Combined Risk Parity,Combined equity + cryptocurrency,Risk Parity,O,equity,0.019148834560205764,2020-07-01,2021-06-30,252
2021-07-01,Combined Risk Parity,Combined equity + cryptocurrency,Risk Parity,OXY,equity,0.008143230452764378,2020-07-01,2021-06-30,252
2021-07-01,Combined Risk Parity,Combined equity + cryptocurrency,Risk Parity,PLD,equity,0.019639313656982793,2020-07-01,2021-06-30,252
2021-07-01,Combined Risk Parity,Combined equity + cryptocurrency,Risk Parity,PSA,equity,0.036893214266035056,2020-07-01,2021-06-30,252
2021-07-01,Combined Risk Parity,Combined equity + cryptocurrency,Risk Parity,QCOM,equity,0.012572572862739766,2020-07-01,2021-06-30,252
2021-07-01,Combined Risk Parity,Combined equity + cryptocurrency,Risk Parity,SBUX,equity,0.01716967840869058,2020-07-01,2021-06-30,252
2021-07-01,Combined Risk Parity,Combined equity + cryptocurrency,Risk Parity,SHW,equity,0.02251190193858366,2020-07-01,2021-06-30,252
2021-07-01,Combined Risk Parity,Combined equity + cryptocurrency,Risk Parity,SLB,equity,0.009718674030622404,2020-07-01,2021-06-30,252
2021-07-01,Combined Risk Parity,Combined equity + cryptocurrency,Risk Parity,SO,equity,0.022561375247748882,2020-07-01,2021-06-30,252
2021-07-01,Combined Risk Parity,Combined equity + cryptocurrency,Risk Parity,T,equity,0.03042081889625686,2020-07-01,2021-06-30,252
2021-07-01,Combined Risk Parity,Combined equity + cryptocurrency,Risk Parity,TMUS,equity,0.01777587873996303,2020-07-01,2021-06-30,252
2021-07-01,Combined Risk Parity,Combined equity + cryptocurrency,Risk Parity,TRX-USD,cryptocurrency,0.006491690550374479,2020-07-01,2021-06-30,252
2021-07-01,Combined Risk Parity,Combined equity + cryptocurrency,Risk Parity,TTWO,equity,0.02425535689081146,2020-07-01,2021-06-30,252
2021-07-01,Combined Risk Parity,Combined equity + cryptocurrency,Risk Parity,UPS,equity,0.01864084560011838,2020-07-01,2021-06-30,252
2021-07-01,Combined Risk Parity,Combined equity + cryptocurrency,Risk Parity,USB,equity,0.014294320801400239,2020-07-01,2021-06-30,252
2021-07-01,Combined Risk Parity,Combined equity + cryptocurrency,Risk Parity,V,equity,0.01563831184962873,2020-07-01,2021-06-30,252
2021-07-01,Combined Risk Parity,Combined equity + cryptocurrency,Risk Parity,WFC,equity,0.013063949693007825,2020-07-01,2021-06-30,252
2021-07-01,Combined Risk Parity,Combined equity + cryptocurrency,Risk Parity,WMT,equity,0.02760367275989742,2020-07-01,2021-06-30,252
2021-07-01,Combined Risk Parity,Combined equity + cryptocurrency,Risk Parity,XLM-USD,cryptocurrency,0.0037281803166483636,2020-07-01,2021-06-30,252
2021-07-01,Combined Risk Parity,Combined equity + cryptocurrency,Risk Parity,XOM,equity,0.012414033947745486,2020-07-01,2021-06-30,252
2021-07-01,Combined Risk Parity,Combined equity + cryptocurrency,Risk Parity,XRP-USD,cryptocurrency,0.004343405978685319,2020-07-01,2021-06-30,252
2021-08-02,Combined Risk Parity,Combined equity + cryptocurrency,Risk Parity,ABBV,equity,0.022149853197980296,2020-07-31,2021-07-30,252
2021-08-02,Combined Risk Parity,Combined equity + cryptocurrency,Risk Parity,ABT,equity,0.024563531624028002,2020-07-31,2021-07-30,252
2021-08-02,Combined Risk Parity,Combined equity + cryptocurrency,Risk Parity,ADA-USD,cryptocurrency,0.004452036803668413,2020-07-31,2021-07-30,252
2021-08-02,Combined Risk Parity,Combined equity + cryptocurrency,Risk Parity,ADBE,equity,0.017945630935213005,2020-07-31,2021-07-30,252
2021-08-02,Combined Risk Parity,Combined equity + cryptocurrency,Risk Parity,AEP,equity,0.030105499720049316,2020-07-31,2021-07-30,252
2021-08-02,Combined Risk Parity,Combined equity + cryptocurrency,Risk Parity,AMD,equity,0.014456152133994225,2020-07-31,2021-07-30,252
2021-08-02,Combined Risk Parity,Combined equity + cryptocurrency,Risk Parity,AMGN,equity,0.021337499955677713,2020-07-31,2021-07-30,252
2021-08-02,Combined Risk Parity,Combined equity + cryptocurrency,Risk Parity,AMT,equity,0.02363961957997632,2020-07-31,2021-07-30,252
2021-08-02,Combined Risk Parity,Combined equity + cryptocurrency,Risk Parity,BA,equity,0.009393186068915357,2020-07-31,2021-07-30,252
2021-08-02,Combined Risk Parity,Combined equity + cryptocurrency,Risk Parity,BCH-USD,cryptocurrency,0.0041519755208960655,2020-07-31,2021-07-30,252
2021-08-02,Combined Risk Parity,Combined equity + cryptocurrency,Risk Parity,BTC-USD,cryptocurrency,0.006881439276021627,2020-07-31,2021-07-30,252
2021-08-02,Combined Risk Parity,Combined equity + cryptocurrency,Risk Parity,CAT,equity,0.01628847409973553,2020-07-31,2021-07-30,252
2021-08-02,Combined Risk Parity,Combined equity + cryptocurrency,Risk Parity,CCI,equity,0.028084371628366776,2020-07-31,2021-07-30,252
2021-08-02,Combined Risk Parity,Combined equity + cryptocurrency,Risk Parity,CMCSA,equity,0.015899091039354538,2020-07-31,2021-07-30,252
2021-08-02,Combined Risk Parity,Combined equity + cryptocurrency,Risk Parity,COP,equity,0.010162589969653307,2020-07-31,2021-07-30,252
2021-08-02,Combined Risk Parity,Combined equity + cryptocurrency,Risk Parity,CVX,equity,0.012366799765463479,2020-07-31,2021-07-30,252
2021-08-02,Combined Risk Parity,Combined equity + cryptocurrency,Risk Parity,D,equity,0.0288810977187498,2020-07-31,2021-07-30,252
2021-08-02,Combined Risk Parity,Combined equity + cryptocurrency,Risk Parity,DD,equity,0.012316446560860997,2020-07-31,2021-07-30,252
2021-08-02,Combined Risk Parity,Combined equity + cryptocurrency,Risk Parity,DIS,equity,0.01618882500023048,2020-07-31,2021-07-30,252
2021-08-02,Combined Risk Parity,Combined equity + cryptocurrency,Risk Parity,DOW,equity,0.012054837809899289,2020-07-31,2021-07-30,252
2021-08-02,Combined Risk Parity,Combined equity + cryptocurrency,Risk Parity,DUK,equity,0.02684190494371917,2020-07-31,2021-07-30,252
2021-08-02,Combined Risk Parity,Combined equity + cryptocurrency,Risk Parity,EA,equity,0.023635940326194732,2020-07-31,2021-07-30,252
2021-08-02,Combined Risk Parity,Combined equity + cryptocurrency,Risk Parity,EOS-USD,cryptocurrency,0.004114446472990092,2020-07-31,2021-07-30,252
2021-08-02,Combined Risk Parity,Combined equity + cryptocurrency,Risk Parity,ETC-USD,cryptocurrency,0.0041505361022687315,2020-07-31,2021-07-30,252
2021-08-02,Combined Risk Parity,Combined equity + cryptocurrency,Risk Parity,ETH-USD,cryptocurrency,0.005240963864668912,2020-07-31,2021-07-30,252
2021-08-02,Combined Risk Parity,Combined equity + cryptocurrency,Risk Parity,GE,equity,0.01405265186062304,2020-07-31,2021-07-30,252
2021-08-02,Combined Risk Parity,Combined equity + cryptocurrency,Risk Parity,GILD,equity,0.025716346686834545,2020-07-31,2021-07-30,252
2021-08-02,Combined Risk Parity,Combined equity + cryptocurrency,Risk Parity,GS,equity,0.015681354351406523,2020-07-31,2021-07-30,252
2021-08-02,Combined Risk Parity,Combined equity + cryptocurrency,Risk Parity,INTC,equity,0.014696090338297586,2020-07-31,2021-07-30,252
2021-08-02,Combined Risk Parity,Combined equity + cryptocurrency,Risk Parity,KO,equity,0.021497537966597723,2020-07-31,2021-07-30,252
2021-08-02,Combined Risk Parity,Combined equity + cryptocurrency,Risk Parity,LTC-USD,cryptocurrency,0.004608129332370995,2020-07-31,2021-07-30,252
2021-08-02,Combined Risk Parity,Combined equity + cryptocurrency,Risk Parity,MMM,equity,0.02653614702140221,2020-07-31,2021-07-30,252
2021-08-02,Combined Risk Parity,Combined equity + cryptocurrency,Risk Parity,MRK,equity,0.030188533694191517,2020-07-31,2021-07-30,252
2021-08-02,Combined Risk Parity,Combined equity + cryptocurrency,Risk Parity,MS,equity,0.013563913831748445,2020-07-31,2021-07-30,252
2021-08-02,Combined Risk Parity,Combined equity + cryptocurrency,Risk Parity,NEE,equity,0.019370328613780095,2020-07-31,2021-07-30,252
2021-08-02,Combined Risk Parity,Combined equity + cryptocurrency,Risk Parity,NEM,equity,0.017263523818287618,2020-07-31,2021-07-30,252
2021-08-02,Combined Risk Parity,Combined equity + cryptocurrency,Risk Parity,NKE,equity,0.022568282493692644,2020-07-31,2021-07-30,252
2021-08-02,Combined Risk Parity,Combined equity + cryptocurrency,Risk Parity,NUE,equity,0.010750548261201793,2020-07-31,2021-07-30,252
2021-08-02,Combined Risk Parity,Combined equity + cryptocurrency,Risk Parity,NVDA,equity,0.012326195279694512,2020-07-31,2021-07-30,252
2021-08-02,Combined Risk Parity,Combined equity + cryptocurrency,Risk Parity,O,equity,0.019918077556014536,2020-07-31,2021-07-30,252
2021-08-02,Combined Risk Parity,Combined equity + cryptocurrency,Risk Parity,OXY,equity,0.008281330449437444,2020-07-31,2021-07-30,252
2021-08-02,Combined Risk Parity,Combined equity + cryptocurrency,Risk Parity,PLD,equity,0.019834432572519815,2020-07-31,2021-07-30,252
2021-08-02,Combined Risk Parity,Combined equity + cryptocurrency,Risk Parity,PSA,equity,0.03647042325945208,2020-07-31,2021-07-30,252
2021-08-02,Combined Risk Parity,Combined equity + cryptocurrency,Risk Parity,QCOM,equity,0.011771826547446395,2020-07-31,2021-07-30,252
2021-08-02,Combined Risk Parity,Combined equity + cryptocurrency,Risk Parity,SBUX,equity,0.017307557002047065,2020-07-31,2021-07-30,252
2021-08-02,Combined Risk Parity,Combined equity + cryptocurrency,Risk Parity,SHW,equity,0.023831622245033574,2020-07-31,2021-07-30,252
2021-08-02,Combined Risk Parity,Combined equity + cryptocurrency,Risk Parity,SLB,equity,0.009704910478408268,2020-07-31,2021-07-30,252
2021-08-02,Combined Risk Parity,Combined equity + cryptocurrency,Risk Parity,SO,equity,0.023198640345118444,2020-07-31,2021-07-30,252
2021-08-02,Combined Risk Parity,Combined equity + cryptocurrency,Risk Parity,T,equity,0.029989722961401004,2020-07-31,2021-07-30,252
2021-08-02,Combined Risk Parity,Combined equity + cryptocurrency,Risk Parity,TMUS,equity,0.017674684114194632,2020-07-31,2021-07-30,252
2021-08-02,Combined Risk Parity,Combined equity + cryptocurrency,Risk Parity,TRX-USD,cryptocurrency,0.006394216202313476,2020-07-31,2021-07-30,252
2021-08-02,Combined Risk Parity,Combined equity + cryptocurrency,Risk Parity,TTWO,equity,0.024806359143459283,2020-07-31,2021-07-30,252
2021-08-02,Combined Risk Parity,Combined equity + cryptocurrency,Risk Parity,UPS,equity,0.018388949951223723,2020-07-31,2021-07-30,252
2021-08-02,Combined Risk Parity,Combined equity + cryptocurrency,Risk Parity,USB,equity,0.013679827136642387,2020-07-31,2021-07-30,252
2021-08-02,Combined Risk Parity,Combined equity + cryptocurrency,Risk Parity,V,equity,0.015680489754582475,2020-07-31,2021-07-30,252
2021-08-02,Combined Risk Parity,Combined equity + cryptocurrency,Risk Parity,WFC,equity,0.012572278216075494,2020-07-31,2021-07-30,252
2021-08-02,Combined Risk Parity,Combined equity + cryptocurrency,Risk Parity,WMT,equity,0.02608094247279151,2020-07-31,2021-07-30,252
2021-08-02,Combined Risk Parity,Combined equity + cryptocurrency,Risk Parity,XLM-USD,cryptocurrency,0.0036299597145353917,2020-07-31,2021-07-30,252
2021-08-02,Combined Risk Parity,Combined equity + cryptocurrency,Risk Parity,XOM,equity,0.01238066181161522,2020-07-31,2021-07-30,252
2021-08-02,Combined Risk Parity,Combined equity + cryptocurrency,Risk Parity,XRP-USD,cryptocurrency,0.004280754396982369,2020-07-31,2021-07-30,252
2021-09-01,Combined Risk Parity,Combined equity + cryptocurrency,Risk Parity,ABBV,equity,0.02161276674949958,2020-09-01,2021-08-31,252
2021-09-01,Combined Risk Parity,Combined equity + cryptocurrency,Risk Parity,ABT,equity,0.024578334882222958,2020-09-01,2021-08-31,252
2021-09-01,Combined Risk Parity,Combined equity + cryptocurrency,Risk Parity,ADA-USD,cryptocurrency,0.004269743758363163,2020-09-01,2021-08-31,252
2021-09-01,Combined Risk Parity,Combined equity + cryptocurrency,Risk Parity,ADBE,equity,0.017178890489361928,2020-09-01,2021-08-31,252
2021-09-01,Combined Risk Parity,Combined equity + cryptocurrency,Risk Parity,AEP,equity,0.03112108610317041,2020-09-01,2021-08-31,252
2021-09-01,Combined Risk Parity,Combined equity + cryptocurrency,Risk Parity,AMD,equity,0.014995070833847646,2020-09-01,2021-08-31,252
2021-09-01,Combined Risk Parity,Combined equity + cryptocurrency,Risk Parity,AMGN,equity,0.0199363057188224,2020-09-01,2021-08-31,252
2021-09-01,Combined Risk Parity,Combined equity + cryptocurrency,Risk Parity,AMT,equity,0.024334431647058907,2020-09-01,2021-08-31,252
2021-09-01,Combined Risk Parity,Combined equity + cryptocurrency,Risk Parity,BA,equity,0.00920776174101784,2020-09-01,2021-08-31,252
2021-09-01,Combined Risk Parity,Combined equity + cryptocurrency,Risk Parity,BCH-USD,cryptocurrency,0.004067172826025695,2020-09-01,2021-08-31,252
2021-09-01,Combined Risk Parity,Combined equity + cryptocurrency,Risk Parity,BTC-USD,cryptocurrency,0.006758970651149953,2020-09-01,2021-08-31,252
2021-09-01,Combined Risk Parity,Combined equity + cryptocurrency,Risk Parity,CAT,equity,0.015640809999583838,2020-09-01,2021-08-31,252
2021-09-01,Combined Risk Parity,Combined equity + cryptocurrency,Risk Parity,CCI,equity,0.02907141805877237,2020-09-01,2021-08-31,252
2021-09-01,Combined Risk Parity,Combined equity + cryptocurrency,Risk Parity,CMCSA,equity,0.015553208733661148,2020-09-01,2021-08-31,252
2021-09-01,Combined Risk Parity,Combined equity + cryptocurrency,Risk Parity,COP,equity,0.01019040302102282,2020-09-01,2021-08-31,252
2021-09-01,Combined Risk Parity,Combined equity + cryptocurrency,Risk Parity,CVX,equity,0.012375290649542105,2020-09-01,2021-08-31,252
2021-09-01,Combined Risk Parity,Combined equity + cryptocurrency,Risk Parity,D,equity,0.029234553253368403,2020-09-01,2021-08-31,252
2021-09-01,Combined Risk Parity,Combined equity + cryptocurrency,Risk Parity,DD,equity,0.012547177315587056,2020-09-01,2021-08-31,252
2021-09-01,Combined Risk Parity,Combined equity + cryptocurrency,Risk Parity,DIS,equity,0.015915795393764844,2020-09-01,2021-08-31,252
2021-09-01,Combined Risk Parity,Combined equity + cryptocurrency,Risk Parity,DOW,equity,0.012153469360667279,2020-09-01,2021-08-31,252
2021-09-01,Combined Risk Parity,Combined equity + cryptocurrency,Risk Parity,DUK,equity,0.02717101969751944,2020-09-01,2021-08-31,252
2021-09-01,Combined Risk Parity,Combined equity + cryptocurrency,Risk Parity,EA,equity,0.02443823493283326,2020-09-01,2021-08-31,252
2021-09-01,Combined Risk Parity,Combined equity + cryptocurrency,Risk Parity,EOS-USD,cryptocurrency,0.004026369285388022,2020-09-01,2021-08-31,252
2021-09-01,Combined Risk Parity,Combined equity + cryptocurrency,Risk Parity,ETC-USD,cryptocurrency,0.004073829480246824,2020-09-01,2021-08-31,252
2021-09-01,Combined Risk Parity,Combined equity + cryptocurrency,Risk Parity,ETH-USD,cryptocurrency,0.005219241887420487,2020-09-01,2021-08-31,252
2021-09-01,Combined Risk Parity,Combined equity + cryptocurrency,Risk Parity,GE,equity,0.014283876894412795,2020-09-01,2021-08-31,252
2021-09-01,Combined Risk Parity,Combined equity + cryptocurrency,Risk Parity,GILD,equity,0.02561861479826514,2020-09-01,2021-08-31,252
2021-09-01,Combined Risk Parity,Combined equity + cryptocurrency,Risk Parity,GS,equity,0.015229871049852859,2020-09-01,2021-08-31,252
2021-09-01,Combined Risk Parity,Combined equity + cryptocurrency,Risk Parity,INTC,equity,0.01468470651337981,2020-09-01,2021-08-31,252
2021-09-01,Combined Risk Parity,Combined equity + cryptocurrency,Risk Parity,KO,equity,0.021743669914863862,2020-09-01,2021-08-31,252
2021-09-01,Combined Risk Parity,Combined equity + cryptocurrency,Risk Parity,LTC-USD,cryptocurrency,0.004536589704112588,2020-09-01,2021-08-31,252
2021-09-01,Combined Risk Parity,Combined equity + cryptocurrency,Risk Parity,MMM,equity,0.02598802363534269,2020-09-01,2021-08-31,252
2021-09-01,Combined Risk Parity,Combined equity + cryptocurrency,Risk Parity,MRK,equity,0.029162593539014098,2020-09-01,2021-08-31,252
2021-09-01,Combined Risk Parity,Combined equity + cryptocurrency,Risk Parity,MS,equity,0.01306448543558795,2020-09-01,2021-08-31,252
2021-09-01,Combined Risk Parity,Combined equity + cryptocurrency,Risk Parity,NEE,equity,0.019934968075834034,2020-09-01,2021-08-31,252
2021-09-01,Combined Risk Parity,Combined equity + cryptocurrency,Risk Parity,NEM,equity,0.017526289433407605,2020-09-01,2021-08-31,252
2021-09-01,Combined Risk Parity,Combined equity + cryptocurrency,Risk Parity,NKE,equity,0.02169221587647367,2020-09-01,2021-08-31,252
2021-09-01,Combined Risk Parity,Combined equity + cryptocurrency,Risk Parity,NUE,equity,0.010673705957045043,2020-09-01,2021-08-31,252
2021-09-01,Combined Risk Parity,Combined equity + cryptocurrency,Risk Parity,NVDA,equity,0.012224862905407636,2020-09-01,2021-08-31,252
2021-09-01,Combined Risk Parity,Combined equity + cryptocurrency,Risk Parity,O,equity,0.02064619652166466,2020-09-01,2021-08-31,252
2021-09-01,Combined Risk Parity,Combined equity + cryptocurrency,Risk Parity,OXY,equity,0.00827148520944101,2020-09-01,2021-08-31,252
2021-09-01,Combined Risk Parity,Combined equity + cryptocurrency,Risk Parity,PLD,equity,0.020041820082418206,2020-09-01,2021-08-31,252
2021-09-01,Combined Risk Parity,Combined equity + cryptocurrency,Risk Parity,PSA,equity,0.03813100698706704,2020-09-01,2021-08-31,252
2021-09-01,Combined Risk Parity,Combined equity + cryptocurrency,Risk Parity,QCOM,equity,0.011547845839116722,2020-09-01,2021-08-31,252
2021-09-01,Combined Risk Parity,Combined equity + cryptocurrency,Risk Parity,SBUX,equity,0.016813138866957685,2020-09-01,2021-08-31,252
2021-09-01,Combined Risk Parity,Combined equity + cryptocurrency,Risk Parity,SHW,equity,0.023351963967949942,2020-09-01,2021-08-31,252
2021-09-01,Combined Risk Parity,Combined equity + cryptocurrency,Risk Parity,SLB,equity,0.00968344666398322,2020-09-01,2021-08-31,252
2021-09-01,Combined Risk Parity,Combined equity + cryptocurrency,Risk Parity,SO,equity,0.02354535301690067,2020-09-01,2021-08-31,252
2021-09-01,Combined Risk Parity,Combined equity + cryptocurrency,Risk Parity,T,equity,0.02921476437353029,2020-09-01,2021-08-31,252
2021-09-01,Combined Risk Parity,Combined equity + cryptocurrency,Risk Parity,TMUS,equity,0.01782885646318775,2020-09-01,2021-08-31,252
2021-09-01,Combined Risk Parity,Combined equity + cryptocurrency,Risk Parity,TRX-USD,cryptocurrency,0.006355774689923653,2020-09-01,2021-08-31,252
2021-09-01,Combined Risk Parity,Combined equity + cryptocurrency,Risk Parity,TTWO,equity,0.02619254807089603,2020-09-01,2021-08-31,252
2021-09-01,Combined Risk Parity,Combined equity + cryptocurrency,Risk Parity,UPS,equity,0.01888082630013352,2020-09-01,2021-08-31,252
2021-09-01,Combined Risk Parity,Combined equity + cryptocurrency,Risk Parity,USB,equity,0.013184788510799588,2020-09-01,2021-08-31,252
2021-09-01,Combined Risk Parity,Combined equity + cryptocurrency,Risk Parity,V,equity,0.015348550234253244,2020-09-01,2021-08-31,252
2021-09-01,Combined Risk Parity,Combined equity + cryptocurrency,Risk Parity,WFC,equity,0.01214327172516918,2020-09-01,2021-08-31,252
2021-09-01,Combined Risk Parity,Combined equity + cryptocurrency,Risk Parity,WMT,equity,0.026899597696768633,2020-09-01,2021-08-31,252
2021-09-01,Combined Risk Parity,Combined equity + cryptocurrency,Risk Parity,XLM-USD,cryptocurrency,0.0035513941700101807,2020-09-01,2021-08-31,252
2021-09-01,Combined Risk Parity,Combined equity + cryptocurrency,Risk Parity,XOM,equity,0.01228764429533219,2020-09-01,2021-08-31,252
2021-09-01,Combined Risk Parity,Combined equity + cryptocurrency,Risk Parity,XRP-USD,cryptocurrency,0.004043896111578675,2020-09-01,2021-08-31,252
2021-10-01,Combined Risk Parity,Combined equity + cryptocurrency,Risk Parity,ABBV,equity,0.020662366624895775,2020-10-01,2021-09-30,252
2021-10-01,Combined Risk Parity,Combined equity + cryptocurrency,Risk Parity,ABT,equity,0.026263711022589366,2020-10-01,2021-09-30,252
2021-10-01,Combined Risk Parity,Combined equity + cryptocurrency,Risk Parity,ADA-USD,cryptocurrency,0.004032829353052914,2020-10-01,2021-09-30,252
2021-10-01,Combined Risk Parity,Combined equity + cryptocurrency,Risk Parity,ADBE,equity,0.01844965292516225,2020-10-01,2021-09-30,252
2021-10-01,Combined Risk Parity,Combined equity + cryptocurrency,Risk Parity,AEP,equity,0.028840729029406407,2020-10-01,2021-09-30,252
2021-10-01,Combined Risk Parity,Combined equity + cryptocurrency,Risk Parity,AMD,equity,0.015529653011771779,2020-10-01,2021-09-30,252
2021-10-01,Combined Risk Parity,Combined equity + cryptocurrency,Risk Parity,AMGN,equity,0.021062326564482613,2020-10-01,2021-09-30,252
2021-10-01,Combined Risk Parity,Combined equity + cryptocurrency,Risk Parity,AMT,equity,0.025572909531909528,2020-10-01,2021-09-30,252
2021-10-01,Combined Risk Parity,Combined equity + cryptocurrency,Risk Parity,BA,equity,0.009378023640118409,2020-10-01,2021-09-30,252
2021-10-01,Combined Risk Parity,Combined equity + cryptocurrency,Risk Parity,BCH-USD,cryptocurrency,0.0037402525935337676,2020-10-01,2021-09-30,252
2021-10-01,Combined Risk Parity,Combined equity + cryptocurrency,Risk Parity,BTC-USD,cryptocurrency,0.006046840961856141,2020-10-01,2021-09-30,252
2021-10-01,Combined Risk Parity,Combined equity + cryptocurrency,Risk Parity,CAT,equity,0.014692267192495652,2020-10-01,2021-09-30,252
2021-10-01,Combined Risk Parity,Combined equity + cryptocurrency,Risk Parity,CCI,equity,0.03327209143945083,2020-10-01,2021-09-30,252
2021-10-01,Combined Risk Parity,Combined equity + cryptocurrency,Risk Parity,CMCSA,equity,0.014373146121825185,2020-10-01,2021-09-30,252
2021-10-01,Combined Risk Parity,Combined equity + cryptocurrency,Risk Parity,COP,equity,0.010121960294632951,2020-10-01,2021-09-30,252
2021-10-01,Combined Risk Parity,Combined equity + cryptocurrency,Risk Parity,CVX,equity,0.012157953113685645,2020-10-01,2021-09-30,252
2021-10-01,Combined Risk Parity,Combined equity + cryptocurrency,Risk Parity,D,equity,0.027945501126256166,2020-10-01,2021-09-30,252
2021-10-01,Combined Risk Parity,Combined equity + cryptocurrency,Risk Parity,DD,equity,0.013169346417396649,2020-10-01,2021-09-30,252
2021-10-01,Combined Risk Parity,Combined equity + cryptocurrency,Risk Parity,DIS,equity,0.014706489063481671,2020-10-01,2021-09-30,252
2021-10-01,Combined Risk Parity,Combined equity + cryptocurrency,Risk Parity,DOW,equity,0.011986480313264223,2020-10-01,2021-09-30,252
2021-10-01,Combined Risk Parity,Combined equity + cryptocurrency,Risk Parity,DUK,equity,0.02766494387254699,2020-10-01,2021-09-30,252
2021-10-01,Combined Risk Parity,Combined equity + cryptocurrency,Risk Parity,EA,equity,0.02800530928072371,2020-10-01,2021-09-30,252
2021-10-01,Combined Risk Parity,Combined equity + cryptocurrency,Risk Parity,EOS-USD,cryptocurrency,0.0035753335790475837,2020-10-01,2021-09-30,252
2021-10-01,Combined Risk Parity,Combined equity + cryptocurrency,Risk Parity,ETC-USD,cryptocurrency,0.003530396468664301,2020-10-01,2021-09-30,252
2021-10-01,Combined Risk Parity,Combined equity + cryptocurrency,Risk Parity,ETH-USD,cryptocurrency,0.004703170149035503,2020-10-01,2021-09-30,252
2021-10-01,Combined Risk Parity,Combined equity + cryptocurrency,Risk Parity,GE,equity,0.015053326920251341,2020-10-01,2021-09-30,252
2021-10-01,Combined Risk Parity,Combined equity + cryptocurrency,Risk Parity,GILD,equity,0.025315755764121123,2020-10-01,2021-09-30,252
2021-10-01,Combined Risk Parity,Combined equity + cryptocurrency,Risk Parity,GS,equity,0.014493868160394816,2020-10-01,2021-09-30,252
2021-10-01,Combined Risk Parity,Combined equity + cryptocurrency,Risk Parity,INTC,equity,0.01483180486391087,2020-10-01,2021-09-30,252
2021-10-01,Combined Risk Parity,Combined equity + cryptocurrency,Risk Parity,KO,equity,0.022056804799544045,2020-10-01,2021-09-30,252
2021-10-01,Combined Risk Parity,Combined equity + cryptocurrency,Risk Parity,LTC-USD,cryptocurrency,0.004117321531671887,2020-10-01,2021-09-30,252
2021-10-01,Combined Risk Parity,Combined equity + cryptocurrency,Risk Parity,MMM,equity,0.02624073651404823,2020-10-01,2021-09-30,252
2021-10-01,Combined Risk Parity,Combined equity + cryptocurrency,Risk Parity,MRK,equity,0.030476591931534774,2020-10-01,2021-09-30,252
2021-10-01,Combined Risk Parity,Combined equity + cryptocurrency,Risk Parity,MS,equity,0.012896389511740257,2020-10-01,2021-09-30,252
2021-10-01,Combined Risk Parity,Combined equity + cryptocurrency,Risk Parity,NEE,equity,0.019493460663469124,2020-10-01,2021-09-30,252
2021-10-01,Combined Risk Parity,Combined equity + cryptocurrency,Risk Parity,NEM,equity,0.01838150014915512,2020-10-01,2021-09-30,252
2021-10-01,Combined Risk Parity,Combined equity + cryptocurrency,Risk Parity,NKE,equity,0.01751138766756879,2020-10-01,2021-09-30,252
2021-10-01,Combined Risk Parity,Combined equity + cryptocurrency,Risk Parity,NUE,equity,0.010117797264015684,2020-10-01,2021-09-30,252
2021-10-01,Combined Risk Parity,Combined equity + cryptocurrency,Risk Parity,NVDA,equity,0.013756740258681868,2020-10-01,2021-09-30,252
2021-10-01,Combined Risk Parity,Combined equity + cryptocurrency,Risk Parity,O,equity,0.020168360194896397,2020-10-01,2021-09-30,252
2021-10-01,Combined Risk Parity,Combined equity + cryptocurrency,Risk Parity,OXY,equity,0.007850086305406147,2020-10-01,2021-09-30,252
2021-10-01,Combined Risk Parity,Combined equity + cryptocurrency,Risk Parity,PLD,equity,0.021910452153516193,2020-10-01,2021-09-30,252
2021-10-01,Combined Risk Parity,Combined equity + cryptocurrency,Risk Parity,PSA,equity,0.03846395829307294,2020-10-01,2021-09-30,252
2021-10-01,Combined Risk Parity,Combined equity + cryptocurrency,Risk Parity,QCOM,equity,0.011921283197077848,2020-10-01,2021-09-30,252
2021-10-01,Combined Risk Parity,Combined equity + cryptocurrency,Risk Parity,SBUX,equity,0.016828928350526698,2020-10-01,2021-09-30,252
2021-10-01,Combined Risk Parity,Combined equity + cryptocurrency,Risk Parity,SHW,equity,0.02431821537602138,2020-10-01,2021-09-30,252
2021-10-01,Combined Risk Parity,Combined equity + cryptocurrency,Risk Parity,SLB,equity,0.00948678658444194,2020-10-01,2021-09-30,252
2021-10-01,Combined Risk Parity,Combined equity + cryptocurrency,Risk Parity,SO,equity,0.02215518821132767,2020-10-01,2021-09-30,252
2021-10-01,Combined Risk Parity,Combined equity + cryptocurrency,Risk Parity,T,equity,0.027302632076289454,2020-10-01,2021-09-30,252
2021-10-01,Combined Risk Parity,Combined equity + cryptocurrency,Risk Parity,TMUS,equity,0.017952936733239357,2020-10-01,2021-09-30,252
2021-10-01,Combined Risk Parity,Combined equity + cryptocurrency,Risk Parity,TRX-USD,cryptocurrency,0.004636122384933038,2020-10-01,2021-09-30,252
2021-10-01,Combined Risk Parity,Combined equity + cryptocurrency,Risk Parity,TTWO,equity,0.026623440120968064,2020-10-01,2021-09-30,252
2021-10-01,Combined Risk Parity,Combined equity + cryptocurrency,Risk Parity,UPS,equity,0.019165190748701853,2020-10-01,2021-09-30,252
2021-10-01,Combined Risk Parity,Combined equity + cryptocurrency,Risk Parity,USB,equity,0.013508591746611514,2020-10-01,2021-09-30,252
2021-10-01,Combined Risk Parity,Combined equity + cryptocurrency,Risk Parity,V,equity,0.015959855418298103,2020-10-01,2021-09-30,252
2021-10-01,Combined Risk Parity,Combined equity + cryptocurrency,Risk Parity,WFC,equity,0.011893654575950825,2020-10-01,2021-09-30,252
2021-10-01,Combined Risk Parity,Combined equity + cryptocurrency,Risk Parity,WMT,equity,0.02747333757920611,2020-10-01,2021-09-30,252
2021-10-01,Combined Risk Parity,Combined equity + cryptocurrency,Risk Parity,XLM-USD,cryptocurrency,0.0032241270234365355,2020-10-01,2021-09-30,252
2021-10-01,Combined Risk Parity,Combined equity + cryptocurrency,Risk Parity,XOM,equity,0.011350252186745265,2020-10-01,2021-09-30,252
2021-10-01,Combined Risk Parity,Combined equity + cryptocurrency,Risk Parity,XRP-USD,cryptocurrency,0.0035794310479386623,2020-10-01,2021-09-30,252
2021-11-01,Combined Risk Parity,Combined equity + cryptocurrency,Risk Parity,ABBV,equity,0.02188854784425834,2020-10-30,2021-10-29,252
2021-11-01,Combined Risk Parity,Combined equity + cryptocurrency,Risk Parity,ABT,equity,0.027976642548167868,2020-10-30,2021-10-29,252
2021-11-01,Combined Risk Parity,Combined equity + cryptocurrency,Risk Parity,ADA-USD,cryptocurrency,0.003853624814326244,2020-10-30,2021-10-29,252
2021-11-01,Combined Risk Parity,Combined equity + cryptocurrency,Risk Parity,ADBE,equity,0.01970852913512507,2020-10-30,2021-10-29,252
2021-11-01,Combined Risk Parity,Combined equity + cryptocurrency,Risk Parity,AEP,equity,0.028361737874353813,2020-10-30,2021-10-29,252
2021-11-01,Combined Risk Parity,Combined equity + cryptocurrency,Risk Parity,AMD,equity,0.016501347655264502,2020-10-30,2021-10-29,252
2021-11-01,Combined Risk Parity,Combined equity + cryptocurrency,Risk Parity,AMGN,equity,0.021140659877717977,2020-10-30,2021-10-29,252
2021-11-01,Combined Risk Parity,Combined equity + cryptocurrency,Risk Parity,AMT,equity,0.025201222680039475,2020-10-30,2021-10-29,252
2021-11-01,Combined Risk Parity,Combined equity + cryptocurrency,Risk Parity,BA,equity,0.010051151828127448,2020-10-30,2021-10-29,252
2021-11-01,Combined Risk Parity,Combined equity + cryptocurrency,Risk Parity,BCH-USD,cryptocurrency,0.0033894596744343188,2020-10-30,2021-10-29,252
2021-11-01,Combined Risk Parity,Combined equity + cryptocurrency,Risk Parity,BTC-USD,cryptocurrency,0.005595460887209582,2020-10-30,2021-10-29,252
2021-11-01,Combined Risk Parity,Combined equity + cryptocurrency,Risk Parity,CAT,equity,0.014784056143093437,2020-10-30,2021-10-29,252
2021-11-01,Combined Risk Parity,Combined equity + cryptocurrency,Risk Parity,CCI,equity,0.030677856695153747,2020-10-30,2021-10-29,252
2021-11-01,Combined Risk Parity,Combined equity + cryptocurrency,Risk Parity,CMCSA,equity,0.014214928417215392,2020-10-30,2021-10-29,252
2021-11-01,Combined Risk Parity,Combined equity + cryptocurrency,Risk Parity,COP,equity,0.01095205908954728,2020-10-30,2021-10-29,252
2021-11-01,Combined Risk Parity,Combined equity + cryptocurrency,Risk Parity,CVX,equity,0.012317856691875791,2020-10-30,2021-10-29,252
2021-11-01,Combined Risk Parity,Combined equity + cryptocurrency,Risk Parity,D,equity,0.02681492144203637,2020-10-30,2021-10-29,252
2021-11-01,Combined Risk Parity,Combined equity + cryptocurrency,Risk Parity,DD,equity,0.012668186877887492,2020-10-30,2021-10-29,252
2021-11-01,Combined Risk Parity,Combined equity + cryptocurrency,Risk Parity,DIS,equity,0.014578637885163084,2020-10-30,2021-10-29,252
2021-11-01,Combined Risk Parity,Combined equity + cryptocurrency,Risk Parity,DOW,equity,0.011289856499633755,2020-10-30,2021-10-29,252
2021-11-01,Combined Risk Parity,Combined equity + cryptocurrency,Risk Parity,DUK,equity,0.02800206185324336,2020-10-30,2021-10-29,252
2021-11-01,Combined Risk Parity,Combined equity + cryptocurrency,Risk Parity,EA,equity,0.02830690877425222,2020-10-30,2021-10-29,252
2021-11-01,Combined Risk Parity,Combined equity + cryptocurrency,Risk Parity,EOS-USD,cryptocurrency,0.0031963571790031907,2020-10-30,2021-10-29,252
2021-11-01,Combined Risk Parity,Combined equity + cryptocurrency,Risk Parity,ETC-USD,cryptocurrency,0.0032626790681226543,2020-10-30,2021-10-29,252
2021-11-01,Combined Risk Parity,Combined equity + cryptocurrency,Risk Parity,ETH-USD,cryptocurrency,0.0043818312275324236,2020-10-30,2021-10-29,252
2021-11-01,Combined Risk Parity,Combined equity + cryptocurrency,Risk Parity,GE,equity,0.013683103761958663,2020-10-30,2021-10-29,252
2021-11-01,Combined Risk Parity,Combined equity + cryptocurrency,Risk Parity,GILD,equity,0.027062233722013686,2020-10-30,2021-10-29,252
2021-11-01,Combined Risk Parity,Combined equity + cryptocurrency,Risk Parity,GS,equity,0.014741544588731717,2020-10-30,2021-10-29,252
2021-11-01,Combined Risk Parity,Combined equity + cryptocurrency,Risk Parity,INTC,equity,0.014886430266224025,2020-10-30,2021-10-29,252
2021-11-01,Combined Risk Parity,Combined equity + cryptocurrency,Risk Parity,KO,equity,0.024521437055086956,2020-10-30,2021-10-29,252
2021-11-01,Combined Risk Parity,Combined equity + cryptocurrency,Risk Parity,LTC-USD,cryptocurrency,0.00374179201514578,2020-10-30,2021-10-29,252
2021-11-01,Combined Risk Parity,Combined equity + cryptocurrency,Risk Parity,MMM,equity,0.026239984775406792,2020-10-30,2021-10-29,252
2021-11-01,Combined Risk Parity,Combined equity + cryptocurrency,Risk Parity,MRK,equity,0.0268583069144136,2020-10-30,2021-10-29,252
2021-11-01,Combined Risk Parity,Combined equity + cryptocurrency,Risk Parity,MS,equity,0.01299919258553154,2020-10-30,2021-10-29,252
2021-11-01,Combined Risk Parity,Combined equity + cryptocurrency,Risk Parity,NEE,equity,0.018680344911570182,2020-10-30,2021-10-29,252
2021-11-01,Combined Risk Parity,Combined equity + cryptocurrency,Risk Parity,NEM,equity,0.02012470742685115,2020-10-30,2021-10-29,252
2021-11-01,Combined Risk Parity,Combined equity + cryptocurrency,Risk Parity,NKE,equity,0.01769814181247423,2020-10-30,2021-10-29,252
2021-11-01,Combined Risk Parity,Combined equity + cryptocurrency,Risk Parity,NUE,equity,0.010085364924405572,2020-10-30,2021-10-29,252
2021-11-01,Combined Risk Parity,Combined equity + cryptocurrency,Risk Parity,NVDA,equity,0.014206716791693717,2020-10-30,2021-10-29,252
2021-11-01,Combined Risk Parity,Combined equity + cryptocurrency,Risk Parity,O,equity,0.019850640794464445,2020-10-30,2021-10-29,252
2021-11-01,Combined Risk Parity,Combined equity + cryptocurrency,Risk Parity,OXY,equity,0.00813706801872011,2020-10-30,2021-10-29,252
2021-11-01,Combined Risk Parity,Combined equity + cryptocurrency,Risk Parity,PLD,equity,0.022225502467192286,2020-10-30,2021-10-29,252
2021-11-01,Combined Risk Parity,Combined equity + cryptocurrency,Risk Parity,PSA,equity,0.038555877310248295,2020-10-30,2021-10-29,252
2021-11-01,Combined Risk Parity,Combined equity + cryptocurrency,Risk Parity,QCOM,equity,0.011847247345841503,2020-10-30,2021-10-29,252
2021-11-01,Combined Risk Parity,Combined equity + cryptocurrency,Risk Parity,SBUX,equity,0.017205833495068615,2020-10-30,2021-10-29,252
2021-11-01,Combined Risk Parity,Combined equity + cryptocurrency,Risk Parity,SHW,equity,0.022854064736491878,2020-10-30,2021-10-29,252
2021-11-01,Combined Risk Parity,Combined equity + cryptocurrency,Risk Parity,SLB,equity,0.00929830852104308,2020-10-30,2021-10-29,252
2021-11-01,Combined Risk Parity,Combined equity + cryptocurrency,Risk Parity,SO,equity,0.022177637748868738,2020-10-30,2021-10-29,252
2021-11-01,Combined Risk Parity,Combined equity + cryptocurrency,Risk Parity,T,equity,0.02668881809581297,2020-10-30,2021-10-29,252
2021-11-01,Combined Risk Parity,Combined equity + cryptocurrency,Risk Parity,TMUS,equity,0.018448835734062856,2020-10-30,2021-10-29,252
2021-11-01,Combined Risk Parity,Combined equity + cryptocurrency,Risk Parity,TRX-USD,cryptocurrency,0.004284286437641272,2020-10-30,2021-10-29,252
2021-11-01,Combined Risk Parity,Combined equity + cryptocurrency,Risk Parity,TTWO,equity,0.02516105294537445,2020-10-30,2021-10-29,252
2021-11-01,Combined Risk Parity,Combined equity + cryptocurrency,Risk Parity,UPS,equity,0.021294101368479562,2020-10-30,2021-10-29,252
2021-11-01,Combined Risk Parity,Combined equity + cryptocurrency,Risk Parity,USB,equity,0.013930514721088803,2020-10-30,2021-10-29,252
2021-11-01,Combined Risk Parity,Combined equity + cryptocurrency,Risk Parity,V,equity,0.01554983968027944,2020-10-30,2021-10-29,252
2021-11-01,Combined Risk Parity,Combined equity + cryptocurrency,Risk Parity,WFC,equity,0.012513650184450258,2020-10-30,2021-10-29,252
2021-11-01,Combined Risk Parity,Combined equity + cryptocurrency,Risk Parity,WMT,equity,0.02742172319637523,2020-10-30,2021-10-29,252
2021-11-01,Combined Risk Parity,Combined equity + cryptocurrency,Risk Parity,XLM-USD,cryptocurrency,0.002999175767182866,2020-10-30,2021-10-29,252
2021-11-01,Combined Risk Parity,Combined equity + cryptocurrency,Risk Parity,XOM,equity,0.011580199380257719,2020-10-30,2021-10-29,252
2021-11-01,Combined Risk Parity,Combined equity + cryptocurrency,Risk Parity,XRP-USD,cryptocurrency,0.003329737836763186,2020-10-30,2021-10-29,252
2021-12-01,Combined Risk Parity,Combined equity + cryptocurrency,Risk Parity,ABBV,equity,0.02187529698676862,2020-12-01,2021-11-30,252
2021-12-01,Combined Risk Parity,Combined equity + cryptocurrency,Risk Parity,ABT,equity,0.028358820706261865,2020-12-01,2021-11-30,252
2021-12-01,Combined Risk Parity,Combined equity + cryptocurrency,Risk Parity,ADA-USD,cryptocurrency,0.0035822737762291725,2020-12-01,2021-11-30,252
2021-12-01,Combined Risk Parity,Combined equity + cryptocurrency,Risk Parity,ADBE,equity,0.018643026244072384,2020-12-01,2021-11-30,252
2021-12-01,Combined Risk Parity,Combined equity + cryptocurrency,Risk Parity,AEP,equity,0.02863614582209921,2020-12-01,2021-11-30,252
2021-12-01,Combined Risk Parity,Combined equity + cryptocurrency,Risk Parity,AMD,equity,0.014754870490802693,2020-12-01,2021-11-30,252
2021-12-01,Combined Risk Parity,Combined equity + cryptocurrency,Risk Parity,AMGN,equity,0.020727083468148555,2020-12-01,2021-11-30,252
2021-12-01,Combined Risk Parity,Combined equity + cryptocurrency,Risk Parity,AMT,equity,0.02307616112213515,2020-12-01,2021-11-30,252
2021-12-01,Combined Risk Parity,Combined equity + cryptocurrency,Risk Parity,BA,equity,0.012278101211707988,2020-12-01,2021-11-30,252
2021-12-01,Combined Risk Parity,Combined equity + cryptocurrency,Risk Parity,BCH-USD,cryptocurrency,0.0031638856984477722,2020-12-01,2021-11-30,252
2021-12-01,Combined Risk Parity,Combined equity + cryptocurrency,Risk Parity,BTC-USD,cryptocurrency,0.005171049628950338,2020-12-01,2021-11-30,252
2021-12-01,Combined Risk Parity,Combined equity + cryptocurrency,Risk Parity,CAT,equity,0.01434888258468669,2020-12-01,2021-11-30,252
2021-12-01,Combined Risk Parity,Combined equity + cryptocurrency,Risk Parity,CCI,equity,0.02558706614587324,2020-12-01,2021-11-30,252
2021-12-01,Combined Risk Parity,Combined equity + cryptocurrency,Risk Parity,CMCSA,equity,0.01498310077097396,2020-12-01,2021-11-30,252
2021-12-01,Combined Risk Parity,Combined equity + cryptocurrency,Risk Parity,COP,equity,0.012178059938205027,2020-12-01,2021-11-30,252
2021-12-01,Combined Risk Parity,Combined equity + cryptocurrency,Risk Parity,CVX,equity,0.014805207627445506,2020-12-01,2021-11-30,252
2021-12-01,Combined Risk Parity,Combined equity + cryptocurrency,Risk Parity,D,equity,0.027143529005640803,2020-12-01,2021-11-30,252
2021-12-01,Combined Risk Parity,Combined equity + cryptocurrency,Risk Parity,DD,equity,0.012443172863919005,2020-12-01,2021-11-30,252
2021-12-01,Combined Risk Parity,Combined equity + cryptocurrency,Risk Parity,DIS,equity,0.016535796585662756,2020-12-01,2021-11-30,252
2021-12-01,Combined Risk Parity,Combined equity + cryptocurrency,Risk Parity,DOW,equity,0.011953762735559393,2020-12-01,2021-11-30,252
2021-12-01,Combined Risk Parity,Combined equity + cryptocurrency,Risk Parity,DUK,equity,0.030374094570463268,2020-12-01,2021-11-30,252
2021-12-01,Combined Risk Parity,Combined equity + cryptocurrency,Risk Parity,EA,equity,0.02737468770351467,2020-12-01,2021-11-30,252
2021-12-01,Combined Risk Parity,Combined equity + cryptocurrency,Risk Parity,EOS-USD,cryptocurrency,0.0030858921248616738,2020-12-01,2021-11-30,252
2021-12-01,Combined Risk Parity,Combined equity + cryptocurrency,Risk Parity,ETC-USD,cryptocurrency,0.0031308621354881414,2020-12-01,2021-11-30,252
2021-12-01,Combined Risk Parity,Combined equity + cryptocurrency,Risk Parity,ETH-USD,cryptocurrency,0.0041601305145807215,2020-12-01,2021-11-30,252
2021-12-01,Combined Risk Parity,Combined equity + cryptocurrency,Risk Parity,GE,equity,0.013886584543920453,2020-12-01,2021-11-30,252
2021-12-01,Combined Risk Parity,Combined equity + cryptocurrency,Risk Parity,GILD,equity,0.026469616331579716,2020-12-01,2021-11-30,252
2021-12-01,Combined Risk Parity,Combined equity + cryptocurrency,Risk Parity,GS,equity,0.015356150461805714,2020-12-01,2021-11-30,252
2021-12-01,Combined Risk Parity,Combined equity + cryptocurrency,Risk Parity,INTC,equity,0.014689504913560887,2020-12-01,2021-11-30,252
2021-12-01,Combined Risk Parity,Combined equity + cryptocurrency,Risk Parity,KO,equity,0.025007222886328066,2020-12-01,2021-11-30,252
2021-12-01,Combined Risk Parity,Combined equity + cryptocurrency,Risk Parity,LTC-USD,cryptocurrency,0.003593424492420973,2020-12-01,2021-11-30,252
2021-12-01,Combined Risk Parity,Combined equity + cryptocurrency,Risk Parity,MMM,equity,0.02657209100362769,2020-12-01,2021-11-30,252
2021-12-01,Combined Risk Parity,Combined equity + cryptocurrency,Risk Parity,MRK,equity,0.0261051337486015,2020-12-01,2021-11-30,252
2021-12-01,Combined Risk Parity,Combined equity + cryptocurrency,Risk Parity,MS,equity,0.013794295452519104,2020-12-01,2021-11-30,252
2021-12-01,Combined Risk Parity,Combined equity + cryptocurrency,Risk Parity,NEE,equity,0.018452571872123853,2020-12-01,2021-11-30,252
2021-12-01,Combined Risk Parity,Combined equity + cryptocurrency,Risk Parity,NEM,equity,0.019246714892935324,2020-12-01,2021-11-30,252
2021-12-01,Combined Risk Parity,Combined equity + cryptocurrency,Risk Parity,NKE,equity,0.017800812342278195,2020-12-01,2021-11-30,252
2021-12-01,Combined Risk Parity,Combined equity + cryptocurrency,Risk Parity,NUE,equity,0.010432857582967518,2020-12-01,2021-11-30,252
2021-12-01,Combined Risk Parity,Combined equity + cryptocurrency,Risk Parity,NVDA,equity,0.012527811271777453,2020-12-01,2021-11-30,252
2021-12-01,Combined Risk Parity,Combined equity + cryptocurrency,Risk Parity,O,equity,0.02294029607276411,2020-12-01,2021-11-30,252
2021-12-01,Combined Risk Parity,Combined equity + cryptocurrency,Risk Parity,OXY,equity,0.009206092724889436,2020-12-01,2021-11-30,252
2021-12-01,Combined Risk Parity,Combined equity + cryptocurrency,Risk Parity,PLD,equity,0.019732368358461327,2020-12-01,2021-11-30,252
2021-12-01,Combined Risk Parity,Combined equity + cryptocurrency,Risk Parity,PSA,equity,0.035240794138982054,2020-12-01,2021-11-30,252
2021-12-01,Combined Risk Parity,Combined equity + cryptocurrency,Risk Parity,QCOM,equity,0.012626809314723533,2020-12-01,2021-11-30,252
2021-12-01,Combined Risk Parity,Combined equity + cryptocurrency,Risk Parity,SBUX,equity,0.017740607206851642,2020-12-01,2021-11-30,252
2021-12-01,Combined Risk Parity,Combined equity + cryptocurrency,Risk Parity,SHW,equity,0.02240651278749312,2020-12-01,2021-11-30,252
2021-12-01,Combined Risk Parity,Combined equity + cryptocurrency,Risk Parity,SLB,equity,0.009718214461487894,2020-12-01,2021-11-30,252
2021-12-01,Combined Risk Parity,Combined equity + cryptocurrency,Risk Parity,SO,equity,0.02376541749072001,2020-12-01,2021-11-30,252
2021-12-01,Combined Risk Parity,Combined equity + cryptocurrency,Risk Parity,T,equity,0.026881343998949637,2020-12-01,2021-11-30,252
2021-12-01,Combined Risk Parity,Combined equity + cryptocurrency,Risk Parity,TMUS,equity,0.016582213708803802,2020-12-01,2021-11-30,252
2021-12-01,Combined Risk Parity,Combined equity + cryptocurrency,Risk Parity,TRX-USD,cryptocurrency,0.004093177726503263,2020-12-01,2021-11-30,252
2021-12-01,Combined Risk Parity,Combined equity + cryptocurrency,Risk Parity,TTWO,equity,0.023885661006121574,2020-12-01,2021-11-30,252
2021-12-01,Combined Risk Parity,Combined equity + cryptocurrency,Risk Parity,UPS,equity,0.021723797799285457,2020-12-01,2021-11-30,252
2021-12-01,Combined Risk Parity,Combined equity + cryptocurrency,Risk Parity,USB,equity,0.014556562584372604,2020-12-01,2021-11-30,252
2021-12-01,Combined Risk Parity,Combined equity + cryptocurrency,Risk Parity,V,equity,0.016960257791442515,2020-12-01,2021-11-30,252
2021-12-01,Combined Risk Parity,Combined equity + cryptocurrency,Risk Parity,WFC,equity,0.012765599937146297,2020-12-01,2021-11-30,252
2021-12-01,Combined Risk Parity,Combined equity + cryptocurrency,Risk Parity,WMT,equity,0.027228932392045133,2020-12-01,2021-11-30,252
2021-12-01,Combined Risk Parity,Combined equity + cryptocurrency,Risk Parity,XLM-USD,cryptocurrency,0.0032723517843587843,2020-12-01,2021-11-30,252
2021-12-01,Combined Risk Parity,Combined equity + cryptocurrency,Risk Parity,XOM,equity,0.012939663616325574,2020-12-01,2021-11-30,252
2021-12-01,Combined Risk Parity,Combined equity + cryptocurrency,Risk Parity,XRP-USD,cryptocurrency,0.003427572839326964,2020-12-01,2021-11-30,252
2022-01-03,Combined Risk Parity,Combined equity + cryptocurrency,Risk Parity,ABBV,equity,0.022755874539633635,2021-01-04,2021-12-31,252
2022-01-03,Combined Risk Parity,Combined equity + cryptocurrency,Risk Parity,ABT,equity,0.028481533083604814,2021-01-04,2021-12-31,252
2022-01-03,Combined Risk Parity,Combined equity + cryptocurrency,Risk Parity,ADA-USD,cryptocurrency,0.0035348600184337653,2021-01-04,2021-12-31,252
2022-01-03,Combined Risk Parity,Combined equity + cryptocurrency,Risk Parity,ADBE,equity,0.016951172290413662,2021-01-04,2021-12-31,252
2022-01-03,Combined Risk Parity,Combined equity + cryptocurrency,Risk Parity,AEP,equity,0.02956150310483964,2021-01-04,2021-12-31,252
2022-01-03,Combined Risk Parity,Combined equity + cryptocurrency,Risk Parity,AMD,equity,0.0135801540522017,2021-01-04,2021-12-31,252
2022-01-03,Combined Risk Parity,Combined equity + cryptocurrency,Risk Parity,AMGN,equity,0.021107501351838687,2021-01-04,2021-12-31,252
2022-01-03,Combined Risk Parity,Combined equity + cryptocurrency,Risk Parity,AMT,equity,0.022820846436958298,2021-01-04,2021-12-31,252
2022-01-03,Combined Risk Parity,Combined equity + cryptocurrency,Risk Parity,BA,equity,0.011144045656538305,2021-01-04,2021-12-31,252
2022-01-03,Combined Risk Parity,Combined equity + cryptocurrency,Risk Parity,BCH-USD,cryptocurrency,0.0032986429123876473,2021-01-04,2021-12-31,252
2022-01-03,Combined Risk Parity,Combined equity + cryptocurrency,Risk Parity,BTC-USD,cryptocurrency,0.005297523695735468,2021-01-04,2021-12-31,252
2022-01-03,Combined Risk Parity,Combined equity + cryptocurrency,Risk Parity,CAT,equity,0.014321992887729675,2021-01-04,2021-12-31,252
2022-01-03,Combined Risk Parity,Combined equity + cryptocurrency,Risk Parity,CCI,equity,0.025117027451096733,2021-01-04,2021-12-31,252
2022-01-03,Combined Risk Parity,Combined equity + cryptocurrency,Risk Parity,CMCSA,equity,0.015382674003390662,2021-01-04,2021-12-31,252
2022-01-03,Combined Risk Parity,Combined equity + cryptocurrency,Risk Parity,COP,equity,0.01191707538793539,2021-01-04,2021-12-31,252
2022-01-03,Combined Risk Parity,Combined equity + cryptocurrency,Risk Parity,CVX,equity,0.014850583090527879,2021-01-04,2021-12-31,252
2022-01-03,Combined Risk Parity,Combined equity + cryptocurrency,Risk Parity,D,equity,0.026978970979179014,2021-01-04,2021-12-31,252
2022-01-03,Combined Risk Parity,Combined equity + cryptocurrency,Risk Parity,DD,equity,0.012646697215854714,2021-01-04,2021-12-31,252
2022-01-03,Combined Risk Parity,Combined equity + cryptocurrency,Risk Parity,DIS,equity,0.016588295161870197,2021-01-04,2021-12-31,252
2022-01-03,Combined Risk Parity,Combined equity + cryptocurrency,Risk Parity,DOW,equity,0.012042095690682599,2021-01-04,2021-12-31,252
2022-01-03,Combined Risk Parity,Combined equity + cryptocurrency,Risk Parity,DUK,equity,0.0314281613259056,2021-01-04,2021-12-31,252
2022-01-03,Combined Risk Parity,Combined equity + cryptocurrency,Risk Parity,EA,equity,0.02580299639129209,2021-01-04,2021-12-31,252
2022-01-03,Combined Risk Parity,Combined equity + cryptocurrency,Risk Parity,EOS-USD,cryptocurrency,0.003230277978689722,2021-01-04,2021-12-31,252
2022-01-03,Combined Risk Parity,Combined equity + cryptocurrency,Risk Parity,ETC-USD,cryptocurrency,0.00328255079074757,2021-01-04,2021-12-31,252
2022-01-03,Combined Risk Parity,Combined equity + cryptocurrency,Risk Parity,ETH-USD,cryptocurrency,0.004272971586117868,2021-01-04,2021-12-31,252
2022-01-03,Combined Risk Parity,Combined equity + cryptocurrency,Risk Parity,GE,equity,0.013588778774151461,2021-01-04,2021-12-31,252
2022-01-03,Combined Risk Parity,Combined equity + cryptocurrency,Risk Parity,GILD,equity,0.02853365467187769,2021-01-04,2021-12-31,252
2022-01-03,Combined Risk Parity,Combined equity + cryptocurrency,Risk Parity,GS,equity,0.014594705826761317,2021-01-04,2021-12-31,252
2022-01-03,Combined Risk Parity,Combined equity + cryptocurrency,Risk Parity,INTC,equity,0.014511577758167877,2021-01-04,2021-12-31,252
2022-01-03,Combined Risk Parity,Combined equity + cryptocurrency,Risk Parity,KO,equity,0.02523642271529674,2021-01-04,2021-12-31,252
2022-01-03,Combined Risk Parity,Combined equity + cryptocurrency,Risk Parity,LTC-USD,cryptocurrency,0.0037037820162614484,2021-01-04,2021-12-31,252
2022-01-03,Combined Risk Parity,Combined equity + cryptocurrency,Risk Parity,MMM,equity,0.026750693035602742,2021-01-04,2021-12-31,252
2022-01-03,Combined Risk Parity,Combined equity + cryptocurrency,Risk Parity,MRK,equity,0.028377283270753173,2021-01-04,2021-12-31,252
2022-01-03,Combined Risk Parity,Combined equity + cryptocurrency,Risk Parity,MS,equity,0.01347759934999733,2021-01-04,2021-12-31,252
2022-01-03,Combined Risk Parity,Combined equity + cryptocurrency,Risk Parity,NEE,equity,0.019095314258315794,2021-01-04,2021-12-31,252
2022-01-03,Combined Risk Parity,Combined equity + cryptocurrency,Risk Parity,NEM,equity,0.02070324255379899,2021-01-04,2021-12-31,252
2022-01-03,Combined Risk Parity,Combined equity + cryptocurrency,Risk Parity,NKE,equity,0.017378800526157912,2021-01-04,2021-12-31,252
2022-01-03,Combined Risk Parity,Combined equity + cryptocurrency,Risk Parity,NUE,equity,0.011415142765207453,2021-01-04,2021-12-31,252
2022-01-03,Combined Risk Parity,Combined equity + cryptocurrency,Risk Parity,NVDA,equity,0.011428281373088614,2021-01-04,2021-12-31,252
2022-01-03,Combined Risk Parity,Combined equity + cryptocurrency,Risk Parity,O,equity,0.02230284569325963,2021-01-04,2021-12-31,252
2022-01-03,Combined Risk Parity,Combined equity + cryptocurrency,Risk Parity,OXY,equity,0.00939073982916367,2021-01-04,2021-12-31,252
2022-01-03,Combined Risk Parity,Combined equity + cryptocurrency,Risk Parity,PLD,equity,0.020536256633763676,2021-01-04,2021-12-31,252
2022-01-03,Combined Risk Parity,Combined equity + cryptocurrency,Risk Parity,PSA,equity,0.03411734448249386,2021-01-04,2021-12-31,252
2022-01-03,Combined Risk Parity,Combined equity + cryptocurrency,Risk Parity,QCOM,equity,0.013088437137339348,2021-01-04,2021-12-31,252
2022-01-03,Combined Risk Parity,Combined equity + cryptocurrency,Risk Parity,SBUX,equity,0.016687138558314173,2021-01-04,2021-12-31,252
2022-01-03,Combined Risk Parity,Combined equity + cryptocurrency,Risk Parity,SHW,equity,0.02171488905840436,2021-01-04,2021-12-31,252
2022-01-03,Combined Risk Parity,Combined equity + cryptocurrency,Risk Parity,SLB,equity,0.00999438778013559,2021-01-04,2021-12-31,252
2022-01-03,Combined Risk Parity,Combined equity + cryptocurrency,Risk Parity,SO,equity,0.025262603787655793,2021-01-04,2021-12-31,252
2022-01-03,Combined Risk Parity,Combined equity + cryptocurrency,Risk Parity,T,equity,0.025888779676275418,2021-01-04,2021-12-31,252
2022-01-03,Combined Risk Parity,Combined equity + cryptocurrency,Risk Parity,TMUS,equity,0.016143335945572417,2021-01-04,2021-12-31,252
2022-01-03,Combined Risk Parity,Combined equity + cryptocurrency,Risk Parity,TRX-USD,cryptocurrency,0.0042345434677606665,2021-01-04,2021-12-31,252
2022-01-03,Combined Risk Parity,Combined equity + cryptocurrency,Risk Parity,TTWO,equity,0.02345055378306164,2021-01-04,2021-12-31,252
2022-01-03,Combined Risk Parity,Combined equity + cryptocurrency,Risk Parity,UPS,equity,0.020487187649661596,2021-01-04,2021-12-31,252
2022-01-03,Combined Risk Parity,Combined equity + cryptocurrency,Risk Parity,USB,equity,0.014182791464348032,2021-01-04,2021-12-31,252
2022-01-03,Combined Risk Parity,Combined equity + cryptocurrency,Risk Parity,V,equity,0.01617242700363219,2021-01-04,2021-12-31,252
2022-01-03,Combined Risk Parity,Combined equity + cryptocurrency,Risk Parity,WFC,equity,0.012247414736536863,2021-01-04,2021-12-31,252
2022-01-03,Combined Risk Parity,Combined equity + cryptocurrency,Risk Parity,WMT,equity,0.02819784056983929,2021-01-04,2021-12-31,252
2022-01-03,Combined Risk Parity,Combined equity + cryptocurrency,Risk Parity,XLM-USD,cryptocurrency,0.0033978587589125753,2021-01-04,2021-12-31,252
2022-01-03,Combined Risk Parity,Combined equity + cryptocurrency,Risk Parity,XOM,equity,0.013482576738888316,2021-01-04,2021-12-31,252
2022-01-03,Combined Risk Parity,Combined equity + cryptocurrency,Risk Parity,XRP-USD,cryptocurrency,0.0038287412659371188,2021-01-04,2021-12-31,252
2022-02-01,Combined Risk Parity,Combined equity + cryptocurrency,Risk Parity,ABBV,equity,0.026597260286814535,2021-02-02,2022-01-31,252
2022-02-01,Combined Risk Parity,Combined equity + cryptocurrency,Risk Parity,ABT,equity,0.026141291069584734,2021-02-02,2022-01-31,252
2022-02-01,Combined Risk Parity,Combined equity + cryptocurrency,Risk Parity,ADA-USD,cryptocurrency,0.0037043456532074867,2021-02-02,2022-01-31,252
2022-02-01,Combined Risk Parity,Combined equity + cryptocurrency,Risk Parity,ADBE,equity,0.015861102469527204,2021-02-02,2022-01-31,252
2022-02-01,Combined Risk Parity,Combined equity + cryptocurrency,Risk Parity,AEP,equity,0.030080785101755096,2021-02-02,2022-01-31,252
2022-02-01,Combined Risk Parity,Combined equity + cryptocurrency,Risk Parity,AMD,equity,0.01148806441595936,2021-02-02,2022-01-31,252
2022-02-01,Combined Risk Parity,Combined equity + cryptocurrency,Risk Parity,AMGN,equity,0.021934455899161744,2021-02-02,2022-01-31,252
2022-02-01,Combined Risk Parity,Combined equity + cryptocurrency,Risk Parity,AMT,equity,0.020199143721300054,2021-02-02,2022-01-31,252
2022-02-01,Combined Risk Parity,Combined equity + cryptocurrency,Risk Parity,BA,equity,0.010979008526336312,2021-02-02,2022-01-31,252
2022-02-01,Combined Risk Parity,Combined equity + cryptocurrency,Risk Parity,BCH-USD,cryptocurrency,0.0034658222197353084,2021-02-02,2022-01-31,252
2022-02-01,Combined Risk Parity,Combined equity + cryptocurrency,Risk Parity,BTC-USD,cryptocurrency,0.005699768293565933,2021-02-02,2022-01-31,252
2022-02-01,Combined Risk Parity,Combined equity + cryptocurrency,Risk Parity,CAT,equity,0.01580149925443943,2021-02-02,2022-01-31,252
2022-02-01,Combined Risk Parity,Combined equity + cryptocurrency,Risk Parity,CCI,equity,0.02146438921936924,2021-02-02,2022-01-31,252
2022-02-01,Combined Risk Parity,Combined equity + cryptocurrency,Risk Parity,CMCSA,equity,0.016456648942442136,2021-02-02,2022-01-31,252
2022-02-01,Combined Risk Parity,Combined equity + cryptocurrency,Risk Parity,COP,equity,0.012879556075494803,2021-02-02,2022-01-31,252
2022-02-01,Combined Risk Parity,Combined equity + cryptocurrency,Risk Parity,CVX,equity,0.01713058670797561,2021-02-02,2022-01-31,252
2022-02-01,Combined Risk Parity,Combined equity + cryptocurrency,Risk Parity,D,equity,0.02636965312125751,2021-02-02,2022-01-31,252
2022-02-01,Combined Risk Parity,Combined equity + cryptocurrency,Risk Parity,DD,equity,0.012974733756604804,2021-02-02,2022-01-31,252
2022-02-01,Combined Risk Parity,Combined equity + cryptocurrency,Risk Parity,DIS,equity,0.016268990394622682,2021-02-02,2022-01-31,252
2022-02-01,Combined Risk Parity,Combined equity + cryptocurrency,Risk Parity,DOW,equity,0.012947612277266946,2021-02-02,2022-01-31,252
2022-02-01,Combined Risk Parity,Combined equity + cryptocurrency,Risk Parity,DUK,equity,0.03174240023218666,2021-02-02,2022-01-31,252
2022-02-01,Combined Risk Parity,Combined equity + cryptocurrency,Risk Parity,EA,equity,0.02535525708886759,2021-02-02,2022-01-31,252
2022-02-01,Combined Risk Parity,Combined equity + cryptocurrency,Risk Parity,EOS-USD,cryptocurrency,0.0032084894730910283,2021-02-02,2022-01-31,252
2022-02-01,Combined Risk Parity,Combined equity + cryptocurrency,Risk Parity,ETC-USD,cryptocurrency,0.0032315373240497753,2021-02-02,2022-01-31,252
2022-02-01,Combined Risk Parity,Combined equity + cryptocurrency,Risk Parity,ETH-USD,cryptocurrency,0.004285464073093988,2021-02-02,2022-01-31,252
2022-02-01,Combined Risk Parity,Combined equity + cryptocurrency,Risk Parity,GE,equity,0.012494541842601998,2021-02-02,2022-01-31,252
2022-02-01,Combined Risk Parity,Combined equity + cryptocurrency,Risk Parity,GILD,equity,0.027480607324049066,2021-02-02,2022-01-31,252
2022-02-01,Combined Risk Parity,Combined equity + cryptocurrency,Risk Parity,GS,equity,0.01402630783742181,2021-02-02,2022-01-31,252
2022-02-01,Combined Risk Parity,Combined equity + cryptocurrency,Risk Parity,INTC,equity,0.015058810007790113,2021-02-02,2022-01-31,252
2022-02-01,Combined Risk Parity,Combined equity + cryptocurrency,Risk Parity,KO,equity,0.025147368696715317,2021-02-02,2022-01-31,252
2022-02-01,Combined Risk Parity,Combined equity + cryptocurrency,Risk Parity,LTC-USD,cryptocurrency,0.003733176664814383,2021-02-02,2022-01-31,252
2022-02-01,Combined Risk Parity,Combined equity + cryptocurrency,Risk Parity,MMM,equity,0.02234333662246075,2021-02-02,2022-01-31,252
2022-02-01,Combined Risk Parity,Combined equity + cryptocurrency,Risk Parity,MRK,equity,0.03377275718454806,2021-02-02,2022-01-31,252
2022-02-01,Combined Risk Parity,Combined equity + cryptocurrency,Risk Parity,MS,equity,0.014721655246182245,2021-02-02,2022-01-31,252
2022-02-01,Combined Risk Parity,Combined equity + cryptocurrency,Risk Parity,NEE,equity,0.0220529636767946,2021-02-02,2022-01-31,252
2022-02-01,Combined Risk Parity,Combined equity + cryptocurrency,Risk Parity,NEM,equity,0.022282271668123604,2021-02-02,2022-01-31,252
2022-02-01,Combined Risk Parity,Combined equity + cryptocurrency,Risk Parity,NKE,equity,0.01755601057548757,2021-02-02,2022-01-31,252
2022-02-01,Combined Risk Parity,Combined equity + cryptocurrency,Risk Parity,NUE,equity,0.010649616479670592,2021-02-02,2022-01-31,252
2022-02-01,Combined Risk Parity,Combined equity + cryptocurrency,Risk Parity,NVDA,equity,0.009835038095382909,2021-02-02,2022-01-31,252
2022-02-01,Combined Risk Parity,Combined equity + cryptocurrency,Risk Parity,O,equity,0.021537439318889687,2021-02-02,2022-01-31,252
2022-02-01,Combined Risk Parity,Combined equity + cryptocurrency,Risk Parity,OXY,equity,0.00937783799081245,2021-02-02,2022-01-31,252
2022-02-01,Combined Risk Parity,Combined equity + cryptocurrency,Risk Parity,PLD,equity,0.02060722798856725,2021-02-02,2022-01-31,252
2022-02-01,Combined Risk Parity,Combined equity + cryptocurrency,Risk Parity,PSA,equity,0.03171890351314837,2021-02-02,2022-01-31,252
2022-02-01,Combined Risk Parity,Combined equity + cryptocurrency,Risk Parity,QCOM,equity,0.012921542389678093,2021-02-02,2022-01-31,252
2022-02-01,Combined Risk Parity,Combined equity + cryptocurrency,Risk Parity,SBUX,equity,0.018184263898084165,2021-02-02,2022-01-31,252
2022-02-01,Combined Risk Parity,Combined equity + cryptocurrency,Risk Parity,SHW,equity,0.020725538820521236,2021-02-02,2022-01-31,252
2022-02-01,Combined Risk Parity,Combined equity + cryptocurrency,Risk Parity,SLB,equity,0.01083357465395906,2021-02-02,2022-01-31,252
2022-02-01,Combined Risk Parity,Combined equity + cryptocurrency,Risk Parity,SO,equity,0.029265956259317872,2021-02-02,2022-01-31,252
2022-02-01,Combined Risk Parity,Combined equity + cryptocurrency,Risk Parity,T,equity,0.021930061666872593,2021-02-02,2022-01-31,252
2022-02-01,Combined Risk Parity,Combined equity + cryptocurrency,Risk Parity,TMUS,equity,0.01716239863272765,2021-02-02,2022-01-31,252
2022-02-01,Combined Risk Parity,Combined equity + cryptocurrency,Risk Parity,TRX-USD,cryptocurrency,0.003988630095177716,2021-02-02,2022-01-31,252
2022-02-01,Combined Risk Parity,Combined equity + cryptocurrency,Risk Parity,TTWO,equity,0.022655619680437476,2021-02-02,2022-01-31,252
2022-02-01,Combined Risk Parity,Combined equity + cryptocurrency,Risk Parity,UPS,equity,0.019361851650779922,2021-02-02,2022-01-31,252
2022-02-01,Combined Risk Parity,Combined equity + cryptocurrency,Risk Parity,USB,equity,0.014557991889488805,2021-02-02,2022-01-31,252
2022-02-01,Combined Risk Parity,Combined equity + cryptocurrency,Risk Parity,V,equity,0.014955158208039013,2021-02-02,2022-01-31,252
2022-02-01,Combined Risk Parity,Combined equity + cryptocurrency,Risk Parity,WFC,equity,0.013612355706244736,2021-02-02,2022-01-31,252
2022-02-01,Combined Risk Parity,Combined equity + cryptocurrency,Risk Parity,WMT,equity,0.02738888042414901,2021-02-02,2022-01-31,252
2022-02-01,Combined Risk Parity,Combined equity + cryptocurrency,Risk Parity,XLM-USD,cryptocurrency,0.0039054807520588976,2021-02-02,2022-01-31,252
2022-02-01,Combined Risk Parity,Combined equity + cryptocurrency,Risk Parity,XOM,equity,0.014159975619879603,2021-02-02,2022-01-31,252
2022-02-01,Combined Risk Parity,Combined equity + cryptocurrency,Risk Parity,XRP-USD,cryptocurrency,0.0037269833214132225,2021-02-02,2022-01-31,252
2022-03-01,Combined Risk Parity,Combined equity + cryptocurrency,Risk Parity,ABBV,equity,0.027041539716876745,2021-03-02,2022-02-28,252
2022-03-01,Combined Risk Parity,Combined equity + cryptocurrency,Risk Parity,ABT,equity,0.024274203591871296,2021-03-02,2022-02-28,252
2022-03-01,Combined Risk Parity,Combined equity + cryptocurrency,Risk Parity,ADA-USD,cryptocurrency,0.0036939589975086124,2021-03-02,2022-02-28,252
2022-03-01,Combined Risk Parity,Combined equity + cryptocurrency,Risk Parity,ADBE,equity,0.015137578900356614,2021-03-02,2022-02-28,252
2022-03-01,Combined Risk Parity,Combined equity + cryptocurrency,Risk Parity,AEP,equity,0.02895569732138031,2021-03-02,2022-02-28,252
2022-03-01,Combined Risk Parity,Combined equity + cryptocurrency,Risk Parity,AMD,equity,0.01018069772217657,2021-03-02,2022-02-28,252
2022-03-01,Combined Risk Parity,Combined equity + cryptocurrency,Risk Parity,AMGN,equity,0.02041829635269128,2021-03-02,2022-02-28,252
2022-03-01,Combined Risk Parity,Combined equity + cryptocurrency,Risk Parity,AMT,equity,0.019594563144067243,2021-03-02,2022-02-28,252
2022-03-01,Combined Risk Parity,Combined equity + cryptocurrency,Risk Parity,BA,equity,0.011974761929881164,2021-03-02,2022-02-28,252
2022-03-01,Combined Risk Parity,Combined equity + cryptocurrency,Risk Parity,BCH-USD,cryptocurrency,0.0037127319748291835,2021-03-02,2022-02-28,252
2022-03-01,Combined Risk Parity,Combined equity + cryptocurrency,Risk Parity,BTC-USD,cryptocurrency,0.006467621766874016,2021-03-02,2022-02-28,252
2022-03-01,Combined Risk Parity,Combined equity + cryptocurrency,Risk Parity,CAT,equity,0.015572617675903845,2021-03-02,2022-02-28,252
2022-03-01,Combined Risk Parity,Combined equity + cryptocurrency,Risk Parity,CCI,equity,0.020010932961376425,2021-03-02,2022-02-28,252
2022-03-01,Combined Risk Parity,Combined equity + cryptocurrency,Risk Parity,CMCSA,equity,0.015971737066148718,2021-03-02,2022-02-28,252
2022-03-01,Combined Risk Parity,Combined equity + cryptocurrency,Risk Parity,COP,equity,0.013264032578555287,2021-03-02,2022-02-28,252
2022-03-01,Combined Risk Parity,Combined equity + cryptocurrency,Risk Parity,CVX,equity,0.01748193648020602,2021-03-02,2022-02-28,252
2022-03-01,Combined Risk Parity,Combined equity + cryptocurrency,Risk Parity,D,equity,0.027040833742024865,2021-03-02,2022-02-28,252
2022-03-01,Combined Risk Parity,Combined equity + cryptocurrency,Risk Parity,DD,equity,0.01270209644724805,2021-03-02,2022-02-28,252
2022-03-01,Combined Risk Parity,Combined equity + cryptocurrency,Risk Parity,DIS,equity,0.018447105146460908,2021-03-02,2022-02-28,252
2022-03-01,Combined Risk Parity,Combined equity + cryptocurrency,Risk Parity,DOW,equity,0.01367559706165594,2021-03-02,2022-02-28,252
2022-03-01,Combined Risk Parity,Combined equity + cryptocurrency,Risk Parity,DUK,equity,0.028458559795431156,2021-03-02,2022-02-28,252
2022-03-01,Combined Risk Parity,Combined equity + cryptocurrency,Risk Parity,EA,equity,0.026067987565319237,2021-03-02,2022-02-28,252
2022-03-01,Combined Risk Parity,Combined equity + cryptocurrency,Risk Parity,EOS-USD,cryptocurrency,0.003306468880684125,2021-03-02,2022-02-28,252
2022-03-01,Combined Risk Parity,Combined equity + cryptocurrency,Risk Parity,ETC-USD,cryptocurrency,0.003431396994564385,2021-03-02,2022-02-28,252
2022-03-01,Combined Risk Parity,Combined equity + cryptocurrency,Risk Parity,ETH-USD,cryptocurrency,0.004571614928287719,2021-03-02,2022-02-28,252
2022-03-01,Combined Risk Parity,Combined equity + cryptocurrency,Risk Parity,GE,equity,0.012631792652475791,2021-03-02,2022-02-28,252
2022-03-01,Combined Risk Parity,Combined equity + cryptocurrency,Risk Parity,GILD,equity,0.03217016831772817,2021-03-02,2022-02-28,252
2022-03-01,Combined Risk Parity,Combined equity + cryptocurrency,Risk Parity,GS,equity,0.014442769275338514,2021-03-02,2022-02-28,252
2022-03-01,Combined Risk Parity,Combined equity + cryptocurrency,Risk Parity,INTC,equity,0.015195233492922568,2021-03-02,2022-02-28,252
2022-03-01,Combined Risk Parity,Combined equity + cryptocurrency,Risk Parity,KO,equity,0.027874868277080342,2021-03-02,2022-02-28,252
2022-03-01,Combined Risk Parity,Combined equity + cryptocurrency,Risk Parity,LTC-USD,cryptocurrency,0.003921925647641756,2021-03-02,2022-02-28,252
2022-03-01,Combined Risk Parity,Combined equity + cryptocurrency,Risk Parity,MMM,equity,0.019546040770885318,2021-03-02,2022-02-28,252
2022-03-01,Combined Risk Parity,Combined equity + cryptocurrency,Risk Parity,MRK,equity,0.030531885677447468,2021-03-02,2022-02-28,252
2022-03-01,Combined Risk Parity,Combined equity + cryptocurrency,Risk Parity,MS,equity,0.014597392573034336,2021-03-02,2022-02-28,252
2022-03-01,Combined Risk Parity,Combined equity + cryptocurrency,Risk Parity,NEE,equity,0.02182678896784995,2021-03-02,2022-02-28,252
2022-03-01,Combined Risk Parity,Combined equity + cryptocurrency,Risk Parity,NEM,equity,0.026130378832029174,2021-03-02,2022-02-28,252
2022-03-01,Combined Risk Parity,Combined equity + cryptocurrency,Risk Parity,NKE,equity,0.017452544760710117,2021-03-02,2022-02-28,252
2022-03-01,Combined Risk Parity,Combined equity + cryptocurrency,Risk Parity,NUE,equity,0.010137732643226812,2021-03-02,2022-02-28,252
2022-03-01,Combined Risk Parity,Combined equity + cryptocurrency,Risk Parity,NVDA,equity,0.008999318697130467,2021-03-02,2022-02-28,252
2022-03-01,Combined Risk Parity,Combined equity + cryptocurrency,Risk Parity,O,equity,0.020682972175963505,2021-03-02,2022-02-28,252
2022-03-01,Combined Risk Parity,Combined equity + cryptocurrency,Risk Parity,OXY,equity,0.011365561465420499,2021-03-02,2022-02-28,252
2022-03-01,Combined Risk Parity,Combined equity + cryptocurrency,Risk Parity,PLD,equity,0.018913924849581914,2021-03-02,2022-02-28,252
2022-03-01,Combined Risk Parity,Combined equity + cryptocurrency,Risk Parity,PSA,equity,0.02810430154880085,2021-03-02,2022-02-28,252
2022-03-01,Combined Risk Parity,Combined equity + cryptocurrency,Risk Parity,QCOM,equity,0.011605566627894777,2021-03-02,2022-02-28,252
2022-03-01,Combined Risk Parity,Combined equity + cryptocurrency,Risk Parity,SBUX,equity,0.01688032658265674,2021-03-02,2022-02-28,252
2022-03-01,Combined Risk Parity,Combined equity + cryptocurrency,Risk Parity,SHW,equity,0.01918659170881892,2021-03-02,2022-02-28,252
2022-03-01,Combined Risk Parity,Combined equity + cryptocurrency,Risk Parity,SLB,equity,0.011576539156890796,2021-03-02,2022-02-28,252
2022-03-01,Combined Risk Parity,Combined equity + cryptocurrency,Risk Parity,SO,equity,0.029130000987875097,2021-03-02,2022-02-28,252
2022-03-01,Combined Risk Parity,Combined equity + cryptocurrency,Risk Parity,T,equity,0.02224773400041286,2021-03-02,2022-02-28,252
2022-03-01,Combined Risk Parity,Combined equity + cryptocurrency,Risk Parity,TMUS,equity,0.017089669688503176,2021-03-02,2022-02-28,252
2022-03-01,Combined Risk Parity,Combined equity + cryptocurrency,Risk Parity,TRX-USD,cryptocurrency,0.0043373490101801995,2021-03-02,2022-02-28,252
2022-03-01,Combined Risk Parity,Combined equity + cryptocurrency,Risk Parity,TTWO,equity,0.024630015625313233,2021-03-02,2022-02-28,252
2022-03-01,Combined Risk Parity,Combined equity + cryptocurrency,Risk Parity,UPS,equity,0.01784180219456811,2021-03-02,2022-02-28,252
2022-03-01,Combined Risk Parity,Combined equity + cryptocurrency,Risk Parity,USB,equity,0.01501533467731053,2021-03-02,2022-02-28,252
2022-03-01,Combined Risk Parity,Combined equity + cryptocurrency,Risk Parity,V,equity,0.015146698626237994,2021-03-02,2022-02-28,252
2022-03-01,Combined Risk Parity,Combined equity + cryptocurrency,Risk Parity,WFC,equity,0.014098688610596278,2021-03-02,2022-02-28,252
2022-03-01,Combined Risk Parity,Combined equity + cryptocurrency,Risk Parity,WMT,equity,0.03181770970413792,2021-03-02,2022-02-28,252
2022-03-01,Combined Risk Parity,Combined equity + cryptocurrency,Risk Parity,XLM-USD,cryptocurrency,0.004105052932061797,2021-03-02,2022-02-28,252
2022-03-01,Combined Risk Parity,Combined equity + cryptocurrency,Risk Parity,XOM,equity,0.015534009675029999,2021-03-02,2022-02-28,252
2022-03-01,Combined Risk Parity,Combined equity + cryptocurrency,Risk Parity,XRP-USD,cryptocurrency,0.0037767408238642605,2021-03-02,2022-02-28,252
2022-04-01,Combined Risk Parity,Combined equity + cryptocurrency,Risk Parity,ABBV,equity,0.028053213694021202,2021-04-05,2022-03-31,252
2022-04-01,Combined Risk Parity,Combined equity + cryptocurrency,Risk Parity,ABT,equity,0.022377093537910186,2021-04-05,2022-03-31,252
2022-04-01,Combined Risk Parity,Combined equity + cryptocurrency,Risk Parity,ADA-USD,cryptocurrency,0.003934083131849048,2021-04-05,2022-03-31,252
2022-04-01,Combined Risk Parity,Combined equity + cryptocurrency,Risk Parity,ADBE,equity,0.01403684643598255,2021-04-05,2022-03-31,252
2022-04-01,Combined Risk Parity,Combined equity + cryptocurrency,Risk Parity,AEP,equity,0.02929489094583622,2021-04-05,2022-03-31,252
2022-04-01,Combined Risk Parity,Combined equity + cryptocurrency,Risk Parity,AMD,equity,0.009624243299603888,2021-04-05,2022-03-31,252
2022-04-01,Combined Risk Parity,Combined equity + cryptocurrency,Risk Parity,AMGN,equity,0.02166677549386139,2021-04-05,2022-03-31,252
2022-04-01,Combined Risk Parity,Combined equity + cryptocurrency,Risk Parity,AMT,equity,0.02035371831839097,2021-04-05,2022-03-31,252
2022-04-01,Combined Risk Parity,Combined equity + cryptocurrency,Risk Parity,BA,equity,0.011142683639144993,2021-04-05,2022-03-31,252
2022-04-01,Combined Risk Parity,Combined equity + cryptocurrency,Risk Parity,BCH-USD,cryptocurrency,0.0037225561575847206,2021-04-05,2022-03-31,252
2022-04-01,Combined Risk Parity,Combined equity + cryptocurrency,Risk Parity,BTC-USD,cryptocurrency,0.00658537093166991,2021-04-05,2022-03-31,252
2022-04-01,Combined Risk Parity,Combined equity + cryptocurrency,Risk Parity,CAT,equity,0.01694586990807914,2021-04-05,2022-03-31,252
2022-04-01,Combined Risk Parity,Combined equity + cryptocurrency,Risk Parity,CCI,equity,0.02115777453672795,2021-04-05,2022-03-31,252
2022-04-01,Combined Risk Parity,Combined equity + cryptocurrency,Risk Parity,CMCSA,equity,0.0158044681860931,2021-04-05,2022-03-31,252
2022-04-01,Combined Risk Parity,Combined equity + cryptocurrency,Risk Parity,COP,equity,0.014309954703681729,2021-04-05,2022-03-31,252
2022-04-01,Combined Risk Parity,Combined equity + cryptocurrency,Risk Parity,CVX,equity,0.020428929995420585,2021-04-05,2022-03-31,252
2022-04-01,Combined Risk Parity,Combined equity + cryptocurrency,Risk Parity,D,equity,0.02781085585391874,2021-04-05,2022-03-31,252
2022-04-01,Combined Risk Parity,Combined equity + cryptocurrency,Risk Parity,DD,equity,0.01141607309109782,2021-04-05,2022-03-31,252
2022-04-01,Combined Risk Parity,Combined equity + cryptocurrency,Risk Parity,DIS,equity,0.016462363941086477,2021-04-05,2022-03-31,252
2022-04-01,Combined Risk Parity,Combined equity + cryptocurrency,Risk Parity,DOW,equity,0.013042090113677534,2021-04-05,2022-03-31,252
2022-04-01,Combined Risk Parity,Combined equity + cryptocurrency,Risk Parity,DUK,equity,0.02974268691938915,2021-04-05,2022-03-31,252
2022-04-01,Combined Risk Parity,Combined equity + cryptocurrency,Risk Parity,EA,equity,0.02532565846225379,2021-04-05,2022-03-31,252
2022-04-01,Combined Risk Parity,Combined equity + cryptocurrency,Risk Parity,EOS-USD,cryptocurrency,0.0034188250063444947,2021-04-05,2022-03-31,252
2022-04-01,Combined Risk Parity,Combined equity + cryptocurrency,Risk Parity,ETC-USD,cryptocurrency,0.0033570091662434884,2021-04-05,2022-03-31,252
2022-04-01,Combined Risk Parity,Combined equity + cryptocurrency,Risk Parity,ETH-USD,cryptocurrency,0.004575452974067767,2021-04-05,2022-03-31,252
2022-04-01,Combined Risk Parity,Combined equity + cryptocurrency,Risk Parity,GE,equity,0.011841522143681964,2021-04-05,2022-03-31,252
2022-04-01,Combined Risk Parity,Combined equity + cryptocurrency,Risk Parity,GILD,equity,0.03198666196517802,2021-04-05,2022-03-31,252
2022-04-01,Combined Risk Parity,Combined equity + cryptocurrency,Risk Parity,GS,equity,0.012794442443855041,2021-04-05,2022-03-31,252
2022-04-01,Combined Risk Parity,Combined equity + cryptocurrency,Risk Parity,INTC,equity,0.015426097619943957,2021-04-05,2022-03-31,252
2022-04-01,Combined Risk Parity,Combined equity + cryptocurrency,Risk Parity,KO,equity,0.027076655585030397,2021-04-05,2022-03-31,252
2022-04-01,Combined Risk Parity,Combined equity + cryptocurrency,Risk Parity,LTC-USD,cryptocurrency,0.003967721245437384,2021-04-05,2022-03-31,252
2022-04-01,Combined Risk Parity,Combined equity + cryptocurrency,Risk Parity,MMM,equity,0.017866773363912278,2021-04-05,2022-03-31,252
2022-04-01,Combined Risk Parity,Combined equity + cryptocurrency,Risk Parity,MRK,equity,0.032028209371542,2021-04-05,2022-03-31,252
2022-04-01,Combined Risk Parity,Combined equity + cryptocurrency,Risk Parity,MS,equity,0.012536130280950014,2021-04-05,2022-03-31,252
2022-04-01,Combined Risk Parity,Combined equity + cryptocurrency,Risk Parity,NEE,equity,0.024551425422312815,2021-04-05,2022-03-31,252
2022-04-01,Combined Risk Parity,Combined equity + cryptocurrency,Risk Parity,NEM,equity,0.03334188507813249,2021-04-05,2022-03-31,252
2022-04-01,Combined Risk Parity,Combined equity + cryptocurrency,Risk Parity,NKE,equity,0.015396944456852064,2021-04-05,2022-03-31,252
2022-04-01,Combined Risk Parity,Combined equity + cryptocurrency,Risk Parity,NUE,equity,0.01030614828800902,2021-04-05,2022-03-31,252
2022-04-01,Combined Risk Parity,Combined equity + cryptocurrency,Risk Parity,NVDA,equity,0.008507458260820788,2021-04-05,2022-03-31,252
2022-04-01,Combined Risk Parity,Combined equity + cryptocurrency,Risk Parity,O,equity,0.02041464841438036,2021-04-05,2022-03-31,252
2022-04-01,Combined Risk Parity,Combined equity + cryptocurrency,Risk Parity,OXY,equity,0.011042107574636103,2021-04-05,2022-03-31,252
2022-04-01,Combined Risk Parity,Combined equity + cryptocurrency,Risk Parity,PLD,equity,0.018763750145119166,2021-04-05,2022-03-31,252
2022-04-01,Combined Risk Parity,Combined equity + cryptocurrency,Risk Parity,PSA,equity,0.026436772320114158,2021-04-05,2022-03-31,252
2022-04-01,Combined Risk Parity,Combined equity + cryptocurrency,Risk Parity,QCOM,equity,0.011188116818061287,2021-04-05,2022-03-31,252
2022-04-01,Combined Risk Parity,Combined equity + cryptocurrency,Risk Parity,SBUX,equity,0.014679488481043166,2021-04-05,2022-03-31,252
2022-04-01,Combined Risk Parity,Combined equity + cryptocurrency,Risk Parity,SHW,equity,0.018795503227652926,2021-04-05,2022-03-31,252
2022-04-01,Combined Risk Parity,Combined equity + cryptocurrency,Risk Parity,SLB,equity,0.013007449859920412,2021-04-05,2022-03-31,252
2022-04-01,Combined Risk Parity,Combined equity + cryptocurrency,Risk Parity,SO,equity,0.030925874920808085,2021-04-05,2022-03-31,252
2022-04-01,Combined Risk Parity,Combined equity + cryptocurrency,Risk Parity,T,equity,0.020856870792249186,2021-04-05,2022-03-31,252
2022-04-01,Combined Risk Parity,Combined equity + cryptocurrency,Risk Parity,TMUS,equity,0.01797446969136166,2021-04-05,2022-03-31,252
2022-04-01,Combined Risk Parity,Combined equity + cryptocurrency,Risk Parity,TRX-USD,cryptocurrency,0.004549570585668963,2021-04-05,2022-03-31,252
2022-04-01,Combined Risk Parity,Combined equity + cryptocurrency,Risk Parity,TTWO,equity,0.022804208661669118,2021-04-05,2022-03-31,252
2022-04-01,Combined Risk Parity,Combined equity + cryptocurrency,Risk Parity,UPS,equity,0.016661315706570305,2021-04-05,2022-03-31,252
2022-04-01,Combined Risk Parity,Combined equity + cryptocurrency,Risk Parity,USB,equity,0.013390553830748499,2021-04-05,2022-03-31,252
2022-04-01,Combined Risk Parity,Combined equity + cryptocurrency,Risk Parity,V,equity,0.014778684984298813,2021-04-05,2022-03-31,252
2022-04-01,Combined Risk Parity,Combined equity + cryptocurrency,Risk Parity,WFC,equity,0.012216692260633238,2021-04-05,2022-03-31,252
2022-04-01,Combined Risk Parity,Combined equity + cryptocurrency,Risk Parity,WMT,equity,0.033485823223747796,2021-04-05,2022-03-31,252
2022-04-01,Combined Risk Parity,Combined equity + cryptocurrency,Risk Parity,XLM-USD,cryptocurrency,0.004154896926471606,2021-04-05,2022-03-31,252
2022-04-01,Combined Risk Parity,Combined equity + cryptocurrency,Risk Parity,XOM,equity,0.017801042328611568,2021-04-05,2022-03-31,252
2022-04-01,Combined Risk Parity,Combined equity + cryptocurrency,Risk Parity,XRP-USD,cryptocurrency,0.003854595276638223,2021-04-05,2022-03-31,252
2022-05-02,Combined Risk Parity,Combined equity + cryptocurrency,Risk Parity,ABBV,equity,0.026488673755427985,2021-05-03,2022-04-29,252
2022-05-02,Combined Risk Parity,Combined equity + cryptocurrency,Risk Parity,ABT,equity,0.021022141540107793,2021-05-03,2022-04-29,252
2022-05-02,Combined Risk Parity,Combined equity + cryptocurrency,Risk Parity,ADA-USD,cryptocurrency,0.004196633736827811,2021-05-03,2022-04-29,252
2022-05-02,Combined Risk Parity,Combined equity + cryptocurrency,Risk Parity,ADBE,equity,0.014043588017221583,2021-05-03,2022-04-29,252
2022-05-02,Combined Risk Parity,Combined equity + cryptocurrency,Risk Parity,AEP,equity,0.02781088422063757,2021-05-03,2022-04-29,252
2022-05-02,Combined Risk Parity,Combined equity + cryptocurrency,Risk Parity,AMD,equity,0.00970169574498568,2021-05-03,2022-04-29,252
2022-05-02,Combined Risk Parity,Combined equity + cryptocurrency,Risk Parity,AMGN,equity,0.024524727389865077,2021-05-03,2022-04-29,252
2022-05-02,Combined Risk Parity,Combined equity + cryptocurrency,Risk Parity,AMT,equity,0.02042408487452774,2021-05-03,2022-04-29,252
2022-05-02,Combined Risk Parity,Combined equity + cryptocurrency,Risk Parity,BA,equity,0.011531909423289011,2021-05-03,2022-04-29,252
2022-05-02,Combined Risk Parity,Combined equity + cryptocurrency,Risk Parity,BCH-USD,cryptocurrency,0.0042430150084741035,2021-05-03,2022-04-29,252
2022-05-02,Combined Risk Parity,Combined equity + cryptocurrency,Risk Parity,BTC-USD,cryptocurrency,0.006796036213050292,2021-05-03,2022-04-29,252
2022-05-02,Combined Risk Parity,Combined equity + cryptocurrency,Risk Parity,CAT,equity,0.017182189661186512,2021-05-03,2022-04-29,252
2022-05-02,Combined Risk Parity,Combined equity + cryptocurrency,Risk Parity,CCI,equity,0.02124908750094746,2021-05-03,2022-04-29,252
2022-05-02,Combined Risk Parity,Combined equity + cryptocurrency,Risk Parity,CMCSA,equity,0.016882950855957136,2021-05-03,2022-04-29,252
2022-05-02,Combined Risk Parity,Combined equity + cryptocurrency,Risk Parity,COP,equity,0.013851766035868561,2021-05-03,2022-04-29,252
2022-05-02,Combined Risk Parity,Combined equity + cryptocurrency,Risk Parity,CVX,equity,0.018942084140759135,2021-05-03,2022-04-29,252
2022-05-02,Combined Risk Parity,Combined equity + cryptocurrency,Risk Parity,D,equity,0.028933841402264984,2021-05-03,2022-04-29,252
2022-05-02,Combined Risk Parity,Combined equity + cryptocurrency,Risk Parity,DD,equity,0.012050543763694835,2021-05-03,2022-04-29,252
2022-05-02,Combined Risk Parity,Combined equity + cryptocurrency,Risk Parity,DIS,equity,0.016130142161431566,2021-05-03,2022-04-29,252
2022-05-02,Combined Risk Parity,Combined equity + cryptocurrency,Risk Parity,DOW,equity,0.015078236215848244,2021-05-03,2022-04-29,252
2022-05-02,Combined Risk Parity,Combined equity + cryptocurrency,Risk Parity,DUK,equity,0.030758399077318206,2021-05-03,2022-04-29,252
2022-05-02,Combined Risk Parity,Combined equity + cryptocurrency,Risk Parity,EA,equity,0.0263877295160394,2021-05-03,2022-04-29,252
2022-05-02,Combined Risk Parity,Combined equity + cryptocurrency,Risk Parity,EOS-USD,cryptocurrency,0.003680673349797649,2021-05-03,2022-04-29,252
2022-05-02,Combined Risk Parity,Combined equity + cryptocurrency,Risk Parity,ETC-USD,cryptocurrency,0.0037732737401919886,2021-05-03,2022-04-29,252
2022-05-02,Combined Risk Parity,Combined equity + cryptocurrency,Risk Parity,ETH-USD,cryptocurrency,0.004818771797731075,2021-05-03,2022-04-29,252
2022-05-02,Combined Risk Parity,Combined equity + cryptocurrency,Risk Parity,GE,equity,0.01158254199604729,2021-05-03,2022-04-29,252
2022-05-02,Combined Risk Parity,Combined equity + cryptocurrency,Risk Parity,GILD,equity,0.03007315433555569,2021-05-03,2022-04-29,252
2022-05-02,Combined Risk Parity,Combined equity + cryptocurrency,Risk Parity,GS,equity,0.012902633102381236,2021-05-03,2022-04-29,252
2022-05-02,Combined Risk Parity,Combined equity + cryptocurrency,Risk Parity,INTC,equity,0.014598334586444401,2021-05-03,2022-04-29,252
2022-05-02,Combined Risk Parity,Combined equity + cryptocurrency,Risk Parity,KO,equity,0.027098453375134307,2021-05-03,2022-04-29,252
2022-05-02,Combined Risk Parity,Combined equity + cryptocurrency,Risk Parity,LTC-USD,cryptocurrency,0.004340154767730047,2021-05-03,2022-04-29,252
2022-05-02,Combined Risk Parity,Combined equity + cryptocurrency,Risk Parity,MMM,equity,0.018564286144506448,2021-05-03,2022-04-29,252
2022-05-02,Combined Risk Parity,Combined equity + cryptocurrency,Risk Parity,MRK,equity,0.030686000993781687,2021-05-03,2022-04-29,252
2022-05-02,Combined Risk Parity,Combined equity + cryptocurrency,Risk Parity,MS,equity,0.012500275554126307,2021-05-03,2022-04-29,252
2022-05-02,Combined Risk Parity,Combined equity + cryptocurrency,Risk Parity,NEE,equity,0.02328091067091333,2021-05-03,2022-04-29,252
2022-05-02,Combined Risk Parity,Combined equity + cryptocurrency,Risk Parity,NEM,equity,0.032446693059021016,2021-05-03,2022-04-29,252
2022-05-02,Combined Risk Parity,Combined equity + cryptocurrency,Risk Parity,NKE,equity,0.01474527855019433,2021-05-03,2022-04-29,252
2022-05-02,Combined Risk Parity,Combined equity + cryptocurrency,Risk Parity,NUE,equity,0.01085638783248276,2021-05-03,2022-04-29,252
2022-05-02,Combined Risk Parity,Combined equity + cryptocurrency,Risk Parity,NVDA,equity,0.008339964101923926,2021-05-03,2022-04-29,252
2022-05-02,Combined Risk Parity,Combined equity + cryptocurrency,Risk Parity,O,equity,0.02019408718021924,2021-05-03,2022-04-29,252
2022-05-02,Combined Risk Parity,Combined equity + cryptocurrency,Risk Parity,OXY,equity,0.010580725634917588,2021-05-03,2022-04-29,252
2022-05-02,Combined Risk Parity,Combined equity + cryptocurrency,Risk Parity,PLD,equity,0.017016000817540636,2021-05-03,2022-04-29,252
2022-05-02,Combined Risk Parity,Combined equity + cryptocurrency,Risk Parity,PSA,equity,0.022595929443711377,2021-05-03,2022-04-29,252
2022-05-02,Combined Risk Parity,Combined equity + cryptocurrency,Risk Parity,QCOM,equity,0.01115724610338751,2021-05-03,2022-04-29,252
2022-05-02,Combined Risk Parity,Combined equity + cryptocurrency,Risk Parity,SBUX,equity,0.015267063503199146,2021-05-03,2022-04-29,252
2022-05-02,Combined Risk Parity,Combined equity + cryptocurrency,Risk Parity,SHW,equity,0.022906782239320224,2021-05-03,2022-04-29,252
2022-05-02,Combined Risk Parity,Combined equity + cryptocurrency,Risk Parity,SLB,equity,0.013958373534067054,2021-05-03,2022-04-29,252
2022-05-02,Combined Risk Parity,Combined equity + cryptocurrency,Risk Parity,SO,equity,0.02964426112392332,2021-05-03,2022-04-29,252
2022-05-02,Combined Risk Parity,Combined equity + cryptocurrency,Risk Parity,T,equity,0.022459715774850786,2021-05-03,2022-04-29,252
2022-05-02,Combined Risk Parity,Combined equity + cryptocurrency,Risk Parity,TMUS,equity,0.01648841579320375,2021-05-03,2022-04-29,252
2022-05-02,Combined Risk Parity,Combined equity + cryptocurrency,Risk Parity,TRX-USD,cryptocurrency,0.005357599044302154,2021-05-03,2022-04-29,252
2022-05-02,Combined Risk Parity,Combined equity + cryptocurrency,Risk Parity,TTWO,equity,0.02217624287182192,2021-05-03,2022-04-29,252
2022-05-02,Combined Risk Parity,Combined equity + cryptocurrency,Risk Parity,UPS,equity,0.016568100965705032,2021-05-03,2022-04-29,252
2022-05-02,Combined Risk Parity,Combined equity + cryptocurrency,Risk Parity,USB,equity,0.014317573115952593,2021-05-03,2022-04-29,252
2022-05-02,Combined Risk Parity,Combined equity + cryptocurrency,Risk Parity,V,equity,0.014515772901353053,2021-05-03,2022-04-29,252
2022-05-02,Combined Risk Parity,Combined equity + cryptocurrency,Risk Parity,WFC,equity,0.012852347181648571,2021-05-03,2022-04-29,252
2022-05-02,Combined Risk Parity,Combined equity + cryptocurrency,Risk Parity,WMT,equity,0.03236419790730495,2021-05-03,2022-04-29,252
2022-05-02,Combined Risk Parity,Combined equity + cryptocurrency,Risk Parity,XLM-USD,cryptocurrency,0.004715999345004624,2021-05-03,2022-04-29,252
2022-05-02,Combined Risk Parity,Combined equity + cryptocurrency,Risk Parity,XOM,equity,0.017786962338161155,2021-05-03,2022-04-29,252
2022-05-02,Combined Risk Parity,Combined equity + cryptocurrency,Risk Parity,XRP-USD,cryptocurrency,0.0045584549667112935,2021-05-03,2022-04-29,252
2022-06-01,Combined Risk Parity,Combined equity + cryptocurrency,Risk Parity,ABBV,equity,0.030546765724181312,2021-06-02,2022-05-31,252
2022-06-01,Combined Risk Parity,Combined equity + cryptocurrency,Risk Parity,ABT,equity,0.019063659873478793,2021-06-02,2022-05-31,252
2022-06-01,Combined Risk Parity,Combined equity + cryptocurrency,Risk Parity,ADA-USD,cryptocurrency,0.004848273173313415,2021-06-02,2022-05-31,252
2022-06-01,Combined Risk Parity,Combined equity + cryptocurrency,Risk Parity,ADBE,equity,0.013067902927353426,2021-06-02,2022-05-31,252
2022-06-01,Combined Risk Parity,Combined equity + cryptocurrency,Risk Parity,AEP,equity,0.02898951579588621,2021-06-02,2022-05-31,252
2022-06-01,Combined Risk Parity,Combined equity + cryptocurrency,Risk Parity,AMD,equity,0.00796706221843015,2021-06-02,2022-05-31,252
2022-06-01,Combined Risk Parity,Combined equity + cryptocurrency,Risk Parity,AMGN,equity,0.028320386172070864,2021-06-02,2022-05-31,252
2022-06-01,Combined Risk Parity,Combined equity + cryptocurrency,Risk Parity,AMT,equity,0.01872111748957923,2021-06-02,2022-05-31,252
2022-06-01,Combined Risk Parity,Combined equity + cryptocurrency,Risk Parity,BA,equity,0.010293606105921123,2021-06-02,2022-05-31,252
2022-06-01,Combined Risk Parity,Combined equity + cryptocurrency,Risk Parity,BCH-USD,cryptocurrency,0.005947976949191577,2021-06-02,2022-05-31,252
2022-06-01,Combined Risk Parity,Combined equity + cryptocurrency,Risk Parity,BTC-USD,cryptocurrency,0.007742817865085981,2021-06-02,2022-05-31,252
2022-06-01,Combined Risk Parity,Combined equity + cryptocurrency,Risk Parity,CAT,equity,0.015678154927865593,2021-06-02,2022-05-31,252
2022-06-01,Combined Risk Parity,Combined equity + cryptocurrency,Risk Parity,CCI,equity,0.02056303905410657,2021-06-02,2022-05-31,252
2022-06-01,Combined Risk Parity,Combined equity + cryptocurrency,Risk Parity,CMCSA,equity,0.018020082495548432,2021-06-02,2022-05-31,252
2022-06-01,Combined Risk Parity,Combined equity + cryptocurrency,Risk Parity,COP,equity,0.013105976612895108,2021-06-02,2022-05-31,252
2022-06-01,Combined Risk Parity,Combined equity + cryptocurrency,Risk Parity,CVX,equity,0.018140462280209126,2021-06-02,2022-05-31,252
2022-06-01,Combined Risk Parity,Combined equity + cryptocurrency,Risk Parity,D,equity,0.0299119341076301,2021-06-02,2022-05-31,252
2022-06-01,Combined Risk Parity,Combined equity + cryptocurrency,Risk Parity,DD,equity,0.012290721490486513,2021-06-02,2022-05-31,252
2022-06-01,Combined Risk Parity,Combined equity + cryptocurrency,Risk Parity,DIS,equity,0.014641203378761127,2021-06-02,2022-05-31,252
2022-06-01,Combined Risk Parity,Combined equity + cryptocurrency,Risk Parity,DOW,equity,0.015793029257656126,2021-06-02,2022-05-31,252
2022-06-01,Combined Risk Parity,Combined equity + cryptocurrency,Risk Parity,DUK,equity,0.03369830076324933,2021-06-02,2022-05-31,252
2022-06-01,Combined Risk Parity,Combined equity + cryptocurrency,Risk Parity,EA,equity,0.02696636348560025,2021-06-02,2022-05-31,252
2022-06-01,Combined Risk Parity,Combined equity + cryptocurrency,Risk Parity,EOS-USD,cryptocurrency,0.00504722369692232,2021-06-02,2022-05-31,252
2022-06-01,Combined Risk Parity,Combined equity + cryptocurrency,Risk Parity,ETC-USD,cryptocurrency,0.005175549458437133,2021-06-02,2022-05-31,252
2022-06-01,Combined Risk Parity,Combined equity + cryptocurrency,Risk Parity,ETH-USD,cryptocurrency,0.00597624091288778,2021-06-02,2022-05-31,252
2022-06-01,Combined Risk Parity,Combined equity + cryptocurrency,Risk Parity,GE,equity,0.011308533437058496,2021-06-02,2022-05-31,252
2022-06-01,Combined Risk Parity,Combined equity + cryptocurrency,Risk Parity,GILD,equity,0.03249764507002237,2021-06-02,2022-05-31,252
2022-06-01,Combined Risk Parity,Combined equity + cryptocurrency,Risk Parity,GS,equity,0.013466666769021982,2021-06-02,2022-05-31,252
2022-06-01,Combined Risk Parity,Combined equity + cryptocurrency,Risk Parity,INTC,equity,0.01416262722307324,2021-06-02,2022-05-31,252
2022-06-01,Combined Risk Parity,Combined equity + cryptocurrency,Risk Parity,KO,equity,0.02358648297158888,2021-06-02,2022-05-31,252
2022-06-01,Combined Risk Parity,Combined equity + cryptocurrency,Risk Parity,LTC-USD,cryptocurrency,0.005249702002519306,2021-06-02,2022-05-31,252
2022-06-01,Combined Risk Parity,Combined equity + cryptocurrency,Risk Parity,MMM,equity,0.019455098836388646,2021-06-02,2022-05-31,252
2022-06-01,Combined Risk Parity,Combined equity + cryptocurrency,Risk Parity,MRK,equity,0.03257736683047778,2021-06-02,2022-05-31,252
2022-06-01,Combined Risk Parity,Combined equity + cryptocurrency,Risk Parity,MS,equity,0.01237793571295666,2021-06-02,2022-05-31,252
2022-06-01,Combined Risk Parity,Combined equity + cryptocurrency,Risk Parity,NEE,equity,0.021105646723327855,2021-06-02,2022-05-31,252
2022-06-01,Combined Risk Parity,Combined equity + cryptocurrency,Risk Parity,NEM,equity,0.03218076084328378,2021-06-02,2022-05-31,252
2022-06-01,Combined Risk Parity,Combined equity + cryptocurrency,Risk Parity,NKE,equity,0.013969103188772435,2021-06-02,2022-05-31,252
2022-06-01,Combined Risk Parity,Combined equity + cryptocurrency,Risk Parity,NUE,equity,0.010879341053685593,2021-06-02,2022-05-31,252
2022-06-01,Combined Risk Parity,Combined equity + cryptocurrency,Risk Parity,NVDA,equity,0.0076570716208231296,2021-06-02,2022-05-31,252
2022-06-01,Combined Risk Parity,Combined equity + cryptocurrency,Risk Parity,O,equity,0.02024408258892873,2021-06-02,2022-05-31,252
2022-06-01,Combined Risk Parity,Combined equity + cryptocurrency,Risk Parity,OXY,equity,0.00995257530713233,2021-06-02,2022-05-31,252
2022-06-01,Combined Risk Parity,Combined equity + cryptocurrency,Risk Parity,PLD,equity,0.014981140130219919,2021-06-02,2022-05-31,252
2022-06-01,Combined Risk Parity,Combined equity + cryptocurrency,Risk Parity,PSA,equity,0.020075953411122487,2021-06-02,2022-05-31,252
2022-06-01,Combined Risk Parity,Combined equity + cryptocurrency,Risk Parity,QCOM,equity,0.0109107826214304,2021-06-02,2022-05-31,252
2022-06-01,Combined Risk Parity,Combined equity + cryptocurrency,Risk Parity,SBUX,equity,0.01297844889615331,2021-06-02,2022-05-31,252
2022-06-01,Combined Risk Parity,Combined equity + cryptocurrency,Risk Parity,SHW,equity,0.022835490241730778,2021-06-02,2022-05-31,252
2022-06-01,Combined Risk Parity,Combined equity + cryptocurrency,Risk Parity,SLB,equity,0.011783897268302224,2021-06-02,2022-05-31,252
2022-06-01,Combined Risk Parity,Combined equity + cryptocurrency,Risk Parity,SO,equity,0.03160333403370878,2021-06-02,2022-05-31,252
2022-06-01,Combined Risk Parity,Combined equity + cryptocurrency,Risk Parity,T,equity,0.02299126163973522,2021-06-02,2022-05-31,252
2022-06-01,Combined Risk Parity,Combined equity + cryptocurrency,Risk Parity,TMUS,equity,0.016393732092384,2021-06-02,2022-05-31,252
2022-06-01,Combined Risk Parity,Combined equity + cryptocurrency,Risk Parity,TRX-USD,cryptocurrency,0.006083129999226886,2021-06-02,2022-05-31,252
2022-06-01,Combined Risk Parity,Combined equity + cryptocurrency,Risk Parity,TTWO,equity,0.01684057508268457,2021-06-02,2022-05-31,252
2022-06-01,Combined Risk Parity,Combined equity + cryptocurrency,Risk Parity,UPS,equity,0.016876981694978685,2021-06-02,2022-05-31,252
2022-06-01,Combined Risk Parity,Combined equity + cryptocurrency,Risk Parity,USB,equity,0.015257583036251965,2021-06-02,2022-05-31,252
2022-06-01,Combined Risk Parity,Combined equity + cryptocurrency,Risk Parity,V,equity,0.01377997645937071,2021-06-02,2022-05-31,252
2022-06-01,Combined Risk Parity,Combined equity + cryptocurrency,Risk Parity,WFC,equity,0.012561931215600147,2021-06-02,2022-05-31,252
2022-06-01,Combined Risk Parity,Combined equity + cryptocurrency,Risk Parity,WMT,equity,0.034873655148097905,2021-06-02,2022-05-31,252
2022-06-01,Combined Risk Parity,Combined equity + cryptocurrency,Risk Parity,XLM-USD,cryptocurrency,0.00583758935854063,2021-06-02,2022-05-31,252
2022-06-01,Combined Risk Parity,Combined equity + cryptocurrency,Risk Parity,XOM,equity,0.016663630639056234,2021-06-02,2022-05-31,252
2022-06-01,Combined Risk Parity,Combined equity + cryptocurrency,Risk Parity,XRP-USD,cryptocurrency,0.005482900635596334,2021-06-02,2022-05-31,252
2022-07-01,Combined Risk Parity,Combined equity + cryptocurrency,Risk Parity,ABBV,equity,0.02959987629580678,2021-07-01,2022-06-30,252
2022-07-01,Combined Risk Parity,Combined equity + cryptocurrency,Risk Parity,ABT,equity,0.018473137746875846,2021-07-01,2022-06-30,252
2022-07-01,Combined Risk Parity,Combined equity + cryptocurrency,Risk Parity,ADA-USD,cryptocurrency,0.005222491237596311,2021-07-01,2022-06-30,252
2022-07-01,Combined Risk Parity,Combined equity + cryptocurrency,Risk Parity,ADBE,equity,0.012397664221807212,2021-07-01,2022-06-30,252
2022-07-01,Combined Risk Parity,Combined equity + cryptocurrency,Risk Parity,AEP,equity,0.02760910939018699,2021-07-01,2022-06-30,252
2022-07-01,Combined Risk Parity,Combined equity + cryptocurrency,Risk Parity,AMD,equity,0.007753929049570288,2021-07-01,2022-06-30,252
2022-07-01,Combined Risk Parity,Combined equity + cryptocurrency,Risk Parity,AMGN,equity,0.030186698502202288,2021-07-01,2022-06-30,252
2022-07-01,Combined Risk Parity,Combined equity + cryptocurrency,Risk Parity,AMT,equity,0.017720588746519998,2021-07-01,2022-06-30,252
2022-07-01,Combined Risk Parity,Combined equity + cryptocurrency,Risk Parity,BA,equity,0.010180929467913083,2021-07-01,2022-06-30,252
2022-07-01,Combined Risk Parity,Combined equity + cryptocurrency,Risk Parity,BCH-USD,cryptocurrency,0.006162625175836672,2021-07-01,2022-06-30,252
2022-07-01,Combined Risk Parity,Combined equity + cryptocurrency,Risk Parity,BTC-USD,cryptocurrency,0.007625671989379262,2021-07-01,2022-06-30,252
2022-07-01,Combined Risk Parity,Combined equity + cryptocurrency,Risk Parity,CAT,equity,0.015714089828068597,2021-07-01,2022-06-30,252
2022-07-01,Combined Risk Parity,Combined equity + cryptocurrency,Risk Parity,CCI,equity,0.018927077223185075,2021-07-01,2022-06-30,252
2022-07-01,Combined Risk Parity,Combined equity + cryptocurrency,Risk Parity,CMCSA,equity,0.018630277647716145,2021-07-01,2022-06-30,252
2022-07-01,Combined Risk Parity,Combined equity + cryptocurrency,Risk Parity,COP,equity,0.013487495352951047,2021-07-01,2022-06-30,252
2022-07-01,Combined Risk Parity,Combined equity + cryptocurrency,Risk Parity,CVX,equity,0.018438210637341395,2021-07-01,2022-06-30,252
2022-07-01,Combined Risk Parity,Combined equity + cryptocurrency,Risk Parity,D,equity,0.02981105726062108,2021-07-01,2022-06-30,252
2022-07-01,Combined Risk Parity,Combined equity + cryptocurrency,Risk Parity,DD,equity,0.012325716630256119,2021-07-01,2022-06-30,252
2022-07-01,Combined Risk Parity,Combined equity + cryptocurrency,Risk Parity,DIS,equity,0.014989128478937179,2021-07-01,2022-06-30,252
2022-07-01,Combined Risk Parity,Combined equity + cryptocurrency,Risk Parity,DOW,equity,0.0158584627887016,2021-07-01,2022-06-30,252
2022-07-01,Combined Risk Parity,Combined equity + cryptocurrency,Risk Parity,DUK,equity,0.0327440925625558,2021-07-01,2022-06-30,252
2022-07-01,Combined Risk Parity,Combined equity + cryptocurrency,Risk Parity,EA,equity,0.02579152096880996,2021-07-01,2022-06-30,252
2022-07-01,Combined Risk Parity,Combined equity + cryptocurrency,Risk Parity,EOS-USD,cryptocurrency,0.0054119719891008175,2021-07-01,2022-06-30,252
2022-07-01,Combined Risk Parity,Combined equity + cryptocurrency,Risk Parity,ETC-USD,cryptocurrency,0.005450944285869231,2021-07-01,2022-06-30,252
2022-07-01,Combined Risk Parity,Combined equity + cryptocurrency,Risk Parity,ETH-USD,cryptocurrency,0.00589084008932753,2021-07-01,2022-06-30,252
2022-07-01,Combined Risk Parity,Combined equity + cryptocurrency,Risk Parity,GE,equity,0.011560850556765638,2021-07-01,2022-06-30,252
2022-07-01,Combined Risk Parity,Combined equity + cryptocurrency,Risk Parity,GILD,equity,0.032574903236567504,2021-07-01,2022-06-30,252
2022-07-01,Combined Risk Parity,Combined equity + cryptocurrency,Risk Parity,GS,equity,0.013991662563234662,2021-07-01,2022-06-30,252
2022-07-01,Combined Risk Parity,Combined equity + cryptocurrency,Risk Parity,INTC,equity,0.01416690545744873,2021-07-01,2022-06-30,252
2022-07-01,Combined Risk Parity,Combined equity + cryptocurrency,Risk Parity,KO,equity,0.02569567191269334,2021-07-01,2022-06-30,252
2022-07-01,Combined Risk Parity,Combined equity + cryptocurrency,Risk Parity,LTC-USD,cryptocurrency,0.005565707129010622,2021-07-01,2022-06-30,252
2022-07-01,Combined Risk Parity,Combined equity + cryptocurrency,Risk Parity,MMM,equity,0.020601082245551756,2021-07-01,2022-06-30,252
2022-07-01,Combined Risk Parity,Combined equity + cryptocurrency,Risk Parity,MRK,equity,0.03157761618782875,2021-07-01,2022-06-30,252
2022-07-01,Combined Risk Parity,Combined equity + cryptocurrency,Risk Parity,MS,equity,0.013026738450136906,2021-07-01,2022-06-30,252
2022-07-01,Combined Risk Parity,Combined equity + cryptocurrency,Risk Parity,NEE,equity,0.019399865375763027,2021-07-01,2022-06-30,252
2022-07-01,Combined Risk Parity,Combined equity + cryptocurrency,Risk Parity,NEM,equity,0.033955093896908595,2021-07-01,2022-06-30,252
2022-07-01,Combined Risk Parity,Combined equity + cryptocurrency,Risk Parity,NKE,equity,0.013305524261871746,2021-07-01,2022-06-30,252
2022-07-01,Combined Risk Parity,Combined equity + cryptocurrency,Risk Parity,NUE,equity,0.011024158060825328,2021-07-01,2022-06-30,252
2022-07-01,Combined Risk Parity,Combined equity + cryptocurrency,Risk Parity,NVDA,equity,0.007466409084116921,2021-07-01,2022-06-30,252
2022-07-01,Combined Risk Parity,Combined equity + cryptocurrency,Risk Parity,O,equity,0.02081797357634558,2021-07-01,2022-06-30,252
2022-07-01,Combined Risk Parity,Combined equity + cryptocurrency,Risk Parity,OXY,equity,0.01032294623885544,2021-07-01,2022-06-30,252
2022-07-01,Combined Risk Parity,Combined equity + cryptocurrency,Risk Parity,PLD,equity,0.013928061943563797,2021-07-01,2022-06-30,252
2022-07-01,Combined Risk Parity,Combined equity + cryptocurrency,Risk Parity,PSA,equity,0.019877834266398657,2021-07-01,2022-06-30,252
2022-07-01,Combined Risk Parity,Combined equity + cryptocurrency,Risk Parity,QCOM,equity,0.011221522290420236,2021-07-01,2022-06-30,252
2022-07-01,Combined Risk Parity,Combined equity + cryptocurrency,Risk Parity,SBUX,equity,0.012973355248889932,2021-07-01,2022-06-30,252
2022-07-01,Combined Risk Parity,Combined equity + cryptocurrency,Risk Parity,SHW,equity,0.020306751813141226,2021-07-01,2022-06-30,252
2022-07-01,Combined Risk Parity,Combined equity + cryptocurrency,Risk Parity,SLB,equity,0.012656944241961638,2021-07-01,2022-06-30,252
2022-07-01,Combined Risk Parity,Combined equity + cryptocurrency,Risk Parity,SO,equity,0.029944556479713166,2021-07-01,2022-06-30,252
2022-07-01,Combined Risk Parity,Combined equity + cryptocurrency,Risk Parity,T,equity,0.02225544858721101,2021-07-01,2022-06-30,252
2022-07-01,Combined Risk Parity,Combined equity + cryptocurrency,Risk Parity,TMUS,equity,0.016654084651791506,2021-07-01,2022-06-30,252
2022-07-01,Combined Risk Parity,Combined equity + cryptocurrency,Risk Parity,TRX-USD,cryptocurrency,0.006167064565458614,2021-07-01,2022-06-30,252
2022-07-01,Combined Risk Parity,Combined equity + cryptocurrency,Risk Parity,TTWO,equity,0.0168139648808433,2021-07-01,2022-06-30,252
2022-07-01,Combined Risk Parity,Combined equity + cryptocurrency,Risk Parity,UPS,equity,0.018084559090547854,2021-07-01,2022-06-30,252
2022-07-01,Combined Risk Parity,Combined equity + cryptocurrency,Risk Parity,USB,equity,0.015422260693373564,2021-07-01,2022-06-30,252
2022-07-01,Combined Risk Parity,Combined equity + cryptocurrency,Risk Parity,V,equity,0.013571369908130779,2021-07-01,2022-06-30,252
2022-07-01,Combined Risk Parity,Combined equity + cryptocurrency,Risk Parity,WFC,equity,0.012674229497516457,2021-07-01,2022-06-30,252
2022-07-01,Combined Risk Parity,Combined equity + cryptocurrency,Risk Parity,WMT,equity,0.037410039256656556,2021-07-01,2022-06-30,252
2022-07-01,Combined Risk Parity,Combined equity + cryptocurrency,Risk Parity,XLM-USD,cryptocurrency,0.006096947188723573,2021-07-01,2022-06-30,252
2022-07-01,Combined Risk Parity,Combined equity + cryptocurrency,Risk Parity,XOM,equity,0.016764264902762425,2021-07-01,2022-06-30,252
2022-07-01,Combined Risk Parity,Combined equity + cryptocurrency,Risk Parity,XRP-USD,cryptocurrency,0.005720024691834781,2021-07-01,2022-06-30,252
2022-08-01,Combined Risk Parity,Combined equity + cryptocurrency,Risk Parity,ABBV,equity,0.03171054072223247,2021-07-30,2022-07-29,252
2022-08-01,Combined Risk Parity,Combined equity + cryptocurrency,Risk Parity,ABT,equity,0.01775195249392424,2021-07-30,2022-07-29,252
2022-08-01,Combined Risk Parity,Combined equity + cryptocurrency,Risk Parity,ADA-USD,cryptocurrency,0.005287620403795327,2021-07-30,2022-07-29,252
2022-08-01,Combined Risk Parity,Combined equity + cryptocurrency,Risk Parity,ADBE,equity,0.011981567780412507,2021-07-30,2022-07-29,252
2022-08-01,Combined Risk Parity,Combined equity + cryptocurrency,Risk Parity,AEP,equity,0.027747713355556786,2021-07-30,2022-07-29,252
2022-08-01,Combined Risk Parity,Combined equity + cryptocurrency,Risk Parity,AMD,equity,0.007682861312332145,2021-07-30,2022-07-29,252
2022-08-01,Combined Risk Parity,Combined equity + cryptocurrency,Risk Parity,AMGN,equity,0.030131904938450388,2021-07-30,2022-07-29,252
2022-08-01,Combined Risk Parity,Combined equity + cryptocurrency,Risk Parity,AMT,equity,0.017220379745970255,2021-07-30,2022-07-29,252
2022-08-01,Combined Risk Parity,Combined equity + cryptocurrency,Risk Parity,BA,equity,0.010392220425783107,2021-07-30,2022-07-29,252
2022-08-01,Combined Risk Parity,Combined equity + cryptocurrency,Risk Parity,BCH-USD,cryptocurrency,0.0059435005043988595,2021-07-30,2022-07-29,252
2022-08-01,Combined Risk Parity,Combined equity + cryptocurrency,Risk Parity,BTC-USD,cryptocurrency,0.007653156872780452,2021-07-30,2022-07-29,252
2022-08-01,Combined Risk Parity,Combined equity + cryptocurrency,Risk Parity,CAT,equity,0.01518487755764169,2021-07-30,2022-07-29,252
2022-08-01,Combined Risk Parity,Combined equity + cryptocurrency,Risk Parity,CCI,equity,0.0183251094586953,2021-07-30,2022-07-29,252
2022-08-01,Combined Risk Parity,Combined equity + cryptocurrency,Risk Parity,CMCSA,equity,0.019688132368456523,2021-07-30,2022-07-29,252
2022-08-01,Combined Risk Parity,Combined equity + cryptocurrency,Risk Parity,COP,equity,0.013423236346594198,2021-07-30,2022-07-29,252
2022-08-01,Combined Risk Parity,Combined equity + cryptocurrency,Risk Parity,CVX,equity,0.01827387790699541,2021-07-30,2022-07-29,252
2022-08-01,Combined Risk Parity,Combined equity + cryptocurrency,Risk Parity,D,equity,0.029234575532769962,2021-07-30,2022-07-29,252
2022-08-01,Combined Risk Parity,Combined equity + cryptocurrency,Risk Parity,DD,equity,0.012518280531602253,2021-07-30,2022-07-29,252
2022-08-01,Combined Risk Parity,Combined equity + cryptocurrency,Risk Parity,DIS,equity,0.014734105508397636,2021-07-30,2022-07-29,252
2022-08-01,Combined Risk Parity,Combined equity + cryptocurrency,Risk Parity,DOW,equity,0.016238719140886648,2021-07-30,2022-07-29,252
2022-08-01,Combined Risk Parity,Combined equity + cryptocurrency,Risk Parity,DUK,equity,0.03233680804277077,2021-07-30,2022-07-29,252
2022-08-01,Combined Risk Parity,Combined equity + cryptocurrency,Risk Parity,EA,equity,0.025530583715000006,2021-07-30,2022-07-29,252
2022-08-01,Combined Risk Parity,Combined equity + cryptocurrency,Risk Parity,EOS-USD,cryptocurrency,0.005590674500545143,2021-07-30,2022-07-29,252
2022-08-01,Combined Risk Parity,Combined equity + cryptocurrency,Risk Parity,ETC-USD,cryptocurrency,0.005073292604625109,2021-07-30,2022-07-29,252
2022-08-01,Combined Risk Parity,Combined equity + cryptocurrency,Risk Parity,ETH-USD,cryptocurrency,0.005960896431938513,2021-07-30,2022-07-29,252
2022-08-01,Combined Risk Parity,Combined equity + cryptocurrency,Risk Parity,GE,equity,0.011846209130442206,2021-07-30,2022-07-29,252
2022-08-01,Combined Risk Parity,Combined equity + cryptocurrency,Risk Parity,GILD,equity,0.0325361774798093,2021-07-30,2022-07-29,252
2022-08-01,Combined Risk Parity,Combined equity + cryptocurrency,Risk Parity,GS,equity,0.013847576605901095,2021-07-30,2022-07-29,252
2022-08-01,Combined Risk Parity,Combined equity + cryptocurrency,Risk Parity,INTC,equity,0.01425908638524325,2021-07-30,2022-07-29,252
2022-08-01,Combined Risk Parity,Combined equity + cryptocurrency,Risk Parity,KO,equity,0.025950255352947038,2021-07-30,2022-07-29,252
2022-08-01,Combined Risk Parity,Combined equity + cryptocurrency,Risk Parity,LTC-USD,cryptocurrency,0.005676998859412128,2021-07-30,2022-07-29,252
2022-08-01,Combined Risk Parity,Combined equity + cryptocurrency,Risk Parity,MMM,equity,0.021224702179199344,2021-07-30,2022-07-29,252
2022-08-01,Combined Risk Parity,Combined equity + cryptocurrency,Risk Parity,MRK,equity,0.032852608182453474,2021-07-30,2022-07-29,252
2022-08-01,Combined Risk Parity,Combined equity + cryptocurrency,Risk Parity,MS,equity,0.013029134097054494,2021-07-30,2022-07-29,252
2022-08-01,Combined Risk Parity,Combined equity + cryptocurrency,Risk Parity,NEE,equity,0.018729847356963765,2021-07-30,2022-07-29,252
2022-08-01,Combined Risk Parity,Combined equity + cryptocurrency,Risk Parity,NEM,equity,0.03433470227160586,2021-07-30,2022-07-29,252
2022-08-01,Combined Risk Parity,Combined equity + cryptocurrency,Risk Parity,NKE,equity,0.012847389416368593,2021-07-30,2022-07-29,252
2022-08-01,Combined Risk Parity,Combined equity + cryptocurrency,Risk Parity,NUE,equity,0.011101659975458773,2021-07-30,2022-07-29,252
2022-08-01,Combined Risk Parity,Combined equity + cryptocurrency,Risk Parity,NVDA,equity,0.007361574666968039,2021-07-30,2022-07-29,252
2022-08-01,Combined Risk Parity,Combined equity + cryptocurrency,Risk Parity,O,equity,0.020973635475874768,2021-07-30,2022-07-29,252
2022-08-01,Combined Risk Parity,Combined equity + cryptocurrency,Risk Parity,OXY,equity,0.010480236626215894,2021-07-30,2022-07-29,252
2022-08-01,Combined Risk Parity,Combined equity + cryptocurrency,Risk Parity,PLD,equity,0.013506184024836082,2021-07-30,2022-07-29,252
2022-08-01,Combined Risk Parity,Combined equity + cryptocurrency,Risk Parity,PSA,equity,0.019510722239350603,2021-07-30,2022-07-29,252
2022-08-01,Combined Risk Parity,Combined equity + cryptocurrency,Risk Parity,QCOM,equity,0.01165698041778029,2021-07-30,2022-07-29,252
2022-08-01,Combined Risk Parity,Combined equity + cryptocurrency,Risk Parity,SBUX,equity,0.012936864169783811,2021-07-30,2022-07-29,252
2022-08-01,Combined Risk Parity,Combined equity + cryptocurrency,Risk Parity,SHW,equity,0.02119861006867664,2021-07-30,2022-07-29,252
2022-08-01,Combined Risk Parity,Combined equity + cryptocurrency,Risk Parity,SLB,equity,0.012943514034281622,2021-07-30,2022-07-29,252
2022-08-01,Combined Risk Parity,Combined equity + cryptocurrency,Risk Parity,SO,equity,0.029377799146831942,2021-07-30,2022-07-29,252
2022-08-01,Combined Risk Parity,Combined equity + cryptocurrency,Risk Parity,T,equity,0.022644967200165858,2021-07-30,2022-07-29,252
2022-08-01,Combined Risk Parity,Combined equity + cryptocurrency,Risk Parity,TMUS,equity,0.01650234373343048,2021-07-30,2022-07-29,252
2022-08-01,Combined Risk Parity,Combined equity + cryptocurrency,Risk Parity,TRX-USD,cryptocurrency,0.00641605370739279,2021-07-30,2022-07-29,252
2022-08-01,Combined Risk Parity,Combined equity + cryptocurrency,Risk Parity,TTWO,equity,0.016830547247790623,2021-07-30,2022-07-29,252
2022-08-01,Combined Risk Parity,Combined equity + cryptocurrency,Risk Parity,UPS,equity,0.01705838874050354,2021-07-30,2022-07-29,252
2022-08-01,Combined Risk Parity,Combined equity + cryptocurrency,Risk Parity,USB,equity,0.01624253189302479,2021-07-30,2022-07-29,252
2022-08-01,Combined Risk Parity,Combined equity + cryptocurrency,Risk Parity,V,equity,0.013890664586287597,2021-07-30,2022-07-29,252
2022-08-01,Combined Risk Parity,Combined equity + cryptocurrency,Risk Parity,WFC,equity,0.012795236731876528,2021-07-30,2022-07-29,252
2022-08-01,Combined Risk Parity,Combined equity + cryptocurrency,Risk Parity,WMT,equity,0.03486190243499672,2021-07-30,2022-07-29,252
2022-08-01,Combined Risk Parity,Combined equity + cryptocurrency,Risk Parity,XLM-USD,cryptocurrency,0.006203067326715281,2021-07-30,2022-07-29,252
2022-08-01,Combined Risk Parity,Combined equity + cryptocurrency,Risk Parity,XOM,equity,0.01684905766760018,2021-07-30,2022-07-29,252
2022-08-01,Combined Risk Parity,Combined equity + cryptocurrency,Risk Parity,XRP-USD,cryptocurrency,0.005906182364200647,2021-07-30,2022-07-29,252
2022-09-01,Combined Risk Parity,Combined equity + cryptocurrency,Risk Parity,ABBV,equity,0.031355920884578996,2021-09-01,2022-08-31,252
2022-09-01,Combined Risk Parity,Combined equity + cryptocurrency,Risk Parity,ABT,equity,0.017406869219461087,2021-09-01,2022-08-31,252
2022-09-01,Combined Risk Parity,Combined equity + cryptocurrency,Risk Parity,ADA-USD,cryptocurrency,0.005625263255240431,2021-09-01,2022-08-31,252
2022-09-01,Combined Risk Parity,Combined equity + cryptocurrency,Risk Parity,ADBE,equity,0.011773330112986383,2021-09-01,2022-08-31,252
2022-09-01,Combined Risk Parity,Combined equity + cryptocurrency,Risk Parity,AEP,equity,0.027339349477730434,2021-09-01,2022-08-31,252
2022-09-01,Combined Risk Parity,Combined equity + cryptocurrency,Risk Parity,AMD,equity,0.007693300555824999,2021-09-01,2022-08-31,252
2022-09-01,Combined Risk Parity,Combined equity + cryptocurrency,Risk Parity,AMGN,equity,0.031361366536882054,2021-09-01,2022-08-31,252
2022-09-01,Combined Risk Parity,Combined equity + cryptocurrency,Risk Parity,AMT,equity,0.017113996827350285,2021-09-01,2022-08-31,252
2022-09-01,Combined Risk Parity,Combined equity + cryptocurrency,Risk Parity,BA,equity,0.010506774159905027,2021-09-01,2022-08-31,252
2022-09-01,Combined Risk Parity,Combined equity + cryptocurrency,Risk Parity,BCH-USD,cryptocurrency,0.006032951803806461,2021-09-01,2022-08-31,252
2022-09-01,Combined Risk Parity,Combined equity + cryptocurrency,Risk Parity,BTC-USD,cryptocurrency,0.00769607848143087,2021-09-01,2022-08-31,252
2022-09-01,Combined Risk Parity,Combined equity + cryptocurrency,Risk Parity,CAT,equity,0.014989055565710405,2021-09-01,2022-08-31,252
2022-09-01,Combined Risk Parity,Combined equity + cryptocurrency,Risk Parity,CCI,equity,0.01822050343325767,2021-09-01,2022-08-31,252
2022-09-01,Combined Risk Parity,Combined equity + cryptocurrency,Risk Parity,CMCSA,equity,0.019586399704975145,2021-09-01,2022-08-31,252
2022-09-01,Combined Risk Parity,Combined equity + cryptocurrency,Risk Parity,COP,equity,0.014173123637303928,2021-09-01,2022-08-31,252
2022-09-01,Combined Risk Parity,Combined equity + cryptocurrency,Risk Parity,CVX,equity,0.019036757465813483,2021-09-01,2022-08-31,252
2022-09-01,Combined Risk Parity,Combined equity + cryptocurrency,Risk Parity,D,equity,0.029336643709429754,2021-09-01,2022-08-31,252
2022-09-01,Combined Risk Parity,Combined equity + cryptocurrency,Risk Parity,DD,equity,0.012196642112563683,2021-09-01,2022-08-31,252
2022-09-01,Combined Risk Parity,Combined equity + cryptocurrency,Risk Parity,DIS,equity,0.014285684418608268,2021-09-01,2022-08-31,252
2022-09-01,Combined Risk Parity,Combined equity + cryptocurrency,Risk Parity,DOW,equity,0.01612670354813624,2021-09-01,2022-08-31,252
2022-09-01,Combined Risk Parity,Combined equity + cryptocurrency,Risk Parity,DUK,equity,0.03187883589868057,2021-09-01,2022-08-31,252
2022-09-01,Combined Risk Parity,Combined equity + cryptocurrency,Risk Parity,EA,equity,0.02600622331696428,2021-09-01,2022-08-31,252
2022-09-01,Combined Risk Parity,Combined equity + cryptocurrency,Risk Parity,EOS-USD,cryptocurrency,0.005830305423389666,2021-09-01,2022-08-31,252
2022-09-01,Combined Risk Parity,Combined equity + cryptocurrency,Risk Parity,ETC-USD,cryptocurrency,0.005089906106563067,2021-09-01,2022-08-31,252
2022-09-01,Combined Risk Parity,Combined equity + cryptocurrency,Risk Parity,ETH-USD,cryptocurrency,0.005838598309553853,2021-09-01,2022-08-31,252
2022-09-01,Combined Risk Parity,Combined equity + cryptocurrency,Risk Parity,GE,equity,0.011699472403582465,2021-09-01,2022-08-31,252
2022-09-01,Combined Risk Parity,Combined equity + cryptocurrency,Risk Parity,GILD,equity,0.0322768070639928,2021-09-01,2022-08-31,252
2022-09-01,Combined Risk Parity,Combined equity + cryptocurrency,Risk Parity,GS,equity,0.014037620920924976,2021-09-01,2022-08-31,252
2022-09-01,Combined Risk Parity,Combined equity + cryptocurrency,Risk Parity,INTC,equity,0.013714714523708293,2021-09-01,2022-08-31,252
2022-09-01,Combined Risk Parity,Combined equity + cryptocurrency,Risk Parity,KO,equity,0.0257774693769447,2021-09-01,2022-08-31,252
2022-09-01,Combined Risk Parity,Combined equity + cryptocurrency,Risk Parity,LTC-USD,cryptocurrency,0.005868634222602133,2021-09-01,2022-08-31,252
2022-09-01,Combined Risk Parity,Combined equity + cryptocurrency,Risk Parity,MMM,equity,0.01939441905703017,2021-09-01,2022-08-31,252
2022-09-01,Combined Risk Parity,Combined equity + cryptocurrency,Risk Parity,MRK,equity,0.03280485890743116,2021-09-01,2022-08-31,252
2022-09-01,Combined Risk Parity,Combined equity + cryptocurrency,Risk Parity,MS,equity,0.013104122857619954,2021-09-01,2022-08-31,252
2022-09-01,Combined Risk Parity,Combined equity + cryptocurrency,Risk Parity,NEE,equity,0.01901275348452543,2021-09-01,2022-08-31,252
2022-09-01,Combined Risk Parity,Combined equity + cryptocurrency,Risk Parity,NEM,equity,0.03341524690172131,2021-09-01,2022-08-31,252
2022-09-01,Combined Risk Parity,Combined equity + cryptocurrency,Risk Parity,NKE,equity,0.012585050235083531,2021-09-01,2022-08-31,252
2022-09-01,Combined Risk Parity,Combined equity + cryptocurrency,Risk Parity,NUE,equity,0.01128887101879632,2021-09-01,2022-08-31,252
2022-09-01,Combined Risk Parity,Combined equity + cryptocurrency,Risk Parity,NVDA,equity,0.007185716033513254,2021-09-01,2022-08-31,252
2022-09-01,Combined Risk Parity,Combined equity + cryptocurrency,Risk Parity,O,equity,0.021405282091670894,2021-09-01,2022-08-31,252
2022-09-01,Combined Risk Parity,Combined equity + cryptocurrency,Risk Parity,OXY,equity,0.011412496641656144,2021-09-01,2022-08-31,252
2022-09-01,Combined Risk Parity,Combined equity + cryptocurrency,Risk Parity,PLD,equity,0.01343273266751345,2021-09-01,2022-08-31,252
2022-09-01,Combined Risk Parity,Combined equity + cryptocurrency,Risk Parity,PSA,equity,0.019170032783634838,2021-09-01,2022-08-31,252
2022-09-01,Combined Risk Parity,Combined equity + cryptocurrency,Risk Parity,QCOM,equity,0.01137221441255599,2021-09-01,2022-08-31,252
2022-09-01,Combined Risk Parity,Combined equity + cryptocurrency,Risk Parity,SBUX,equity,0.012808397662628094,2021-09-01,2022-08-31,252
2022-09-01,Combined Risk Parity,Combined equity + cryptocurrency,Risk Parity,SHW,equity,0.020367512316605944,2021-09-01,2022-08-31,252
2022-09-01,Combined Risk Parity,Combined equity + cryptocurrency,Risk Parity,SLB,equity,0.013589580696636261,2021-09-01,2022-08-31,252
2022-09-01,Combined Risk Parity,Combined equity + cryptocurrency,Risk Parity,SO,equity,0.029696677464914324,2021-09-01,2022-08-31,252
2022-09-01,Combined Risk Parity,Combined equity + cryptocurrency,Risk Parity,T,equity,0.023367674325775266,2021-09-01,2022-08-31,252
2022-09-01,Combined Risk Parity,Combined equity + cryptocurrency,Risk Parity,TMUS,equity,0.016836558343726188,2021-09-01,2022-08-31,252
2022-09-01,Combined Risk Parity,Combined equity + cryptocurrency,Risk Parity,TRX-USD,cryptocurrency,0.006818439274006156,2021-09-01,2022-08-31,252
2022-09-01,Combined Risk Parity,Combined equity + cryptocurrency,Risk Parity,TTWO,equity,0.016537440920474527,2021-09-01,2022-08-31,252
2022-09-01,Combined Risk Parity,Combined equity + cryptocurrency,Risk Parity,UPS,equity,0.017064243167509575,2021-09-01,2022-08-31,252
2022-09-01,Combined Risk Parity,Combined equity + cryptocurrency,Risk Parity,USB,equity,0.016622485423992587,2021-09-01,2022-08-31,252
2022-09-01,Combined Risk Parity,Combined equity + cryptocurrency,Risk Parity,V,equity,0.013857103365315301,2021-09-01,2022-08-31,252
2022-09-01,Combined Risk Parity,Combined equity + cryptocurrency,Risk Parity,WFC,equity,0.012926114291025189,2021-09-01,2022-08-31,252
2022-09-01,Combined Risk Parity,Combined equity + cryptocurrency,Risk Parity,WMT,equity,0.03359352463050041,2021-09-01,2022-08-31,252
2022-09-01,Combined Risk Parity,Combined equity + cryptocurrency,Risk Parity,XLM-USD,cryptocurrency,0.006570014015805653,2021-09-01,2022-08-31,252
2022-09-01,Combined Risk Parity,Combined equity + cryptocurrency,Risk Parity,XOM,equity,0.017431800254458233,2021-09-01,2022-08-31,252
2022-09-01,Combined Risk Parity,Combined equity + cryptocurrency,Risk Parity,XRP-USD,cryptocurrency,0.006453334275971552,2021-09-01,2022-08-31,252
2022-10-03,Combined Risk Parity,Combined equity + cryptocurrency,Risk Parity,ABBV,equity,0.03150303345667237,2021-10-01,2022-09-30,252
2022-10-03,Combined Risk Parity,Combined equity + cryptocurrency,Risk Parity,ABT,equity,0.017815150442037377,2021-10-01,2022-09-30,252
2022-10-03,Combined Risk Parity,Combined equity + cryptocurrency,Risk Parity,ADA-USD,cryptocurrency,0.006333416638002926,2021-10-01,2022-09-30,252
2022-10-03,Combined Risk Parity,Combined equity + cryptocurrency,Risk Parity,ADBE,equity,0.011123647086673441,2021-10-01,2022-09-30,252
2022-10-03,Combined Risk Parity,Combined equity + cryptocurrency,Risk Parity,AEP,equity,0.02549740296067846,2021-10-01,2022-09-30,252
2022-10-03,Combined Risk Parity,Combined equity + cryptocurrency,Risk Parity,AMD,equity,0.007767570763367001,2021-10-01,2022-09-30,252
2022-10-03,Combined Risk Parity,Combined equity + cryptocurrency,Risk Parity,AMGN,equity,0.03139308525437794,2021-10-01,2022-09-30,252
2022-10-03,Combined Risk Parity,Combined equity + cryptocurrency,Risk Parity,AMT,equity,0.0171052120905923,2021-10-01,2022-09-30,252
2022-10-03,Combined Risk Parity,Combined equity + cryptocurrency,Risk Parity,BA,equity,0.010541581803624649,2021-10-01,2022-09-30,252
2022-10-03,Combined Risk Parity,Combined equity + cryptocurrency,Risk Parity,BCH-USD,cryptocurrency,0.006822111709226184,2021-10-01,2022-09-30,252
2022-10-03,Combined Risk Parity,Combined equity + cryptocurrency,Risk Parity,BTC-USD,cryptocurrency,0.008174871401249078,2021-10-01,2022-09-30,252
2022-10-03,Combined Risk Parity,Combined equity + cryptocurrency,Risk Parity,CAT,equity,0.015156139512865754,2021-10-01,2022-09-30,252
2022-10-03,Combined Risk Parity,Combined equity + cryptocurrency,Risk Parity,CCI,equity,0.01778565097581105,2021-10-01,2022-09-30,252
2022-10-03,Combined Risk Parity,Combined equity + cryptocurrency,Risk Parity,CMCSA,equity,0.01826970886592471,2021-10-01,2022-09-30,252
2022-10-03,Combined Risk Parity,Combined equity + cryptocurrency,Risk Parity,COP,equity,0.014480600279896803,2021-10-01,2022-09-30,252
2022-10-03,Combined Risk Parity,Combined equity + cryptocurrency,Risk Parity,CVX,equity,0.019384054810539897,2021-10-01,2022-09-30,252
2022-10-03,Combined Risk Parity,Combined equity + cryptocurrency,Risk Parity,D,equity,0.02749567741334381,2021-10-01,2022-09-30,252
2022-10-03,Combined Risk Parity,Combined equity + cryptocurrency,Risk Parity,DD,equity,0.012328779422857926,2021-10-01,2022-09-30,252
2022-10-03,Combined Risk Parity,Combined equity + cryptocurrency,Risk Parity,DIS,equity,0.013884856186111853,2021-10-01,2022-09-30,252
2022-10-03,Combined Risk Parity,Combined equity + cryptocurrency,Risk Parity,DOW,equity,0.016159514074644513,2021-10-01,2022-09-30,252
2022-10-03,Combined Risk Parity,Combined equity + cryptocurrency,Risk Parity,DUK,equity,0.029416722789016102,2021-10-01,2022-09-30,252
2022-10-03,Combined Risk Parity,Combined equity + cryptocurrency,Risk Parity,EA,equity,0.024415933987603482,2021-10-01,2022-09-30,252
2022-10-03,Combined Risk Parity,Combined equity + cryptocurrency,Risk Parity,EOS-USD,cryptocurrency,0.006269248541064373,2021-10-01,2022-09-30,252
2022-10-03,Combined Risk Parity,Combined equity + cryptocurrency,Risk Parity,ETC-USD,cryptocurrency,0.0055552215330227205,2021-10-01,2022-09-30,252
2022-10-03,Combined Risk Parity,Combined equity + cryptocurrency,Risk Parity,ETH-USD,cryptocurrency,0.006415687027293747,2021-10-01,2022-09-30,252
2022-10-03,Combined Risk Parity,Combined equity + cryptocurrency,Risk Parity,GE,equity,0.012229167757544445,2021-10-01,2022-09-30,252
2022-10-03,Combined Risk Parity,Combined equity + cryptocurrency,Risk Parity,GILD,equity,0.029221067870081566,2021-10-01,2022-09-30,252
2022-10-03,Combined Risk Parity,Combined equity + cryptocurrency,Risk Parity,GS,equity,0.014460825931995045,2021-10-01,2022-09-30,252
2022-10-03,Combined Risk Parity,Combined equity + cryptocurrency,Risk Parity,INTC,equity,0.013408599647155392,2021-10-01,2022-09-30,252
2022-10-03,Combined Risk Parity,Combined equity + cryptocurrency,Risk Parity,KO,equity,0.026302458497033294,2021-10-01,2022-09-30,252
2022-10-03,Combined Risk Parity,Combined equity + cryptocurrency,Risk Parity,LTC-USD,cryptocurrency,0.006715525473411696,2021-10-01,2022-09-30,252
2022-10-03,Combined Risk Parity,Combined equity + cryptocurrency,Risk Parity,MMM,equity,0.02000052315745938,2021-10-01,2022-09-30,252
2022-10-03,Combined Risk Parity,Combined equity + cryptocurrency,Risk Parity,MRK,equity,0.03410257359210383,2021-10-01,2022-09-30,252
2022-10-03,Combined Risk Parity,Combined equity + cryptocurrency,Risk Parity,MS,equity,0.013622924039234844,2021-10-01,2022-09-30,252
2022-10-03,Combined Risk Parity,Combined equity + cryptocurrency,Risk Parity,NEE,equity,0.018983853484488958,2021-10-01,2022-09-30,252
2022-10-03,Combined Risk Parity,Combined equity + cryptocurrency,Risk Parity,NEM,equity,0.03140270007459736,2021-10-01,2022-09-30,252
2022-10-03,Combined Risk Parity,Combined equity + cryptocurrency,Risk Parity,NKE,equity,0.011802929180054907,2021-10-01,2022-09-30,252
2022-10-03,Combined Risk Parity,Combined equity + cryptocurrency,Risk Parity,NUE,equity,0.012121540030873368,2021-10-01,2022-09-30,252
2022-10-03,Combined Risk Parity,Combined equity + cryptocurrency,Risk Parity,NVDA,equity,0.007461067171656489,2021-10-01,2022-09-30,252
2022-10-03,Combined Risk Parity,Combined equity + cryptocurrency,Risk Parity,O,equity,0.022249122125506848,2021-10-01,2022-09-30,252
2022-10-03,Combined Risk Parity,Combined equity + cryptocurrency,Risk Parity,OXY,equity,0.012577671153363126,2021-10-01,2022-09-30,252
2022-10-03,Combined Risk Parity,Combined equity + cryptocurrency,Risk Parity,PLD,equity,0.013705144072916963,2021-10-01,2022-09-30,252
2022-10-03,Combined Risk Parity,Combined equity + cryptocurrency,Risk Parity,PSA,equity,0.01961468026967388,2021-10-01,2022-09-30,252
2022-10-03,Combined Risk Parity,Combined equity + cryptocurrency,Risk Parity,QCOM,equity,0.011532073871491803,2021-10-01,2022-09-30,252
2022-10-03,Combined Risk Parity,Combined equity + cryptocurrency,Risk Parity,SBUX,equity,0.013220923644983227,2021-10-01,2022-09-30,252
2022-10-03,Combined Risk Parity,Combined equity + cryptocurrency,Risk Parity,SHW,equity,0.020103219352756146,2021-10-01,2022-09-30,252
2022-10-03,Combined Risk Parity,Combined equity + cryptocurrency,Risk Parity,SLB,equity,0.01380592022433131,2021-10-01,2022-09-30,252
2022-10-03,Combined Risk Parity,Combined equity + cryptocurrency,Risk Parity,SO,equity,0.027303872040777336,2021-10-01,2022-09-30,252
2022-10-03,Combined Risk Parity,Combined equity + cryptocurrency,Risk Parity,T,equity,0.02351758398467209,2021-10-01,2022-09-30,252
2022-10-03,Combined Risk Parity,Combined equity + cryptocurrency,Risk Parity,TMUS,equity,0.01713412312981258,2021-10-01,2022-09-30,252
2022-10-03,Combined Risk Parity,Combined equity + cryptocurrency,Risk Parity,TRX-USD,cryptocurrency,0.008291520032305339,2021-10-01,2022-09-30,252
2022-10-03,Combined Risk Parity,Combined equity + cryptocurrency,Risk Parity,TTWO,equity,0.0161481922786858,2021-10-01,2022-09-30,252
2022-10-03,Combined Risk Parity,Combined equity + cryptocurrency,Risk Parity,UPS,equity,0.01679615680105571,2021-10-01,2022-09-30,252
2022-10-03,Combined Risk Parity,Combined equity + cryptocurrency,Risk Parity,USB,equity,0.016937281439627798,2021-10-01,2022-09-30,252
2022-10-03,Combined Risk Parity,Combined equity + cryptocurrency,Risk Parity,V,equity,0.014273326732244485,2021-10-01,2022-09-30,252
2022-10-03,Combined Risk Parity,Combined equity + cryptocurrency,Risk Parity,WFC,equity,0.013296721247864214,2021-10-01,2022-09-30,252
2022-10-03,Combined Risk Parity,Combined equity + cryptocurrency,Risk Parity,WMT,equity,0.03341411984529415,2021-10-01,2022-09-30,252
2022-10-03,Combined Risk Parity,Combined equity + cryptocurrency,Risk Parity,XLM-USD,cryptocurrency,0.007591955517220406,2021-10-01,2022-09-30,252
2022-10-03,Combined Risk Parity,Combined equity + cryptocurrency,Risk Parity,XOM,equity,0.0180384985221659,2021-10-01,2022-09-30,252
2022-10-03,Combined Risk Parity,Combined equity + cryptocurrency,Risk Parity,XRP-USD,cryptocurrency,0.007517258779061828,2021-10-01,2022-09-30,252
2022-11-01,Combined Risk Parity,Combined equity + cryptocurrency,Risk Parity,ABBV,equity,0.032056797348642106,2021-11-01,2022-10-31,252
2022-11-01,Combined Risk Parity,Combined equity + cryptocurrency,Risk Parity,ABT,equity,0.01760927346017422,2021-11-01,2022-10-31,252
2022-11-01,Combined Risk Parity,Combined equity + cryptocurrency,Risk Parity,ADA-USD,cryptocurrency,0.006800047810748922,2021-11-01,2022-10-31,252
2022-11-01,Combined Risk Parity,Combined equity + cryptocurrency,Risk Parity,ADBE,equity,0.011433261828171544,2021-11-01,2022-10-31,252
2022-11-01,Combined Risk Parity,Combined equity + cryptocurrency,Risk Parity,AEP,equity,0.02361624809902159,2021-11-01,2022-10-31,252
2022-11-01,Combined Risk Parity,Combined equity + cryptocurrency,Risk Parity,AMD,equity,0.007743127078540951,2021-11-01,2022-10-31,252
2022-11-01,Combined Risk Parity,Combined equity + cryptocurrency,Risk Parity,AMGN,equity,0.03173543590623217,2021-11-01,2022-10-31,252
2022-11-01,Combined Risk Parity,Combined equity + cryptocurrency,Risk Parity,AMT,equity,0.016546385224931875,2021-11-01,2022-10-31,252
2022-11-01,Combined Risk Parity,Combined equity + cryptocurrency,Risk Parity,BA,equity,0.010918765243217061,2021-11-01,2022-10-31,252
2022-11-01,Combined Risk Parity,Combined equity + cryptocurrency,Risk Parity,BCH-USD,cryptocurrency,0.00760577064748981,2021-11-01,2022-10-31,252
2022-11-01,Combined Risk Parity,Combined equity + cryptocurrency,Risk Parity,BTC-USD,cryptocurrency,0.008870218855597587,2021-11-01,2022-10-31,252
2022-11-01,Combined Risk Parity,Combined equity + cryptocurrency,Risk Parity,CAT,equity,0.015122915366555583,2021-11-01,2022-10-31,252
2022-11-01,Combined Risk Parity,Combined equity + cryptocurrency,Risk Parity,CCI,equity,0.01767970547698363,2021-11-01,2022-10-31,252
2022-11-01,Combined Risk Parity,Combined equity + cryptocurrency,Risk Parity,CMCSA,equity,0.01864610370947002,2021-11-01,2022-10-31,252
2022-11-01,Combined Risk Parity,Combined equity + cryptocurrency,Risk Parity,COP,equity,0.014757089965011716,2021-11-01,2022-10-31,252
2022-11-01,Combined Risk Parity,Combined equity + cryptocurrency,Risk Parity,CVX,equity,0.019361139300016667,2021-11-01,2022-10-31,252
2022-11-01,Combined Risk Parity,Combined equity + cryptocurrency,Risk Parity,D,equity,0.025740765125600074,2021-11-01,2022-10-31,252
2022-11-01,Combined Risk Parity,Combined equity + cryptocurrency,Risk Parity,DD,equity,0.012517514512101584,2021-11-01,2022-10-31,252
2022-11-01,Combined Risk Parity,Combined equity + cryptocurrency,Risk Parity,DIS,equity,0.013910712044078635,2021-11-01,2022-10-31,252
2022-11-01,Combined Risk Parity,Combined equity + cryptocurrency,Risk Parity,DOW,equity,0.01641068493143238,2021-11-01,2022-10-31,252
2022-11-01,Combined Risk Parity,Combined equity + cryptocurrency,Risk Parity,DUK,equity,0.026662726933021887,2021-11-01,2022-10-31,252
2022-11-01,Combined Risk Parity,Combined equity + cryptocurrency,Risk Parity,EA,equity,0.024387740086490823,2021-11-01,2022-10-31,252
2022-11-01,Combined Risk Parity,Combined equity + cryptocurrency,Risk Parity,EOS-USD,cryptocurrency,0.007055193300657262,2021-11-01,2022-10-31,252
2022-11-01,Combined Risk Parity,Combined equity + cryptocurrency,Risk Parity,ETC-USD,cryptocurrency,0.0061315749988129185,2021-11-01,2022-10-31,252
2022-11-01,Combined Risk Parity,Combined equity + cryptocurrency,Risk Parity,ETH-USD,cryptocurrency,0.007076122612736991,2021-11-01,2022-10-31,252
2022-11-01,Combined Risk Parity,Combined equity + cryptocurrency,Risk Parity,GE,equity,0.01230950845410664,2021-11-01,2022-10-31,252
2022-11-01,Combined Risk Parity,Combined equity + cryptocurrency,Risk Parity,GILD,equity,0.025197217073030017,2021-11-01,2022-10-31,252
2022-11-01,Combined Risk Parity,Combined equity + cryptocurrency,Risk Parity,GS,equity,0.014310000216898983,2021-11-01,2022-10-31,252
2022-11-01,Combined Risk Parity,Combined equity + cryptocurrency,Risk Parity,INTC,equity,0.012749678366093314,2021-11-01,2022-10-31,252
2022-11-01,Combined Risk Parity,Combined equity + cryptocurrency,Risk Parity,KO,equity,0.025920578809495262,2021-11-01,2022-10-31,252
2022-11-01,Combined Risk Parity,Combined equity + cryptocurrency,Risk Parity,LTC-USD,cryptocurrency,0.007550522951174859,2021-11-01,2022-10-31,252
2022-11-01,Combined Risk Parity,Combined equity + cryptocurrency,Risk Parity,MMM,equity,0.01928010907346127,2021-11-01,2022-10-31,252
2022-11-01,Combined Risk Parity,Combined equity + cryptocurrency,Risk Parity,MRK,equity,0.038503896187113654,2021-11-01,2022-10-31,252
2022-11-01,Combined Risk Parity,Combined equity + cryptocurrency,Risk Parity,MS,equity,0.013434443199344316,2021-11-01,2022-10-31,252
2022-11-01,Combined Risk Parity,Combined equity + cryptocurrency,Risk Parity,NEE,equity,0.018360331257604716,2021-11-01,2022-10-31,252
2022-11-01,Combined Risk Parity,Combined equity + cryptocurrency,Risk Parity,NEM,equity,0.028718120948059315,2021-11-01,2022-10-31,252
2022-11-01,Combined Risk Parity,Combined equity + cryptocurrency,Risk Parity,NKE,equity,0.011965422202590052,2021-11-01,2022-10-31,252
2022-11-01,Combined Risk Parity,Combined equity + cryptocurrency,Risk Parity,NUE,equity,0.012006784569342455,2021-11-01,2022-10-31,252
2022-11-01,Combined Risk Parity,Combined equity + cryptocurrency,Risk Parity,NVDA,equity,0.007503185219243662,2021-11-01,2022-10-31,252
2022-11-01,Combined Risk Parity,Combined equity + cryptocurrency,Risk Parity,O,equity,0.022397666201512727,2021-11-01,2022-10-31,252
2022-11-01,Combined Risk Parity,Combined equity + cryptocurrency,Risk Parity,OXY,equity,0.013523205833137333,2021-11-01,2022-10-31,252
2022-11-01,Combined Risk Parity,Combined equity + cryptocurrency,Risk Parity,PLD,equity,0.013878354126708764,2021-11-01,2022-10-31,252
2022-11-01,Combined Risk Parity,Combined equity + cryptocurrency,Risk Parity,PSA,equity,0.020067034893574042,2021-11-01,2022-10-31,252
2022-11-01,Combined Risk Parity,Combined equity + cryptocurrency,Risk Parity,QCOM,equity,0.011538890358416402,2021-11-01,2022-10-31,252
2022-11-01,Combined Risk Parity,Combined equity + cryptocurrency,Risk Parity,SBUX,equity,0.013576016695300551,2021-11-01,2022-10-31,252
2022-11-01,Combined Risk Parity,Combined equity + cryptocurrency,Risk Parity,SHW,equity,0.018624924972236955,2021-11-01,2022-10-31,252
2022-11-01,Combined Risk Parity,Combined equity + cryptocurrency,Risk Parity,SLB,equity,0.014204842066010966,2021-11-01,2022-10-31,252
2022-11-01,Combined Risk Parity,Combined equity + cryptocurrency,Risk Parity,SO,equity,0.02539411648942359,2021-11-01,2022-10-31,252
2022-11-01,Combined Risk Parity,Combined equity + cryptocurrency,Risk Parity,T,equity,0.023007250504644316,2021-11-01,2022-10-31,252
2022-11-01,Combined Risk Parity,Combined equity + cryptocurrency,Risk Parity,TMUS,equity,0.016969353467837536,2021-11-01,2022-10-31,252
2022-11-01,Combined Risk Parity,Combined equity + cryptocurrency,Risk Parity,TRX-USD,cryptocurrency,0.009730963433413986,2021-11-01,2022-10-31,252
2022-11-01,Combined Risk Parity,Combined equity + cryptocurrency,Risk Parity,TTWO,equity,0.017087665945354102,2021-11-01,2022-10-31,252
2022-11-01,Combined Risk Parity,Combined equity + cryptocurrency,Risk Parity,UPS,equity,0.01744300857534577,2021-11-01,2022-10-31,252
2022-11-01,Combined Risk Parity,Combined equity + cryptocurrency,Risk Parity,USB,equity,0.017114548171240015,2021-11-01,2022-10-31,252
2022-11-01,Combined Risk Parity,Combined equity + cryptocurrency,Risk Parity,V,equity,0.015041037398624352,2021-11-01,2022-10-31,252
2022-11-01,Combined Risk Parity,Combined equity + cryptocurrency,Risk Parity,WFC,equity,0.013473950209964065,2021-11-01,2022-10-31,252
2022-11-01,Combined Risk Parity,Combined equity + cryptocurrency,Risk Parity,WMT,equity,0.03261589755789441,2021-11-01,2022-10-31,252
2022-11-01,Combined Risk Parity,Combined equity + cryptocurrency,Risk Parity,XLM-USD,cryptocurrency,0.008916799175584285,2021-11-01,2022-10-31,252
2022-11-01,Combined Risk Parity,Combined equity + cryptocurrency,Risk Parity,XOM,equity,0.018593153297709362,2021-11-01,2022-10-31,252
2022-11-01,Combined Risk Parity,Combined equity + cryptocurrency,Risk Parity,XRP-USD,cryptocurrency,0.008596202232770031,2021-11-01,2022-10-31,252
2022-12-01,Combined Risk Parity,Combined equity + cryptocurrency,Risk Parity,ABBV,equity,0.032786010108932416,2021-12-01,2022-11-30,252
2022-12-01,Combined Risk Parity,Combined equity + cryptocurrency,Risk Parity,ABT,equity,0.017229008021990056,2021-12-01,2022-11-30,252
2022-12-01,Combined Risk Parity,Combined equity + cryptocurrency,Risk Parity,ADA-USD,cryptocurrency,0.00662864930859502,2021-12-01,2022-11-30,252
2022-12-01,Combined Risk Parity,Combined equity + cryptocurrency,Risk Parity,ADBE,equity,0.010898297251637108,2021-12-01,2022-11-30,252
2022-12-01,Combined Risk Parity,Combined equity + cryptocurrency,Risk Parity,AEP,equity,0.0234065964871849,2021-12-01,2022-11-30,252
2022-12-01,Combined Risk Parity,Combined equity + cryptocurrency,Risk Parity,AMD,equity,0.0074396194379861315,2021-12-01,2022-11-30,252
2022-12-01,Combined Risk Parity,Combined equity + cryptocurrency,Risk Parity,AMGN,equity,0.035103292581827206,2021-12-01,2022-11-30,252
2022-12-01,Combined Risk Parity,Combined equity + cryptocurrency,Risk Parity,AMT,equity,0.015605269704186426,2021-12-01,2022-11-30,252
2022-12-01,Combined Risk Parity,Combined equity + cryptocurrency,Risk Parity,BA,equity,0.011445113848475703,2021-12-01,2022-11-30,252
2022-12-01,Combined Risk Parity,Combined equity + cryptocurrency,Risk Parity,BCH-USD,cryptocurrency,0.007530365645338562,2021-12-01,2022-11-30,252
2022-12-01,Combined Risk Parity,Combined equity + cryptocurrency,Risk Parity,BTC-USD,cryptocurrency,0.008664380391605584,2021-12-01,2022-11-30,252
2022-12-01,Combined Risk Parity,Combined equity + cryptocurrency,Risk Parity,CAT,equity,0.0156600424777632,2021-12-01,2022-11-30,252
2022-12-01,Combined Risk Parity,Combined equity + cryptocurrency,Risk Parity,CCI,equity,0.016695066898002344,2021-12-01,2022-11-30,252
2022-12-01,Combined Risk Parity,Combined equity + cryptocurrency,Risk Parity,CMCSA,equity,0.018327635226870746,2021-12-01,2022-11-30,252
2022-12-01,Combined Risk Parity,Combined equity + cryptocurrency,Risk Parity,COP,equity,0.015242214618704892,2021-12-01,2022-11-30,252
2022-12-01,Combined Risk Parity,Combined equity + cryptocurrency,Risk Parity,CVX,equity,0.01945755723668184,2021-12-01,2022-11-30,252
2022-12-01,Combined Risk Parity,Combined equity + cryptocurrency,Risk Parity,D,equity,0.025913291971544183,2021-12-01,2022-11-30,252
2022-12-01,Combined Risk Parity,Combined equity + cryptocurrency,Risk Parity,DD,equity,0.013496367265182116,2021-12-01,2022-11-30,252
2022-12-01,Combined Risk Parity,Combined equity + cryptocurrency,Risk Parity,DIS,equity,0.01297566962028713,2021-12-01,2022-11-30,252
2022-12-01,Combined Risk Parity,Combined equity + cryptocurrency,Risk Parity,DOW,equity,0.015993442382702998,2021-12-01,2022-11-30,252
2022-12-01,Combined Risk Parity,Combined equity + cryptocurrency,Risk Parity,DUK,equity,0.027074576296598762,2021-12-01,2022-11-30,252
2022-12-01,Combined Risk Parity,Combined equity + cryptocurrency,Risk Parity,EA,equity,0.02408248896742204,2021-12-01,2022-11-30,252
2022-12-01,Combined Risk Parity,Combined equity + cryptocurrency,Risk Parity,EOS-USD,cryptocurrency,0.00694801525723428,2021-12-01,2022-11-30,252
2022-12-01,Combined Risk Parity,Combined equity + cryptocurrency,Risk Parity,ETC-USD,cryptocurrency,0.0058574498540033505,2021-12-01,2022-11-30,252
2022-12-01,Combined Risk Parity,Combined equity + cryptocurrency,Risk Parity,ETH-USD,cryptocurrency,0.006574477238027963,2021-12-01,2022-11-30,252
2022-12-01,Combined Risk Parity,Combined equity + cryptocurrency,Risk Parity,GE,equity,0.013109944565984757,2021-12-01,2022-11-30,252
2022-12-01,Combined Risk Parity,Combined equity + cryptocurrency,Risk Parity,GILD,equity,0.02648832274696325,2021-12-01,2022-11-30,252
2022-12-01,Combined Risk Parity,Combined equity + cryptocurrency,Risk Parity,GS,equity,0.01482861489231213,2021-12-01,2022-11-30,252
2022-12-01,Combined Risk Parity,Combined equity + cryptocurrency,Risk Parity,INTC,equity,0.012064020297935506,2021-12-01,2022-11-30,252
2022-12-01,Combined Risk Parity,Combined equity + cryptocurrency,Risk Parity,KO,equity,0.026440246704933383,2021-12-01,2022-11-30,252
2022-12-01,Combined Risk Parity,Combined equity + cryptocurrency,Risk Parity,LTC-USD,cryptocurrency,0.007282804060197379,2021-12-01,2022-11-30,252
2022-12-01,Combined Risk Parity,Combined equity + cryptocurrency,Risk Parity,MMM,equity,0.019230647015960348,2021-12-01,2022-11-30,252
2022-12-01,Combined Risk Parity,Combined equity + cryptocurrency,Risk Parity,MRK,equity,0.04359693088635127,2021-12-01,2022-11-30,252
2022-12-01,Combined Risk Parity,Combined equity + cryptocurrency,Risk Parity,MS,equity,0.013636039975338684,2021-12-01,2022-11-30,252
2022-12-01,Combined Risk Parity,Combined equity + cryptocurrency,Risk Parity,NEE,equity,0.01812919334826316,2021-12-01,2022-11-30,252
2022-12-01,Combined Risk Parity,Combined equity + cryptocurrency,Risk Parity,NEM,equity,0.02310003096734489,2021-12-01,2022-11-30,252
2022-12-01,Combined Risk Parity,Combined equity + cryptocurrency,Risk Parity,NKE,equity,0.011425708467295813,2021-12-01,2022-11-30,252
2022-12-01,Combined Risk Parity,Combined equity + cryptocurrency,Risk Parity,NUE,equity,0.012060952739924705,2021-12-01,2022-11-30,252
2022-12-01,Combined Risk Parity,Combined equity + cryptocurrency,Risk Parity,NVDA,equity,0.007148045896048853,2021-12-01,2022-11-30,252
2022-12-01,Combined Risk Parity,Combined equity + cryptocurrency,Risk Parity,O,equity,0.022111408453555095,2021-12-01,2022-11-30,252
2022-12-01,Combined Risk Parity,Combined equity + cryptocurrency,Risk Parity,OXY,equity,0.013667549893406733,2021-12-01,2022-11-30,252
2022-12-01,Combined Risk Parity,Combined equity + cryptocurrency,Risk Parity,PLD,equity,0.013585298878666397,2021-12-01,2022-11-30,252
2022-12-01,Combined Risk Parity,Combined equity + cryptocurrency,Risk Parity,PSA,equity,0.018994105098727086,2021-12-01,2022-11-30,252
2022-12-01,Combined Risk Parity,Combined equity + cryptocurrency,Risk Parity,QCOM,equity,0.010817114805487457,2021-12-01,2022-11-30,252
2022-12-01,Combined Risk Parity,Combined equity + cryptocurrency,Risk Parity,SBUX,equity,0.013532831112182217,2021-12-01,2022-11-30,252
2022-12-01,Combined Risk Parity,Combined equity + cryptocurrency,Risk Parity,SHW,equity,0.01724233844959781,2021-12-01,2022-11-30,252
2022-12-01,Combined Risk Parity,Combined equity + cryptocurrency,Risk Parity,SLB,equity,0.01548599076173553,2021-12-01,2022-11-30,252
2022-12-01,Combined Risk Parity,Combined equity + cryptocurrency,Risk Parity,SO,equity,0.025224899178998315,2021-12-01,2022-11-30,252
2022-12-01,Combined Risk Parity,Combined equity + cryptocurrency,Risk Parity,T,equity,0.02387422092584217,2021-12-01,2022-11-30,252
2022-12-01,Combined Risk Parity,Combined equity + cryptocurrency,Risk Parity,TMUS,equity,0.018488947195470135,2021-12-01,2022-11-30,252
2022-12-01,Combined Risk Parity,Combined equity + cryptocurrency,Risk Parity,TRX-USD,cryptocurrency,0.01012614962249204,2021-12-01,2022-11-30,252
2022-12-01,Combined Risk Parity,Combined equity + cryptocurrency,Risk Parity,TTWO,equity,0.016753529645914318,2021-12-01,2022-11-30,252
2022-12-01,Combined Risk Parity,Combined equity + cryptocurrency,Risk Parity,UPS,equity,0.01664288772080454,2021-12-01,2022-11-30,252
2022-12-01,Combined Risk Parity,Combined equity + cryptocurrency,Risk Parity,USB,equity,0.017267896675202607,2021-12-01,2022-11-30,252
2022-12-01,Combined Risk Parity,Combined equity + cryptocurrency,Risk Parity,V,equity,0.01460343632318874,2021-12-01,2022-11-30,252
2022-12-01,Combined Risk Parity,Combined equity + cryptocurrency,Risk Parity,WFC,equity,0.014138754816454942,2021-12-01,2022-11-30,252
2022-12-01,Combined Risk Parity,Combined equity + cryptocurrency,Risk Parity,WMT,equity,0.03247781560063157,2021-12-01,2022-11-30,252
2022-12-01,Combined Risk Parity,Combined equity + cryptocurrency,Risk Parity,XLM-USD,cryptocurrency,0.008135859535350556,2021-12-01,2022-11-30,252
2022-12-01,Combined Risk Parity,Combined equity + cryptocurrency,Risk Parity,XOM,equity,0.0193232656315191,2021-12-01,2022-11-30,252
2022-12-01,Combined Risk Parity,Combined equity + cryptocurrency,Risk Parity,XRP-USD,cryptocurrency,0.007929299011133626,2021-12-01,2022-11-30,252
2023-01-03,Combined Risk Parity,Combined equity + cryptocurrency,Risk Parity,ABBV,equity,0.03309558038233708,2021-12-31,2022-12-30,252
2023-01-03,Combined Risk Parity,Combined equity + cryptocurrency,Risk Parity,ABT,equity,0.016891488974390727,2021-12-31,2022-12-30,252
2023-01-03,Combined Risk Parity,Combined equity + cryptocurrency,Risk Parity,ADA-USD,cryptocurrency,0.006926614933781517,2021-12-31,2022-12-30,252
2023-01-03,Combined Risk Parity,Combined equity + cryptocurrency,Risk Parity,ADBE,equity,0.010999444423202524,2021-12-31,2022-12-30,252
2023-01-03,Combined Risk Parity,Combined equity + cryptocurrency,Risk Parity,AEP,equity,0.023141175854903464,2021-12-31,2022-12-30,252
2023-01-03,Combined Risk Parity,Combined equity + cryptocurrency,Risk Parity,AMD,equity,0.0074856380454626555,2021-12-31,2022-12-30,252
2023-01-03,Combined Risk Parity,Combined equity + cryptocurrency,Risk Parity,AMGN,equity,0.036418271686668086,2021-12-31,2022-12-30,252
2023-01-03,Combined Risk Parity,Combined equity + cryptocurrency,Risk Parity,AMT,equity,0.015691113668606173,2021-12-31,2022-12-30,252
2023-01-03,Combined Risk Parity,Combined equity + cryptocurrency,Risk Parity,BA,equity,0.011847477698735285,2021-12-31,2022-12-30,252
2023-01-03,Combined Risk Parity,Combined equity + cryptocurrency,Risk Parity,BCH-USD,cryptocurrency,0.0077113267669346045,2021-12-31,2022-12-30,252
2023-01-03,Combined Risk Parity,Combined equity + cryptocurrency,Risk Parity,BTC-USD,cryptocurrency,0.008861101164143938,2021-12-31,2022-12-30,252
2023-01-03,Combined Risk Parity,Combined equity + cryptocurrency,Risk Parity,CAT,equity,0.015808469368041547,2021-12-31,2022-12-30,252
2023-01-03,Combined Risk Parity,Combined equity + cryptocurrency,Risk Parity,CCI,equity,0.016721344672508687,2021-12-31,2022-12-30,252
2023-01-03,Combined Risk Parity,Combined equity + cryptocurrency,Risk Parity,CMCSA,equity,0.018122813229055575,2021-12-31,2022-12-30,252
2023-01-03,Combined Risk Parity,Combined equity + cryptocurrency,Risk Parity,COP,equity,0.015441708912410926,2021-12-31,2022-12-30,252
2023-01-03,Combined Risk Parity,Combined equity + cryptocurrency,Risk Parity,CVX,equity,0.01935339869312214,2021-12-31,2022-12-30,252
2023-01-03,Combined Risk Parity,Combined equity + cryptocurrency,Risk Parity,D,equity,0.026113406312033995,2021-12-31,2022-12-30,252
2023-01-03,Combined Risk Parity,Combined equity + cryptocurrency,Risk Parity,DD,equity,0.013655893987681664,2021-12-31,2022-12-30,252
2023-01-03,Combined Risk Parity,Combined equity + cryptocurrency,Risk Parity,DIS,equity,0.012901558126424737,2021-12-31,2022-12-30,252
2023-01-03,Combined Risk Parity,Combined equity + cryptocurrency,Risk Parity,DOW,equity,0.01609945227295623,2021-12-31,2022-12-30,252
2023-01-03,Combined Risk Parity,Combined equity + cryptocurrency,Risk Parity,DUK,equity,0.026767428318102554,2021-12-31,2022-12-30,252
2023-01-03,Combined Risk Parity,Combined equity + cryptocurrency,Risk Parity,EA,equity,0.024016365898314438,2021-12-31,2022-12-30,252
2023-01-03,Combined Risk Parity,Combined equity + cryptocurrency,Risk Parity,EOS-USD,cryptocurrency,0.007213632564103948,2021-12-31,2022-12-30,252
2023-01-03,Combined Risk Parity,Combined equity + cryptocurrency,Risk Parity,ETC-USD,cryptocurrency,0.0058066400468892556,2021-12-31,2022-12-30,252
2023-01-03,Combined Risk Parity,Combined equity + cryptocurrency,Risk Parity,ETH-USD,cryptocurrency,0.00663403202669747,2021-12-31,2022-12-30,252
2023-01-03,Combined Risk Parity,Combined equity + cryptocurrency,Risk Parity,GE,equity,0.013192914991633354,2021-12-31,2022-12-30,252
2023-01-03,Combined Risk Parity,Combined equity + cryptocurrency,Risk Parity,GILD,equity,0.025956791277057748,2021-12-31,2022-12-30,252
2023-01-03,Combined Risk Parity,Combined equity + cryptocurrency,Risk Parity,GS,equity,0.01513048301264723,2021-12-31,2022-12-30,252
2023-01-03,Combined Risk Parity,Combined equity + cryptocurrency,Risk Parity,INTC,equity,0.012242194459383068,2021-12-31,2022-12-30,252
2023-01-03,Combined Risk Parity,Combined equity + cryptocurrency,Risk Parity,KO,equity,0.026450952409320126,2021-12-31,2022-12-30,252
2023-01-03,Combined Risk Parity,Combined equity + cryptocurrency,Risk Parity,LTC-USD,cryptocurrency,0.007392911840526784,2021-12-31,2022-12-30,252
2023-01-03,Combined Risk Parity,Combined equity + cryptocurrency,Risk Parity,MMM,equity,0.01913455699379734,2021-12-31,2022-12-30,252
2023-01-03,Combined Risk Parity,Combined equity + cryptocurrency,Risk Parity,MRK,equity,0.04130957761837003,2021-12-31,2022-12-30,252
2023-01-03,Combined Risk Parity,Combined equity + cryptocurrency,Risk Parity,MS,equity,0.013769790863393543,2021-12-31,2022-12-30,252
2023-01-03,Combined Risk Parity,Combined equity + cryptocurrency,Risk Parity,NEE,equity,0.0179688574741997,2021-12-31,2022-12-30,252
2023-01-03,Combined Risk Parity,Combined equity + cryptocurrency,Risk Parity,NEM,equity,0.022602906069663878,2021-12-31,2022-12-30,252
2023-01-03,Combined Risk Parity,Combined equity + cryptocurrency,Risk Parity,NKE,equity,0.011040745137918756,2021-12-31,2022-12-30,252
2023-01-03,Combined Risk Parity,Combined equity + cryptocurrency,Risk Parity,NUE,equity,0.01152527391249123,2021-12-31,2022-12-30,252
2023-01-03,Combined Risk Parity,Combined equity + cryptocurrency,Risk Parity,NVDA,equity,0.007217186420362604,2021-12-31,2022-12-30,252
2023-01-03,Combined Risk Parity,Combined equity + cryptocurrency,Risk Parity,O,equity,0.022799186538514076,2021-12-31,2022-12-30,252
2023-01-03,Combined Risk Parity,Combined equity + cryptocurrency,Risk Parity,OXY,equity,0.01389453410063458,2021-12-31,2022-12-30,252
2023-01-03,Combined Risk Parity,Combined equity + cryptocurrency,Risk Parity,PLD,equity,0.013334939853291743,2021-12-31,2022-12-30,252
2023-01-03,Combined Risk Parity,Combined equity + cryptocurrency,Risk Parity,PSA,equity,0.018675558393829245,2021-12-31,2022-12-30,252
2023-01-03,Combined Risk Parity,Combined equity + cryptocurrency,Risk Parity,QCOM,equity,0.0105793451049278,2021-12-31,2022-12-30,252
2023-01-03,Combined Risk Parity,Combined equity + cryptocurrency,Risk Parity,SBUX,equity,0.013847592091596188,2021-12-31,2022-12-30,252
2023-01-03,Combined Risk Parity,Combined equity + cryptocurrency,Risk Parity,SHW,equity,0.0170770619262555,2021-12-31,2022-12-30,252
2023-01-03,Combined Risk Parity,Combined equity + cryptocurrency,Risk Parity,SLB,equity,0.015222113563361844,2021-12-31,2022-12-30,252
2023-01-03,Combined Risk Parity,Combined equity + cryptocurrency,Risk Parity,SO,equity,0.024970988139319243,2021-12-31,2022-12-30,252
2023-01-03,Combined Risk Parity,Combined equity + cryptocurrency,Risk Parity,T,equity,0.02429916563331667,2021-12-31,2022-12-30,252
2023-01-03,Combined Risk Parity,Combined equity + cryptocurrency,Risk Parity,TMUS,equity,0.01922558192589669,2021-12-31,2022-12-30,252
2023-01-03,Combined Risk Parity,Combined equity + cryptocurrency,Risk Parity,TRX-USD,cryptocurrency,0.010732043643009457,2021-12-31,2022-12-30,252
2023-01-03,Combined Risk Parity,Combined equity + cryptocurrency,Risk Parity,TTWO,equity,0.016453230881901502,2021-12-31,2022-12-30,252
2023-01-03,Combined Risk Parity,Combined equity + cryptocurrency,Risk Parity,UPS,equity,0.016534476587856752,2021-12-31,2022-12-30,252
2023-01-03,Combined Risk Parity,Combined equity + cryptocurrency,Risk Parity,USB,equity,0.01739881259661475,2021-12-31,2022-12-30,252
2023-01-03,Combined Risk Parity,Combined equity + cryptocurrency,Risk Parity,V,equity,0.014977627895913717,2021-12-31,2022-12-30,252
2023-01-03,Combined Risk Parity,Combined equity + cryptocurrency,Risk Parity,WFC,equity,0.014771961850355723,2021-12-31,2022-12-30,252
2023-01-03,Combined Risk Parity,Combined equity + cryptocurrency,Risk Parity,WMT,equity,0.031035740332232054,2021-12-31,2022-12-30,252
2023-01-03,Combined Risk Parity,Combined equity + cryptocurrency,Risk Parity,XLM-USD,cryptocurrency,0.0084395183224632,2021-12-31,2022-12-30,252
2023-01-03,Combined Risk Parity,Combined equity + cryptocurrency,Risk Parity,XOM,equity,0.01909622005777661,2021-12-31,2022-12-30,252
2023-01-03,Combined Risk Parity,Combined equity + cryptocurrency,Risk Parity,XRP-USD,cryptocurrency,0.00797378005265821,2021-12-31,2022-12-30,252
2023-02-01,Combined Risk Parity,Combined equity + cryptocurrency,Risk Parity,ABBV,equity,0.033203597808077946,2022-01-31,2023-01-31,252
2023-02-01,Combined Risk Parity,Combined equity + cryptocurrency,Risk Parity,ABT,equity,0.017078470695862265,2022-01-31,2023-01-31,252
2023-02-01,Combined Risk Parity,Combined equity + cryptocurrency,Risk Parity,ADA-USD,cryptocurrency,0.007021836049543566,2022-01-31,2023-01-31,252
2023-02-01,Combined Risk Parity,Combined equity + cryptocurrency,Risk Parity,ADBE,equity,0.011162708766225953,2022-01-31,2023-01-31,252
2023-02-01,Combined Risk Parity,Combined equity + cryptocurrency,Risk Parity,AEP,equity,0.022662908824239516,2022-01-31,2023-01-31,252
2023-02-01,Combined Risk Parity,Combined equity + cryptocurrency,Risk Parity,AMD,equity,0.0075713994891391636,2022-01-31,2023-01-31,252
2023-02-01,Combined Risk Parity,Combined equity + cryptocurrency,Risk Parity,AMGN,equity,0.03696548888293753,2022-01-31,2023-01-31,252
2023-02-01,Combined Risk Parity,Combined equity + cryptocurrency,Risk Parity,AMT,equity,0.015751821129404344,2022-01-31,2023-01-31,252
2023-02-01,Combined Risk Parity,Combined equity + cryptocurrency,Risk Parity,BA,equity,0.012088043144383432,2022-01-31,2023-01-31,252
2023-02-01,Combined Risk Parity,Combined equity + cryptocurrency,Risk Parity,BCH-USD,cryptocurrency,0.00783786678458421,2022-01-31,2023-01-31,252
2023-02-01,Combined Risk Parity,Combined equity + cryptocurrency,Risk Parity,BTC-USD,cryptocurrency,0.008969526670545238,2022-01-31,2023-01-31,252
2023-02-01,Combined Risk Parity,Combined equity + cryptocurrency,Risk Parity,CAT,equity,0.015558527048087039,2022-01-31,2023-01-31,252
2023-02-01,Combined Risk Parity,Combined equity + cryptocurrency,Risk Parity,CCI,equity,0.016510669553831275,2022-01-31,2023-01-31,252
2023-02-01,Combined Risk Parity,Combined equity + cryptocurrency,Risk Parity,CMCSA,equity,0.017834282750170558,2022-01-31,2023-01-31,252
2023-02-01,Combined Risk Parity,Combined equity + cryptocurrency,Risk Parity,COP,equity,0.015870796645074424,2022-01-31,2023-01-31,252
2023-02-01,Combined Risk Parity,Combined equity + cryptocurrency,Risk Parity,CVX,equity,0.019339129832103404,2022-01-31,2023-01-31,252
2023-02-01,Combined Risk Parity,Combined equity + cryptocurrency,Risk Parity,D,equity,0.025540421220372124,2022-01-31,2023-01-31,252
2023-02-01,Combined Risk Parity,Combined equity + cryptocurrency,Risk Parity,DD,equity,0.013758264973851886,2022-01-31,2023-01-31,252
2023-02-01,Combined Risk Parity,Combined equity + cryptocurrency,Risk Parity,DIS,equity,0.012978549445239773,2022-01-31,2023-01-31,252
2023-02-01,Combined Risk Parity,Combined equity + cryptocurrency,Risk Parity,DOW,equity,0.015833941299349136,2022-01-31,2023-01-31,252
2023-02-01,Combined Risk Parity,Combined equity + cryptocurrency,Risk Parity,DUK,equity,0.026448982893756485,2022-01-31,2023-01-31,252
2023-02-01,Combined Risk Parity,Combined equity + cryptocurrency,Risk Parity,EA,equity,0.024148198367639772,2022-01-31,2023-01-31,252
2023-02-01,Combined Risk Parity,Combined equity + cryptocurrency,Risk Parity,EOS-USD,cryptocurrency,0.007321895648550199,2022-01-31,2023-01-31,252
2023-02-01,Combined Risk Parity,Combined equity + cryptocurrency,Risk Parity,ETC-USD,cryptocurrency,0.005621738642713039,2022-01-31,2023-01-31,252
2023-02-01,Combined Risk Parity,Combined equity + cryptocurrency,Risk Parity,ETH-USD,cryptocurrency,0.006849578030046888,2022-01-31,2023-01-31,252
2023-02-01,Combined Risk Parity,Combined equity + cryptocurrency,Risk Parity,GE,equity,0.013285179313378663,2022-01-31,2023-01-31,252
2023-02-01,Combined Risk Parity,Combined equity + cryptocurrency,Risk Parity,GILD,equity,0.02644962631592078,2022-01-31,2023-01-31,252
2023-02-01,Combined Risk Parity,Combined equity + cryptocurrency,Risk Parity,GS,equity,0.015562106413142813,2022-01-31,2023-01-31,252
2023-02-01,Combined Risk Parity,Combined equity + cryptocurrency,Risk Parity,INTC,equity,0.011800501998495213,2022-01-31,2023-01-31,252
2023-02-01,Combined Risk Parity,Combined equity + cryptocurrency,Risk Parity,KO,equity,0.02654039993884322,2022-01-31,2023-01-31,252
2023-02-01,Combined Risk Parity,Combined equity + cryptocurrency,Risk Parity,LTC-USD,cryptocurrency,0.007665860607141127,2022-01-31,2023-01-31,252
2023-02-01,Combined Risk Parity,Combined equity + cryptocurrency,Risk Parity,MMM,equity,0.017895325089252005,2022-01-31,2023-01-31,252
2023-02-01,Combined Risk Parity,Combined equity + cryptocurrency,Risk Parity,MRK,equity,0.040241632122234375,2022-01-31,2023-01-31,252
2023-02-01,Combined Risk Parity,Combined equity + cryptocurrency,Risk Parity,MS,equity,0.01375652396680224,2022-01-31,2023-01-31,252
2023-02-01,Combined Risk Parity,Combined equity + cryptocurrency,Risk Parity,NEE,equity,0.01851035985081583,2022-01-31,2023-01-31,252
2023-02-01,Combined Risk Parity,Combined equity + cryptocurrency,Risk Parity,NEM,equity,0.02126958760693913,2022-01-31,2023-01-31,252
2023-02-01,Combined Risk Parity,Combined equity + cryptocurrency,Risk Parity,NKE,equity,0.01104622071221925,2022-01-31,2023-01-31,252
2023-02-01,Combined Risk Parity,Combined equity + cryptocurrency,Risk Parity,NUE,equity,0.011556659159606398,2022-01-31,2023-01-31,252
2023-02-01,Combined Risk Parity,Combined equity + cryptocurrency,Risk Parity,NVDA,equity,0.00722033572733842,2022-01-31,2023-01-31,252
2023-02-01,Combined Risk Parity,Combined equity + cryptocurrency,Risk Parity,O,equity,0.022992755978431947,2022-01-31,2023-01-31,252
2023-02-01,Combined Risk Parity,Combined equity + cryptocurrency,Risk Parity,OXY,equity,0.014621569548543968,2022-01-31,2023-01-31,252
2023-02-01,Combined Risk Parity,Combined equity + cryptocurrency,Risk Parity,PLD,equity,0.013072226311704042,2022-01-31,2023-01-31,252
2023-02-01,Combined Risk Parity,Combined equity + cryptocurrency,Risk Parity,PSA,equity,0.01868562506632455,2022-01-31,2023-01-31,252
2023-02-01,Combined Risk Parity,Combined equity + cryptocurrency,Risk Parity,QCOM,equity,0.010549579124795644,2022-01-31,2023-01-31,252
2023-02-01,Combined Risk Parity,Combined equity + cryptocurrency,Risk Parity,SBUX,equity,0.013782639976063864,2022-01-31,2023-01-31,252
2023-02-01,Combined Risk Parity,Combined equity + cryptocurrency,Risk Parity,SHW,equity,0.016606606103027523,2022-01-31,2023-01-31,252
2023-02-01,Combined Risk Parity,Combined equity + cryptocurrency,Risk Parity,SLB,equity,0.015601299544029943,2022-01-31,2023-01-31,252
2023-02-01,Combined Risk Parity,Combined equity + cryptocurrency,Risk Parity,SO,equity,0.024317262371487527,2022-01-31,2023-01-31,252
2023-02-01,Combined Risk Parity,Combined equity + cryptocurrency,Risk Parity,T,equity,0.024963353257545062,2022-01-31,2023-01-31,252
2023-02-01,Combined Risk Parity,Combined equity + cryptocurrency,Risk Parity,TMUS,equity,0.020140909853682262,2022-01-31,2023-01-31,252
2023-02-01,Combined Risk Parity,Combined equity + cryptocurrency,Risk Parity,TRX-USD,cryptocurrency,0.01119871387958206,2022-01-31,2023-01-31,252
2023-02-01,Combined Risk Parity,Combined equity + cryptocurrency,Risk Parity,TTWO,equity,0.01671216931648847,2022-01-31,2023-01-31,252
2023-02-01,Combined Risk Parity,Combined equity + cryptocurrency,Risk Parity,UPS,equity,0.01626280528564126,2022-01-31,2023-01-31,252
2023-02-01,Combined Risk Parity,Combined equity + cryptocurrency,Risk Parity,USB,equity,0.017301719995618293,2022-01-31,2023-01-31,252
2023-02-01,Combined Risk Parity,Combined equity + cryptocurrency,Risk Parity,V,equity,0.01557672402738754,2022-01-31,2023-01-31,252
2023-02-01,Combined Risk Parity,Combined equity + cryptocurrency,Risk Parity,WFC,equity,0.014931913390757107,2022-01-31,2023-01-31,252
2023-02-01,Combined Risk Parity,Combined equity + cryptocurrency,Risk Parity,WMT,equity,0.030041885096316084,2022-01-31,2023-01-31,252
2023-02-01,Combined Risk Parity,Combined equity + cryptocurrency,Risk Parity,XLM-USD,cryptocurrency,0.008649116568981825,2022-01-31,2023-01-31,252
2023-02-01,Combined Risk Parity,Combined equity + cryptocurrency,Risk Parity,XOM,equity,0.01916177864309422,2022-01-31,2023-01-31,252
2023-02-01,Combined Risk Parity,Combined equity + cryptocurrency,Risk Parity,XRP-USD,cryptocurrency,0.008100383242638114,2022-01-31,2023-01-31,252
2023-03-01,Combined Risk Parity,Combined equity + cryptocurrency,Risk Parity,ABBV,equity,0.033947068756693524,2022-02-28,2023-02-28,252
2023-03-01,Combined Risk Parity,Combined equity + cryptocurrency,Risk Parity,ABT,equity,0.017255709830539052,2022-02-28,2023-02-28,252
2023-03-01,Combined Risk Parity,Combined equity + cryptocurrency,Risk Parity,ADA-USD,cryptocurrency,0.0069781786432687965,2022-02-28,2023-02-28,252
2023-03-01,Combined Risk Parity,Combined equity + cryptocurrency,Risk Parity,ADBE,equity,0.011192407768431665,2022-02-28,2023-02-28,252
2023-03-01,Combined Risk Parity,Combined equity + cryptocurrency,Risk Parity,AEP,equity,0.022211375748731187,2022-02-28,2023-02-28,252
2023-03-01,Combined Risk Parity,Combined equity + cryptocurrency,Risk Parity,AMD,equity,0.007799908404724421,2022-02-28,2023-02-28,252
2023-03-01,Combined Risk Parity,Combined equity + cryptocurrency,Risk Parity,AMGN,equity,0.03775136174563694,2022-02-28,2023-02-28,252
2023-03-01,Combined Risk Parity,Combined equity + cryptocurrency,Risk Parity,AMT,equity,0.015467098549084173,2022-02-28,2023-02-28,252
2023-03-01,Combined Risk Parity,Combined equity + cryptocurrency,Risk Parity,BA,equity,0.01200450429867719,2022-02-28,2023-02-28,252
2023-03-01,Combined Risk Parity,Combined equity + cryptocurrency,Risk Parity,BCH-USD,cryptocurrency,0.007777163383001174,2022-02-28,2023-02-28,252
2023-03-01,Combined Risk Parity,Combined equity + cryptocurrency,Risk Parity,BTC-USD,cryptocurrency,0.008937077700281565,2022-02-28,2023-02-28,252
2023-03-01,Combined Risk Parity,Combined equity + cryptocurrency,Risk Parity,CAT,equity,0.015719663895851457,2022-02-28,2023-02-28,252
2023-03-01,Combined Risk Parity,Combined equity + cryptocurrency,Risk Parity,CCI,equity,0.016333639130515065,2022-02-28,2023-02-28,252
2023-03-01,Combined Risk Parity,Combined equity + cryptocurrency,Risk Parity,CMCSA,equity,0.017867334040088043,2022-02-28,2023-02-28,252
2023-03-01,Combined Risk Parity,Combined equity + cryptocurrency,Risk Parity,COP,equity,0.015569660727627173,2022-02-28,2023-02-28,252
2023-03-01,Combined Risk Parity,Combined equity + cryptocurrency,Risk Parity,CVX,equity,0.019297863794700967,2022-02-28,2023-02-28,252
2023-03-01,Combined Risk Parity,Combined equity + cryptocurrency,Risk Parity,D,equity,0.025144407210677545,2022-02-28,2023-02-28,252
2023-03-01,Combined Risk Parity,Combined equity + cryptocurrency,Risk Parity,DD,equity,0.013859769968489779,2022-02-28,2023-02-28,252
2023-03-01,Combined Risk Parity,Combined equity + cryptocurrency,Risk Parity,DIS,equity,0.012717512931383705,2022-02-28,2023-02-28,252
2023-03-01,Combined Risk Parity,Combined equity + cryptocurrency,Risk Parity,DOW,equity,0.015872518543976928,2022-02-28,2023-02-28,252
2023-03-01,Combined Risk Parity,Combined equity + cryptocurrency,Risk Parity,DUK,equity,0.026678188453072554,2022-02-28,2023-02-28,252
2023-03-01,Combined Risk Parity,Combined equity + cryptocurrency,Risk Parity,EA,equity,0.024001140770855293,2022-02-28,2023-02-28,252
2023-03-01,Combined Risk Parity,Combined equity + cryptocurrency,Risk Parity,EOS-USD,cryptocurrency,0.007312062480050995,2022-02-28,2023-02-28,252
2023-03-01,Combined Risk Parity,Combined equity + cryptocurrency,Risk Parity,ETC-USD,cryptocurrency,0.005602829019217831,2022-02-28,2023-02-28,252
2023-03-01,Combined Risk Parity,Combined equity + cryptocurrency,Risk Parity,ETH-USD,cryptocurrency,0.007023248245699209,2022-02-28,2023-02-28,252
2023-03-01,Combined Risk Parity,Combined equity + cryptocurrency,Risk Parity,GE,equity,0.013782557567774429,2022-02-28,2023-02-28,252
2023-03-01,Combined Risk Parity,Combined equity + cryptocurrency,Risk Parity,GILD,equity,0.025812471153919492,2022-02-28,2023-02-28,252
2023-03-01,Combined Risk Parity,Combined equity + cryptocurrency,Risk Parity,GS,equity,0.01583331308997978,2022-02-28,2023-02-28,252
2023-03-01,Combined Risk Parity,Combined equity + cryptocurrency,Risk Parity,INTC,equity,0.011686437964952185,2022-02-28,2023-02-28,252
2023-03-01,Combined Risk Parity,Combined equity + cryptocurrency,Risk Parity,KO,equity,0.02617786127012738,2022-02-28,2023-02-28,252
2023-03-01,Combined Risk Parity,Combined equity + cryptocurrency,Risk Parity,LTC-USD,cryptocurrency,0.007777792902449112,2022-02-28,2023-02-28,252
2023-03-01,Combined Risk Parity,Combined equity + cryptocurrency,Risk Parity,MMM,equity,0.01814550597752618,2022-02-28,2023-02-28,252
2023-03-01,Combined Risk Parity,Combined equity + cryptocurrency,Risk Parity,MRK,equity,0.0406478265612443,2022-02-28,2023-02-28,252
2023-03-01,Combined Risk Parity,Combined equity + cryptocurrency,Risk Parity,MS,equity,0.01414583589439771,2022-02-28,2023-02-28,252
2023-03-01,Combined Risk Parity,Combined equity + cryptocurrency,Risk Parity,NEE,equity,0.018570382356117087,2022-02-28,2023-02-28,252
2023-03-01,Combined Risk Parity,Combined equity + cryptocurrency,Risk Parity,NEM,equity,0.019776656260054364,2022-02-28,2023-02-28,252
2023-03-01,Combined Risk Parity,Combined equity + cryptocurrency,Risk Parity,NKE,equity,0.010891702428718085,2022-02-28,2023-02-28,252
2023-03-01,Combined Risk Parity,Combined equity + cryptocurrency,Risk Parity,NUE,equity,0.011987982261648386,2022-02-28,2023-02-28,252
2023-03-01,Combined Risk Parity,Combined equity + cryptocurrency,Risk Parity,NVDA,equity,0.00746169934174971,2022-02-28,2023-02-28,252
2023-03-01,Combined Risk Parity,Combined equity + cryptocurrency,Risk Parity,O,equity,0.023139108787681058,2022-02-28,2023-02-28,252
2023-03-01,Combined Risk Parity,Combined equity + cryptocurrency,Risk Parity,OXY,equity,0.013857481163517472,2022-02-28,2023-02-28,252
2023-03-01,Combined Risk Parity,Combined equity + cryptocurrency,Risk Parity,PLD,equity,0.013197220242117214,2022-02-28,2023-02-28,252
2023-03-01,Combined Risk Parity,Combined equity + cryptocurrency,Risk Parity,PSA,equity,0.01898247055210447,2022-02-28,2023-02-28,252
2023-03-01,Combined Risk Parity,Combined equity + cryptocurrency,Risk Parity,QCOM,equity,0.01080256450894405,2022-02-28,2023-02-28,252
2023-03-01,Combined Risk Parity,Combined equity + cryptocurrency,Risk Parity,SBUX,equity,0.013650977597642265,2022-02-28,2023-02-28,252
2023-03-01,Combined Risk Parity,Combined equity + cryptocurrency,Risk Parity,SHW,equity,0.016834087980801608,2022-02-28,2023-02-28,252
2023-03-01,Combined Risk Parity,Combined equity + cryptocurrency,Risk Parity,SLB,equity,0.015587414955133504,2022-02-28,2023-02-28,252
2023-03-01,Combined Risk Parity,Combined equity + cryptocurrency,Risk Parity,SO,equity,0.023881327771871994,2022-02-28,2023-02-28,252
2023-03-01,Combined Risk Parity,Combined equity + cryptocurrency,Risk Parity,T,equity,0.025058258558266034,2022-02-28,2023-02-28,252
2023-03-01,Combined Risk Parity,Combined equity + cryptocurrency,Risk Parity,TMUS,equity,0.019900633337019843,2022-02-28,2023-02-28,252
2023-03-01,Combined Risk Parity,Combined equity + cryptocurrency,Risk Parity,TRX-USD,cryptocurrency,0.010796910812614025,2022-02-28,2023-02-28,252
2023-03-01,Combined Risk Parity,Combined equity + cryptocurrency,Risk Parity,TTWO,equity,0.016214458212032667,2022-02-28,2023-02-28,252
2023-03-01,Combined Risk Parity,Combined equity + cryptocurrency,Risk Parity,UPS,equity,0.01695572785884673,2022-02-28,2023-02-28,252
2023-03-01,Combined Risk Parity,Combined equity + cryptocurrency,Risk Parity,USB,equity,0.017635954947998814,2022-02-28,2023-02-28,252
2023-03-01,Combined Risk Parity,Combined equity + cryptocurrency,Risk Parity,V,equity,0.015664827380454598,2022-02-28,2023-02-28,252
2023-03-01,Combined Risk Parity,Combined equity + cryptocurrency,Risk Parity,WFC,equity,0.015178798293282442,2022-02-28,2023-02-28,252
2023-03-01,Combined Risk Parity,Combined equity + cryptocurrency,Risk Parity,WMT,equity,0.029088009611095485,2022-02-28,2023-02-28,252
2023-03-01,Combined Risk Parity,Combined equity + cryptocurrency,Risk Parity,XLM-USD,cryptocurrency,0.008759560485437202,2022-02-28,2023-02-28,252
2023-03-01,Combined Risk Parity,Combined equity + cryptocurrency,Risk Parity,XOM,equity,0.019205905147459994,2022-02-28,2023-02-28,252
2023-03-01,Combined Risk Parity,Combined equity + cryptocurrency,Risk Parity,XRP-USD,cryptocurrency,0.008588582723744314,2022-02-28,2023-02-28,252
2023-04-03,Combined Risk Parity,Combined equity + cryptocurrency,Risk Parity,ABBV,equity,0.03391010215820898,2022-03-31,2023-03-31,252
2023-04-03,Combined Risk Parity,Combined equity + cryptocurrency,Risk Parity,ABT,equity,0.01745008411259505,2022-03-31,2023-03-31,252
2023-04-03,Combined Risk Parity,Combined equity + cryptocurrency,Risk Parity,ADA-USD,cryptocurrency,0.0070970507888165986,2022-03-31,2023-03-31,252
2023-04-03,Combined Risk Parity,Combined equity + cryptocurrency,Risk Parity,ADBE,equity,0.011465817112174053,2022-03-31,2023-03-31,252
2023-04-03,Combined Risk Parity,Combined equity + cryptocurrency,Risk Parity,AEP,equity,0.022025058547528988,2022-03-31,2023-03-31,252
2023-04-03,Combined Risk Parity,Combined equity + cryptocurrency,Risk Parity,AMD,equity,0.0082542961223304,2022-03-31,2023-03-31,252
2023-04-03,Combined Risk Parity,Combined equity + cryptocurrency,Risk Parity,AMGN,equity,0.03804147914599079,2022-03-31,2023-03-31,252
2023-04-03,Combined Risk Parity,Combined equity + cryptocurrency,Risk Parity,AMT,equity,0.015359968229636691,2022-03-31,2023-03-31,252
2023-04-03,Combined Risk Parity,Combined equity + cryptocurrency,Risk Parity,BA,equity,0.012222064673583529,2022-03-31,2023-03-31,252
2023-04-03,Combined Risk Parity,Combined equity + cryptocurrency,Risk Parity,BCH-USD,cryptocurrency,0.008030126068912886,2022-03-31,2023-03-31,252
2023-04-03,Combined Risk Parity,Combined equity + cryptocurrency,Risk Parity,BTC-USD,cryptocurrency,0.009156958704286528,2022-03-31,2023-03-31,252
2023-04-03,Combined Risk Parity,Combined equity + cryptocurrency,Risk Parity,CAT,equity,0.015073614872716252,2022-03-31,2023-03-31,252
2023-04-03,Combined Risk Parity,Combined equity + cryptocurrency,Risk Parity,CCI,equity,0.016229744861744007,2022-03-31,2023-03-31,252
2023-04-03,Combined Risk Parity,Combined equity + cryptocurrency,Risk Parity,CMCSA,equity,0.01790433601639977,2022-03-31,2023-03-31,252
2023-04-03,Combined Risk Parity,Combined equity + cryptocurrency,Risk Parity,COP,equity,0.015083421098577788,2022-03-31,2023-03-31,252
2023-04-03,Combined Risk Parity,Combined equity + cryptocurrency,Risk Parity,CVX,equity,0.018087794423682305,2022-03-31,2023-03-31,252
2023-04-03,Combined Risk Parity,Combined equity + cryptocurrency,Risk Parity,D,equity,0.024806771576156968,2022-03-31,2023-03-31,252
2023-04-03,Combined Risk Parity,Combined equity + cryptocurrency,Risk Parity,DD,equity,0.01430527353546091,2022-03-31,2023-03-31,252
2023-04-03,Combined Risk Parity,Combined equity + cryptocurrency,Risk Parity,DIS,equity,0.012947288592005427,2022-03-31,2023-03-31,252
2023-04-03,Combined Risk Parity,Combined equity + cryptocurrency,Risk Parity,DOW,equity,0.016158868368363513,2022-03-31,2023-03-31,252
2023-04-03,Combined Risk Parity,Combined equity + cryptocurrency,Risk Parity,DUK,equity,0.025907627895274107,2022-03-31,2023-03-31,252
2023-04-03,Combined Risk Parity,Combined equity + cryptocurrency,Risk Parity,EA,equity,0.0244851092324801,2022-03-31,2023-03-31,252
2023-04-03,Combined Risk Parity,Combined equity + cryptocurrency,Risk Parity,EOS-USD,cryptocurrency,0.007233478622540113,2022-03-31,2023-03-31,252
2023-04-03,Combined Risk Parity,Combined equity + cryptocurrency,Risk Parity,ETC-USD,cryptocurrency,0.005775191400138018,2022-03-31,2023-03-31,252
2023-04-03,Combined Risk Parity,Combined equity + cryptocurrency,Risk Parity,ETH-USD,cryptocurrency,0.007238256645294543,2022-03-31,2023-03-31,252
2023-04-03,Combined Risk Parity,Combined equity + cryptocurrency,Risk Parity,GE,equity,0.014277025642769857,2022-03-31,2023-03-31,252
2023-04-03,Combined Risk Parity,Combined equity + cryptocurrency,Risk Parity,GILD,equity,0.02547919788305846,2022-03-31,2023-03-31,252
2023-04-03,Combined Risk Parity,Combined equity + cryptocurrency,Risk Parity,GS,equity,0.015848372905984558,2022-03-31,2023-03-31,252
2023-04-03,Combined Risk Parity,Combined equity + cryptocurrency,Risk Parity,INTC,equity,0.012037360012552832,2022-03-31,2023-03-31,252
2023-04-03,Combined Risk Parity,Combined equity + cryptocurrency,Risk Parity,KO,equity,0.027120616205044155,2022-03-31,2023-03-31,252
2023-04-03,Combined Risk Parity,Combined equity + cryptocurrency,Risk Parity,LTC-USD,cryptocurrency,0.007985034679485864,2022-03-31,2023-03-31,252
2023-04-03,Combined Risk Parity,Combined equity + cryptocurrency,Risk Parity,MMM,equity,0.018328241477149048,2022-03-31,2023-03-31,252
2023-04-03,Combined Risk Parity,Combined equity + cryptocurrency,Risk Parity,MRK,equity,0.0410859536928883,2022-03-31,2023-03-31,252
2023-04-03,Combined Risk Parity,Combined equity + cryptocurrency,Risk Parity,MS,equity,0.014240891387591435,2022-03-31,2023-03-31,252
2023-04-03,Combined Risk Parity,Combined equity + cryptocurrency,Risk Parity,NEE,equity,0.018144744247558277,2022-03-31,2023-03-31,252
2023-04-03,Combined Risk Parity,Combined equity + cryptocurrency,Risk Parity,NEM,equity,0.01952488459074619,2022-03-31,2023-03-31,252
2023-04-03,Combined Risk Parity,Combined equity + cryptocurrency,Risk Parity,NKE,equity,0.011268981995941224,2022-03-31,2023-03-31,252
2023-04-03,Combined Risk Parity,Combined equity + cryptocurrency,Risk Parity,NUE,equity,0.01191313446930697,2022-03-31,2023-03-31,252
2023-04-03,Combined Risk Parity,Combined equity + cryptocurrency,Risk Parity,NVDA,equity,0.007880670248437804,2022-03-31,2023-03-31,252
2023-04-03,Combined Risk Parity,Combined equity + cryptocurrency,Risk Parity,O,equity,0.022952731805923384,2022-03-31,2023-03-31,252
2023-04-03,Combined Risk Parity,Combined equity + cryptocurrency,Risk Parity,OXY,equity,0.013921856964695166,2022-03-31,2023-03-31,252
2023-04-03,Combined Risk Parity,Combined equity + cryptocurrency,Risk Parity,PLD,equity,0.012904456500930557,2022-03-31,2023-03-31,252
2023-04-03,Combined Risk Parity,Combined equity + cryptocurrency,Risk Parity,PSA,equity,0.01871583532331759,2022-03-31,2023-03-31,252
2023-04-03,Combined Risk Parity,Combined equity + cryptocurrency,Risk Parity,QCOM,equity,0.011331062009015371,2022-03-31,2023-03-31,252
2023-04-03,Combined Risk Parity,Combined equity + cryptocurrency,Risk Parity,SBUX,equity,0.014431319261100136,2022-03-31,2023-03-31,252
2023-04-03,Combined Risk Parity,Combined equity + cryptocurrency,Risk Parity,SHW,equity,0.01679618190762366,2022-03-31,2023-03-31,252
2023-04-03,Combined Risk Parity,Combined equity + cryptocurrency,Risk Parity,SLB,equity,0.014400663511265715,2022-03-31,2023-03-31,252
2023-04-03,Combined Risk Parity,Combined equity + cryptocurrency,Risk Parity,SO,equity,0.023492453433273483,2022-03-31,2023-03-31,252
2023-04-03,Combined Risk Parity,Combined equity + cryptocurrency,Risk Parity,T,equity,0.025293475370335473,2022-03-31,2023-03-31,252
2023-04-03,Combined Risk Parity,Combined equity + cryptocurrency,Risk Parity,TMUS,equity,0.020492710651819734,2022-03-31,2023-03-31,252
2023-04-03,Combined Risk Parity,Combined equity + cryptocurrency,Risk Parity,TRX-USD,cryptocurrency,0.01027066156289644,2022-03-31,2023-03-31,252
2023-04-03,Combined Risk Parity,Combined equity + cryptocurrency,Risk Parity,TTWO,equity,0.016064090065783285,2022-03-31,2023-03-31,252
2023-04-03,Combined Risk Parity,Combined equity + cryptocurrency,Risk Parity,UPS,equity,0.017680983499864543,2022-03-31,2023-03-31,252
2023-04-03,Combined Risk Parity,Combined equity + cryptocurrency,Risk Parity,USB,equity,0.016253535588419184,2022-03-31,2023-03-31,252
2023-04-03,Combined Risk Parity,Combined equity + cryptocurrency,Risk Parity,V,equity,0.01634458905623143,2022-03-31,2023-03-31,252
2023-04-03,Combined Risk Parity,Combined equity + cryptocurrency,Risk Parity,WFC,equity,0.015401859897043846,2022-03-31,2023-03-31,252
2023-04-03,Combined Risk Parity,Combined equity + cryptocurrency,Risk Parity,WMT,equity,0.029231940475043412,2022-03-31,2023-03-31,252
2023-04-03,Combined Risk Parity,Combined equity + cryptocurrency,Risk Parity,XLM-USD,cryptocurrency,0.008622183004983243,2022-03-31,2023-03-31,252
2023-04-03,Combined Risk Parity,Combined equity + cryptocurrency,Risk Parity,XOM,equity,0.01779706784224982,2022-03-31,2023-03-31,252
2023-04-03,Combined Risk Parity,Combined equity + cryptocurrency,Risk Parity,XRP-USD,cryptocurrency,0.008215450024771125,2022-03-31,2023-03-31,252
2023-05-01,Combined Risk Parity,Combined equity + cryptocurrency,Risk Parity,ABBV,equity,0.034570028469983444,2022-04-28,2023-04-28,252
2023-05-01,Combined Risk Parity,Combined equity + cryptocurrency,Risk Parity,ABT,equity,0.017970628311896827,2022-04-28,2023-04-28,252
2023-05-01,Combined Risk Parity,Combined equity + cryptocurrency,Risk Parity,ADA-USD,cryptocurrency,0.007261251157284848,2022-04-28,2023-04-28,252
2023-05-01,Combined Risk Parity,Combined equity + cryptocurrency,Risk Parity,ADBE,equity,0.011578953260351557,2022-04-28,2023-04-28,252
2023-05-01,Combined Risk Parity,Combined equity + cryptocurrency,Risk Parity,AEP,equity,0.021834601076211616,2022-04-28,2023-04-28,252
2023-05-01,Combined Risk Parity,Combined equity + cryptocurrency,Risk Parity,AMD,equity,0.00851929142716192,2022-04-28,2023-04-28,252
2023-05-01,Combined Risk Parity,Combined equity + cryptocurrency,Risk Parity,AMGN,equity,0.037687428921030976,2022-04-28,2023-04-28,252
2023-05-01,Combined Risk Parity,Combined equity + cryptocurrency,Risk Parity,AMT,equity,0.015169861206417069,2022-04-28,2023-04-28,252
2023-05-01,Combined Risk Parity,Combined equity + cryptocurrency,Risk Parity,BA,equity,0.012424086973931854,2022-04-28,2023-04-28,252
2023-05-01,Combined Risk Parity,Combined equity + cryptocurrency,Risk Parity,BCH-USD,cryptocurrency,0.008083508446230923,2022-04-28,2023-04-28,252
2023-05-01,Combined Risk Parity,Combined equity + cryptocurrency,Risk Parity,BTC-USD,cryptocurrency,0.00936218453306458,2022-04-28,2023-04-28,252
2023-05-01,Combined Risk Parity,Combined equity + cryptocurrency,Risk Parity,CAT,equity,0.01531688576203885,2022-04-28,2023-04-28,252
2023-05-01,Combined Risk Parity,Combined equity + cryptocurrency,Risk Parity,CCI,equity,0.015820057108421177,2022-04-28,2023-04-28,252
2023-05-01,Combined Risk Parity,Combined equity + cryptocurrency,Risk Parity,CMCSA,equity,0.017501900837848784,2022-04-28,2023-04-28,252
2023-05-01,Combined Risk Parity,Combined equity + cryptocurrency,Risk Parity,COP,equity,0.015034587611439129,2022-04-28,2023-04-28,252
2023-05-01,Combined Risk Parity,Combined equity + cryptocurrency,Risk Parity,CVX,equity,0.01814112048643057,2022-04-28,2023-04-28,252
2023-05-01,Combined Risk Parity,Combined equity + cryptocurrency,Risk Parity,D,equity,0.02439494199343137,2022-04-28,2023-04-28,252
2023-05-01,Combined Risk Parity,Combined equity + cryptocurrency,Risk Parity,DD,equity,0.014417977250944512,2022-04-28,2023-04-28,252
2023-05-01,Combined Risk Parity,Combined equity + cryptocurrency,Risk Parity,DIS,equity,0.012932855182379846,2022-04-28,2023-04-28,252
2023-05-01,Combined Risk Parity,Combined equity + cryptocurrency,Risk Parity,DOW,equity,0.01565917953998047,2022-04-28,2023-04-28,252
2023-05-01,Combined Risk Parity,Combined equity + cryptocurrency,Risk Parity,DUK,equity,0.025434471672324224,2022-04-28,2023-04-28,252
2023-05-01,Combined Risk Parity,Combined equity + cryptocurrency,Risk Parity,EA,equity,0.02347578280478232,2022-04-28,2023-04-28,252
2023-05-01,Combined Risk Parity,Combined equity + cryptocurrency,Risk Parity,EOS-USD,cryptocurrency,0.007540286722791121,2022-04-28,2023-04-28,252
2023-05-01,Combined Risk Parity,Combined equity + cryptocurrency,Risk Parity,ETC-USD,cryptocurrency,0.0058477675099443144,2022-04-28,2023-04-28,252
2023-05-01,Combined Risk Parity,Combined equity + cryptocurrency,Risk Parity,ETH-USD,cryptocurrency,0.0073548434763856425,2022-04-28,2023-04-28,252
2023-05-01,Combined Risk Parity,Combined equity + cryptocurrency,Risk Parity,GE,equity,0.01485643483382753,2022-04-28,2023-04-28,252
2023-05-01,Combined Risk Parity,Combined equity + cryptocurrency,Risk Parity,GILD,equity,0.025881467760073728,2022-04-28,2023-04-28,252
2023-05-01,Combined Risk Parity,Combined equity + cryptocurrency,Risk Parity,GS,equity,0.01625785905573119,2022-04-28,2023-04-28,252
2023-05-01,Combined Risk Parity,Combined equity + cryptocurrency,Risk Parity,INTC,equity,0.012030579776723943,2022-04-28,2023-04-28,252
2023-05-01,Combined Risk Parity,Combined equity + cryptocurrency,Risk Parity,KO,equity,0.027216860124397575,2022-04-28,2023-04-28,252
2023-05-01,Combined Risk Parity,Combined equity + cryptocurrency,Risk Parity,LTC-USD,cryptocurrency,0.00814791305278973,2022-04-28,2023-04-28,252
2023-05-01,Combined Risk Parity,Combined equity + cryptocurrency,Risk Parity,MMM,equity,0.018120997861266197,2022-04-28,2023-04-28,252
2023-05-01,Combined Risk Parity,Combined equity + cryptocurrency,Risk Parity,MRK,equity,0.04065796907186068,2022-04-28,2023-04-28,252
2023-05-01,Combined Risk Parity,Combined equity + cryptocurrency,Risk Parity,MS,equity,0.014689864220569511,2022-04-28,2023-04-28,252
2023-05-01,Combined Risk Parity,Combined equity + cryptocurrency,Risk Parity,NEE,equity,0.01799622488180175,2022-04-28,2023-04-28,252
2023-05-01,Combined Risk Parity,Combined equity + cryptocurrency,Risk Parity,NEM,equity,0.019822136221561232,2022-04-28,2023-04-28,252
2023-05-01,Combined Risk Parity,Combined equity + cryptocurrency,Risk Parity,NKE,equity,0.011602570502863644,2022-04-28,2023-04-28,252
2023-05-01,Combined Risk Parity,Combined equity + cryptocurrency,Risk Parity,NUE,equity,0.011896065948342931,2022-04-28,2023-04-28,252
2023-05-01,Combined Risk Parity,Combined equity + cryptocurrency,Risk Parity,NVDA,equity,0.008064870783129426,2022-04-28,2023-04-28,252
2023-05-01,Combined Risk Parity,Combined equity + cryptocurrency,Risk Parity,O,equity,0.023149583938432434,2022-04-28,2023-04-28,252
2023-05-01,Combined Risk Parity,Combined equity + cryptocurrency,Risk Parity,OXY,equity,0.014262678035851987,2022-04-28,2023-04-28,252
2023-05-01,Combined Risk Parity,Combined equity + cryptocurrency,Risk Parity,PLD,equity,0.01278619892982147,2022-04-28,2023-04-28,252
2023-05-01,Combined Risk Parity,Combined equity + cryptocurrency,Risk Parity,PSA,equity,0.018869555657033764,2022-04-28,2023-04-28,252
2023-05-01,Combined Risk Parity,Combined equity + cryptocurrency,Risk Parity,QCOM,equity,0.011387406714544466,2022-04-28,2023-04-28,252
2023-05-01,Combined Risk Parity,Combined equity + cryptocurrency,Risk Parity,SBUX,equity,0.01464824406003866,2022-04-28,2023-04-28,252
2023-05-01,Combined Risk Parity,Combined equity + cryptocurrency,Risk Parity,SHW,equity,0.01589004827221026,2022-04-28,2023-04-28,252
2023-05-01,Combined Risk Parity,Combined equity + cryptocurrency,Risk Parity,SLB,equity,0.013910175942777374,2022-04-28,2023-04-28,252
2023-05-01,Combined Risk Parity,Combined equity + cryptocurrency,Risk Parity,SO,equity,0.023289099347000315,2022-04-28,2023-04-28,252
2023-05-01,Combined Risk Parity,Combined equity + cryptocurrency,Risk Parity,T,equity,0.023434921649357603,2022-04-28,2023-04-28,252
2023-05-01,Combined Risk Parity,Combined equity + cryptocurrency,Risk Parity,TMUS,equity,0.02134749025061962,2022-04-28,2023-04-28,252
2023-05-01,Combined Risk Parity,Combined equity + cryptocurrency,Risk Parity,TRX-USD,cryptocurrency,0.010431340885656708,2022-04-28,2023-04-28,252
2023-05-01,Combined Risk Parity,Combined equity + cryptocurrency,Risk Parity,TTWO,equity,0.01591598746479849,2022-04-28,2023-04-28,252
2023-05-01,Combined Risk Parity,Combined equity + cryptocurrency,Risk Parity,UPS,equity,0.017250821689377326,2022-04-28,2023-04-28,252
2023-05-01,Combined Risk Parity,Combined equity + cryptocurrency,Risk Parity,USB,equity,0.01591469819866673,2022-04-28,2023-04-28,252
2023-05-01,Combined Risk Parity,Combined equity + cryptocurrency,Risk Parity,V,equity,0.016810038094858704,2022-04-28,2023-04-28,252
2023-05-01,Combined Risk Parity,Combined equity + cryptocurrency,Risk Parity,WFC,equity,0.015341599074361148,2022-04-28,2023-04-28,252
2023-05-01,Combined Risk Parity,Combined equity + cryptocurrency,Risk Parity,WMT,equity,0.02996362812379288,2022-04-28,2023-04-28,252
2023-05-01,Combined Risk Parity,Combined equity + cryptocurrency,Risk Parity,XLM-USD,cryptocurrency,0.00875205338172978,2022-04-28,2023-04-28,252
2023-05-01,Combined Risk Parity,Combined equity + cryptocurrency,Risk Parity,XOM,equity,0.017662523575020173,2022-04-28,2023-04-28,252
2023-05-01,Combined Risk Parity,Combined equity + cryptocurrency,Risk Parity,XRP-USD,cryptocurrency,0.008405610876403425,2022-04-28,2023-04-28,252
2023-06-01,Combined Risk Parity,Combined equity + cryptocurrency,Risk Parity,ABBV,equity,0.03376243645187305,2022-05-31,2023-05-31,252
2023-06-01,Combined Risk Parity,Combined equity + cryptocurrency,Risk Parity,ABT,equity,0.018824108517181734,2022-05-31,2023-05-31,252
2023-06-01,Combined Risk Parity,Combined equity + cryptocurrency,Risk Parity,ADA-USD,cryptocurrency,0.008242584010234276,2022-05-31,2023-05-31,252
2023-06-01,Combined Risk Parity,Combined equity + cryptocurrency,Risk Parity,ADBE,equity,0.011383102724665218,2022-05-31,2023-05-31,252
2023-06-01,Combined Risk Parity,Combined equity + cryptocurrency,Risk Parity,AEP,equity,0.020748389195047463,2022-05-31,2023-05-31,252
2023-06-01,Combined Risk Parity,Combined equity + cryptocurrency,Risk Parity,AMD,equity,0.009229618359226286,2022-05-31,2023-05-31,252
2023-06-01,Combined Risk Parity,Combined equity + cryptocurrency,Risk Parity,AMGN,equity,0.032628766563203564,2022-05-31,2023-05-31,252
2023-06-01,Combined Risk Parity,Combined equity + cryptocurrency,Risk Parity,AMT,equity,0.014970149956841044,2022-05-31,2023-05-31,252
2023-06-01,Combined Risk Parity,Combined equity + cryptocurrency,Risk Parity,BA,equity,0.01335159822299833,2022-05-31,2023-05-31,252
2023-06-01,Combined Risk Parity,Combined equity + cryptocurrency,Risk Parity,BCH-USD,cryptocurrency,0.008492090104178361,2022-05-31,2023-05-31,252
2023-06-01,Combined Risk Parity,Combined equity + cryptocurrency,Risk Parity,BTC-USD,cryptocurrency,0.009362633896997487,2022-05-31,2023-05-31,252
2023-06-01,Combined Risk Parity,Combined equity + cryptocurrency,Risk Parity,CAT,equity,0.014801959192338935,2022-05-31,2023-05-31,252
2023-06-01,Combined Risk Parity,Combined equity + cryptocurrency,Risk Parity,CCI,equity,0.015196592066367802,2022-05-31,2023-05-31,252
2023-06-01,Combined Risk Parity,Combined equity + cryptocurrency,Risk Parity,CMCSA,equity,0.016702723502963736,2022-05-31,2023-05-31,252
2023-06-01,Combined Risk Parity,Combined equity + cryptocurrency,Risk Parity,COP,equity,0.015549756938163146,2022-05-31,2023-05-31,252
2023-06-01,Combined Risk Parity,Combined equity + cryptocurrency,Risk Parity,CVX,equity,0.018342268213416783,2022-05-31,2023-05-31,252
2023-06-01,Combined Risk Parity,Combined equity + cryptocurrency,Risk Parity,D,equity,0.02267516128190795,2022-05-31,2023-05-31,252
2023-06-01,Combined Risk Parity,Combined equity + cryptocurrency,Risk Parity,DD,equity,0.013929554388608939,2022-05-31,2023-05-31,252
2023-06-01,Combined Risk Parity,Combined equity + cryptocurrency,Risk Parity,DIS,equity,0.012420892055178316,2022-05-31,2023-05-31,252
2023-06-01,Combined Risk Parity,Combined equity + cryptocurrency,Risk Parity,DOW,equity,0.01479503471199639,2022-05-31,2023-05-31,252
2023-06-01,Combined Risk Parity,Combined equity + cryptocurrency,Risk Parity,DUK,equity,0.023926844808328674,2022-05-31,2023-05-31,252
2023-06-01,Combined Risk Parity,Combined equity + cryptocurrency,Risk Parity,EA,equity,0.023792329752256303,2022-05-31,2023-05-31,252
2023-06-01,Combined Risk Parity,Combined equity + cryptocurrency,Risk Parity,EOS-USD,cryptocurrency,0.007825549235097153,2022-05-31,2023-05-31,252
2023-06-01,Combined Risk Parity,Combined equity + cryptocurrency,Risk Parity,ETC-USD,cryptocurrency,0.006081272130954179,2022-05-31,2023-05-31,252
2023-06-01,Combined Risk Parity,Combined equity + cryptocurrency,Risk Parity,ETH-USD,cryptocurrency,0.007199344320492789,2022-05-31,2023-05-31,252
2023-06-01,Combined Risk Parity,Combined equity + cryptocurrency,Risk Parity,GE,equity,0.015189994532990447,2022-05-31,2023-05-31,252
2023-06-01,Combined Risk Parity,Combined equity + cryptocurrency,Risk Parity,GILD,equity,0.024739325415144366,2022-05-31,2023-05-31,252
2023-06-01,Combined Risk Parity,Combined equity + cryptocurrency,Risk Parity,GS,equity,0.016150765063428052,2022-05-31,2023-05-31,252
2023-06-01,Combined Risk Parity,Combined equity + cryptocurrency,Risk Parity,INTC,equity,0.012145015101143505,2022-05-31,2023-05-31,252
2023-06-01,Combined Risk Parity,Combined equity + cryptocurrency,Risk Parity,KO,equity,0.029484353248675887,2022-05-31,2023-05-31,252
2023-06-01,Combined Risk Parity,Combined equity + cryptocurrency,Risk Parity,LTC-USD,cryptocurrency,0.008819636872761959,2022-05-31,2023-05-31,252
2023-06-01,Combined Risk Parity,Combined equity + cryptocurrency,Risk Parity,MMM,equity,0.016848787796781423,2022-05-31,2023-05-31,252
2023-06-01,Combined Risk Parity,Combined equity + cryptocurrency,Risk Parity,MRK,equity,0.04067784786099342,2022-05-31,2023-05-31,252
2023-06-01,Combined Risk Parity,Combined equity + cryptocurrency,Risk Parity,MS,equity,0.014792031422420488,2022-05-31,2023-05-31,252
2023-06-01,Combined Risk Parity,Combined equity + cryptocurrency,Risk Parity,NEE,equity,0.01823832933751479,2022-05-31,2023-05-31,252
2023-06-01,Combined Risk Parity,Combined equity + cryptocurrency,Risk Parity,NEM,equity,0.01931654643372662,2022-05-31,2023-05-31,252
2023-06-01,Combined Risk Parity,Combined equity + cryptocurrency,Risk Parity,NKE,equity,0.01153486760190835,2022-05-31,2023-05-31,252
2023-06-01,Combined Risk Parity,Combined equity + cryptocurrency,Risk Parity,NUE,equity,0.01204556292349385,2022-05-31,2023-05-31,252
2023-06-01,Combined Risk Parity,Combined equity + cryptocurrency,Risk Parity,NVDA,equity,0.008603271537108218,2022-05-31,2023-05-31,252
2023-06-01,Combined Risk Parity,Combined equity + cryptocurrency,Risk Parity,O,equity,0.023189649084240364,2022-05-31,2023-05-31,252
2023-06-01,Combined Risk Parity,Combined equity + cryptocurrency,Risk Parity,OXY,equity,0.01546560370429503,2022-05-31,2023-05-31,252
2023-06-01,Combined Risk Parity,Combined equity + cryptocurrency,Risk Parity,PLD,equity,0.013263422135697716,2022-05-31,2023-05-31,252
2023-06-01,Combined Risk Parity,Combined equity + cryptocurrency,Risk Parity,PSA,equity,0.019950097864638847,2022-05-31,2023-05-31,252
2023-06-01,Combined Risk Parity,Combined equity + cryptocurrency,Risk Parity,QCOM,equity,0.011724222081119997,2022-05-31,2023-05-31,252
2023-06-01,Combined Risk Parity,Combined equity + cryptocurrency,Risk Parity,SBUX,equity,0.015939770830380333,2022-05-31,2023-05-31,252
2023-06-01,Combined Risk Parity,Combined equity + cryptocurrency,Risk Parity,SHW,equity,0.01497474525278102,2022-05-31,2023-05-31,252
2023-06-01,Combined Risk Parity,Combined equity + cryptocurrency,Risk Parity,SLB,equity,0.014914463414436903,2022-05-31,2023-05-31,252
2023-06-01,Combined Risk Parity,Combined equity + cryptocurrency,Risk Parity,SO,equity,0.022182080745073832,2022-05-31,2023-05-31,252
2023-06-01,Combined Risk Parity,Combined equity + cryptocurrency,Risk Parity,T,equity,0.022753838703121036,2022-05-31,2023-05-31,252
2023-06-01,Combined Risk Parity,Combined equity + cryptocurrency,Risk Parity,TMUS,equity,0.024595511820455124,2022-05-31,2023-05-31,252
2023-06-01,Combined Risk Parity,Combined equity + cryptocurrency,Risk Parity,TRX-USD,cryptocurrency,0.012800934457387874,2022-05-31,2023-05-31,252
2023-06-01,Combined Risk Parity,Combined equity + cryptocurrency,Risk Parity,TTWO,equity,0.016929471828852793,2022-05-31,2023-05-31,252
2023-06-01,Combined Risk Parity,Combined equity + cryptocurrency,Risk Parity,UPS,equity,0.017281139527477965,2022-05-31,2023-05-31,252
2023-06-01,Combined Risk Parity,Combined equity + cryptocurrency,Risk Parity,USB,equity,0.013966285827506683,2022-05-31,2023-05-31,252
2023-06-01,Combined Risk Parity,Combined equity + cryptocurrency,Risk Parity,V,equity,0.017365372260838174,2022-05-31,2023-05-31,252
2023-06-01,Combined Risk Parity,Combined equity + cryptocurrency,Risk Parity,WFC,equity,0.015098776957386859,2022-05-31,2023-05-31,252
2023-06-01,Combined Risk Parity,Combined equity + cryptocurrency,Risk Parity,WMT,equity,0.02858604231722536,2022-05-31,2023-05-31,252
2023-06-01,Combined Risk Parity,Combined equity + cryptocurrency,Risk Parity,XLM-USD,cryptocurrency,0.009371999050935182,2022-05-31,2023-05-31,252
2023-06-01,Combined Risk Parity,Combined equity + cryptocurrency,Risk Parity,XOM,equity,0.017901380754316663,2022-05-31,2023-05-31,252
2023-06-01,Combined Risk Parity,Combined equity + cryptocurrency,Risk Parity,XRP-USD,cryptocurrency,0.00892409563322283,2022-05-31,2023-05-31,252
2023-07-03,Combined Risk Parity,Combined equity + cryptocurrency,Risk Parity,ABBV,equity,0.034836336887908166,2022-06-30,2023-06-30,252
2023-07-03,Combined Risk Parity,Combined equity + cryptocurrency,Risk Parity,ABT,equity,0.01954945997594131,2022-06-30,2023-06-30,252
2023-07-03,Combined Risk Parity,Combined equity + cryptocurrency,Risk Parity,ADA-USD,cryptocurrency,0.0081713335984945,2022-06-30,2023-06-30,252
2023-07-03,Combined Risk Parity,Combined equity + cryptocurrency,Risk Parity,ADBE,equity,0.011352502960136077,2022-06-30,2023-06-30,252
2023-07-03,Combined Risk Parity,Combined equity + cryptocurrency,Risk Parity,AEP,equity,0.02051883241203798,2022-06-30,2023-06-30,252
2023-07-03,Combined Risk Parity,Combined equity + cryptocurrency,Risk Parity,AMD,equity,0.00991132844026715,2022-06-30,2023-06-30,252
2023-07-03,Combined Risk Parity,Combined equity + cryptocurrency,Risk Parity,AMGN,equity,0.031161823577073585,2022-06-30,2023-06-30,252
2023-07-03,Combined Risk Parity,Combined equity + cryptocurrency,Risk Parity,AMT,equity,0.014963196168250786,2022-06-30,2023-06-30,252
2023-07-03,Combined Risk Parity,Combined equity + cryptocurrency,Risk Parity,BA,equity,0.01406521484038254,2022-06-30,2023-06-30,252
2023-07-03,Combined Risk Parity,Combined equity + cryptocurrency,Risk Parity,BCH-USD,cryptocurrency,0.00808696252911211,2022-06-30,2023-06-30,252
2023-07-03,Combined Risk Parity,Combined equity + cryptocurrency,Risk Parity,BTC-USD,cryptocurrency,0.010029364806571295,2022-06-30,2023-06-30,252
2023-07-03,Combined Risk Parity,Combined equity + cryptocurrency,Risk Parity,CAT,equity,0.013815735989497006,2022-06-30,2023-06-30,252
2023-07-03,Combined Risk Parity,Combined equity + cryptocurrency,Risk Parity,CCI,equity,0.015264512791370269,2022-06-30,2023-06-30,252
2023-07-03,Combined Risk Parity,Combined equity + cryptocurrency,Risk Parity,CMCSA,equity,0.016192448495033568,2022-06-30,2023-06-30,252
2023-07-03,Combined Risk Parity,Combined equity + cryptocurrency,Risk Parity,COP,equity,0.015308676920628686,2022-06-30,2023-06-30,252
2023-07-03,Combined Risk Parity,Combined equity + cryptocurrency,Risk Parity,CVX,equity,0.017933418442605077,2022-06-30,2023-06-30,252
2023-07-03,Combined Risk Parity,Combined equity + cryptocurrency,Risk Parity,D,equity,0.022052626088068152,2022-06-30,2023-06-30,252
2023-07-03,Combined Risk Parity,Combined equity + cryptocurrency,Risk Parity,DD,equity,0.013858283798452543,2022-06-30,2023-06-30,252
2023-07-03,Combined Risk Parity,Combined equity + cryptocurrency,Risk Parity,DIS,equity,0.011766449234541714,2022-06-30,2023-06-30,252
2023-07-03,Combined Risk Parity,Combined equity + cryptocurrency,Risk Parity,DOW,equity,0.014317401052253993,2022-06-30,2023-06-30,252
2023-07-03,Combined Risk Parity,Combined equity + cryptocurrency,Risk Parity,DUK,equity,0.023248241094013706,2022-06-30,2023-06-30,252
2023-07-03,Combined Risk Parity,Combined equity + cryptocurrency,Risk Parity,EA,equity,0.024061825125239033,2022-06-30,2023-06-30,252
2023-07-03,Combined Risk Parity,Combined equity + cryptocurrency,Risk Parity,EOS-USD,cryptocurrency,0.0077117313931206865,2022-06-30,2023-06-30,252
2023-07-03,Combined Risk Parity,Combined equity + cryptocurrency,Risk Parity,ETC-USD,cryptocurrency,0.005896067032474301,2022-06-30,2023-06-30,252
2023-07-03,Combined Risk Parity,Combined equity + cryptocurrency,Risk Parity,ETH-USD,cryptocurrency,0.007645743769524435,2022-06-30,2023-06-30,252
2023-07-03,Combined Risk Parity,Combined equity + cryptocurrency,Risk Parity,GE,equity,0.015924319623274386,2022-06-30,2023-06-30,252
2023-07-03,Combined Risk Parity,Combined equity + cryptocurrency,Risk Parity,GILD,equity,0.023799454467933776,2022-06-30,2023-06-30,252
2023-07-03,Combined Risk Parity,Combined equity + cryptocurrency,Risk Parity,GS,equity,0.016104244648223964,2022-06-30,2023-06-30,252
2023-07-03,Combined Risk Parity,Combined equity + cryptocurrency,Risk Parity,INTC,equity,0.011693769979938819,2022-06-30,2023-06-30,252
2023-07-03,Combined Risk Parity,Combined equity + cryptocurrency,Risk Parity,KO,equity,0.02829857588944275,2022-06-30,2023-06-30,252
2023-07-03,Combined Risk Parity,Combined equity + cryptocurrency,Risk Parity,LTC-USD,cryptocurrency,0.008646849778424927,2022-06-30,2023-06-30,252
2023-07-03,Combined Risk Parity,Combined equity + cryptocurrency,Risk Parity,MMM,equity,0.015015005091533702,2022-06-30,2023-06-30,252
2023-07-03,Combined Risk Parity,Combined equity + cryptocurrency,Risk Parity,MRK,equity,0.044470681324389326,2022-06-30,2023-06-30,252
2023-07-03,Combined Risk Parity,Combined equity + cryptocurrency,Risk Parity,MS,equity,0.01451684298095236,2022-06-30,2023-06-30,252
2023-07-03,Combined Risk Parity,Combined equity + cryptocurrency,Risk Parity,NEE,equity,0.018930972911998065,2022-06-30,2023-06-30,252
2023-07-03,Combined Risk Parity,Combined equity + cryptocurrency,Risk Parity,NEM,equity,0.017150894918220253,2022-06-30,2023-06-30,252
2023-07-03,Combined Risk Parity,Combined equity + cryptocurrency,Risk Parity,NKE,equity,0.011543866232943116,2022-06-30,2023-06-30,252
2023-07-03,Combined Risk Parity,Combined equity + cryptocurrency,Risk Parity,NUE,equity,0.01182210365046109,2022-06-30,2023-06-30,252
2023-07-03,Combined Risk Parity,Combined equity + cryptocurrency,Risk Parity,NVDA,equity,0.009080659029899584,2022-06-30,2023-06-30,252
2023-07-03,Combined Risk Parity,Combined equity + cryptocurrency,Risk Parity,O,equity,0.023555445322312515,2022-06-30,2023-06-30,252
2023-07-03,Combined Risk Parity,Combined equity + cryptocurrency,Risk Parity,OXY,equity,0.0156306560347181,2022-06-30,2023-06-30,252
2023-07-03,Combined Risk Parity,Combined equity + cryptocurrency,Risk Parity,PLD,equity,0.013819067640507686,2022-06-30,2023-06-30,252
2023-07-03,Combined Risk Parity,Combined equity + cryptocurrency,Risk Parity,PSA,equity,0.019201050208193862,2022-06-30,2023-06-30,252
2023-07-03,Combined Risk Parity,Combined equity + cryptocurrency,Risk Parity,QCOM,equity,0.011405208124560723,2022-06-30,2023-06-30,252
2023-07-03,Combined Risk Parity,Combined equity + cryptocurrency,Risk Parity,SBUX,equity,0.016642871216351073,2022-06-30,2023-06-30,252
2023-07-03,Combined Risk Parity,Combined equity + cryptocurrency,Risk Parity,SHW,equity,0.014871669361761859,2022-06-30,2023-06-30,252
2023-07-03,Combined Risk Parity,Combined equity + cryptocurrency,Risk Parity,SLB,equity,0.014445953921728918,2022-06-30,2023-06-30,252
2023-07-03,Combined Risk Parity,Combined equity + cryptocurrency,Risk Parity,SO,equity,0.022110564767466805,2022-06-30,2023-06-30,252
2023-07-03,Combined Risk Parity,Combined equity + cryptocurrency,Risk Parity,T,equity,0.02385357778496581,2022-06-30,2023-06-30,252
2023-07-03,Combined Risk Parity,Combined equity + cryptocurrency,Risk Parity,TMUS,equity,0.027323434684889927,2022-06-30,2023-06-30,252
2023-07-03,Combined Risk Parity,Combined equity + cryptocurrency,Risk Parity,TRX-USD,cryptocurrency,0.014802132757041427,2022-06-30,2023-06-30,252
2023-07-03,Combined Risk Parity,Combined equity + cryptocurrency,Risk Parity,TTWO,equity,0.017171167514127172,2022-06-30,2023-06-30,252
2023-07-03,Combined Risk Parity,Combined equity + cryptocurrency,Risk Parity,UPS,equity,0.015952692974207715,2022-06-30,2023-06-30,252
2023-07-03,Combined Risk Parity,Combined equity + cryptocurrency,Risk Parity,USB,equity,0.013034223923967305,2022-06-30,2023-06-30,252
2023-07-03,Combined Risk Parity,Combined equity + cryptocurrency,Risk Parity,V,equity,0.01832174853426953,2022-06-30,2023-06-30,252
2023-07-03,Combined Risk Parity,Combined equity + cryptocurrency,Risk Parity,WFC,equity,0.015097901112342335,2022-06-30,2023-06-30,252
2023-07-03,Combined Risk Parity,Combined equity + cryptocurrency,Risk Parity,WMT,equity,0.027213338565650672,2022-06-30,2023-06-30,252
2023-07-03,Combined Risk Parity,Combined equity + cryptocurrency,Risk Parity,XLM-USD,cryptocurrency,0.00971520356475421,2022-06-30,2023-06-30,252
2023-07-03,Combined Risk Parity,Combined equity + cryptocurrency,Risk Parity,XOM,equity,0.017653573159594742,2022-06-30,2023-06-30,252
2023-07-03,Combined Risk Parity,Combined equity + cryptocurrency,Risk Parity,XRP-USD,cryptocurrency,0.009460760875952845,2022-06-30,2023-06-30,252
2023-08-01,Combined Risk Parity,Combined equity + cryptocurrency,Risk Parity,ABBV,equity,0.034628519506463326,2022-07-29,2023-07-31,252
2023-08-01,Combined Risk Parity,Combined equity + cryptocurrency,Risk Parity,ABT,equity,0.019968888876499093,2022-07-29,2023-07-31,252
2023-08-01,Combined Risk Parity,Combined equity + cryptocurrency,Risk Parity,ADA-USD,cryptocurrency,0.00787341999407684,2022-07-29,2023-07-31,252
2023-08-01,Combined Risk Parity,Combined equity + cryptocurrency,Risk Parity,ADBE,equity,0.011535820489874888,2022-07-29,2023-07-31,252
2023-08-01,Combined Risk Parity,Combined equity + cryptocurrency,Risk Parity,AEP,equity,0.019966714826620834,2022-07-29,2023-07-31,252
2023-08-01,Combined Risk Parity,Combined equity + cryptocurrency,Risk Parity,AMD,equity,0.010377948327889963,2022-07-29,2023-07-31,252
2023-08-01,Combined Risk Parity,Combined equity + cryptocurrency,Risk Parity,AMGN,equity,0.03045382538790628,2022-07-29,2023-07-31,252
2023-08-01,Combined Risk Parity,Combined equity + cryptocurrency,Risk Parity,AMT,equity,0.014984576876063933,2022-07-29,2023-07-31,252
2023-08-01,Combined Risk Parity,Combined equity + cryptocurrency,Risk Parity,BA,equity,0.014239874090955949,2022-07-29,2023-07-31,252
2023-08-01,Combined Risk Parity,Combined equity + cryptocurrency,Risk Parity,BCH-USD,cryptocurrency,0.009130888276588289,2022-07-29,2023-07-31,252
2023-08-01,Combined Risk Parity,Combined equity + cryptocurrency,Risk Parity,BTC-USD,cryptocurrency,0.010443376232460656,2022-07-29,2023-07-31,252
2023-08-01,Combined Risk Parity,Combined equity + cryptocurrency,Risk Parity,CAT,equity,0.014356075510701873,2022-07-29,2023-07-31,252
2023-08-01,Combined Risk Parity,Combined equity + cryptocurrency,Risk Parity,CCI,equity,0.015421461150688843,2022-07-29,2023-07-31,252
2023-08-01,Combined Risk Parity,Combined equity + cryptocurrency,Risk Parity,CMCSA,equity,0.015816248351854436,2022-07-29,2023-07-31,252
2023-08-01,Combined Risk Parity,Combined equity + cryptocurrency,Risk Parity,COP,equity,0.015383448098150166,2022-07-29,2023-07-31,252
2023-08-01,Combined Risk Parity,Combined equity + cryptocurrency,Risk Parity,CVX,equity,0.01827356845872036,2022-07-29,2023-07-31,252
2023-08-01,Combined Risk Parity,Combined equity + cryptocurrency,Risk Parity,D,equity,0.02115224947755438,2022-07-29,2023-07-31,252
2023-08-01,Combined Risk Parity,Combined equity + cryptocurrency,Risk Parity,DD,equity,0.014155859392488892,2022-07-29,2023-07-31,252
2023-08-01,Combined Risk Parity,Combined equity + cryptocurrency,Risk Parity,DIS,equity,0.011996398698112264,2022-07-29,2023-07-31,252
2023-08-01,Combined Risk Parity,Combined equity + cryptocurrency,Risk Parity,DOW,equity,0.014561633197670535,2022-07-29,2023-07-31,252
2023-08-01,Combined Risk Parity,Combined equity + cryptocurrency,Risk Parity,DUK,equity,0.022259650511664928,2022-07-29,2023-07-31,252
2023-08-01,Combined Risk Parity,Combined equity + cryptocurrency,Risk Parity,EA,equity,0.02435421256059017,2022-07-29,2023-07-31,252
2023-08-01,Combined Risk Parity,Combined equity + cryptocurrency,Risk Parity,EOS-USD,cryptocurrency,0.007759728916396201,2022-07-29,2023-07-31,252
2023-08-01,Combined Risk Parity,Combined equity + cryptocurrency,Risk Parity,ETC-USD,cryptocurrency,0.0065226137907624555,2022-07-29,2023-07-31,252
2023-08-01,Combined Risk Parity,Combined equity + cryptocurrency,Risk Parity,ETH-USD,cryptocurrency,0.00789365074123198,2022-07-29,2023-07-31,252
2023-08-01,Combined Risk Parity,Combined equity + cryptocurrency,Risk Parity,GE,equity,0.016511498082781635,2022-07-29,2023-07-31,252
2023-08-01,Combined Risk Parity,Combined equity + cryptocurrency,Risk Parity,GILD,equity,0.02350359693843511,2022-07-29,2023-07-31,252
2023-08-01,Combined Risk Parity,Combined equity + cryptocurrency,Risk Parity,GS,equity,0.016746346303342433,2022-07-29,2023-07-31,252
2023-08-01,Combined Risk Parity,Combined equity + cryptocurrency,Risk Parity,INTC,equity,0.011687071443328043,2022-07-29,2023-07-31,252
2023-08-01,Combined Risk Parity,Combined equity + cryptocurrency,Risk Parity,KO,equity,0.028170874278318728,2022-07-29,2023-07-31,252
2023-08-01,Combined Risk Parity,Combined equity + cryptocurrency,Risk Parity,LTC-USD,cryptocurrency,0.00867541680640134,2022-07-29,2023-07-31,252
2023-08-01,Combined Risk Parity,Combined equity + cryptocurrency,Risk Parity,MMM,equity,0.014138111136427,2022-07-29,2023-07-31,252
2023-08-01,Combined Risk Parity,Combined equity + cryptocurrency,Risk Parity,MRK,equity,0.043344930597884204,2022-07-29,2023-07-31,252
2023-08-01,Combined Risk Parity,Combined equity + cryptocurrency,Risk Parity,MS,equity,0.01485167246669347,2022-07-29,2023-07-31,252
2023-08-01,Combined Risk Parity,Combined equity + cryptocurrency,Risk Parity,NEE,equity,0.018873059587772727,2022-07-29,2023-07-31,252
2023-08-01,Combined Risk Parity,Combined equity + cryptocurrency,Risk Parity,NEM,equity,0.0168985435408401,2022-07-29,2023-07-31,252
2023-08-01,Combined Risk Parity,Combined equity + cryptocurrency,Risk Parity,NKE,equity,0.011896549491171035,2022-07-29,2023-07-31,252
2023-08-01,Combined Risk Parity,Combined equity + cryptocurrency,Risk Parity,NUE,equity,0.0122848265797321,2022-07-29,2023-07-31,252
2023-08-01,Combined Risk Parity,Combined equity + cryptocurrency,Risk Parity,NVDA,equity,0.009287875888279696,2022-07-29,2023-07-31,252
2023-08-01,Combined Risk Parity,Combined equity + cryptocurrency,Risk Parity,O,equity,0.02319665367893888,2022-07-29,2023-07-31,252
2023-08-01,Combined Risk Parity,Combined equity + cryptocurrency,Risk Parity,OXY,equity,0.01596296174420411,2022-07-29,2023-07-31,252
2023-08-01,Combined Risk Parity,Combined equity + cryptocurrency,Risk Parity,PLD,equity,0.014134891556094221,2022-07-29,2023-07-31,252
2023-08-01,Combined Risk Parity,Combined equity + cryptocurrency,Risk Parity,PSA,equity,0.019634952319984172,2022-07-29,2023-07-31,252
2023-08-01,Combined Risk Parity,Combined equity + cryptocurrency,Risk Parity,QCOM,equity,0.011164843299059039,2022-07-29,2023-07-31,252
2023-08-01,Combined Risk Parity,Combined equity + cryptocurrency,Risk Parity,SBUX,equity,0.01704099473438674,2022-07-29,2023-07-31,252
2023-08-01,Combined Risk Parity,Combined equity + cryptocurrency,Risk Parity,SHW,equity,0.014020531817648273,2022-07-29,2023-07-31,252
2023-08-01,Combined Risk Parity,Combined equity + cryptocurrency,Risk Parity,SLB,equity,0.01473911216727451,2022-07-29,2023-07-31,252
2023-08-01,Combined Risk Parity,Combined equity + cryptocurrency,Risk Parity,SO,equity,0.021790755755409494,2022-07-29,2023-07-31,252
2023-08-01,Combined Risk Parity,Combined equity + cryptocurrency,Risk Parity,T,equity,0.022586153167170157,2022-07-29,2023-07-31,252
2023-08-01,Combined Risk Parity,Combined equity + cryptocurrency,Risk Parity,TMUS,equity,0.028443887347829398,2022-07-29,2023-07-31,252
2023-08-01,Combined Risk Parity,Combined equity + cryptocurrency,Risk Parity,TRX-USD,cryptocurrency,0.014769815568761733,2022-07-29,2023-07-31,252
2023-08-01,Combined Risk Parity,Combined equity + cryptocurrency,Risk Parity,TTWO,equity,0.017101013894229813,2022-07-29,2023-07-31,252
2023-08-01,Combined Risk Parity,Combined equity + cryptocurrency,Risk Parity,UPS,equity,0.01625848211666767,2022-07-29,2023-07-31,252
2023-08-01,Combined Risk Parity,Combined equity + cryptocurrency,Risk Parity,USB,equity,0.012531450754871673,2022-07-29,2023-07-31,252
2023-08-01,Combined Risk Parity,Combined equity + cryptocurrency,Risk Parity,V,equity,0.01845638416840111,2022-07-29,2023-07-31,252
2023-08-01,Combined Risk Parity,Combined equity + cryptocurrency,Risk Parity,WFC,equity,0.01563592092594518,2022-07-29,2023-07-31,252
2023-08-01,Combined Risk Parity,Combined equity + cryptocurrency,Risk Parity,WMT,equity,0.028585290404797632,2022-07-29,2023-07-31,252
2023-08-01,Combined Risk Parity,Combined equity + cryptocurrency,Risk Parity,XLM-USD,cryptocurrency,0.007912481221296784,2022-07-29,2023-07-31,252
2023-08-01,Combined Risk Parity,Combined equity + cryptocurrency,Risk Parity,XOM,equity,0.018149032210445008,2022-07-29,2023-07-31,252
2023-08-01,Combined Risk Parity,Combined equity + cryptocurrency,Risk Parity,XRP-USD,cryptocurrency,0.0075033662631892595,2022-07-29,2023-07-31,252
2023-09-01,Combined Risk Parity,Combined equity + cryptocurrency,Risk Parity,ABBV,equity,0.03467378439906201,2022-08-31,2023-08-31,252
2023-09-01,Combined Risk Parity,Combined equity + cryptocurrency,Risk Parity,ABT,equity,0.020249563618772587,2022-08-31,2023-08-31,252
2023-09-01,Combined Risk Parity,Combined equity + cryptocurrency,Risk Parity,ADA-USD,cryptocurrency,0.008003471895555007,2022-08-31,2023-08-31,252
2023-09-01,Combined Risk Parity,Combined equity + cryptocurrency,Risk Parity,ADBE,equity,0.011723527698740853,2022-08-31,2023-08-31,252
2023-09-01,Combined Risk Parity,Combined equity + cryptocurrency,Risk Parity,AEP,equity,0.019885692106285494,2022-08-31,2023-08-31,252
2023-09-01,Combined Risk Parity,Combined equity + cryptocurrency,Risk Parity,AMD,equity,0.01023440968631819,2022-08-31,2023-08-31,252
2023-09-01,Combined Risk Parity,Combined equity + cryptocurrency,Risk Parity,AMGN,equity,0.031019760681081535,2022-08-31,2023-08-31,252
2023-09-01,Combined Risk Parity,Combined equity + cryptocurrency,Risk Parity,AMT,equity,0.014769969643821337,2022-08-31,2023-08-31,252
2023-09-01,Combined Risk Parity,Combined equity + cryptocurrency,Risk Parity,BA,equity,0.01428632384648545,2022-08-31,2023-08-31,252
2023-09-01,Combined Risk Parity,Combined equity + cryptocurrency,Risk Parity,BCH-USD,cryptocurrency,0.008811877662234178,2022-08-31,2023-08-31,252
2023-09-01,Combined Risk Parity,Combined equity + cryptocurrency,Risk Parity,BTC-USD,cryptocurrency,0.010632946888209633,2022-08-31,2023-08-31,252
2023-09-01,Combined Risk Parity,Combined equity + cryptocurrency,Risk Parity,CAT,equity,0.014999358581080546,2022-08-31,2023-08-31,252
2023-09-01,Combined Risk Parity,Combined equity + cryptocurrency,Risk Parity,CCI,equity,0.015355456802413426,2022-08-31,2023-08-31,252
2023-09-01,Combined Risk Parity,Combined equity + cryptocurrency,Risk Parity,CMCSA,equity,0.015847135034030863,2022-08-31,2023-08-31,252
2023-09-01,Combined Risk Parity,Combined equity + cryptocurrency,Risk Parity,COP,equity,0.015181778173819367,2022-08-31,2023-08-31,252
2023-09-01,Combined Risk Parity,Combined equity + cryptocurrency,Risk Parity,CVX,equity,0.01827176223869958,2022-08-31,2023-08-31,252
2023-09-01,Combined Risk Parity,Combined equity + cryptocurrency,Risk Parity,D,equity,0.020585166886268446,2022-08-31,2023-08-31,252
2023-09-01,Combined Risk Parity,Combined equity + cryptocurrency,Risk Parity,DD,equity,0.014892056844366099,2022-08-31,2023-08-31,252
2023-09-01,Combined Risk Parity,Combined equity + cryptocurrency,Risk Parity,DIS,equity,0.012277454840385161,2022-08-31,2023-08-31,252
2023-09-01,Combined Risk Parity,Combined equity + cryptocurrency,Risk Parity,DOW,equity,0.014881351052576841,2022-08-31,2023-08-31,252
2023-09-01,Combined Risk Parity,Combined equity + cryptocurrency,Risk Parity,DUK,equity,0.022002522570407853,2022-08-31,2023-08-31,252
2023-09-01,Combined Risk Parity,Combined equity + cryptocurrency,Risk Parity,EA,equity,0.022125301473460337,2022-08-31,2023-08-31,252
2023-09-01,Combined Risk Parity,Combined equity + cryptocurrency,Risk Parity,EOS-USD,cryptocurrency,0.007690104961275401,2022-08-31,2023-08-31,252
2023-09-01,Combined Risk Parity,Combined equity + cryptocurrency,Risk Parity,ETC-USD,cryptocurrency,0.0066733630684777815,2022-08-31,2023-08-31,252
2023-09-01,Combined Risk Parity,Combined equity + cryptocurrency,Risk Parity,ETH-USD,cryptocurrency,0.008422675776677865,2022-08-31,2023-08-31,252
2023-09-01,Combined Risk Parity,Combined equity + cryptocurrency,Risk Parity,GE,equity,0.017013834458254513,2022-08-31,2023-08-31,252
2023-09-01,Combined Risk Parity,Combined equity + cryptocurrency,Risk Parity,GILD,equity,0.022950963539125,2022-08-31,2023-08-31,252
2023-09-01,Combined Risk Parity,Combined equity + cryptocurrency,Risk Parity,GS,equity,0.016838118592115897,2022-08-31,2023-08-31,252
2023-09-01,Combined Risk Parity,Combined equity + cryptocurrency,Risk Parity,INTC,equity,0.011507874739857692,2022-08-31,2023-08-31,252
2023-09-01,Combined Risk Parity,Combined equity + cryptocurrency,Risk Parity,KO,equity,0.029058557134495917,2022-08-31,2023-08-31,252
2023-09-01,Combined Risk Parity,Combined equity + cryptocurrency,Risk Parity,LTC-USD,cryptocurrency,0.008359525980171673,2022-08-31,2023-08-31,252
2023-09-01,Combined Risk Parity,Combined equity + cryptocurrency,Risk Parity,MMM,equity,0.014846713238821979,2022-08-31,2023-08-31,252
2023-09-01,Combined Risk Parity,Combined equity + cryptocurrency,Risk Parity,MRK,equity,0.04152939935083937,2022-08-31,2023-08-31,252
2023-09-01,Combined Risk Parity,Combined equity + cryptocurrency,Risk Parity,MS,equity,0.015180825183550059,2022-08-31,2023-08-31,252
2023-09-01,Combined Risk Parity,Combined equity + cryptocurrency,Risk Parity,NEE,equity,0.018531730480365608,2022-08-31,2023-08-31,252
2023-09-01,Combined Risk Parity,Combined equity + cryptocurrency,Risk Parity,NEM,equity,0.017005938954421786,2022-08-31,2023-08-31,252
2023-09-01,Combined Risk Parity,Combined equity + cryptocurrency,Risk Parity,NKE,equity,0.012205951436373208,2022-08-31,2023-08-31,252
2023-09-01,Combined Risk Parity,Combined equity + cryptocurrency,Risk Parity,NUE,equity,0.012544464079787602,2022-08-31,2023-08-31,252
2023-09-01,Combined Risk Parity,Combined equity + cryptocurrency,Risk Parity,NVDA,equity,0.009801914767674154,2022-08-31,2023-08-31,252
2023-09-01,Combined Risk Parity,Combined equity + cryptocurrency,Risk Parity,O,equity,0.022779093971246774,2022-08-31,2023-08-31,252
2023-09-01,Combined Risk Parity,Combined equity + cryptocurrency,Risk Parity,OXY,equity,0.015340765250644237,2022-08-31,2023-08-31,252
2023-09-01,Combined Risk Parity,Combined equity + cryptocurrency,Risk Parity,PLD,equity,0.014188558313284414,2022-08-31,2023-08-31,252
2023-09-01,Combined Risk Parity,Combined equity + cryptocurrency,Risk Parity,PSA,equity,0.019545267356140213,2022-08-31,2023-08-31,252
2023-09-01,Combined Risk Parity,Combined equity + cryptocurrency,Risk Parity,QCOM,equity,0.011333127999554887,2022-08-31,2023-08-31,252
2023-09-01,Combined Risk Parity,Combined equity + cryptocurrency,Risk Parity,SBUX,equity,0.017557344700153125,2022-08-31,2023-08-31,252
2023-09-01,Combined Risk Parity,Combined equity + cryptocurrency,Risk Parity,SHW,equity,0.014310259426401253,2022-08-31,2023-08-31,252
2023-09-01,Combined Risk Parity,Combined equity + cryptocurrency,Risk Parity,SLB,equity,0.014519186007841155,2022-08-31,2023-08-31,252
2023-09-01,Combined Risk Parity,Combined equity + cryptocurrency,Risk Parity,SO,equity,0.021313078380635855,2022-08-31,2023-08-31,252
2023-09-01,Combined Risk Parity,Combined equity + cryptocurrency,Risk Parity,T,equity,0.022094183935322486,2022-08-31,2023-08-31,252
2023-09-01,Combined Risk Parity,Combined equity + cryptocurrency,Risk Parity,TMUS,equity,0.02799626139254717,2022-08-31,2023-08-31,252
2023-09-01,Combined Risk Parity,Combined equity + cryptocurrency,Risk Parity,TRX-USD,cryptocurrency,0.015044274708952005,2022-08-31,2023-08-31,252
2023-09-01,Combined Risk Parity,Combined equity + cryptocurrency,Risk Parity,TTWO,equity,0.016703896693075457,2022-08-31,2023-08-31,252
2023-09-01,Combined Risk Parity,Combined equity + cryptocurrency,Risk Parity,UPS,equity,0.01613262338023532,2022-08-31,2023-08-31,252
2023-09-01,Combined Risk Parity,Combined equity + cryptocurrency,Risk Parity,USB,equity,0.0124202945613085,2022-08-31,2023-08-31,252
2023-09-01,Combined Risk Parity,Combined equity + cryptocurrency,Risk Parity,V,equity,0.018848947358885426,2022-08-31,2023-08-31,252
2023-09-01,Combined Risk Parity,Combined equity + cryptocurrency,Risk Parity,WFC,equity,0.015942899539018174,2022-08-31,2023-08-31,252
2023-09-01,Combined Risk Parity,Combined equity + cryptocurrency,Risk Parity,WMT,equity,0.029976416493790823,2022-08-31,2023-08-31,252
2023-09-01,Combined Risk Parity,Combined equity + cryptocurrency,Risk Parity,XLM-USD,cryptocurrency,0.0076019015259540645,2022-08-31,2023-08-31,252
2023-09-01,Combined Risk Parity,Combined equity + cryptocurrency,Risk Parity,XOM,equity,0.018300318712893098,2022-08-31,2023-08-31,252
2023-09-01,Combined Risk Parity,Combined equity + cryptocurrency,Risk Parity,XRP-USD,cryptocurrency,0.0071786719257552565,2022-08-31,2023-08-31,252
2023-10-02,Combined Risk Parity,Combined equity + cryptocurrency,Risk Parity,ABBV,equity,0.033627219209423825,2022-09-29,2023-09-29,252
2023-10-02,Combined Risk Parity,Combined equity + cryptocurrency,Risk Parity,ABT,equity,0.019878799497665463,2022-09-29,2023-09-29,252
2023-10-02,Combined Risk Parity,Combined equity + cryptocurrency,Risk Parity,ADA-USD,cryptocurrency,0.007662777017221054,2022-09-29,2023-09-29,252
2023-10-02,Combined Risk Parity,Combined equity + cryptocurrency,Risk Parity,ADBE,equity,0.012541146174972722,2022-09-29,2023-09-29,252
2023-10-02,Combined Risk Parity,Combined equity + cryptocurrency,Risk Parity,AEP,equity,0.019922145126076363,2022-09-29,2023-09-29,252
2023-10-02,Combined Risk Parity,Combined equity + cryptocurrency,Risk Parity,AMD,equity,0.010140522709128907,2022-09-29,2023-09-29,252
2023-10-02,Combined Risk Parity,Combined equity + cryptocurrency,Risk Parity,AMGN,equity,0.032228847331906604,2022-09-29,2023-09-29,252
2023-10-02,Combined Risk Parity,Combined equity + cryptocurrency,Risk Parity,AMT,equity,0.014159536222574624,2022-09-29,2023-09-29,252
2023-10-02,Combined Risk Parity,Combined equity + cryptocurrency,Risk Parity,BA,equity,0.015032627955130775,2022-09-29,2023-09-29,252
2023-10-02,Combined Risk Parity,Combined equity + cryptocurrency,Risk Parity,BCH-USD,cryptocurrency,0.008550652047942973,2022-09-29,2023-09-29,252
2023-10-02,Combined Risk Parity,Combined equity + cryptocurrency,Risk Parity,BTC-USD,cryptocurrency,0.01110787696420778,2022-09-29,2023-09-29,252
2023-10-02,Combined Risk Parity,Combined equity + cryptocurrency,Risk Parity,CAT,equity,0.015100239964644255,2022-09-29,2023-09-29,252
2023-10-02,Combined Risk Parity,Combined equity + cryptocurrency,Risk Parity,CCI,equity,0.01491243131665796,2022-09-29,2023-09-29,252
2023-10-02,Combined Risk Parity,Combined equity + cryptocurrency,Risk Parity,CMCSA,equity,0.01707337477351947,2022-09-29,2023-09-29,252
2023-10-02,Combined Risk Parity,Combined equity + cryptocurrency,Risk Parity,COP,equity,0.015204176157568708,2022-09-29,2023-09-29,252
2023-10-02,Combined Risk Parity,Combined equity + cryptocurrency,Risk Parity,CVX,equity,0.018568374729791202,2022-09-29,2023-09-29,252
2023-10-02,Combined Risk Parity,Combined equity + cryptocurrency,Risk Parity,D,equity,0.019914337987281837,2022-09-29,2023-09-29,252
2023-10-02,Combined Risk Parity,Combined equity + cryptocurrency,Risk Parity,DD,equity,0.015335467990616814,2022-09-29,2023-09-29,252
2023-10-02,Combined Risk Parity,Combined equity + cryptocurrency,Risk Parity,DIS,equity,0.01235571923274234,2022-09-29,2023-09-29,252
2023-10-02,Combined Risk Parity,Combined equity + cryptocurrency,Risk Parity,DOW,equity,0.014825486325338052,2022-09-29,2023-09-29,252
2023-10-02,Combined Risk Parity,Combined equity + cryptocurrency,Risk Parity,DUK,equity,0.022295409518273617,2022-09-29,2023-09-29,252
2023-10-02,Combined Risk Parity,Combined equity + cryptocurrency,Risk Parity,EA,equity,0.022625836890288662,2022-09-29,2023-09-29,252
2023-10-02,Combined Risk Parity,Combined equity + cryptocurrency,Risk Parity,EOS-USD,cryptocurrency,0.008299177190933482,2022-09-29,2023-09-29,252
2023-10-02,Combined Risk Parity,Combined equity + cryptocurrency,Risk Parity,ETC-USD,cryptocurrency,0.006678823715324327,2022-09-29,2023-09-29,252
2023-10-02,Combined Risk Parity,Combined equity + cryptocurrency,Risk Parity,ETH-USD,cryptocurrency,0.008550982686122956,2022-09-29,2023-09-29,252
2023-10-02,Combined Risk Parity,Combined equity + cryptocurrency,Risk Parity,GE,equity,0.016995304520434736,2022-09-29,2023-09-29,252
2023-10-02,Combined Risk Parity,Combined equity + cryptocurrency,Risk Parity,GILD,equity,0.02398943477908454,2022-09-29,2023-09-29,252
2023-10-02,Combined Risk Parity,Combined equity + cryptocurrency,Risk Parity,GS,equity,0.016499808179678617,2022-09-29,2023-09-29,252
2023-10-02,Combined Risk Parity,Combined equity + cryptocurrency,Risk Parity,INTC,equity,0.011369715752668931,2022-09-29,2023-09-29,252
2023-10-02,Combined Risk Parity,Combined equity + cryptocurrency,Risk Parity,KO,equity,0.03012057970965641,2022-09-29,2023-09-29,252
2023-10-02,Combined Risk Parity,Combined equity + cryptocurrency,Risk Parity,LTC-USD,cryptocurrency,0.008041455734273653,2022-09-29,2023-09-29,252
2023-10-02,Combined Risk Parity,Combined equity + cryptocurrency,Risk Parity,MMM,equity,0.014499688125021665,2022-09-29,2023-09-29,252
2023-10-02,Combined Risk Parity,Combined equity + cryptocurrency,Risk Parity,MRK,equity,0.041430725865924334,2022-09-29,2023-09-29,252
2023-10-02,Combined Risk Parity,Combined equity + cryptocurrency,Risk Parity,MS,equity,0.014555751834625104,2022-09-29,2023-09-29,252
2023-10-02,Combined Risk Parity,Combined equity + cryptocurrency,Risk Parity,NEE,equity,0.018083008826107756,2022-09-29,2023-09-29,252
2023-10-02,Combined Risk Parity,Combined equity + cryptocurrency,Risk Parity,NEM,equity,0.017040399428237225,2022-09-29,2023-09-29,252
2023-10-02,Combined Risk Parity,Combined equity + cryptocurrency,Risk Parity,NKE,equity,0.012355637839440131,2022-09-29,2023-09-29,252
2023-10-02,Combined Risk Parity,Combined equity + cryptocurrency,Risk Parity,NUE,equity,0.011800578539885285,2022-09-29,2023-09-29,252
2023-10-02,Combined Risk Parity,Combined equity + cryptocurrency,Risk Parity,NVDA,equity,0.009640037543906493,2022-09-29,2023-09-29,252
2023-10-02,Combined Risk Parity,Combined equity + cryptocurrency,Risk Parity,O,equity,0.02179394787714024,2022-09-29,2023-09-29,252
2023-10-02,Combined Risk Parity,Combined equity + cryptocurrency,Risk Parity,OXY,equity,0.015068991743716816,2022-09-29,2023-09-29,252
2023-10-02,Combined Risk Parity,Combined equity + cryptocurrency,Risk Parity,PLD,equity,0.013612790696037462,2022-09-29,2023-09-29,252
2023-10-02,Combined Risk Parity,Combined equity + cryptocurrency,Risk Parity,PSA,equity,0.01899016224187875,2022-09-29,2023-09-29,252
2023-10-02,Combined Risk Parity,Combined equity + cryptocurrency,Risk Parity,QCOM,equity,0.010945202520269584,2022-09-29,2023-09-29,252
2023-10-02,Combined Risk Parity,Combined equity + cryptocurrency,Risk Parity,SBUX,equity,0.016939410469469993,2022-09-29,2023-09-29,252
2023-10-02,Combined Risk Parity,Combined equity + cryptocurrency,Risk Parity,SHW,equity,0.013955872084926595,2022-09-29,2023-09-29,252
2023-10-02,Combined Risk Parity,Combined equity + cryptocurrency,Risk Parity,SLB,equity,0.01523751525551945,2022-09-29,2023-09-29,252
2023-10-02,Combined Risk Parity,Combined equity + cryptocurrency,Risk Parity,SO,equity,0.021099983356770616,2022-09-29,2023-09-29,252
2023-10-02,Combined Risk Parity,Combined equity + cryptocurrency,Risk Parity,T,equity,0.022132751239813005,2022-09-29,2023-09-29,252
2023-10-02,Combined Risk Parity,Combined equity + cryptocurrency,Risk Parity,TMUS,equity,0.030910762353835948,2022-09-29,2023-09-29,252
2023-10-02,Combined Risk Parity,Combined equity + cryptocurrency,Risk Parity,TRX-USD,cryptocurrency,0.014546206573798732,2022-09-29,2023-09-29,252
2023-10-02,Combined Risk Parity,Combined equity + cryptocurrency,Risk Parity,TTWO,equity,0.016905778696722742,2022-09-29,2023-09-29,252
2023-10-02,Combined Risk Parity,Combined equity + cryptocurrency,Risk Parity,UPS,equity,0.01578124064209346,2022-09-29,2023-09-29,252
2023-10-02,Combined Risk Parity,Combined equity + cryptocurrency,Risk Parity,USB,equity,0.011763636657388691,2022-09-29,2023-09-29,252
2023-10-02,Combined Risk Parity,Combined equity + cryptocurrency,Risk Parity,V,equity,0.018940309142051016,2022-09-29,2023-09-29,252
2023-10-02,Combined Risk Parity,Combined equity + cryptocurrency,Risk Parity,WFC,equity,0.01573644843599783,2022-09-29,2023-09-29,252
2023-10-02,Combined Risk Parity,Combined equity + cryptocurrency,Risk Parity,WMT,equity,0.02999413903238782,2022-09-29,2023-09-29,252
2023-10-02,Combined Risk Parity,Combined equity + cryptocurrency,Risk Parity,XLM-USD,cryptocurrency,0.0074280211656156895,2022-09-29,2023-09-29,252
2023-10-02,Combined Risk Parity,Combined equity + cryptocurrency,Risk Parity,XOM,equity,0.018297835510757,2022-09-29,2023-09-29,252
2023-10-02,Combined Risk Parity,Combined equity + cryptocurrency,Risk Parity,XRP-USD,cryptocurrency,0.006904878889508786,2022-09-29,2023-09-29,252
2023-11-01,Combined Risk Parity,Combined equity + cryptocurrency,Risk Parity,ABBV,equity,0.0353114573964103,2022-10-31,2023-10-31,252
2023-11-01,Combined Risk Parity,Combined equity + cryptocurrency,Risk Parity,ABT,equity,0.021660339459619236,2022-10-31,2023-10-31,252
2023-11-01,Combined Risk Parity,Combined equity + cryptocurrency,Risk Parity,ADA-USD,cryptocurrency,0.0073596239326714896,2022-10-31,2023-10-31,252
2023-11-01,Combined Risk Parity,Combined equity + cryptocurrency,Risk Parity,ADBE,equity,0.011826802205478014,2022-10-31,2023-10-31,252
2023-11-01,Combined Risk Parity,Combined equity + cryptocurrency,Risk Parity,AEP,equity,0.020773022120943188,2022-10-31,2023-10-31,252
2023-11-01,Combined Risk Parity,Combined equity + cryptocurrency,Risk Parity,AMD,equity,0.010573354400499188,2022-10-31,2023-10-31,252
2023-11-01,Combined Risk Parity,Combined equity + cryptocurrency,Risk Parity,AMGN,equity,0.030944181644748263,2022-10-31,2023-10-31,252
2023-11-01,Combined Risk Parity,Combined equity + cryptocurrency,Risk Parity,AMT,equity,0.014043519592733932,2022-10-31,2023-10-31,252
2023-11-01,Combined Risk Parity,Combined equity + cryptocurrency,Risk Parity,BA,equity,0.01479854368116385,2022-10-31,2023-10-31,252
2023-11-01,Combined Risk Parity,Combined equity + cryptocurrency,Risk Parity,BCH-USD,cryptocurrency,0.007678403428774,2022-10-31,2023-10-31,252
2023-11-01,Combined Risk Parity,Combined equity + cryptocurrency,Risk Parity,BTC-USD,cryptocurrency,0.010514478479254921,2022-10-31,2023-10-31,252
2023-11-01,Combined Risk Parity,Combined equity + cryptocurrency,Risk Parity,CAT,equity,0.015049260525539666,2022-10-31,2023-10-31,252
2023-11-01,Combined Risk Parity,Combined equity + cryptocurrency,Risk Parity,CCI,equity,0.014357738674401467,2022-10-31,2023-10-31,252
2023-11-01,Combined Risk Parity,Combined equity + cryptocurrency,Risk Parity,CMCSA,equity,0.017142887120238575,2022-10-31,2023-10-31,252
2023-11-01,Combined Risk Parity,Combined equity + cryptocurrency,Risk Parity,COP,equity,0.015233389859867642,2022-10-31,2023-10-31,252
2023-11-01,Combined Risk Parity,Combined equity + cryptocurrency,Risk Parity,CVX,equity,0.01896746989274727,2022-10-31,2023-10-31,252
2023-11-01,Combined Risk Parity,Combined equity + cryptocurrency,Risk Parity,D,equity,0.020391491656714812,2022-10-31,2023-10-31,252
2023-11-01,Combined Risk Parity,Combined equity + cryptocurrency,Risk Parity,DD,equity,0.015771649787805028,2022-10-31,2023-10-31,252
2023-11-01,Combined Risk Parity,Combined equity + cryptocurrency,Risk Parity,DIS,equity,0.01228833182786447,2022-10-31,2023-10-31,252
2023-11-01,Combined Risk Parity,Combined equity + cryptocurrency,Risk Parity,DOW,equity,0.014536944294519771,2022-10-31,2023-10-31,252
2023-11-01,Combined Risk Parity,Combined equity + cryptocurrency,Risk Parity,DUK,equity,0.024156136366459167,2022-10-31,2023-10-31,252
2023-11-01,Combined Risk Parity,Combined equity + cryptocurrency,Risk Parity,EA,equity,0.022152780951577015,2022-10-31,2023-10-31,252
2023-11-01,Combined Risk Parity,Combined equity + cryptocurrency,Risk Parity,EOS-USD,cryptocurrency,0.007489632860878309,2022-10-31,2023-10-31,252
2023-11-01,Combined Risk Parity,Combined equity + cryptocurrency,Risk Parity,ETC-USD,cryptocurrency,0.005961785087496106,2022-10-31,2023-10-31,252
2023-11-01,Combined Risk Parity,Combined equity + cryptocurrency,Risk Parity,ETH-USD,cryptocurrency,0.007947795711835036,2022-10-31,2023-10-31,252
2023-11-01,Combined Risk Parity,Combined equity + cryptocurrency,Risk Parity,GE,equity,0.01722073814403683,2022-10-31,2023-10-31,252
2023-11-01,Combined Risk Parity,Combined equity + cryptocurrency,Risk Parity,GILD,equity,0.02788595163481047,2022-10-31,2023-10-31,252
2023-11-01,Combined Risk Parity,Combined equity + cryptocurrency,Risk Parity,GS,equity,0.01652436369191332,2022-10-31,2023-10-31,252
2023-11-01,Combined Risk Parity,Combined equity + cryptocurrency,Risk Parity,INTC,equity,0.012240703577506357,2022-10-31,2023-10-31,252
2023-11-01,Combined Risk Parity,Combined equity + cryptocurrency,Risk Parity,KO,equity,0.029239127543417873,2022-10-31,2023-10-31,252
2023-11-01,Combined Risk Parity,Combined equity + cryptocurrency,Risk Parity,LTC-USD,cryptocurrency,0.007195265628891406,2022-10-31,2023-10-31,252
2023-11-01,Combined Risk Parity,Combined equity + cryptocurrency,Risk Parity,MMM,equity,0.01367148731744912,2022-10-31,2023-10-31,252
2023-11-01,Combined Risk Parity,Combined equity + cryptocurrency,Risk Parity,MRK,equity,0.043397049964221814,2022-10-31,2023-10-31,252
2023-11-01,Combined Risk Parity,Combined equity + cryptocurrency,Risk Parity,MS,equity,0.014616111994752353,2022-10-31,2023-10-31,252
2023-11-01,Combined Risk Parity,Combined equity + cryptocurrency,Risk Parity,NEE,equity,0.017725460117537405,2022-10-31,2023-10-31,252
2023-11-01,Combined Risk Parity,Combined equity + cryptocurrency,Risk Parity,NEM,equity,0.015964258828465982,2022-10-31,2023-10-31,252
2023-11-01,Combined Risk Parity,Combined equity + cryptocurrency,Risk Parity,NKE,equity,0.012616274224836592,2022-10-31,2023-10-31,252
2023-11-01,Combined Risk Parity,Combined equity + cryptocurrency,Risk Parity,NUE,equity,0.011593536716107944,2022-10-31,2023-10-31,252
2023-11-01,Combined Risk Parity,Combined equity + cryptocurrency,Risk Parity,NVDA,equity,0.009975241627062592,2022-10-31,2023-10-31,252
2023-11-01,Combined Risk Parity,Combined equity + cryptocurrency,Risk Parity,O,equity,0.02226023748046878,2022-10-31,2023-10-31,252
2023-11-01,Combined Risk Parity,Combined equity + cryptocurrency,Risk Parity,OXY,equity,0.014080719300242529,2022-10-31,2023-10-31,252
2023-11-01,Combined Risk Parity,Combined equity + cryptocurrency,Risk Parity,PLD,equity,0.012767236533163225,2022-10-31,2023-10-31,252
2023-11-01,Combined Risk Parity,Combined equity + cryptocurrency,Risk Parity,PSA,equity,0.017545398541384396,2022-10-31,2023-10-31,252
2023-11-01,Combined Risk Parity,Combined equity + cryptocurrency,Risk Parity,QCOM,equity,0.01091857094537251,2022-10-31,2023-10-31,252
2023-11-01,Combined Risk Parity,Combined equity + cryptocurrency,Risk Parity,SBUX,equity,0.01685715193595786,2022-10-31,2023-10-31,252
2023-11-01,Combined Risk Parity,Combined equity + cryptocurrency,Risk Parity,SHW,equity,0.014562108600674447,2022-10-31,2023-10-31,252
2023-11-01,Combined Risk Parity,Combined equity + cryptocurrency,Risk Parity,SLB,equity,0.015375625181986098,2022-10-31,2023-10-31,252
2023-11-01,Combined Risk Parity,Combined equity + cryptocurrency,Risk Parity,SO,equity,0.02255298109827037,2022-10-31,2023-10-31,252
2023-11-01,Combined Risk Parity,Combined equity + cryptocurrency,Risk Parity,T,equity,0.023006608344733462,2022-10-31,2023-10-31,252
2023-11-01,Combined Risk Parity,Combined equity + cryptocurrency,Risk Parity,TMUS,equity,0.03349637570673618,2022-10-31,2023-10-31,252
2023-11-01,Combined Risk Parity,Combined equity + cryptocurrency,Risk Parity,TRX-USD,cryptocurrency,0.012275599332263545,2022-10-31,2023-10-31,252
2023-11-01,Combined Risk Parity,Combined equity + cryptocurrency,Risk Parity,TTWO,equity,0.015630683455443585,2022-10-31,2023-10-31,252
2023-11-01,Combined Risk Parity,Combined equity + cryptocurrency,Risk Parity,UPS,equity,0.014816244924835588,2022-10-31,2023-10-31,252
2023-11-01,Combined Risk Parity,Combined equity + cryptocurrency,Risk Parity,USB,equity,0.010515796566467625,2022-10-31,2023-10-31,252
2023-11-01,Combined Risk Parity,Combined equity + cryptocurrency,Risk Parity,V,equity,0.0189174460938883,2022-10-31,2023-10-31,252
2023-11-01,Combined Risk Parity,Combined equity + cryptocurrency,Risk Parity,WFC,equity,0.015239413279730153,2022-10-31,2023-10-31,252
2023-11-01,Combined Risk Parity,Combined equity + cryptocurrency,Risk Parity,WMT,equity,0.03158440096023027,2022-10-31,2023-10-31,252
2023-11-01,Combined Risk Parity,Combined equity + cryptocurrency,Risk Parity,XLM-USD,cryptocurrency,0.006264125019204594,2022-10-31,2023-10-31,252
2023-11-01,Combined Risk Parity,Combined equity + cryptocurrency,Risk Parity,XOM,equity,0.01855416465716365,2022-10-31,2023-10-31,252
2023-11-01,Combined Risk Parity,Combined equity + cryptocurrency,Risk Parity,XRP-USD,cryptocurrency,0.005982520070532049,2022-10-31,2023-10-31,252
2023-12-01,Combined Risk Parity,Combined equity + cryptocurrency,Risk Parity,ABBV,equity,0.037251568631365334,2022-11-30,2023-11-30,252
2023-12-01,Combined Risk Parity,Combined equity + cryptocurrency,Risk Parity,ABT,equity,0.022890398568509756,2022-11-30,2023-11-30,252
2023-12-01,Combined Risk Parity,Combined equity + cryptocurrency,Risk Parity,ADA-USD,cryptocurrency,0.00792465662833616,2022-11-30,2023-11-30,252
2023-12-01,Combined Risk Parity,Combined equity + cryptocurrency,Risk Parity,ADBE,equity,0.012598349820127528,2022-11-30,2023-11-30,252
2023-12-01,Combined Risk Parity,Combined equity + cryptocurrency,Risk Parity,AEP,equity,0.019850069635833852,2022-11-30,2023-11-30,252
2023-12-01,Combined Risk Parity,Combined equity + cryptocurrency,Risk Parity,AMD,equity,0.012371859143726767,2022-11-30,2023-11-30,252
2023-12-01,Combined Risk Parity,Combined equity + cryptocurrency,Risk Parity,AMGN,equity,0.02518823408739372,2022-11-30,2023-11-30,252
2023-12-01,Combined Risk Parity,Combined equity + cryptocurrency,Risk Parity,AMT,equity,0.014188971104123668,2022-11-30,2023-11-30,252
2023-12-01,Combined Risk Parity,Combined equity + cryptocurrency,Risk Parity,BA,equity,0.014077988925852282,2022-11-30,2023-11-30,252
2023-12-01,Combined Risk Parity,Combined equity + cryptocurrency,Risk Parity,BCH-USD,cryptocurrency,0.008907408667972752,2022-11-30,2023-11-30,252
2023-12-01,Combined Risk Parity,Combined equity + cryptocurrency,Risk Parity,BTC-USD,cryptocurrency,0.012464093881148625,2022-11-30,2023-11-30,252
2023-12-01,Combined Risk Parity,Combined equity + cryptocurrency,Risk Parity,CAT,equity,0.01404091484128593,2022-11-30,2023-11-30,252
2023-12-01,Combined Risk Parity,Combined equity + cryptocurrency,Risk Parity,CCI,equity,0.014367573089299436,2022-11-30,2023-11-30,252
2023-12-01,Combined Risk Parity,Combined equity + cryptocurrency,Risk Parity,CMCSA,equity,0.016789847915825842,2022-11-30,2023-11-30,252
2023-12-01,Combined Risk Parity,Combined equity + cryptocurrency,Risk Parity,COP,equity,0.015487550106218984,2022-11-30,2023-11-30,252
2023-12-01,Combined Risk Parity,Combined equity + cryptocurrency,Risk Parity,CVX,equity,0.019161259218594857,2022-11-30,2023-11-30,252
2023-12-01,Combined Risk Parity,Combined equity + cryptocurrency,Risk Parity,D,equity,0.018287209471797367,2022-11-30,2023-11-30,252
2023-12-01,Combined Risk Parity,Combined equity + cryptocurrency,Risk Parity,DD,equity,0.014533848873438594,2022-11-30,2023-11-30,252
2023-12-01,Combined Risk Parity,Combined equity + cryptocurrency,Risk Parity,DIS,equity,0.013725671006390949,2022-11-30,2023-11-30,252
2023-12-01,Combined Risk Parity,Combined equity + cryptocurrency,Risk Parity,DOW,equity,0.015292502543427101,2022-11-30,2023-11-30,252
2023-12-01,Combined Risk Parity,Combined equity + cryptocurrency,Risk Parity,DUK,equity,0.023541436528041842,2022-11-30,2023-11-30,252
2023-12-01,Combined Risk Parity,Combined equity + cryptocurrency,Risk Parity,EA,equity,0.021448373624810464,2022-11-30,2023-11-30,252
2023-12-01,Combined Risk Parity,Combined equity + cryptocurrency,Risk Parity,EOS-USD,cryptocurrency,0.008212936751163037,2022-11-30,2023-11-30,252
2023-12-01,Combined Risk Parity,Combined equity + cryptocurrency,Risk Parity,ETC-USD,cryptocurrency,0.007116592024303009,2022-11-30,2023-11-30,252
2023-12-01,Combined Risk Parity,Combined equity + cryptocurrency,Risk Parity,ETH-USD,cryptocurrency,0.010939150397746488,2022-11-30,2023-11-30,252
2023-12-01,Combined Risk Parity,Combined equity + cryptocurrency,Risk Parity,GE,equity,0.017360947117793242,2022-11-30,2023-11-30,252
2023-12-01,Combined Risk Parity,Combined equity + cryptocurrency,Risk Parity,GILD,equity,0.02377203152943375,2022-11-30,2023-11-30,252
2023-12-01,Combined Risk Parity,Combined equity + cryptocurrency,Risk Parity,GS,equity,0.015162112928642453,2022-11-30,2023-11-30,252
2023-12-01,Combined Risk Parity,Combined equity + cryptocurrency,Risk Parity,INTC,equity,0.013117760395704442,2022-11-30,2023-11-30,252
2023-12-01,Combined Risk Parity,Combined equity + cryptocurrency,Risk Parity,KO,equity,0.03195871150126927,2022-11-30,2023-11-30,252
2023-12-01,Combined Risk Parity,Combined equity + cryptocurrency,Risk Parity,LTC-USD,cryptocurrency,0.008534881950210356,2022-11-30,2023-11-30,252
2023-12-01,Combined Risk Parity,Combined equity + cryptocurrency,Risk Parity,MMM,equity,0.012951867204916312,2022-11-30,2023-11-30,252
2023-12-01,Combined Risk Parity,Combined equity + cryptocurrency,Risk Parity,MRK,equity,0.03790422888848017,2022-11-30,2023-11-30,252
2023-12-01,Combined Risk Parity,Combined equity + cryptocurrency,Risk Parity,MS,equity,0.013619310645872384,2022-11-30,2023-11-30,252
2023-12-01,Combined Risk Parity,Combined equity + cryptocurrency,Risk Parity,NEE,equity,0.017161438050277103,2022-11-30,2023-11-30,252
2023-12-01,Combined Risk Parity,Combined equity + cryptocurrency,Risk Parity,NEM,equity,0.017743484310024465,2022-11-30,2023-11-30,252
2023-12-01,Combined Risk Parity,Combined equity + cryptocurrency,Risk Parity,NKE,equity,0.01355824331426177,2022-11-30,2023-11-30,252
2023-12-01,Combined Risk Parity,Combined equity + cryptocurrency,Risk Parity,NUE,equity,0.011521434071469562,2022-11-30,2023-11-30,252
2023-12-01,Combined Risk Parity,Combined equity + cryptocurrency,Risk Parity,NVDA,equity,0.011853749229948606,2022-11-30,2023-11-30,252
2023-12-01,Combined Risk Parity,Combined equity + cryptocurrency,Risk Parity,O,equity,0.02106347594678923,2022-11-30,2023-11-30,252
2023-12-01,Combined Risk Parity,Combined equity + cryptocurrency,Risk Parity,OXY,equity,0.016208481888812156,2022-11-30,2023-11-30,252
2023-12-01,Combined Risk Parity,Combined equity + cryptocurrency,Risk Parity,PLD,equity,0.012383183249611107,2022-11-30,2023-11-30,252
2023-12-01,Combined Risk Parity,Combined equity + cryptocurrency,Risk Parity,PSA,equity,0.017975410624439164,2022-11-30,2023-11-30,252
2023-12-01,Combined Risk Parity,Combined equity + cryptocurrency,Risk Parity,QCOM,equity,0.011119100524108761,2022-11-30,2023-11-30,252
2023-12-01,Combined Risk Parity,Combined equity + cryptocurrency,Risk Parity,SBUX,equity,0.01633470061032232,2022-11-30,2023-11-30,252
2023-12-01,Combined Risk Parity,Combined equity + cryptocurrency,Risk Parity,SHW,equity,0.014810815273600699,2022-11-30,2023-11-30,252
2023-12-01,Combined Risk Parity,Combined equity + cryptocurrency,Risk Parity,SLB,equity,0.014075655916164994,2022-11-30,2023-11-30,252
2023-12-01,Combined Risk Parity,Combined equity + cryptocurrency,Risk Parity,SO,equity,0.02169282189486722,2022-11-30,2023-11-30,252
2023-12-01,Combined Risk Parity,Combined equity + cryptocurrency,Risk Parity,T,equity,0.022144133270351907,2022-11-30,2023-11-30,252
2023-12-01,Combined Risk Parity,Combined equity + cryptocurrency,Risk Parity,TMUS,equity,0.03160661274553041,2022-11-30,2023-11-30,252
2023-12-01,Combined Risk Parity,Combined equity + cryptocurrency,Risk Parity,TRX-USD,cryptocurrency,0.013020078181255708,2022-11-30,2023-11-30,252
2023-12-01,Combined Risk Parity,Combined equity + cryptocurrency,Risk Parity,TTWO,equity,0.014951921511602021,2022-11-30,2023-11-30,252
2023-12-01,Combined Risk Parity,Combined equity + cryptocurrency,Risk Parity,UPS,equity,0.015197019958809689,2022-11-30,2023-11-30,252
2023-12-01,Combined Risk Parity,Combined equity + cryptocurrency,Risk Parity,USB,equity,0.009165836818761592,2022-11-30,2023-11-30,252
2023-12-01,Combined Risk Parity,Combined equity + cryptocurrency,Risk Parity,V,equity,0.020990257677914903,2022-11-30,2023-11-30,252
2023-12-01,Combined Risk Parity,Combined equity + cryptocurrency,Risk Parity,WFC,equity,0.014199363475257217,2022-11-30,2023-11-30,252
2023-12-01,Combined Risk Parity,Combined equity + cryptocurrency,Risk Parity,WMT,equity,0.03366571982849413,2022-11-30,2023-11-30,252
2023-12-01,Combined Risk Parity,Combined equity + cryptocurrency,Risk Parity,XLM-USD,cryptocurrency,0.006933841756361446,2022-11-30,2023-11-30,252
2023-12-01,Combined Risk Parity,Combined equity + cryptocurrency,Risk Parity,XOM,equity,0.018776393679259686,2022-11-30,2023-11-30,252
2023-12-01,Combined Risk Parity,Combined equity + cryptocurrency,Risk Parity,XRP-USD,cryptocurrency,0.006806508542647544,2022-11-30,2023-11-30,252
