date,fund_name,asset_family,portfolio_method,daily_return,growth_of_1,drawdown,active_target_rebalance_date
2021-01-04,Combined Equal Weight,Combined equity + cryptocurrency,Equal Weight,-0.003890754794180158,0.9961092452058199,-0.003890754794180107,2021-01-04
2021-01-05,Combined Equal Weight,Combined equity + cryptocurrency,Equal Weight,0.018935846474633637,1.0149714169450006,0.0,2021-01-04
2021-01-06,Combined Equal Weight,Combined equity + cryptocurrency,Equal Weight,0.04682554464297435,1.0624980063405016,0.0,2021-01-04
2021-01-07,Combined Equal Weight,Combined equity + cryptocurrency,Equal Weight,0.007500963904495401,1.07046776553466,0.0,2021-01-04
2021-01-08,Combined Equal Weight,Combined equity + cryptocurrency,Equal Weight,0.0001483791362301471,1.0706266006170724,0.0,2021-01-04
2021-01-11,Combined Equal Weight,Combined equity + cryptocurrency,Equal Weight,-0.023976108236173063,1.0449571413601515,-0.02397610823617302,2021-01-04
2021-01-12,Combined Equal Weight,Combined equity + cryptocurrency,Equal Weight,0.0014124661877677708,1.0464331079899891,-0.022597507490603075,2021-01-04
2021-01-13,Combined Equal Weight,Combined equity + cryptocurrency,Equal Weight,0.014305437693910999,1.0614027916171855,-0.008615337032136683,2021-01-04
2021-01-14,Combined Equal Weight,Combined equity + cryptocurrency,Equal Weight,0.006223589963405872,1.0680085273782252,-0.0024453653938154574,2021-01-04
2021-01-15,Combined Equal Weight,Combined equity + cryptocurrency,Equal Weight,-0.018017192270282756,1.0487660123941502,-0.020418499045626648,2021-01-04
2021-01-19,Combined Equal Weight,Combined equity + cryptocurrency,Equal Weight,0.007738513923559628,1.0568819027836185,-0.012837993961229754,2021-01-04
2021-01-20,Combined Equal Weight,Combined equity + cryptocurrency,Equal Weight,0.005089689031193294,1.062261103011483,-0.007813646327083368,2021-01-04
2021-01-21,Combined Equal Weight,Combined equity + cryptocurrency,Equal Weight,-0.03155162323514963,1.0287450409119103,-0.039118736337228066,2021-01-04
2021-01-22,Combined Equal Weight,Combined equity + cryptocurrency,Equal Weight,0.007923676220714906,1.0368964835297625,-0.031505024317412866,2021-01-04
2021-01-25,Combined Equal Weight,Combined equity + cryptocurrency,Equal Weight,-0.002778121855874593,1.034015858746589,-0.03419562137666121,2021-01-04
2021-01-26,Combined Equal Weight,Combined equity + cryptocurrency,Equal Weight,-0.004887780413148798,1.0289618162853222,-0.03891626110142976,2021-01-04
2021-01-27,Combined Equal Weight,Combined equity + cryptocurrency,Equal Weight,-0.03425224570112072,0.9937175633368459,-0.07183553746553539,2021-01-04
2021-01-28,Combined Equal Weight,Combined equity + cryptocurrency,Equal Weight,0.02607104685736694,1.0196248204935892,-0.047637318271456675,2021-01-04
2021-01-29,Combined Equal Weight,Combined equity + cryptocurrency,Equal Weight,-0.007470618717091115,1.0120075922251992,-0.05475205674703687,2021-01-04
2021-02-01,Combined Equal Weight,Combined equity + cryptocurrency,Equal Weight,0.010204431715737181,1.0223345545958689,-0.04510633865567104,2021-02-01
2021-02-02,Combined Equal Weight,Combined equity + cryptocurrency,Equal Weight,0.02165809971638538,1.0444763783228126,-0.024425156519731206,2021-02-01
2021-02-03,Combined Equal Weight,Combined equity + cryptocurrency,Equal Weight,0.009589675205373672,1.0544925675506134,-0.015069710632222177,2021-02-01
2021-02-04,Combined Equal Weight,Combined equity + cryptocurrency,Equal Weight,0.00366481347617488,1.0583570861226992,-0.011460124834654306,2021-02-01
2021-02-05,Combined Equal Weight,Combined equity + cryptocurrency,Equal Weight,0.020351550259225554,1.0798962935531329,0.0,2021-02-01
2021-02-08,Combined Equal Weight,Combined equity + cryptocurrency,Equal Weight,0.025661294678188555,1.1076078305638832,0.0,2021-02-01
2021-02-09,Combined Equal Weight,Combined equity + cryptocurrency,Equal Weight,0.010060418581111227,1.1187508289630725,0.0,2021-02-01
2021-02-10,Combined Equal Weight,Combined equity + cryptocurrency,Equal Weight,0.011213303568799963,1.1312957216260822,0.0,2021-02-01
2021-02-11,Combined Equal Weight,Combined equity + cryptocurrency,Equal Weight,0.0149239159823788,1.1481790839268544,0.0,2021-02-01
2021-02-12,Combined Equal Weight,Combined equity + cryptocurrency,Equal Weight,0.013922858758989999,1.1641650191423945,0.0,2021-02-01
2021-02-16,Combined Equal Weight,Combined equity + cryptocurrency,Equal Weight,0.000834277364416958,1.165136255666311,0.0,2021-02-01
2021-02-17,Combined Equal Weight,Combined equity + cryptocurrency,Equal Weight,0.011514209321954766,1.1785518784026514,0.0,2021-02-01
2021-02-18,Combined Equal Weight,Combined equity + cryptocurrency,Equal Weight,-0.004112435878182396,1.173705159373609,-0.004112435878182441,2021-02-01
2021-02-19,Combined Equal Weight,Combined equity + cryptocurrency,Equal Weight,0.012920433262515876,1.1888699385551662,0.0,2021-02-01
2021-02-22,Combined Equal Weight,Combined equity + cryptocurrency,Equal Weight,-0.013189509394386349,1.1731893273318894,-0.013189509394386234,2021-02-01
2021-02-23,Combined Equal Weight,Combined equity + cryptocurrency,Equal Weight,-0.03642049809562562,1.13046118766999,-0.04912963898823153,2021-02-01
2021-02-24,Combined Equal Weight,Combined equity + cryptocurrency,Equal Weight,0.02185891301140052,1.1551718404340325,-0.028344646481756386,2021-02-01
2021-02-25,Combined Equal Weight,Combined equity + cryptocurrency,Equal Weight,-0.02519018638808799,1.1260728464632286,-0.052820825941864546,2021-02-01
2021-02-26,Combined Equal Weight,Combined equity + cryptocurrency,Equal Weight,-0.007920962386525426,1.1171532658019057,-0.06032339655287933,2021-02-01
2021-03-01,Combined Equal Weight,Combined equity + cryptocurrency,Equal Weight,0.027648109503017666,1.1480404416264505,-0.03434311492334963,2021-03-01
2021-03-02,Combined Equal Weight,Combined equity + cryptocurrency,Equal Weight,-0.005051223358201524,1.142241432931547,-0.03922086353725707,2021-03-01
2021-03-03,Combined Equal Weight,Combined equity + cryptocurrency,Equal Weight,5.691690167493454e-05,1.142306445774874,-0.039166178965615805,2021-03-01
2021-03-04,Combined Equal Weight,Combined equity + cryptocurrency,Equal Weight,-0.008937843035586902,1.132096690063999,-0.04775396084130423,2021-03-01
2021-03-05,Combined Equal Weight,Combined equity + cryptocurrency,Equal Weight,0.012893922421377216,1.1466938569591822,-0.0354757742863282,2021-03-01
2021-03-08,Combined Equal Weight,Combined equity + cryptocurrency,Equal Weight,0.0051390671605785684,1.1525867937027185,-0.030519019512380452,2021-03-01
2021-03-09,Combined Equal Weight,Combined equity + cryptocurrency,Equal Weight,0.012274318469443258,1.1667340110723001,-0.018619301207807415,2021-03-01
2021-03-10,Combined Equal Weight,Combined equity + cryptocurrency,Equal Weight,0.0033894337117149217,1.170688578662033,-0.015292976383294854,2021-03-01
2021-03-11,Combined Equal Weight,Combined equity + cryptocurrency,Equal Weight,0.004440027839439727,1.1758864685426063,-0.010920849784744946,2021-03-01
2021-03-12,Combined Equal Weight,Combined equity + cryptocurrency,Equal Weight,0.002929897796534287,1.1793316957157636,-0.008022948961931453,2021-03-01
2021-03-15,Combined Equal Weight,Combined equity + cryptocurrency,Equal Weight,-0.0020005157583132334,1.1769724240742059,-0.010007414684418237,2021-03-01
2021-03-16,Combined Equal Weight,Combined equity + cryptocurrency,Equal Weight,0.005728843658630815,1.183715115082247,-0.004335901939941378,2021-03-01
2021-03-17,Combined Equal Weight,Combined equity + cryptocurrency,Equal Weight,0.007090152205412336,1.1921078354160273,0.0,2021-03-01
2021-03-18,Combined Equal Weight,Combined equity + cryptocurrency,Equal Weight,-0.014963008000333108,1.1742703163374375,-0.014963008000333122,2021-03-01
2021-03-19,Combined Equal Weight,Combined equity + cryptocurrency,Equal Weight,-0.0008655486522000236,1.1732539282478132,-0.01581560544112559,2021-03-01
2021-03-22,Combined Equal Weight,Combined equity + cryptocurrency,Equal Weight,-0.0009142788616752391,1.1721812469818387,-0.016715424429061376,2021-03-01
2021-03-23,Combined Equal Weight,Combined equity + cryptocurrency,Equal Weight,-0.005798140521023979,1.165384775395729,-0.02241664657037712,2021-03-01
2021-03-24,Combined Equal Weight,Combined equity + cryptocurrency,Equal Weight,-0.014092748822480279,1.1489613004745345,-0.03619348322329863,2021-03-01
2021-03-25,Combined Equal Weight,Combined equity + cryptocurrency,Equal Weight,0.005947801689248595,1.1557950944383784,-0.03046095319470521,2021-03-01
2021-03-26,Combined Equal Weight,Combined equity + cryptocurrency,Equal Weight,0.03065124167451565,1.191221649204229,-0.000743377558196423,2021-03-01
2021-03-29,Combined Equal Weight,Combined equity + cryptocurrency,Equal Weight,0.0073615358729455915,1.199990870107475,0.0,2021-03-01
2021-03-30,Combined Equal Weight,Combined equity + cryptocurrency,Equal Weight,-0.00037708683411139703,1.1995383693493036,-0.0003770868341114175,2021-03-01
2021-03-31,Combined Equal Weight,Combined equity + cryptocurrency,Equal Weight,0.011821586274491263,1.213718815672129,0.0,2021-03-01
2021-04-01,Combined Equal Weight,Combined equity + cryptocurrency,Equal Weight,0.01467257875786394,1.2315272005849796,0.0,2021-04-01
2021-04-05,Combined Equal Weight,Combined equity + cryptocurrency,Equal Weight,0.023279357597136986,1.2601963626779984,0.0,2021-04-01
2021-04-06,Combined Equal Weight,Combined equity + cryptocurrency,Equal Weight,0.007587666348007159,1.2697583122109715,0.0,2021-04-01
2021-04-07,Combined Equal Weight,Combined equity + cryptocurrency,Equal Weight,-0.016049060345336055,1.2493798844343056,-0.01604906034533604,2021-04-01
2021-04-08,Combined Equal Weight,Combined equity + cryptocurrency,Equal Weight,0.010903703340729359,1.2630027520540519,-0.005320351197509732,2021-04-01
2021-04-09,Combined Equal Weight,Combined equity + cryptocurrency,Equal Weight,-0.0029210465955181973,1.2593134621650344,-0.008225856799275455,2021-04-01
2021-04-12,Combined Equal Weight,Combined equity + cryptocurrency,Equal Weight,3.6634061886139254e-05,1.2593595959323411,-0.008189524083936472,2021-04-01
2021-04-13,Combined Equal Weight,Combined equity + cryptocurrency,Equal Weight,0.022681264095906265,1.2879234635193963,0.0,2021-04-01
2021-04-14,Combined Equal Weight,Combined equity + cryptocurrency,Equal Weight,0.007794298856378145,1.297961923898208,0.0,2021-04-01
2021-04-15,Combined Equal Weight,Combined equity + cryptocurrency,Equal Weight,0.019041860880005992,1.3226775342806227,0.0,2021-04-01
2021-04-16,Combined Equal Weight,Combined equity + cryptocurrency,Equal Weight,0.01476327289941296,1.3422045836771301,0.0,2021-04-01
2021-04-19,Combined Equal Weight,Combined equity + cryptocurrency,Equal Weight,-0.017627390955763378,1.3185450187380356,-0.01762739095576349,2021-04-01
2021-04-20,Combined Equal Weight,Combined equity + cryptocurrency,Equal Weight,1.2220841234532136e-05,1.3185611324673703,-0.017615385536075112,2021-04-01
2021-04-21,Combined Equal Weight,Combined equity + cryptocurrency,Equal Weight,-0.0007908267866470739,1.3175183790039833,-0.018392281603983207,2021-04-01
2021-04-22,Combined Equal Weight,Combined equity + cryptocurrency,Equal Weight,-0.016687288036353692,1.295532570320354,-0.03477265233956561,2021-04-01
2021-04-23,Combined Equal Weight,Combined equity + cryptocurrency,Equal Weight,0.0034733603502323466,1.3000324217825394,-0.0314200699412418,2021-04-01
2021-04-26,Combined Equal Weight,Combined equity + cryptocurrency,Equal Weight,0.030800515598112883,1.3400740906677049,-0.0015873086974479422,2021-04-01
2021-04-27,Combined Equal Weight,Combined equity + cryptocurrency,Equal Weight,0.009656461130173079,1.3530144640357895,0.0,2021-04-01
2021-04-28,Combined Equal Weight,Combined equity + cryptocurrency,Equal Weight,0.0013114896637035532,1.354788928520214,0.0,2021-04-01
2021-04-29,Combined Equal Weight,Combined equity + cryptocurrency,Equal Weight,0.004789403755794167,1.3612775597027769,0.0,2021-04-01
2021-04-30,Combined Equal Weight,Combined equity + cryptocurrency,Equal Weight,0.012333922440587335,1.378067451544263,0.0,2021-04-01
2021-05-03,Combined Equal Weight,Combined equity + cryptocurrency,Equal Weight,0.01544405454342334,1.3993504004304291,0.0,2021-05-03
2021-05-04,Combined Equal Weight,Combined equity + cryptocurrency,Equal Weight,-0.004839310008475975,1.3925785100322614,-0.004839310008475928,2021-05-03
2021-05-05,Combined Equal Weight,Combined equity + cryptocurrency,Equal Weight,0.04589219677101031,1.4564869970337424,0.0,2021-05-03
2021-05-06,Combined Equal Weight,Combined equity + cryptocurrency,Equal Weight,0.031043948969687974,1.501702105044672,0.0,2021-05-03
2021-05-07,Combined Equal Weight,Combined equity + cryptocurrency,Equal Weight,-0.0034424290476482685,1.4965326020973517,-0.0034424290476482433,2021-05-03
2021-05-10,Combined Equal Weight,Combined equity + cryptocurrency,Equal Weight,-0.01802022494917461,1.4695647479637837,-0.02140062065101267,2021-05-03
2021-05-11,Combined Equal Weight,Combined equity + cryptocurrency,Equal Weight,0.01797547394735269,1.4959808708047546,-0.0038098330026294924,2021-05-03
2021-05-12,Combined Equal Weight,Combined equity + cryptocurrency,Equal Weight,-0.05525447615310902,1.4133212314533659,-0.05885379882894748,2021-05-03
2021-05-13,Combined Equal Weight,Combined equity + cryptocurrency,Equal Weight,0.01849782275138198,1.4394645970835551,-0.04144464321654884,2021-05-03
2021-05-14,Combined Equal Weight,Combined equity + cryptocurrency,Equal Weight,0.023847551264784286,1.473792302856347,-0.018585445205522078,2021-05-03
2021-05-17,Combined Equal Weight,Combined equity + cryptocurrency,Equal Weight,-0.010931679635632116,1.457681277552061,-0.02931395470828191,2021-05-03
2021-05-18,Combined Equal Weight,Combined equity + cryptocurrency,Equal Weight,-0.004727438543206439,1.450790178896851,-0.03390281333214651,2021-05-03
2021-05-19,Combined Equal Weight,Combined equity + cryptocurrency,Equal Weight,-0.06551031751177067,1.3557484536343598,-0.09719214677798593,2021-05-03
2021-05-20,Combined Equal Weight,Combined equity + cryptocurrency,Equal Weight,0.02959271108353935,1.395868725924717,-0.07047561481363629,2021-05-03
2021-05-21,Combined Equal Weight,Combined equity + cryptocurrency,Equal Weight,-0.020847722733069486,1.3667680417548755,-0.08985408146962837,2021-05-03
2021-05-24,Combined Equal Weight,Combined equity + cryptocurrency,Equal Weight,0.04342141353808043,1.4261150421065463,-0.050334259161125106,2021-05-03
2021-05-25,Combined Equal Weight,Combined equity + cryptocurrency,Equal Weight,-0.002822219894712331,1.4220902318625648,-0.05301442470824724,2021-05-03
2021-05-26,Combined Equal Weight,Combined equity + cryptocurrency,Equal Weight,0.014938209570737066,1.4433337137746258,-0.038868155724074094,2021-05-03
2021-05-27,Combined Equal Weight,Combined equity + cryptocurrency,Equal Weight,-0.004818460165022234,1.4363790677699693,-0.04349933122905192,2021-05-03
2021-05-28,Combined Equal Weight,Combined equity + cryptocurrency,Equal Weight,-0.012979098736480767,1.4177361620263687,-0.05591384785053988,2021-05-03
2021-06-01,Combined Equal Weight,Combined equity + cryptocurrency,Equal Weight,0.0019320991050394564,1.420475368796202,-0.054089779840891694,2021-06-01
2021-06-02,Combined Equal Weight,Combined equity + cryptocurrency,Equal Weight,0.005871720903786297,1.4288160037124764,-0.048535659028078215,2021-06-01
2021-06-03,Combined Equal Weight,Combined equity + cryptocurrency,Equal Weight,0.00696052515149391,1.438761313443174,-0.041912967551993696,2021-06-01
2021-06-04,Combined Equal Weight,Combined equity + cryptocurrency,Equal Weight,-0.006410127532746654,1.4295386699348214,-0.04805442761745604,2021-06-01
2021-06-07,Combined Equal Weight,Combined equity + cryptocurrency,Equal Weight,-0.014677621244462645,1.4085564427832051,-0.062026724174230274,2021-06-01
2021-06-08,Combined Equal Weight,Combined equity + cryptocurrency,Equal Weight,-0.0022920555433239703,1.4053279531804392,-0.06417661102057637,2021-06-01
2021-06-09,Combined Equal Weight,Combined equity + cryptocurrency,Equal Weight,0.006059146717764941,1.4138430414353358,-0.05850631980483412,2021-06-01
2021-06-10,Combined Equal Weight,Combined equity + cryptocurrency,Equal Weight,-0.004179762112068948,1.407933513858332,-0.062441539418066294,2021-06-01
2021-06-11,Combined Equal Weight,Combined equity + cryptocurrency,Equal Weight,-0.005259946352155204,1.4005278591080357,-0.06737304662273658,2021-06-01
2021-06-14,Combined Equal Weight,Combined equity + cryptocurrency,Equal Weight,0.0005924254516458218,1.4013575674575103,-0.066820534678665,2021-06-01
2021-06-15,Combined Equal Weight,Combined equity + cryptocurrency,Equal Weight,0.0005508898589561624,1.402129561130194,-0.06630645557463333,2021-06-01
2021-06-16,Combined Equal Weight,Combined equity + cryptocurrency,Equal Weight,-0.016818177195426973,1.3785482977201602,-0.08200947905100542,2021-06-01
2021-06-17,Combined Equal Weight,Combined equity + cryptocurrency,Equal Weight,-0.005996994018905909,1.3702811518239595,-0.08751466271454889,2021-06-01
2021-06-18,Combined Equal Weight,Combined equity + cryptocurrency,Equal Weight,-0.02105639902381963,1.341427965116335,-0.10672831807981598,2021-06-01
2021-06-21,Combined Equal Weight,Combined equity + cryptocurrency,Equal Weight,-0.01122807606973354,1.326366309881941,-0.11675804047535465,2021-06-01
2021-06-22,Combined Equal Weight,Combined equity + cryptocurrency,Equal Weight,-0.0022507126393714267,1.3233810404638533,-0.1187459643172798,2021-06-01
2021-06-23,Combined Equal Weight,Combined equity + cryptocurrency,Equal Weight,0.006043867928924045,1.331379380692059,-0.11341978131378205,2021-06-01
2021-06-24,Combined Equal Weight,Combined equity + cryptocurrency,Equal Weight,0.014283745514719491,1.3503964649494093,-0.1007560950916837,2021-06-01
2021-06-25,Combined Equal Weight,Combined equity + cryptocurrency,Equal Weight,-0.0029970768460659126,1.3463492229713003,-0.10345119817805026,2021-06-01
2021-06-28,Combined Equal Weight,Combined equity + cryptocurrency,Equal Weight,0.00028686348868458503,1.3467354414063897,-0.10319401106098358,2021-06-01
2021-06-29,Combined Equal Weight,Combined equity + cryptocurrency,Equal Weight,0.0080564401299027,1.3575853348608984,-0.09596894730295824,2021-06-01
2021-06-30,Combined Equal Weight,Combined equity + cryptocurrency,Equal Weight,0.004860100399554912,1.3641833358892859,-0.09157526562253515,2021-06-01
2021-07-01,Combined Equal Weight,Combined equity + cryptocurrency,Equal Weight,-0.0033192767515803833,1.3596552338575751,-0.09459057872391496,2021-07-01
2021-07-02,Combined Equal Weight,Combined equity + cryptocurrency,Equal Weight,0.004222600044422799,1.3653965141084619,-0.09076739686141366,2021-07-01
2021-07-06,Combined Equal Weight,Combined equity + cryptocurrency,Equal Weight,-0.004456368982147078,1.3593118034346572,-0.0948192728315973,2021-07-01
2021-07-07,Combined Equal Weight,Combined equity + cryptocurrency,Equal Weight,-0.0020641501185457546,1.356505979814457,-0.09668770173688723,2021-07-01
2021-07-08,Combined Equal Weight,Combined equity + cryptocurrency,Equal Weight,-0.01382753806143881,1.3377488417480032,-0.10917828692248621,2021-07-01
2021-07-09,Combined Equal Weight,Combined equity + cryptocurrency,Equal Weight,0.015066358575065743,1.3579038454811574,-0.09575684756680614,2021-07-01
2021-07-12,Combined Equal Weight,Combined equity + cryptocurrency,Equal Weight,0.00036294994455497996,1.3583966966065857,-0.0954286525647664,2021-07-01
2021-07-13,Combined Equal Weight,Combined equity + cryptocurrency,Equal Weight,-0.009152874003879208,1.34596346279526,-0.10370808013536026,2021-07-01
2021-07-14,Combined Equal Weight,Combined equity + cryptocurrency,Equal Weight,-0.0002967116982328364,1.3455640996904545,-0.10397402043301573,2021-07-01
2021-07-15,Combined Equal Weight,Combined equity + cryptocurrency,Equal Weight,-0.0059269151104781636,1.3375890554958823,-0.10928469035069222,2021-07-01
2021-07-16,Combined Equal Weight,Combined equity + cryptocurrency,Equal Weight,-0.011255169923300706,1.322534263388729,-0.1193098425140805,2021-07-01
2021-07-19,Combined Equal Weight,Combined equity + cryptocurrency,Equal Weight,-0.02163117561208524,1.2939262924843675,-0.13836020597049348,2021-07-01
2021-07-20,Combined Equal Weight,Combined equity + cryptocurrency,Equal Weight,0.0038223734407040123,1.2988721619789882,-0.13506669690634154,2021-07-01
2021-07-21,Combined Equal Weight,Combined equity + cryptocurrency,Equal Weight,0.01947568977556369,1.3241685932638068,-0.11822152421873577,2021-07-01
2021-07-22,Combined Equal Weight,Combined equity + cryptocurrency,Equal Weight,0.004038689909869517,1.3295164996003872,-0.11466029438585801,2021-07-01
2021-07-23,Combined Equal Weight,Combined equity + cryptocurrency,Equal Weight,0.009003177527418567,1.3414863726719217,-0.10668942384414126,2021-07-01
2021-07-26,Combined Equal Weight,Combined equity + cryptocurrency,Equal Weight,0.008081528935874055,1.3523276336097505,-0.09947010857421545,2021-07-01
2021-07-27,Combined Equal Weight,Combined equity + cryptocurrency,Equal Weight,0.0025721215462906717,1.3558059846538024,-0.09715383623740037,2021-07-01
2021-07-28,Combined Equal Weight,Combined equity + cryptocurrency,Equal Weight,0.0058017814973734295,1.363672074729595,-0.09191572006950799,2021-07-01
2021-07-29,Combined Equal Weight,Combined equity + cryptocurrency,Equal Weight,0.008287916243945015,1.3749740746691608,-0.08438959361500087,2021-07-01
2021-07-30,Combined Equal Weight,Combined equity + cryptocurrency,Equal Weight,0.00029465030331618676,1.3753792111973138,-0.08411980873104019,2021-07-01
2021-08-02,Combined Equal Weight,Combined equity + cryptocurrency,Equal Weight,-0.00041449549998878537,1.3748091227034944,-0.08449943694884998,2021-08-02
2021-08-03,Combined Equal Weight,Combined equity + cryptocurrency,Equal Weight,0.002828871333838877,1.3786982808202106,-0.08190960364992117,2021-08-02
2021-08-04,Combined Equal Weight,Combined equity + cryptocurrency,Equal Weight,-0.0007458405075578153,1.3776699917946746,-0.08259435265711879,2021-08-02
2021-08-05,Combined Equal Weight,Combined equity + cryptocurrency,Equal Weight,0.00673960073635806,1.3869549374858323,-0.07641140488074771,2021-08-02
2021-08-06,Combined Equal Weight,Combined equity + cryptocurrency,Equal Weight,0.006646527998350585,1.3961733723102825,-0.07027274742433032,2021-08-02
2021-08-09,Combined Equal Weight,Combined equity + cryptocurrency,Equal Weight,0.007315313599437625,1.4063868183679167,-0.0634715010097957,2021-08-02
2021-08-10,Combined Equal Weight,Combined equity + cryptocurrency,Equal Weight,0.008603524619973692,1.4184867019849514,-0.0554140550114266,2021-08-02
2021-08-11,Combined Equal Weight,Combined equity + cryptocurrency,Equal Weight,0.018826363374261884,1.4451916480780784,-0.03763093677285112,2021-08-02
2021-08-12,Combined Equal Weight,Combined equity + cryptocurrency,Equal Weight,-0.0026252192063192835,1.4413977032067316,-0.04015736652120261,2021-08-02
2021-08-13,Combined Equal Weight,Combined equity + cryptocurrency,Equal Weight,0.02012981743766485,1.4704127758273526,-0.020835909540386832,2021-08-02
2021-08-16,Combined Equal Weight,Combined equity + cryptocurrency,Equal Weight,-0.010206417890037102,1.4554051285664094,-0.030829667430535723,2021-08-02
2021-08-17,Combined Equal Weight,Combined equity + cryptocurrency,Equal Weight,-0.017326910114011038,1.4301874547242686,-0.047622394668132895,2021-08-02
2021-08-18,Combined Equal Weight,Combined equity + cryptocurrency,Equal Weight,-0.007485685653352496,1.4194815210128344,-0.0547515940449399,2021-08-02
2021-08-19,Combined Equal Weight,Combined equity + cryptocurrency,Equal Weight,0.008938631885490583,1.4321697437974243,-0.04630236650376085,2021-08-02
2021-08-20,Combined Equal Weight,Combined equity + cryptocurrency,Equal Weight,0.011897565649129093,1.4492090773449506,-0.034955686299820266,2021-08-02
2021-08-23,Combined Equal Weight,Combined equity + cryptocurrency,Equal Weight,0.012504528730857115,1.4673307538896296,-0.02288826195260596,2021-08-02
2021-08-24,Combined Equal Weight,Combined equity + cryptocurrency,Equal Weight,-0.012694146727758468,1.4487042420016023,-0.035291861724794704,2021-08-02
2021-08-25,Combined Equal Weight,Combined equity + cryptocurrency,Equal Weight,0.004514588789403154,1.4552445459317036,-0.030936601178691348,2021-08-02
2021-08-26,Combined Equal Weight,Combined equity + cryptocurrency,Equal Weight,-0.01813169968994708,1.4288584888494364,-0.04850736770663888,2021-08-02
2021-08-27,Combined Equal Weight,Combined equity + cryptocurrency,Equal Weight,0.023798953550937738,1.4628638256564273,-0.025862838746629646,2021-08-02
2021-08-30,Combined Equal Weight,Combined equity + cryptocurrency,Equal Weight,-0.007717018870763672,1.451574877908479,-0.03338027360273421,2021-08-02
2021-08-31,Combined Equal Weight,Combined equity + cryptocurrency,Equal Weight,0.006168923814696465,1.4605295327416237,-0.027417270152806705,2021-08-02
2021-09-01,Combined Equal Weight,Combined equity + cryptocurrency,Equal Weight,0.007531067699489176,1.471528879529804,-0.020092683770973507,2021-09-01
2021-09-02,Combined Equal Weight,Combined equity + cryptocurrency,Equal Weight,0.00768312946211226,1.4828348264184685,-0.012563928999514973,2021-09-01
2021-09-03,Combined Equal Weight,Combined equity + cryptocurrency,Equal Weight,0.005255146579100716,1.4906273407838928,-0.007374807708916187,2021-09-01
2021-09-07,Combined Equal Weight,Combined equity + cryptocurrency,Equal Weight,-0.038871006060093215,1.4326851563869416,-0.04595914757386399,2021-09-01
2021-09-08,Combined Equal Weight,Combined equity + cryptocurrency,Equal Weight,-0.0014823586030318523,1.4305614032199354,-0.047373378239101704,2021-09-01
2021-09-09,Combined Equal Weight,Combined equity + cryptocurrency,Equal Weight,-0.004918432983998439,1.4235252828287035,-0.0520588084370055,2021-09-01
2021-09-10,Combined Equal Weight,Combined equity + cryptocurrency,Equal Weight,-0.009854849916388348,1.4094966548142425,-0.06140062660942103,2021-09-01
2021-09-13,Combined Equal Weight,Combined equity + cryptocurrency,Equal Weight,-0.0020669330450443623,1.4065833196015274,-0.06334064867033995,2021-09-01
2021-09-14,Combined Equal Weight,Combined equity + cryptocurrency,Equal Weight,-0.0021971675541551344,1.4034928203694832,-0.06539864620637748,2021-09-01
2021-09-15,Combined Equal Weight,Combined equity + cryptocurrency,Equal Weight,0.012506311531714252,1.4210453388135484,-0.05371023051787238,2021-09-01
2021-09-16,Combined Equal Weight,Combined equity + cryptocurrency,Equal Weight,-0.00774742986187254,1.4100358897205496,-0.06104154413594265,2021-09-01
2021-09-17,Combined Equal Weight,Combined equity + cryptocurrency,Equal Weight,-0.014290287596920442,1.3898860713344634,-0.07445953051180032,2021-09-01
2021-09-20,Combined Equal Weight,Combined equity + cryptocurrency,Equal Weight,-0.031973261122467046,1.3454468810452067,-0.10405207762215729,2021-09-01
2021-09-21,Combined Equal Weight,Combined equity + cryptocurrency,Equal Weight,-0.009154325818808668,1.333130221924219,-0.11225387682028887,2021-09-01
2021-09-22,Combined Equal Weight,Combined equity + cryptocurrency,Equal Weight,0.022285279756503518,1.3628394018716496,-0.09247020611247758,2021-09-01
2021-09-23,Combined Equal Weight,Combined equity + cryptocurrency,Equal Weight,0.012227496358637185,1.3795035156954427,-0.081373388862363,2021-09-01
2021-09-24,Combined Equal Weight,Combined equity + cryptocurrency,Equal Weight,-0.010972191812396115,1.3643673385153574,-0.09145273624373673,2021-09-01
2021-09-27,Combined Equal Weight,Combined equity + cryptocurrency,Equal Weight,-0.0011300515451713132,1.3628255330962868,-0.09247944148300558,2021-09-01
2021-09-28,Combined Equal Weight,Combined equity + cryptocurrency,Equal Weight,-0.013931467625262407,1.343839373303075,-0.10512253476324518,2021-09-01
2021-09-29,Combined Equal Weight,Combined equity + cryptocurrency,Equal Weight,0.006598131310457013,1.352706201948291,-0.0992180157408441,2021-09-01
2021-09-30,Combined Equal Weight,Combined equity + cryptocurrency,Equal Weight,-0.003551444615864402,1.3479021407905352,-0.102417093068909,2021-09-01
2021-10-01,Combined Equal Weight,Combined equity + cryptocurrency,Equal Weight,0.024591481632230426,1.3810490515278295,-0.08034419949970917,2021-10-01
2021-10-04,Combined Equal Weight,Combined equity + cryptocurrency,Equal Weight,-0.004810819522684349,1.3744050737889548,-0.08476849757890592,2021-10-01
2021-10-05,Combined Equal Weight,Combined equity + cryptocurrency,Equal Weight,0.011483188086450932,1.390187625758246,-0.07425872209395934,2021-10-01
2021-10-06,Combined Equal Weight,Combined equity + cryptocurrency,Equal Weight,0.005587474761110262,1.3979552640303778,-0.06908616606834139,2021-10-01
2021-10-07,Combined Equal Weight,Combined equity + cryptocurrency,Equal Weight,0.0052389360784204034,1.4052790622991242,-0.06420916799785625,2021-10-01
2021-10-08,Combined Equal Weight,Combined equity + cryptocurrency,Equal Weight,-0.0023747030400701275,1.4019419418377357,-0.0664313933314814,2021-10-01
2021-10-11,Combined Equal Weight,Combined equity + cryptocurrency,Equal Weight,-0.004296087379301864,1.3959190767548926,-0.07044208564030252,2021-10-01
2021-10-12,Combined Equal Weight,Combined equity + cryptocurrency,Equal Weight,-0.005098322002961775,1.388802231811519,-0.07518127120810991,2021-10-01
2021-10-13,Combined Equal Weight,Combined equity + cryptocurrency,Equal Weight,0.008408065272775458,1.4004793716275663,-0.06740533497094248,2021-10-01
2021-10-14,Combined Equal Weight,Combined equity + cryptocurrency,Equal Weight,0.011900060022269846,1.417145160209885,-0.05630740248064814,2021-10-01
2021-10-15,Combined Equal Weight,Combined equity + cryptocurrency,Equal Weight,0.007837285263774928,1.428251731090628,-0.04891141439257618,2021-10-01
2021-10-18,Combined Equal Weight,Combined equity + cryptocurrency,Equal Weight,-0.0005192856469341977,1.4275100604664637,-0.04940530104404506,2021-10-01
2021-10-19,Combined Equal Weight,Combined equity + cryptocurrency,Equal Weight,0.01032964744942759,1.4422557361215933,-0.03958599293653531,2021-10-01
2021-10-20,Combined Equal Weight,Combined equity + cryptocurrency,Equal Weight,0.016666448080226375,1.4662930164660724,-0.023579302752290032,2021-10-01
2021-10-21,Combined Equal Weight,Combined equity + cryptocurrency,Equal Weight,-0.006035184533763461,1.4574436675311309,-0.02947218184276601,2021-10-01
2021-10-22,Combined Equal Weight,Combined equity + cryptocurrency,Equal Weight,-0.0008630902758750765,1.456185762074049,-0.03030983496508377,2021-10-01
2021-10-25,Combined Equal Weight,Combined equity + cryptocurrency,Equal Weight,0.008726217566526025,1.4688927558511846,-0.021848107612868595,2021-10-01
2021-10-26,Combined Equal Weight,Combined equity + cryptocurrency,Equal Weight,0.001723280008152015,1.4714240693714622,-0.020162478011781837,2021-10-01
2021-10-27,Combined Equal Weight,Combined equity + cryptocurrency,Equal Weight,-0.02978297830738359,1.4276006782324098,-0.049344957673917555,2021-10-01
2021-10-28,Combined Equal Weight,Combined equity + cryptocurrency,Equal Weight,0.01673768177632118,1.4514954040883241,-0.03343319609640838,2021-10-01
2021-10-29,Combined Equal Weight,Combined equity + cryptocurrency,Equal Weight,0.0029266088222896277,1.455743363343442,-0.03060443316077177,2021-10-01
2021-11-01,Combined Equal Weight,Combined equity + cryptocurrency,Equal Weight,0.005496539455518862,1.463744914177169,-0.02527611217963488,2021-11-01
2021-11-02,Combined Equal Weight,Combined equity + cryptocurrency,Equal Weight,0.00927586342275321,1.477322412086826,-0.0162347065213182,2021-11-01
2021-11-03,Combined Equal Weight,Combined equity + cryptocurrency,Equal Weight,0.00699515637706649,1.4876565133787185,-0.009353114455104006,2021-11-01
2021-11-04,Combined Equal Weight,Combined equity + cryptocurrency,Equal Weight,-0.00045052615204544896,1.4869862852141806,-0.00979942678448431,2021-11-01
2021-11-05,Combined Equal Weight,Combined equity + cryptocurrency,Equal Weight,0.001912252355451817,1.489829778240606,-0.007905913405983234,2021-11-01
2021-11-08,Combined Equal Weight,Combined equity + cryptocurrency,Equal Weight,0.013235330178001888,1.5095481672646398,0.0,2021-11-01
2021-11-09,Combined Equal Weight,Combined equity + cryptocurrency,Equal Weight,0.00939107049177435,1.5237244405141508,0.0,2021-11-01
2021-11-10,Combined Equal Weight,Combined equity + cryptocurrency,Equal Weight,-0.015665622593005784,1.4998543484933173,-0.015665622593005746,2021-11-01
2021-11-11,Combined Equal Weight,Combined equity + cryptocurrency,Equal Weight,0.003078730504174348,1.5044719958278423,-0.012635122318975345,2021-11-01
2021-11-12,Combined Equal Weight,Combined equity + cryptocurrency,Equal Weight,-0.0019728307779657236,1.5015039271698856,-0.014583026138746846,2021-11-01
2021-11-15,Combined Equal Weight,Combined equity + cryptocurrency,Equal Weight,-0.0034175321827507343,1.4963724891762558,-0.017950720360346506,2021-11-01
2021-11-16,Combined Equal Weight,Combined equity + cryptocurrency,Equal Weight,-0.014345148643287961,1.4749068033932955,-0.03203836325181131,2021-11-01
2021-11-17,Combined Equal Weight,Combined equity + cryptocurrency,Equal Weight,-0.00447826047813094,1.468301786546733,-0.03637314759400756,2021-11-01
2021-11-18,Combined Equal Weight,Combined equity + cryptocurrency,Equal Weight,-0.011407633511942013,1.451551937880878,-0.04736584956852141,2021-11-01
2021-11-19,Combined Equal Weight,Combined equity + cryptocurrency,Equal Weight,0.0009863625708337476,1.452983694382025,-0.04642620689883781,2021-11-01
2021-11-22,Combined Equal Weight,Combined equity + cryptocurrency,Equal Weight,-0.004581213867726622,1.4463272653317414,-0.050794732383693475,2021-11-01
2021-11-23,Combined Equal Weight,Combined equity + cryptocurrency,Equal Weight,0.009431161960641386,1.4599678120191766,-0.04184262377091019,2021-11-01
2021-11-24,Combined Equal Weight,Combined equity + cryptocurrency,Equal Weight,-0.0022593511768690556,1.4566692320249002,-0.04400743776651905,2021-11-01
2021-11-26,Combined Equal Weight,Combined equity + cryptocurrency,Equal Weight,-0.02874274140039863,1.4148005649828912,-0.07148528476350058,2021-11-01
2021-11-29,Combined Equal Weight,Combined equity + cryptocurrency,Equal Weight,0.009563416530891149,1.4283308920939626,-0.0626055117866322,2021-11-01
2021-11-30,Combined Equal Weight,Combined equity + cryptocurrency,Equal Weight,-0.018876195160066757,1.4013694394216447,-0.08029995308811866,2021-11-01
2021-12-01,Combined Equal Weight,Combined equity + cryptocurrency,Equal Weight,-0.011750985011291234,1.3849019681437194,-0.09110733455426401,2021-12-01
2021-12-02,Combined Equal Weight,Combined equity + cryptocurrency,Equal Weight,0.01834869035670467,1.4103131055315794,-0.07443034446852015,2021-12-01
2021-12-03,Combined Equal Weight,Combined equity + cryptocurrency,Equal Weight,-0.009867545697557165,1.3963967765148828,-0.08356344534074922,2021-12-01
2021-12-06,Combined Equal Weight,Combined equity + cryptocurrency,Equal Weight,0.017871164734786348,1.421352013343105,-0.06718565670345367,2021-12-01
2021-12-07,Combined Equal Weight,Combined equity + cryptocurrency,Equal Weight,0.011332865091101603,1.437460003957288,-0.05661419759582942,2021-12-01
2021-12-08,Combined Equal Weight,Combined equity + cryptocurrency,Equal Weight,0.0054353152487039156,1.445273052236199,-0.05148659835861136,2021-12-01
2021-12-09,Combined Equal Weight,Combined equity + cryptocurrency,Equal Weight,-0.017063854676585402,1.4206111229048555,-0.06767189320301359,2021-12-01
2021-12-10,Combined Equal Weight,Combined equity + cryptocurrency,Equal Weight,-0.0012832798183906547,1.4187880813210505,-0.06886833104658452,2021-12-01
2021-12-13,Combined Equal Weight,Combined equity + cryptocurrency,Equal Weight,-0.016899507623561343,1.3948112613245476,-0.08460399778460204,2021-12-01
2021-12-14,Combined Equal Weight,Combined equity + cryptocurrency,Equal Weight,-5.213716201589902e-06,1.3948039891744763,-0.0846087703995696,2021-12-01
2021-12-15,Combined Equal Weight,Combined equity + cryptocurrency,Equal Weight,0.013767615231737735,1.4140071138211232,-0.07200601616392377,2021-12-01
2021-12-16,Combined Equal Weight,Combined equity + cryptocurrency,Equal Weight,-0.0003713197112628643,1.4134820651078954,-0.0723505986220555,2021-12-01
2021-12-17,Combined Equal Weight,Combined equity + cryptocurrency,Equal Weight,-0.014212778090006657,1.3933925581823126,-0.08553507370916769,2021-12-01
2021-12-20,Combined Equal Weight,Combined equity + cryptocurrency,Equal Weight,-0.0064256342701347995,1.3844391272087055,-0.0914110908783784,2021-12-01
2021-12-21,Combined Equal Weight,Combined equity + cryptocurrency,Equal Weight,0.01648436864946725,1.4072607321543606,-0.07643357634960013,2021-12-01
2021-12-22,Combined Equal Weight,Combined equity + cryptocurrency,Equal Weight,0.005888571560852018,1.4155474876804288,-0.07099508937273447,2021-12-01
2021-12-23,Combined Equal Weight,Combined equity + cryptocurrency,Equal Weight,0.011706470618425838,1.4321185527539462,-0.06011972068210314,2021-12-01
2021-12-27,Combined Equal Weight,Combined equity + cryptocurrency,Equal Weight,0.011606147445799169,1.4487399318370728,-0.049211331578940865,2021-12-01
2021-12-28,Combined Equal Weight,Combined equity + cryptocurrency,Equal Weight,-0.008284994883057322,1.4367371289149218,-0.057088610831678266,2021-12-01
2021-12-29,Combined Equal Weight,Combined equity + cryptocurrency,Equal Weight,-0.0035987556207627116,1.4315666630966808,-0.060481918493328846,2021-12-01
2021-12-30,Combined Equal Weight,Combined equity + cryptocurrency,Equal Weight,0.0011251445638984468,1.4331773825455223,-0.059424824831237344,2021-12-01
2021-12-31,Combined Equal Weight,Combined equity + cryptocurrency,Equal Weight,-0.003016172972404459,1.428854671659627,-0.06226176225309599,2021-12-01
2022-01-03,Combined Equal Weight,Combined equity + cryptocurrency,Equal Weight,0.003123160162046699,1.4333172136475087,-0.059333055546536895,2022-01-03
2022-01-04,Combined Equal Weight,Combined equity + cryptocurrency,Equal Weight,0.005245285860481941,1.4408353721618394,-0.05439898852337244,2022-01-03
2022-01-05,Combined Equal Weight,Combined equity + cryptocurrency,Equal Weight,-0.018096104556931013,1.4147618646178741,-0.07151068329619326,2022-01-03
2022-01-06,Combined Equal Weight,Combined equity + cryptocurrency,Equal Weight,0.0005183915734026639,1.4154952652468633,-0.07102936225841971,2022-01-03
2022-01-07,Combined Equal Weight,Combined equity + cryptocurrency,Equal Weight,-0.004578147563009756,1.4090149190478214,-0.07528232691970405,2022-01-03
2022-01-10,Combined Equal Weight,Combined equity + cryptocurrency,Equal Weight,-0.009771789468378232,1.3952463219010822,-0.08431847333873321,2022-01-03
2022-01-11,Combined Equal Weight,Combined equity + cryptocurrency,Equal Weight,0.013846979597974993,1.4145662692545962,-0.07163904992081205,2022-01-03
2022-01-12,Combined Equal Weight,Combined equity + cryptocurrency,Equal Weight,0.01009832171404712,1.4288510145273685,-0.062264162380153976,2022-01-03
2022-01-13,Combined Equal Weight,Combined equity + cryptocurrency,Equal Weight,-0.009303019034340628,1.4155583863419836,-0.07098793672671466,2022-01-03
2022-01-14,Combined Equal Weight,Combined equity + cryptocurrency,Equal Weight,0.0062386021988574784,1.4243894920036277,-0.06519220002601289,2022-01-03
2022-01-18,Combined Equal Weight,Combined equity + cryptocurrency,Equal Weight,-0.011275193369427644,1.408329225047906,-0.07573233873396878,2022-01-03
2022-01-19,Combined Equal Weight,Combined equity + cryptocurrency,Equal Weight,-0.010568991198801716,1.3934446058633594,-0.08550091551122663,2022-01-03
2022-01-20,Combined Equal Weight,Combined equity + cryptocurrency,Equal Weight,-0.016353735957740638,1.370656580707332,-0.10045639207255153,2022-01-03
2022-01-21,Combined Equal Weight,Combined equity + cryptocurrency,Equal Weight,-0.028044954617635245,1.332216579105032,-0.12568405173346053,2022-01-03
2022-01-24,Combined Equal Weight,Combined equity + cryptocurrency,Equal Weight,-0.0021099015775916303,1.3294057332430846,-0.12752877233202164,2022-01-03
2022-01-25,Combined Equal Weight,Combined equity + cryptocurrency,Equal Weight,-0.001366135931396988,1.3275895843034962,-0.12872068662524883,2022-01-03
2022-01-26,Combined Equal Weight,Combined equity + cryptocurrency,Equal Weight,-0.006829781687431367,1.3185224372721955,-0.1346713341243735,2022-01-03
2022-01-27,Combined Equal Weight,Combined equity + cryptocurrency,Equal Weight,-0.003382240062272518,1.3140628778618484,-0.1375980834051308,2022-01-03
2022-01-28,Combined Equal Weight,Combined equity + cryptocurrency,Equal Weight,0.016968758728294356,1.3363608937900942,-0.12296419335561393,2022-01-03
2022-01-31,Combined Equal Weight,Combined equity + cryptocurrency,Equal Weight,0.012658757908259238,1.353277562822648,-0.11186200940242763,2022-01-03
2022-02-01,Combined Equal Weight,Combined equity + cryptocurrency,Equal Weight,0.012964162723813271,1.3708216733575664,-0.10034804397112007,2022-02-01
2022-02-02,Combined Equal Weight,Combined equity + cryptocurrency,Equal Weight,0.0016346570656979465,1.3730624966917324,-0.09887742154452839,2022-02-01
2022-02-03,Combined Equal Weight,Combined equity + cryptocurrency,Equal Weight,-0.005500623521787824,1.3655097968255452,-0.10383415759559467,2022-02-01
2022-02-04,Combined Equal Weight,Combined equity + cryptocurrency,Equal Weight,0.013587287763032953,1.3840633713782546,-0.09165769441144511,2022-02-01
2022-02-07,Combined Equal Weight,Combined equity + cryptocurrency,Equal Weight,0.014417506283383608,1.4040181137317016,-0.07856166351315896,2022-02-01
2022-02-08,Combined Equal Weight,Combined equity + cryptocurrency,Equal Weight,0.0028930988047512368,1.4080800768583879,-0.07589585136321697,2022-02-01
2022-02-09,Combined Equal Weight,Combined equity + cryptocurrency,Equal Weight,0.013945624103941828,1.4277166323185044,-0.06300864227343528,2022-02-01
2022-02-10,Combined Equal Weight,Combined equity + cryptocurrency,Equal Weight,-0.018540215539372143,1.4012464582261728,-0.08038066400421473,2022-02-01
2022-02-11,Combined Equal Weight,Combined equity + cryptocurrency,Equal Weight,-0.019655095234888724,1.3737048256421869,-0.09845586963305697,2022-02-01
2022-02-14,Combined Equal Weight,Combined equity + cryptocurrency,Equal Weight,-0.0063278593745512935,1.3650122146833807,-0.10416071410997108,2022-02-01
2022-02-15,Combined Equal Weight,Combined equity + cryptocurrency,Equal Weight,0.018567485505352577,1.3903570591941437,-0.08752723115408256,2022-02-01
2022-02-16,Combined Equal Weight,Combined equity + cryptocurrency,Equal Weight,-0.0032180176710967256,1.3858828656085227,-0.09046358464862336,2022-02-01
2022-02-17,Combined Equal Weight,Combined equity + cryptocurrency,Equal Weight,-0.02684227013228454,1.3486826233581541,-0.11487760680463477,2022-02-01
2022-02-18,Combined Equal Weight,Combined equity + cryptocurrency,Equal Weight,-0.00826825079563611,1.3375313771845125,-0.12219602073640756,2022-02-01
2022-02-22,Combined Equal Weight,Combined equity + cryptocurrency,Equal Weight,0.0010580186431956983,1.338946510317433,-0.12126728776127538,2022-02-01
2022-02-23,Combined Equal Weight,Combined equity + cryptocurrency,Equal Weight,-0.013016140102082631,1.3215185949499466,-0.13270499585605766,2022-02-01
2022-02-24,Combined Equal Weight,Combined equity + cryptocurrency,Equal Weight,0.0053563514285512055,1.3285971129638638,-0.12805945902163585,2022-02-01
2022-02-25,Combined Equal Weight,Combined equity + cryptocurrency,Equal Weight,0.02869708277513374,1.3667239742893917,-0.10303730914218479,2022-02-01
2022-02-28,Combined Equal Weight,Combined equity + cryptocurrency,Equal Weight,0.01655282827677638,1.3893471215375575,-0.08819003974974005,2022-02-01
2022-03-01,Combined Equal Weight,Combined equity + cryptocurrency,Equal Weight,-0.010226922298809877,1.3751383764795178,-0.09751504936450028,2022-03-01
2022-03-02,Combined Equal Weight,Combined equity + cryptocurrency,Equal Weight,0.013160670566247224,1.3932361196353689,-0.08563774223819054,2022-03-01
2022-03-03,Combined Equal Weight,Combined equity + cryptocurrency,Equal Weight,-0.003782173211554235,1.3879666593063142,-0.08909601867515349,2022-03-01
2022-03-04,Combined Equal Weight,Combined equity + cryptocurrency,Equal Weight,-0.008975721310218135,1.3755086573845061,-0.09727203895189351,2022-03-01
2022-03-07,Combined Equal Weight,Combined equity + cryptocurrency,Equal Weight,-0.016758842699473385,1.3524567241636354,-0.11240071485151504,2022-03-01
2022-03-08,Combined Equal Weight,Combined equity + cryptocurrency,Equal Weight,-0.0011049006120917118,1.3509623939012796,-0.11338142384496774,2022-03-01
2022-03-09,Combined Equal Weight,Combined equity + cryptocurrency,Equal Weight,0.020795719363241344,1.3790566287151433,-0.09494355275301103,2022-03-01
2022-03-10,Combined Equal Weight,Combined equity + cryptocurrency,Equal Weight,-0.007427519862195576,1.3688136582142691,-0.10166587749134615,2022-03-01
2022-03-11,Combined Equal Weight,Combined equity + cryptocurrency,Equal Weight,-0.005556651233217912,1.3612076381123073,-0.10665760690102566,2022-03-01
2022-03-14,Combined Equal Weight,Combined equity + cryptocurrency,Equal Weight,-0.004241447797855115,1.3554341469732123,-0.1104466720269659,2022-03-01
2022-03-15,Combined Equal Weight,Combined equity + cryptocurrency,Equal Weight,0.007571560001856378,1.365696897945585,-0.103711365629367,2022-03-01
2022-03-16,Combined Equal Weight,Combined equity + cryptocurrency,Equal Weight,0.018787145676463834,1.3913544445171835,-0.08687266048728715,2022-03-01
2022-03-17,Combined Equal Weight,Combined equity + cryptocurrency,Equal Weight,0.012209231244783951,1.4083418126737517,-0.07572407764324207,2022-03-01
2022-03-18,Combined Equal Weight,Combined equity + cryptocurrency,Equal Weight,0.007351346412345916,1.4186950212057075,-0.06892940515740709,2022-03-01
2022-03-21,Combined Equal Weight,Combined equity + cryptocurrency,Equal Weight,0.007466153625463743,1.4292872161817096,-0.06197788906016055,2022-03-01
2022-03-22,Combined Equal Weight,Combined equity + cryptocurrency,Equal Weight,0.014423199406002923,1.4499021107091492,-0.04844860910683546,2022-03-01
2022-03-23,Combined Equal Weight,Combined equity + cryptocurrency,Equal Weight,-0.005660879843302078,1.4416943890758747,-0.053835227195408564,2022-03-01
2022-03-24,Combined Equal Weight,Combined equity + cryptocurrency,Equal Weight,0.01287175911489032,1.4602515319693483,-0.04165642215687293,2022-03-01
2022-03-25,Combined Equal Weight,Combined equity + cryptocurrency,Equal Weight,0.005485561762670621,1.4682618319370004,-0.03639936927075582,2022-03-01
2022-03-28,Combined Equal Weight,Combined equity + cryptocurrency,Equal Weight,0.0009579964662566592,1.4696684215835356,-0.035476243271634456,2022-03-01
2022-03-29,Combined Equal Weight,Combined equity + cryptocurrency,Equal Weight,0.012377539046555208,1.4878592998571751,-0.023537812811398884,2022-03-01
2022-03-30,Combined Equal Weight,Combined equity + cryptocurrency,Equal Weight,-0.001529145365737496,1.4855841467039292,-0.025030965439756248,2022-03-01
2022-03-31,Combined Equal Weight,Combined equity + cryptocurrency,Equal Weight,-0.017273203993594673,1.459923348688262,-0.04187180446115335,2022-03-01
2022-04-01,Combined Equal Weight,Combined equity + cryptocurrency,Equal Weight,0.007345515668125022,1.470647238520313,-0.03483385878875045,2022-04-01
2022-04-04,Combined Equal Weight,Combined equity + cryptocurrency,Equal Weight,0.0007995290337790444,1.471823063685957,-0.03406218043643161,2022-04-01
2022-04-05,Combined Equal Weight,Combined equity + cryptocurrency,Equal Weight,-0.013597478849595144,1.451809980707141,-0.047196499507971224,2022-04-01
2022-04-06,Combined Equal Weight,Combined equity + cryptocurrency,Equal Weight,-0.015726044603035345,1.4289787521954085,-0.06218032985463717,2022-04-01
2022-04-07,Combined Equal Weight,Combined equity + cryptocurrency,Equal Weight,0.006745556202943714,1.438618008681155,-0.05585421456144535,2022-04-01
2022-04-08,Combined Equal Weight,Combined equity + cryptocurrency,Equal Weight,-0.0035367066106616113,1.4335300388596355,-0.059193381202234274,2022-04-01
2022-04-11,Combined Equal Weight,Combined equity + cryptocurrency,Equal Weight,-0.02214233461807818,1.4017883370541389,-0.0800250361665571,2022-04-01
2022-04-12,Combined Equal Weight,Combined equity + cryptocurrency,Equal Weight,0.0033453973683306043,1.4064778760678762,-0.07694735434361877,2022-04-01
2022-04-13,Combined Equal Weight,Combined equity + cryptocurrency,Equal Weight,0.012839470587404256,1.4245363073894846,-0.06509584704908788,2022-04-01
2022-04-14,Combined Equal Weight,Combined equity + cryptocurrency,Equal Weight,-0.005005402969397077,1.4174059291264631,-0.06977541907237017,2022-04-01
2022-04-18,Combined Equal Weight,Combined equity + cryptocurrency,Equal Weight,0.003895215656276047,1.4229270308928952,-0.06615199372088798,2022-04-01
2022-04-19,Combined Equal Weight,Combined equity + cryptocurrency,Equal Weight,0.013292032574333612,1.4418406233384233,-0.053739255601949476,2022-04-01
2022-04-20,Combined Equal Weight,Combined equity + cryptocurrency,Equal Weight,-0.00011606819865203459,1.441673271494529,-0.05384908638200692,2022-04-01
2022-04-21,Combined Equal Weight,Combined equity + cryptocurrency,Equal Weight,-0.013049276362088306,1.422860478550961,-0.06619567113405045,2022-04-01
2022-04-22,Combined Equal Weight,Combined equity + cryptocurrency,Equal Weight,-0.021983904871802764,1.391580449144649,-0.08672433666871704,2022-04-01
2022-04-25,Combined Equal Weight,Combined equity + cryptocurrency,Equal Weight,-0.0010758306518203588,1.3900833442429852,-0.08770686662089044,2022-04-01
2022-04-26,Combined Equal Weight,Combined equity + cryptocurrency,Equal Weight,-0.027028682018809664,1.352511223551798,-0.11236494763093796,2022-04-01
2022-04-27,Combined Equal Weight,Combined equity + cryptocurrency,Equal Weight,0.0042134698724252675,1.3582099888443504,-0.1086249240800724,2022-04-01
2022-04-28,Combined Equal Weight,Combined equity + cryptocurrency,Equal Weight,0.015777264870657098,1.37963882758832,-0.0945614634081815,2022-04-01
2022-04-29,Combined Equal Weight,Combined equity + cryptocurrency,Equal Weight,-0.035019586705683156,1.3313244460430638,-0.12626954674702562,2022-04-01
2022-05-02,Combined Equal Weight,Combined equity + cryptocurrency,Equal Weight,0.0030438634196666243,1.3353768158240822,-0.12361003058172015,2022-05-02
2022-05-03,Combined Equal Weight,Combined equity + cryptocurrency,Equal Weight,0.0035771896427388723,1.3401537119388016,-0.1204750174601169,2022-05-02
2022-05-04,Combined Equal Weight,Combined equity + cryptocurrency,Equal Weight,0.04177220186804467,1.3961348833281186,-0.0837353223414724,2022-05-02
2022-05-05,Combined Equal Weight,Combined equity + cryptocurrency,Equal Weight,-0.03625966348558569,1.3455115022781536,-0.1169587712170993,2022-05-02
2022-05-06,Combined Equal Weight,Combined equity + cryptocurrency,Equal Weight,-0.0009527199684605915,1.3442296066021397,-0.11780006222873474,2022-05-02
2022-05-09,Combined Equal Weight,Combined equity + cryptocurrency,Equal Weight,-0.052678036968289266,1.2734182296916832,-0.1642726231640721,2022-05-02
2022-05-10,Combined Equal Weight,Combined equity + cryptocurrency,Equal Weight,0.0018119611403135819,1.2757256140392514,-0.16275831763334914,2022-05-02
2022-05-11,Combined Equal Weight,Combined equity + cryptocurrency,Equal Weight,-0.0247430183734782,1.2441603117315614,-0.18347420396318903,2022-05-02
2022-05-12,Combined Equal Weight,Combined equity + cryptocurrency,Equal Weight,-0.004670253268342834,1.2383497679693547,-0.1872875862308161,2022-05-02
2022-05-13,Combined Equal Weight,Combined equity + cryptocurrency,Equal Weight,0.027788387963758612,1.2727615117565176,-0.16470361837403535,2022-05-02
2022-05-16,Combined Equal Weight,Combined equity + cryptocurrency,Equal Weight,-0.006165022113996645,1.264914908890695,-0.1698532390385007,2022-05-02
2022-05-17,Combined Equal Weight,Combined equity + cryptocurrency,Equal Weight,0.022176845024691118,1.2929667307945851,-0.15144320297290825,2022-05-02
2022-05-18,Combined Equal Weight,Combined equity + cryptocurrency,Equal Weight,-0.034048163982457434,1.2489435875206292,-0.18033500394651558,2022-05-02
2022-05-19,Combined Equal Weight,Combined equity + cryptocurrency,Equal Weight,0.004168605554210163,1.2541499406964627,-0.1769181438913755,2022-05-02
2022-05-20,Combined Equal Weight,Combined equity + cryptocurrency,Equal Weight,-0.003559211806169035,1.2496861554208296,-0.17984766655108086,2022-05-02
2022-05-23,Combined Equal Weight,Combined equity + cryptocurrency,Equal Weight,0.012703259911002875,1.2655612434603223,-0.16942905829266375,2022-05-02
2022-05-24,Combined Equal Weight,Combined equity + cryptocurrency,Equal Weight,0.004811757509458752,1.2716508172772225,-0.16543255232676524,2022-05-02
2022-05-25,Combined Equal Weight,Combined equity + cryptocurrency,Equal Weight,0.006938127474348706,1.2804736927503517,-0.15964221698886638,2022-05-02
2022-05-26,Combined Equal Weight,Combined equity + cryptocurrency,Equal Weight,0.006945061691463546,1.289366661540799,-0.1538058803429525,2022-05-02
2022-05-27,Combined Equal Weight,Combined equity + cryptocurrency,Equal Weight,0.01383266498898655,1.307202038617861,-0.14210076057008603,2022-05-02
2022-05-31,Combined Equal Weight,Combined equity + cryptocurrency,Equal Weight,-0.006028189664139599,1.2993219767997226,-0.14727233989809074,2022-05-02
2022-06-01,Combined Equal Weight,Combined equity + cryptocurrency,Equal Weight,-0.016220122078898155,1.2782468157162359,-0.16110368664499686,2022-06-01
2022-06-02,Combined Equal Weight,Combined equity + cryptocurrency,Equal Weight,0.01603856298368861,1.2987480577788,-0.14764899528646858,2022-06-01
2022-06-03,Combined Equal Weight,Combined equity + cryptocurrency,Equal Weight,-0.011167205710326871,1.2842446710516966,-0.15716737429350836,2022-06-01
2022-06-06,Combined Equal Weight,Combined equity + cryptocurrency,Equal Weight,0.004114461134851154,1.2895286458383786,-0.15369957221185448,2022-06-01
2022-06-07,Combined Equal Weight,Combined equity + cryptocurrency,Equal Weight,0.006713171761886393,1.2981854731297644,-0.14801821207795463,2022-06-01
2022-06-08,Combined Equal Weight,Combined equity + cryptocurrency,Equal Weight,-0.01290285844855842,1.2814351697299962,-0.15901121248826255,2022-06-01
2022-06-09,Combined Equal Weight,Combined equity + cryptocurrency,Equal Weight,-0.020856012455891262,1.2547095418686902,-0.17655088511587225,2022-06-01
2022-06-10,Combined Equal Weight,Combined equity + cryptocurrency,Equal Weight,-0.030024250948289657,1.2170378277164111,-0.20127432798430034,2022-06-01
2022-06-13,Combined Equal Weight,Combined equity + cryptocurrency,Equal Weight,-0.0538369821480716,1.1515161839121149,-0.24427530772981598,2022-06-01
2022-06-14,Combined Equal Weight,Combined equity + cryptocurrency,Equal Weight,-0.003969530564505054,1.1469452052245535,-0.24727517999413373,2022-06-01
2022-06-15,Combined Equal Weight,Combined equity + cryptocurrency,Equal Weight,0.018784845937406487,1.1684903942033438,-0.2331353602170615,2022-06-01
2022-06-16,Combined Equal Weight,Combined equity + cryptocurrency,Equal Weight,-0.04058898828852499,1.1210625512777703,-0.26426162010009513,2022-06-01
2022-06-17,Combined Equal Weight,Combined equity + cryptocurrency,Equal Weight,0.0016221205610190735,1.1228810498923867,-0.2630681637465285,2022-06-01
2022-06-21,Combined Equal Weight,Combined equity + cryptocurrency,Equal Weight,0.018962991896126838,1.1441742341418104,-0.249093731307656,2022-06-01
2022-06-22,Combined Equal Weight,Combined equity + cryptocurrency,Equal Weight,-0.007612364090035382,1.1354643632890855,-0.25480990322243213,2022-06-01
2022-06-23,Combined Equal Weight,Combined equity + cryptocurrency,Equal Weight,0.00940063045742406,1.1461384441659406,-0.2478046465020941,2022-06-01
2022-06-24,Combined Equal Weight,Combined equity + cryptocurrency,Equal Weight,0.02978784222347927,1.1802794353070196,-0.22539836999086427,2022-06-01
2022-06-27,Combined Equal Weight,Combined equity + cryptocurrency,Equal Weight,-0.0039598196355041144,1.1756057416237091,-0.22846565273506791,2022-06-01
2022-06-28,Combined Equal Weight,Combined equity + cryptocurrency,Equal Weight,-0.01473252091149782,1.158286105451561,-0.23983229864008737,2022-06-01
2022-06-29,Combined Equal Weight,Combined equity + cryptocurrency,Equal Weight,-0.006139851970863033,1.1511744002241808,-0.24449961579946855,2022-06-01
2022-06-30,Combined Equal Weight,Combined equity + cryptocurrency,Equal Weight,-0.00712260813849919,1.142975036072312,-0.24988074898461454,2022-06-01
2022-07-01,Combined Equal Weight,Combined equity + cryptocurrency,Equal Weight,0.005155360012899511,1.1488674838690216,-0.2460136141930237,2022-07-01
2022-07-05,Combined Equal Weight,Combined equity + cryptocurrency,Equal Weight,-0.008422948554401274,1.1391906321565684,-0.2523644027313948,2022-07-01
2022-07-06,Combined Equal Weight,Combined equity + cryptocurrency,Equal Weight,0.0026418560591317496,1.1422002098306372,-0.2503892570987283,2022-07-01
2022-07-07,Combined Equal Weight,Combined equity + cryptocurrency,Equal Weight,0.01780056160582987,1.1625320150319192,-0.23704576488932239,2022-07-01
2022-07-08,Combined Equal Weight,Combined equity + cryptocurrency,Equal Weight,-0.004394985112496568,1.1574227041330531,-0.24039893739415008,2022-07-01
2022-07-11,Combined Equal Weight,Combined equity + cryptocurrency,Equal Weight,-0.015594308902634382,1.13937349695388,-0.252244391007195,2022-07-01
2022-07-12,Combined Equal Weight,Combined equity + cryptocurrency,Equal Weight,-0.006942971130113013,1.1314628596581133,-0.257436036612812,2022-07-01
2022-07-13,Combined Equal Weight,Combined equity + cryptocurrency,Equal Weight,0.0037532395194822534,1.1357095107778084,-0.25464901619968405,2022-07-01
2022-07-14,Combined Equal Weight,Combined equity + cryptocurrency,Equal Weight,0.0004897137258125398,1.136265683313772,-0.25428400759236913,2022-07-01
2022-07-15,Combined Equal Weight,Combined equity + cryptocurrency,Equal Weight,0.017626951167765685,1.1562945830271518,-0.24113930820917795,2022-07-01
2022-07-18,Combined Equal Weight,Combined equity + cryptocurrency,Equal Weight,0.01505475943589294,1.1737023198116519,-0.22971484304891165,2022-07-01
2022-07-19,Combined Equal Weight,Combined equity + cryptocurrency,Equal Weight,0.025719242676330634,1.20388905460466,-0.2099036921673113,2022-07-01
2022-07-20,Combined Equal Weight,Combined equity + cryptocurrency,Equal Weight,-0.0039649188884528005,1.1991157321524561,-0.21303635994193404,2022-07-01
2022-07-21,Combined Equal Weight,Combined equity + cryptocurrency,Equal Weight,0.00935168680878642,1.2103294869270345,-0.20567692245020852,2022-07-01
2022-07-22,Combined Equal Weight,Combined equity + cryptocurrency,Equal Weight,-0.006199394750067577,1.202826176659927,-0.21060124476702813,2022-07-01
2022-07-25,Combined Equal Weight,Combined equity + cryptocurrency,Equal Weight,-0.009862827201626314,1.1909629099259373,-0.21838694828306993,2022-07-01
2022-07-26,Combined Equal Weight,Combined equity + cryptocurrency,Equal Weight,-0.003649809721155684,1.1866161219197537,-0.2212396871974085,2022-07-01
2022-07-27,Combined Equal Weight,Combined equity + cryptocurrency,Equal Weight,0.028833414021524603,1.2208303158476819,-0.19878536867483942,2022-07-01
2022-07-28,Combined Equal Weight,Combined equity + cryptocurrency,Equal Weight,0.0236883336190188,1.2497497516616938,-0.17980592918757,2022-07-01
2022-07-29,Combined Equal Weight,Combined equity + cryptocurrency,Equal Weight,0.0070854817610839504,1.2586048307330118,-0.17399445905827937,2022-07-01
2022-08-01,Combined Equal Weight,Combined equity + cryptocurrency,Equal Weight,-0.003463816514591548,1.254245254534974,-0.1768555906921374,2022-08-01
2022-08-02,Combined Equal Weight,Combined equity + cryptocurrency,Equal Weight,-0.011255808165092434,1.240127710557951,-0.18612074625547503,2022-08-01
2022-08-03,Combined Equal Weight,Combined equity + cryptocurrency,Equal Weight,0.004373514578355019,1.2455514271790982,-0.1825612334742026,2022-08-01
2022-08-04,Combined Equal Weight,Combined equity + cryptocurrency,Equal Weight,-0.0009256275051892941,1.2443985105189734,-0.1833178772803069,2022-08-01
2022-08-05,Combined Equal Weight,Combined equity + cryptocurrency,Equal Weight,0.008418504690363234,1.2548744852164586,-0.17644263499965518,2022-08-01
2022-08-08,Combined Equal Weight,Combined equity + cryptocurrency,Equal Weight,0.003619991058590741,1.2594171196325958,-0.17346136470211748,2022-08-01
2022-08-09,Combined Equal Weight,Combined equity + cryptocurrency,Equal Weight,-0.008307027178909028,1.2489551073902245,-0.18032744360995534,2022-08-01
2022-08-10,Combined Equal Weight,Combined equity + cryptocurrency,Equal Weight,0.022186269194869677,1.2766647616150915,-0.16214196762223876,2022-08-01
2022-08-11,Combined Equal Weight,Combined equity + cryptocurrency,Equal Weight,0.007082189160881965,1.2857063429518818,-0.15620809854697515,2022-08-01
2022-08-12,Combined Equal Weight,Combined equity + cryptocurrency,Equal Weight,0.014861568906941163,1.3048139563617525,-0.14366802706041215,2022-08-01
2022-08-15,Combined Equal Weight,Combined equity + cryptocurrency,Equal Weight,0.0008374467051541525,1.3059066685103469,-0.14295089467115563,2022-08-01
2022-08-16,Combined Equal Weight,Combined equity + cryptocurrency,Equal Weight,0.0024541113629621683,1.3091115089045062,-0.1408476007231515,2022-08-01
2022-08-17,Combined Equal Weight,Combined equity + cryptocurrency,Equal Weight,-0.007830974910600554,1.2988598895230965,-0.14757560160627092,2022-08-01
2022-08-18,Combined Equal Weight,Combined equity + cryptocurrency,Equal Weight,0.0003828015726132705,1.2993570951314102,-0.1472492922060319,2022-08-01
2022-08-19,Combined Equal Weight,Combined equity + cryptocurrency,Equal Weight,-0.025662499144877164,1.2660123447887104,-0.16913300651558794,2022-08-01
2022-08-22,Combined Equal Weight,Combined equity + cryptocurrency,Equal Weight,-0.012963174834853056,1.249600805420132,-0.1799036806166351,2022-08-01
2022-08-23,Combined Equal Weight,Combined equity + cryptocurrency,Equal Weight,0.003668753622841683,1.254185282902123,-0.17689494927381832,2022-08-01
2022-08-24,Combined Equal Weight,Combined equity + cryptocurrency,Equal Weight,0.0008730315596586693,1.2552802262357559,-0.17617635258761988,2022-08-01
2022-08-25,Combined Equal Weight,Combined equity + cryptocurrency,Equal Weight,0.013227390181737624,1.2718843075755961,-0.1652793157623541,2022-08-01
2022-08-26,Combined Equal Weight,Combined equity + cryptocurrency,Equal Weight,-0.03568844670681813,1.2264927322474461,-0.19506920041684817,2022-08-01
2022-08-29,Combined Equal Weight,Combined equity + cryptocurrency,Equal Weight,0.00448687477412057,1.2319958515484093,-0.1914575767172858,2022-08-01
2022-08-30,Combined Equal Weight,Combined equity + cryptocurrency,Equal Weight,-0.015858351226891047,1.212458428624482,-0.20427972644754466,2022-08-01
2022-08-31,Combined Equal Weight,Combined equity + cryptocurrency,Equal Weight,-0.005672496652686302,1.2055807622465882,-0.20879344703574576,2022-08-01
2022-09-01,Combined Equal Weight,Combined equity + cryptocurrency,Equal Weight,0.003488643667265686,1.209786603938177,-0.20603320930524782,2022-09-01
2022-09-02,Combined Equal Weight,Combined equity + cryptocurrency,Equal Weight,-0.007038603499564757,1.2012713957139713,-0.2116216267367701,2022-09-01
2022-09-06,Combined Equal Weight,Combined equity + cryptocurrency,Equal Weight,-0.015641627090444452,1.1824815565077957,-0.2239531472575247,2022-09-01
2022-09-07,Combined Equal Weight,Combined equity + cryptocurrency,Equal Weight,0.022838978974063662,1.2094882279140955,-0.2062290295048509,2022-09-01
2022-09-08,Combined Equal Weight,Combined equity + cryptocurrency,Equal Weight,0.005823291244149147,1.216531430121609,-0.20160666996250687,2022-09-01
2022-09-09,Combined Equal Weight,Combined equity + cryptocurrency,Equal Weight,0.02177344146897903,1.2430195060105351,-0.18422289952171234,2022-09-01
2022-09-12,Combined Equal Weight,Combined equity + cryptocurrency,Equal Weight,0.005615109873927534,1.2499991971122193,-0.17964222146989273,2022-09-01
2022-09-13,Combined Equal Weight,Combined equity + cryptocurrency,Equal Weight,-0.045305635314488134,1.1933671893444502,-0.21680905181138133,2022-09-01
2022-09-14,Combined Equal Weight,Combined equity + cryptocurrency,Equal Weight,0.006059883851888262,1.2005988559045317,-0.21206300563150815,2022-09-01
2022-09-15,Combined Equal Weight,Combined equity + cryptocurrency,Equal Weight,-0.02167729421699865,1.1745731212684973,-0.22914334768289157,2022-09-01
2022-09-16,Combined Equal Weight,Combined equity + cryptocurrency,Equal Weight,-0.0038376224372464736,1.1700655531041306,-0.23210160446772443,2022-09-01
2022-09-19,Combined Equal Weight,Combined equity + cryptocurrency,Equal Weight,0.009004582956041361,1.1806015054410632,-0.225186999663343,2022-09-01
2022-09-20,Combined Equal Weight,Combined equity + cryptocurrency,Equal Weight,-0.012497707203421273,1.1658466935021425,-0.2348703856789548,2022-09-01
2022-09-21,Combined Equal Weight,Combined equity + cryptocurrency,Equal Weight,-0.02091013461785514,1.1414686821972313,-0.2508693489145155,2022-09-01
2022-09-22,Combined Equal Weight,Combined equity + cryptocurrency,Equal Weight,0.004779740878530837,1.1469246067190921,-0.24728869851816182,2022-09-01
2022-09-23,Combined Equal Weight,Combined equity + cryptocurrency,Equal Weight,-0.016008858734630455,1.1285636527108547,-0.2593387474115444,2022-09-01
2022-09-26,Combined Equal Weight,Combined equity + cryptocurrency,Equal Weight,-0.013060181172159445,1.1138244069421368,-0.26901191755754816,2022-09-01
2022-09-27,Combined Equal Weight,Combined equity + cryptocurrency,Equal Weight,-0.006383813165582746,1.1067139600289522,-0.27367840890212847,2022-09-01
2022-09-28,Combined Equal Weight,Combined equity + cryptocurrency,Equal Weight,0.017099551578298244,1.12563827247089,-0.26125863539271865,2022-09-01
2022-09-29,Combined Equal Weight,Combined equity + cryptocurrency,Equal Weight,-0.010667825099177401,1.1136301602552303,-0.26913939906387685,2022-09-01
2022-09-30,Combined Equal Weight,Combined equity + cryptocurrency,Equal Weight,-0.013114932780618174,1.099024975561014,-0.2787245867171563,2022-09-01
2022-10-03,Combined Equal Weight,Combined equity + cryptocurrency,Equal Weight,0.030449618306372543,1.1324898665760172,-0.2567620256889226,2022-10-03
2022-10-04,Combined Equal Weight,Combined equity + cryptocurrency,Equal Weight,0.028877504211823033,1.165193347467913,-0.23529916795536765,2022-10-03
2022-10-05,Combined Equal Weight,Combined equity + cryptocurrency,Equal Weight,-0.0032666765950058988,1.161387037631083,-0.23779719826558932,2022-10-03
2022-10-06,Combined Equal Weight,Combined equity + cryptocurrency,Equal Weight,-0.010141035436298847,1.1496093705272081,-0.2455267238876243,2022-10-03
2022-10-07,Combined Equal Weight,Combined equity + cryptocurrency,Equal Weight,-0.020192731820149988,1.1263956168102207,-0.2607616004176315,2022-10-03
2022-10-10,Combined Equal Weight,Combined equity + cryptocurrency,Equal Weight,-0.012316381544783976,1.1125224986232138,-0.2698663425994433,2022-10-03
2022-10-11,Combined Equal Weight,Combined equity + cryptocurrency,Equal Weight,-0.005831707058143753,1.1060345933156492,-0.2741242682026944,2022-10-03
2022-10-12,Combined Equal Weight,Combined equity + cryptocurrency,Equal Weight,-0.004097933364832378,1.1015021372530422,-0.27709885858274874,2022-10-03
2022-10-13,Combined Equal Weight,Combined equity + cryptocurrency,Equal Weight,0.022351742989924865,1.1261226299277753,-0.2609407580626668,2022-10-03
2022-10-14,Combined Equal Weight,Combined equity + cryptocurrency,Equal Weight,-0.015141824641345801,1.1090710785407578,-0.2721314635036479,2022-10-03
2022-10-17,Combined Equal Weight,Combined equity + cryptocurrency,Equal Weight,0.01835114329991879,1.1294238008328548,-0.25877424368690116,2022-10-03
2022-10-18,Combined Equal Weight,Combined equity + cryptocurrency,Equal Weight,0.007487720593322684,1.1378806106849395,-0.25322415232705453,2022-10-03
2022-10-19,Combined Equal Weight,Combined equity + cryptocurrency,Equal Weight,-0.009797062066869849,1.1267327237173714,-0.26054036165674566,2022-10-03
2022-10-20,Combined Equal Weight,Combined equity + cryptocurrency,Equal Weight,-0.0035544299979239314,1.1227278311245479,-0.26316871917752693,2022-10-03
2022-10-21,Combined Equal Weight,Combined equity + cryptocurrency,Equal Weight,0.022855399973065585,1.148388224765792,-0.24632814554166305,2022-10-03
2022-10-24,Combined Equal Weight,Combined equity + cryptocurrency,Equal Weight,0.004079824650627541,1.153073447353682,-0.24325329653135974,2022-10-03
2022-10-25,Combined Equal Weight,Combined equity + cryptocurrency,Equal Weight,0.021258075774455203,1.1775855700710387,-0.22716631776695417,2022-10-03
2022-10-26,Combined Equal Weight,Combined equity + cryptocurrency,Equal Weight,0.007800824134907793,1.1867717080069682,-0.22113757812632084,2022-10-03
2022-10-27,Combined Equal Weight,Combined equity + cryptocurrency,Equal Weight,-0.0031906261776496153,1.182985163128507,-0.22362263695833873,2022-10-03
2022-10-28,Combined Equal Weight,Combined equity + cryptocurrency,Equal Weight,0.0228698728576713,1.2100398834017676,-0.2058669853760018,2022-10-03
2022-10-31,Combined Equal Weight,Combined equity + cryptocurrency,Equal Weight,-0.0061729949685833604,1.2025703132897432,-0.21076916447966176,2022-10-03
2022-11-01,Combined Equal Weight,Combined equity + cryptocurrency,Equal Weight,0.0011665474279613673,1.203973168595654,-0.2098484892784177,2022-11-01
2022-11-02,Combined Equal Weight,Combined equity + cryptocurrency,Equal Weight,-0.01667164133563183,1.1839009597511032,-0.22302161186597547,2022-11-01
2022-11-03,Combined Equal Weight,Combined equity + cryptocurrency,Equal Weight,0.000780236226503383,1.1848246821684933,-0.22241538518034298,2022-11-01
2022-11-04,Combined Equal Weight,Combined equity + cryptocurrency,Equal Weight,0.027015952766488233,1.2168338498185267,-0.20140819595442727,2022-11-01
2022-11-07,Combined Equal Weight,Combined equity + cryptocurrency,Equal Weight,0.006310875560846254,1.224513136822957,-0.19636838245518384,2022-11-01
2022-11-08,Combined Equal Weight,Combined equity + cryptocurrency,Equal Weight,-0.014596263292338442,1.2066398206729618,-0.20809840113491584,2022-11-01
2022-11-09,Combined Equal Weight,Combined equity + cryptocurrency,Equal Weight,-0.040638398331820556,1.1576039109974174,-0.24028001374920072,2022-11-01
2022-11-10,Combined Equal Weight,Combined equity + cryptocurrency,Equal Weight,0.06424290176374234,1.2319717453329484,-0.19147339730453905,2022-11-01
2022-11-11,Combined Equal Weight,Combined equity + cryptocurrency,Equal Weight,0.007320612077648074,1.240990532571154,-0.18555448769174676,2022-11-01
2022-11-14,Combined Equal Weight,Combined equity + cryptocurrency,Equal Weight,-0.0039864215252707665,1.2360434211994553,-0.18880121081317247,2022-11-01
2022-11-15,Combined Equal Weight,Combined equity + cryptocurrency,Equal Weight,0.010564233388794619,1.2491012723796904,-0.18023151747949528,2022-11-01
2022-11-16,Combined Equal Weight,Combined equity + cryptocurrency,Equal Weight,-0.012083712587783686,1.2340074916112191,-0.19013736421079674,2022-11-01
2022-11-17,Combined Equal Weight,Combined equity + cryptocurrency,Equal Weight,-0.0007720131980038532,1.2330548215412596,-0.19076258885419628,2022-11-01
2022-11-18,Combined Equal Weight,Combined equity + cryptocurrency,Equal Weight,0.004472640588719124,1.238569832584201,-0.18714316076319548,2022-11-01
2022-11-21,Combined Equal Weight,Combined equity + cryptocurrency,Equal Weight,-0.0015233819110134056,1.2366830177057153,-0.18838145216833235,2022-11-01
2022-11-22,Combined Equal Weight,Combined equity + cryptocurrency,Equal Weight,0.018863512263259975,1.2600112029759722,-0.17307147573822057,2022-11-01
2022-11-23,Combined Equal Weight,Combined equity + cryptocurrency,Equal Weight,0.010506031786719203,1.27324892072606,-0.16438373837698161,2022-11-01
2022-11-25,Combined Equal Weight,Combined equity + cryptocurrency,Equal Weight,-0.0010043940441359486,1.2719700770933802,-0.16522302637333897,2022-11-01
2022-11-28,Combined Equal Weight,Combined equity + cryptocurrency,Equal Weight,-0.01829674071716298,1.2486971703928127,-0.18049672421644403,2022-11-01
2022-11-29,Combined Equal Weight,Combined equity + cryptocurrency,Equal Weight,0.006186443576615542,1.2564221649817273,-0.17542691343995742,2022-11-01
2022-11-30,Combined Equal Weight,Combined equity + cryptocurrency,Equal Weight,0.02556817857100139,1.2885465912565441,-0.15434408151794854,2022-11-01
2022-12-01,Combined Equal Weight,Combined equity + cryptocurrency,Equal Weight,-0.0035729309016658923,1.2839427033224073,-0.15736555168126976,2022-12-01
2022-12-02,Combined Equal Weight,Combined equity + cryptocurrency,Equal Weight,0.0026965231029986245,1.287404884484843,-0.15509336842399568,2022-12-01
2022-12-05,Combined Equal Weight,Combined equity + cryptocurrency,Equal Weight,-0.014667707926401026,1.2685216056561972,-0.16748621212103176,2022-12-01
2022-12-06,Combined Equal Weight,Combined equity + cryptocurrency,Equal Weight,-0.009151359407889487,1.2569129085261643,-0.1751048450059357,2022-12-01
2022-12-07,Combined Equal Weight,Combined equity + cryptocurrency,Equal Weight,-0.004211508569810514,1.251619409040401,-0.1785788980203884,2022-12-01
2022-12-08,Combined Equal Weight,Combined equity + cryptocurrency,Equal Weight,0.00946245307825965,1.263462798970285,-0.17080623938541384,2022-12-01
2022-12-09,Combined Equal Weight,Combined equity + cryptocurrency,Equal Weight,-0.009380742643873306,1.2516105796130368,-0.1785846926556448,2022-12-01
2022-12-12,Combined Equal Weight,Combined equity + cryptocurrency,Equal Weight,0.013275269436103361,1.2682260472864773,-0.16768018313170896,2022-12-01
2022-12-13,Combined Equal Weight,Combined equity + cryptocurrency,Equal Weight,0.011124259923503917,1.2823341234782502,-0.15842124114938283,2022-12-01
2022-12-14,Combined Equal Weight,Combined equity + cryptocurrency,Equal Weight,-0.00912419882203184,1.2706338519793587,-0.1660999730695345,2022-12-01
2022-12-15,Combined Equal Weight,Combined equity + cryptocurrency,Equal Weight,-0.02185459941049559,1.242864658146935,-0.18432452410650135,2022-12-01
2022-12-16,Combined Equal Weight,Combined equity + cryptocurrency,Equal Weight,-0.021433041196333942,1.2162262887274042,-0.20180693018416596,2022-12-01
2022-12-19,Combined Equal Weight,Combined equity + cryptocurrency,Equal Weight,-0.010408435670843742,1.203567275639996,-0.21011487140425733,2022-12-01
2022-12-20,Combined Equal Weight,Combined equity + cryptocurrency,Equal Weight,0.008289737527466144,1.2135445324516991,-0.20356693101134982,2022-12-01
2022-12-21,Combined Equal Weight,Combined equity + cryptocurrency,Equal Weight,0.014351999990703964,1.2309613235701649,-0.19213652361262823,2022-12-01
2022-12-22,Combined Equal Weight,Combined equity + cryptocurrency,Equal Weight,-0.008706915394914168,1.2202434474714279,-0.19917052255217438,2022-12-01
2022-12-23,Combined Equal Weight,Combined equity + cryptocurrency,Equal Weight,0.0062538160718763215,1.2278746255548265,-0.19416228229527877,2022-12-01
2022-12-27,Combined Equal Weight,Combined equity + cryptocurrency,Equal Weight,-0.0012807742015875153,1.2263019954116319,-0.19519437845478127,2022-12-01
2022-12-28,Combined Equal Weight,Combined equity + cryptocurrency,Equal Weight,-0.01490402865202085,1.2080251553359864,-0.2071892244975987,2022-12-01
2022-12-29,Combined Equal Weight,Combined equity + cryptocurrency,Equal Weight,0.011096968925670612,1.2214305729461783,-0.19839142795791176,2022-12-01
2022-12-30,Combined Equal Weight,Combined equity + cryptocurrency,Equal Weight,-0.0016157088693379694,1.2194570967361886,-0.19968659403749744,2022-12-01
2023-01-03,Combined Equal Weight,Combined equity + cryptocurrency,Equal Weight,0.0014249108631881689,1.2211947144005197,-0.19854621877138645,2023-01-03
2023-01-04,Combined Equal Weight,Combined equity + cryptocurrency,Equal Weight,0.02157784630609032,1.247545466257664,-0.18125257225860059,2023-01-03
2023-01-05,Combined Equal Weight,Combined equity + cryptocurrency,Equal Weight,-0.008337131130038953,1.2371445161147883,-0.18807857692606267,2023-01-03
2023-01-06,Combined Equal Weight,Combined equity + cryptocurrency,Equal Weight,0.02362356852219076,1.2663702843630786,-0.16889809555344082,2023-01-03
2023-01-09,Combined Equal Weight,Combined equity + cryptocurrency,Equal Weight,0.004542415255479525,1.2721226640618555,-0.1651228855838246,2023-01-03
2023-01-10,Combined Equal Weight,Combined equity + cryptocurrency,Equal Weight,0.007496925307921915,1.2816596726568419,-0.1588638742157532,2023-01-03
2023-01-11,Combined Equal Weight,Combined equity + cryptocurrency,Equal Weight,0.013092994763392853,1.2984404360393897,-0.1478508833255594,2023-01-03
2023-01-12,Combined Equal Weight,Combined equity + cryptocurrency,Equal Weight,0.01049742296163249,1.3120707144869819,-0.1389055136214462,2023-01-03
2023-01-13,Combined Equal Weight,Combined equity + cryptocurrency,Equal Weight,0.008842389638227881,1.3236725549773838,-0.1312913806575574,2023-01-03
2023-01-17,Combined Equal Weight,Combined equity + cryptocurrency,Equal Weight,-0.004256545449312348,1.3180382825871153,-0.13498907837799778,2023-01-03
2023-01-18,Combined Equal Weight,Combined equity + cryptocurrency,Equal Weight,-0.02082172926886875,1.2905944463010817,-0.15300010160262578,2023-01-03
2023-01-19,Combined Equal Weight,Combined equity + cryptocurrency,Equal Weight,-0.0022152843872535943,1.2877354125739147,-0.15487644725355088,2023-01-03
2023-01-20,Combined Equal Weight,Combined equity + cryptocurrency,Equal Weight,0.024553033804452506,1.3193532236900327,-0.13412610009402814,2023-01-03
2023-01-23,Combined Equal Weight,Combined equity + cryptocurrency,Equal Weight,0.013565206495896685,1.337250522610415,-0.12238034184239632,2023-01-03
2023-01-24,Combined Equal Weight,Combined equity + cryptocurrency,Equal Weight,-0.010302190446947631,1.3234739130512023,-0.13142174670072093,2023-01-03
2023-01-25,Combined Equal Weight,Combined equity + cryptocurrency,Equal Weight,0.007334892725346276,1.333181452228227,-0.12505081838920218,2023-01-03
2023-01-26,Combined Equal Weight,Combined equity + cryptocurrency,Equal Weight,0.00683795956208914,1.3422976930874908,-0.11906795126646463,2023-01-03
2023-01-27,Combined Equal Weight,Combined equity + cryptocurrency,Equal Weight,0.0010247014561087656,1.343673147488129,-0.11816525891339458,2023-01-03
2023-01-30,Combined Equal Weight,Combined equity + cryptocurrency,Equal Weight,-0.017609592435152463,1.3200116109948046,-0.1336940092990878,2023-01-03
2023-01-31,Combined Equal Weight,Combined equity + cryptocurrency,Equal Weight,0.013446790531768012,1.3377615306273536,-0.12204497410571669,2023-01-03
2023-02-01,Combined Equal Weight,Combined equity + cryptocurrency,Equal Weight,0.009731505056982967,1.3507799637276912,-0.11350115033142272,2023-02-01
2023-02-02,Combined Equal Weight,Combined equity + cryptocurrency,Equal Weight,-0.00031658184958853236,1.3503523313083872,-0.11378179977690894,2023-02-01
2023-02-03,Combined Equal Weight,Combined equity + cryptocurrency,Equal Weight,-0.00843629509293951,1.3389603605620308,-0.12125819803072457,2023-02-01
2023-02-06,Combined Equal Weight,Combined equity + cryptocurrency,Equal Weight,-0.006955920478255131,1.3296466587704256,-0.1273706561261414,2023-02-01
2023-02-07,Combined Equal Weight,Combined equity + cryptocurrency,Equal Weight,0.015520453650503703,1.3502833781094192,-0.11382705284047767,2023-02-01
2023-02-08,Combined Equal Weight,Combined equity + cryptocurrency,Equal Weight,-0.010543561587762044,1.3360465821513912,-0.12317047188626273,2023-02-01
2023-02-09,Combined Equal Weight,Combined equity + cryptocurrency,Equal Weight,-0.01808124064071392,1.3118892023923086,-0.13902463758497086,2023-02-01
2023-02-10,Combined Equal Weight,Combined equity + cryptocurrency,Equal Weight,0.005848146581872969,1.319561322747075,-0.13398952746218662,2023-02-01
2023-02-13,Combined Equal Weight,Combined equity + cryptocurrency,Equal Weight,0.0068472720238671346,1.328596718076098,-0.12805971818120265,2023-02-01
2023-02-14,Combined Equal Weight,Combined equity + cryptocurrency,Equal Weight,0.004566798574443218,1.334664151674218,-0.12407774254519288,2023-02-01
2023-02-15,Combined Equal Weight,Combined equity + cryptocurrency,Equal Weight,0.011133095782416,1.349523095512164,-0.11432601615499849,2023-02-01
2023-02-16,Combined Equal Weight,Combined equity + cryptocurrency,Equal Weight,-0.019444903854261397,1.3232817486708246,-0.13154786161708532,2023-02-01
2023-02-17,Combined Equal Weight,Combined equity + cryptocurrency,Equal Weight,0.005975289632497067,1.3311887403845302,-0.12635860855828585,2023-02-01
2023-02-21,Combined Equal Weight,Combined equity + cryptocurrency,Equal Weight,-0.01802619090335232,1.3071924780219655,-0.14210703506148448,2023-02-01
2023-02-22,Combined Equal Weight,Combined equity + cryptocurrency,Equal Weight,-0.005777713031364516,1.2996398950071963,-0.14706369442452571,2023-02-01
2023-02-23,Combined Equal Weight,Combined equity + cryptocurrency,Equal Weight,0.0026418552066099347,1.303073355430539,-0.1448103602047346,2023-02-01
2023-02-24,Combined Equal Weight,Combined equity + cryptocurrency,Equal Weight,-0.01389813027513246,1.2849630721787113,-0.15669589722855282,2023-02-01
2023-02-27,Combined Equal Weight,Combined equity + cryptocurrency,Equal Weight,0.0007153760494190718,1.285882303984936,-0.1560926176710532,2023-02-01
2023-02-28,Combined Equal Weight,Combined equity + cryptocurrency,Equal Weight,-0.005776214328606236,1.278454772195757,-0.16096720758487815,2023-02-01
2023-03-01,Combined Equal Weight,Combined equity + cryptocurrency,Equal Weight,0.0034743615811126615,1.2828965863394641,-0.15805210428561745,2023-03-01
2023-03-02,Combined Equal Weight,Combined equity + cryptocurrency,Equal Weight,0.008197848482987158,1.2934135781736167,-0.15114994300598095,2023-03-01
2023-03-03,Combined Equal Weight,Combined equity + cryptocurrency,Equal Weight,0.007156371150729758,1.3026697257904207,-0.14507525694681345,2023-03-01
2023-03-06,Combined Equal Weight,Combined equity + cryptocurrency,Equal Weight,-0.002210598913876606,1.2997900455094484,-0.14696515265525312,2023-03-01
2023-03-07,Combined Equal Weight,Combined equity + cryptocurrency,Equal Weight,-0.01579344955971177,1.2792618769874795,-0.16043751548946883,2023-03-01
2023-03-08,Combined Equal Weight,Combined equity + cryptocurrency,Equal Weight,-0.001745860235526817,1.2770284645456216,-0.16190327424641593,2023-03-01
2023-03-09,Combined Equal Weight,Combined equity + cryptocurrency,Equal Weight,-0.024067529760063724,1.2462935439707212,-0.1820741921353023,2023-03-01
2023-03-10,Combined Equal Weight,Combined equity + cryptocurrency,Equal Weight,-0.011654437713488404,1.2317686934897918,-0.1916066575173161,2023-03-01
2023-03-13,Combined Equal Weight,Combined equity + cryptocurrency,Equal Weight,0.0038966276831516647,1.2365684374800836,-0.18845664964012265,2023-03-01
2023-03-14,Combined Equal Weight,Combined equity + cryptocurrency,Equal Weight,0.015434487767515184,1.2556542379020654,-0.17593089372618476,2023-03-01
2023-03-15,Combined Equal Weight,Combined equity + cryptocurrency,Equal Weight,-0.015733653075184054,1.2358982097405298,-0.18889651115427386,2023-03-01
2023-03-16,Combined Equal Weight,Combined equity + cryptocurrency,Equal Weight,0.015072340931199954,1.2545260889139986,-0.1766712828399054,2023-03-01
2023-03-17,Combined Equal Weight,Combined equity + cryptocurrency,Equal Weight,0.0006654306063400338,1.255360888970014,-0.17612341471242843,2023-03-01
2023-03-20,Combined Equal Weight,Combined equity + cryptocurrency,Equal Weight,0.0032963413019339036,1.2594989869171584,-0.17340763629664868,2023-03-01
2023-03-21,Combined Equal Weight,Combined equity + cryptocurrency,Equal Weight,0.01820000624079872,1.2824218763393305,-0.15836365011865106,2023-03-01
2023-03-22,Combined Equal Weight,Combined equity + cryptocurrency,Equal Weight,-0.024900709250967747,1.2504886620595244,-0.1793209921620923,2023-03-01
2023-03-23,Combined Equal Weight,Combined equity + cryptocurrency,Equal Weight,0.009553968137143562,1.2624357908927002,-0.17148025107038634,2023-03-01
2023-03-24,Combined Equal Weight,Combined equity + cryptocurrency,Equal Weight,0.0017582217101399058,1.2646554329079054,-0.17002352966053869,2023-03-01
2023-03-27,Combined Equal Weight,Combined equity + cryptocurrency,Equal Weight,5.056430159389386e-05,1.2647193793266274,-0.16998156247997653,2023-03-01
2023-03-28,Combined Equal Weight,Combined equity + cryptocurrency,Equal Weight,0.006270288870840618,1.2726495351755556,-0.16477710710860227,2023-03-01
2023-03-29,Combined Equal Weight,Combined equity + cryptocurrency,Equal Weight,0.018039999357188072,1.2956081319720483,-0.14970968665773265,2023-03-01
2023-03-30,Combined Equal Weight,Combined equity + cryptocurrency,Equal Weight,0.004080343992845981,1.3008946588304229,-0.14624020968551132,2023-03-01
2023-03-31,Combined Equal Weight,Combined equity + cryptocurrency,Equal Weight,0.014052401270395525,1.3191753525868222,-0.1342428345234835,2023-03-01
2023-04-03,Combined Equal Weight,Combined equity + cryptocurrency,Equal Weight,0.005473537217209085,1.326395907975231,-0.12950408045718242,2023-04-03
2023-04-04,Combined Equal Weight,Combined equity + cryptocurrency,Equal Weight,-0.002859797580573319,1.322602684166721,-0.13199352258178987,2023-04-03
2023-04-05,Combined Equal Weight,Combined equity + cryptocurrency,Equal Weight,0.003963165046574712,1.3278443768951167,-0.12855346965028547,2023-04-03
2023-04-06,Combined Equal Weight,Combined equity + cryptocurrency,Equal Weight,-0.001738571975603477,1.3255358238734842,-0.13006854216618835,2023-04-03
2023-04-10,Combined Equal Weight,Combined equity + cryptocurrency,Equal Weight,0.006668235918680418,1.334374809465735,-0.12426763397227092,2023-04-03
2023-04-11,Combined Equal Weight,Combined equity + cryptocurrency,Equal Weight,0.0027582739087814593,1.3380553806872197,-0.12185212423598102,2023-04-03
2023-04-12,Combined Equal Weight,Combined equity + cryptocurrency,Equal Weight,-0.00251377349825818,1.3346918125320464,-0.12405958909362846,2023-04-03
2023-04-13,Combined Equal Weight,Combined equity + cryptocurrency,Equal Weight,0.009797738614448784,1.3477687740420803,-0.11547735390573488,2023-04-03
2023-04-14,Combined Equal Weight,Combined equity + cryptocurrency,Equal Weight,-0.0021518481613174113,1.3448685802837768,-0.1173807123353765,2023-04-03
2023-04-17,Combined Equal Weight,Combined equity + cryptocurrency,Equal Weight,-0.00017898754494422345,1.344627865558319,-0.11753869019479612,2023-04-03
2023-04-18,Combined Equal Weight,Combined equity + cryptocurrency,Equal Weight,0.003695547562765031,1.3495970017897092,-0.11427751245211093,2023-04-03
2023-04-19,Combined Equal Weight,Combined equity + cryptocurrency,Equal Weight,-0.01037755217078172,1.3355914884941058,-0.1234691437754738,2023-04-03
2023-04-20,Combined Equal Weight,Combined equity + cryptocurrency,Equal Weight,-0.008598427396778796,1.3241075020485336,-0.13100593070375666,2023-04-03
2023-04-21,Combined Equal Weight,Combined equity + cryptocurrency,Equal Weight,-0.006652282556334661,1.3152991648099444,-0.1367867247924942,2023-04-03
2023-04-24,Combined Equal Weight,Combined equity + cryptocurrency,Equal Weight,0.0006551150759545676,1.3161608371222018,-0.13622122076214171,2023-04-03
2023-04-25,Combined Equal Weight,Combined equity + cryptocurrency,Equal Weight,-0.00982231658060826,1.3032330887089891,-0.1447055293874273,2023-04-03
2023-04-26,Combined Equal Weight,Combined equity + cryptocurrency,Equal Weight,-0.012743349436160538,1.2866255340628037,-0.1556048456972593,2023-04-03
2023-04-27,Combined Equal Weight,Combined equity + cryptocurrency,Equal Weight,0.014505228032548471,1.305288330826884,-0.14335670143451917,2023-04-03
2023-04-28,Combined Equal Weight,Combined equity + cryptocurrency,Equal Weight,0.00823778879450166,1.3160410204121635,-0.13629985486871143,2023-04-03
2023-05-01,Combined Equal Weight,Combined equity + cryptocurrency,Equal Weight,-0.005701460638165661,1.3085376643360722,-0.14122420724935547,2023-05-01
2023-05-02,Combined Equal Weight,Combined equity + cryptocurrency,Equal Weight,-0.011747208359544015,1.2931659997468052,-0.15131242542092993,2023-05-01
2023-05-03,Combined Equal Weight,Combined equity + cryptocurrency,Equal Weight,-0.008970442194808557,1.2815657288977846,-0.15892552825014372,2023-05-01
2023-05-04,Combined Equal Weight,Combined equity + cryptocurrency,Equal Weight,-0.0062722802454345,1.2735273894931933,-0.16420098304423958,2023-05-01
2023-05-05,Combined Equal Weight,Combined equity + cryptocurrency,Equal Weight,0.017790757893055016,1.296184406949841,-0.14933148508632632,2023-05-01
2023-05-08,Combined Equal Weight,Combined equity + cryptocurrency,Equal Weight,-0.006565942383559854,1.2876737348153395,-0.15491692554275793,2023-05-01
2023-05-09,Combined Equal Weight,Combined equity + cryptocurrency,Equal Weight,-0.0009591240054541958,1.2864386960250853,-0.15572746500607293,2023-05-01
2023-05-10,Combined Equal Weight,Combined equity + cryptocurrency,Equal Weight,-0.0017262503055987333,1.284217980832938,-0.15718489072761488,2023-05-01
2023-05-11,Combined Equal Weight,Combined equity + cryptocurrency,Equal Weight,-0.01099856486143688,1.2700934260745234,-0.1664546473731462,2023-05-01
2023-05-12,Combined Equal Weight,Combined equity + cryptocurrency,Equal Weight,0.0003923147950569168,1.2705917025166769,-0.1661276351989598,2023-05-01
2023-05-15,Combined Equal Weight,Combined equity + cryptocurrency,Equal Weight,0.0050384057086505715,1.2769934590040009,-0.1619262479158603,2023-05-01
2023-05-16,Combined Equal Weight,Combined equity + cryptocurrency,Equal Weight,-0.011631774933750446,1.262139758496995,-0.17167453317798675,2023-05-01
2023-05-17,Combined Equal Weight,Combined equity + cryptocurrency,Equal Weight,0.01256814166987443,1.2780025097889662,-0.16126402136220286,2023-05-01
2023-05-18,Combined Equal Weight,Combined equity + cryptocurrency,Equal Weight,0.00307319929198178,1.2819300661972004,-0.15868641854649368,2023-05-01
2023-05-19,Combined Equal Weight,Combined equity + cryptocurrency,Equal Weight,-0.001551390579736534,1.279941291968621,-0.15999162451136506,2023-05-01
2023-05-22,Combined Equal Weight,Combined equity + cryptocurrency,Equal Weight,0.0021126444487768853,1.2826453528338588,-0.15821698547996288,2023-05-01
2023-05-23,Combined Equal Weight,Combined equity + cryptocurrency,Equal Weight,-0.004500023913253845,1.2768734180738825,-0.16200502917507398,2023-05-01
2023-05-24,Combined Equal Weight,Combined equity + cryptocurrency,Equal Weight,-0.012668313780372566,1.2606975849559057,-0.17262101241185834,2023-05-01
2023-05-25,Combined Equal Weight,Combined equity + cryptocurrency,Equal Weight,0.0014412299486323897,1.2625145400715125,-0.17142856903607728,2023-05-01
2023-05-26,Combined Equal Weight,Combined equity + cryptocurrency,Equal Weight,0.010049124967540936,1.2752017064580285,-0.16310215118178661,2023-05-01
2023-05-30,Combined Equal Weight,Combined equity + cryptocurrency,Equal Weight,0.0003605499633835648,1.2756614803865987,-0.16280040769303938,2023-05-01
2023-05-31,Combined Equal Weight,Combined equity + cryptocurrency,Equal Weight,-0.006696212824183308,1.2671193796223172,-0.16840647433944633,2023-05-01
2023-06-01,Combined Equal Weight,Combined equity + cryptocurrency,Equal Weight,0.0031227568803515178,1.2710762853832596,-0.16580960993553406,2023-06-01
2023-06-02,Combined Equal Weight,Combined equity + cryptocurrency,Equal Weight,0.02128275104364482,1.2981282855225524,-0.14805574354079098,2023-06-01
2023-06-05,Combined Equal Weight,Combined equity + cryptocurrency,Equal Weight,-0.014304147821427554,1.2795596666352616,-0.16024208012079966,2023-06-01
2023-06-06,Combined Equal Weight,Combined equity + cryptocurrency,Equal Weight,0.00917222757348183,1.2912960790914887,-0.152539629373034,2023-06-01
2023-06-07,Combined Equal Weight,Combined equity + cryptocurrency,Equal Weight,0.0015316519773348,1.2932738952843537,-0.15124161502065037,2023-06-01
2023-06-08,Combined Equal Weight,Combined equity + cryptocurrency,Equal Weight,0.0043572137670026875,1.2989089661053919,-0.14754339330075938,2023-06-01
2023-06-09,Combined Equal Weight,Combined equity + cryptocurrency,Equal Weight,-0.004144730837880432,1.2935253380579754,-0.15107659648650063,2023-06-01
2023-06-12,Combined Equal Weight,Combined equity + cryptocurrency,Equal Weight,0.004500408396145134,1.299346730349998,-0.14725609447364452,2023-06-01
2023-06-13,Combined Equal Weight,Combined equity + cryptocurrency,Equal Weight,0.00666319752481984,1.3080045342675488,-0.14157409339303606,2023-06-01
2023-06-14,Combined Equal Weight,Combined equity + cryptocurrency,Equal Weight,-0.006748479297363783,1.2991774927471864,-0.14736716285209384,2023-06-01
2023-06-15,Combined Equal Weight,Combined equity + cryptocurrency,Equal Weight,0.00936987378627049,1.3113506218801907,-0.1393781007819883,2023-06-01
2023-06-16,Combined Equal Weight,Combined equity + cryptocurrency,Equal Weight,0.0021250111427015073,1.3141372565636746,-0.13754926965649716,2023-06-01
2023-06-20,Combined Equal Weight,Combined equity + cryptocurrency,Equal Weight,-0.006671144902549473,1.3053704565032995,-0.1433028034499283,2023-06-01
2023-06-21,Combined Equal Weight,Combined equity + cryptocurrency,Equal Weight,0.008252052759138184,1.316142442380585,-0.13623329298539133,2023-06-01
2023-06-22,Combined Equal Weight,Combined equity + cryptocurrency,Equal Weight,-0.005417455296094481,1.3090122995356954,-0.1409127105068978,2023-06-01
2023-06-23,Combined Equal Weight,Combined equity + cryptocurrency,Equal Weight,0.007775744277373206,1.319190844432821,-0.1342326674318579,2023-06-01
2023-06-26,Combined Equal Weight,Combined equity + cryptocurrency,Equal Weight,0.008146444805190993,1.3299375598345062,-0.1271797416429542,2023-06-01
2023-06-27,Combined Equal Weight,Combined equity + cryptocurrency,Equal Weight,0.01010125528428884,1.3433715986385586,-0.11836316139599079,2023-06-01
2023-06-28,Combined Equal Weight,Combined equity + cryptocurrency,Equal Weight,-0.0083580127847497,1.3321436816424679,-0.12573189336454937,2023-06-01
2023-06-29,Combined Equal Weight,Combined equity + cryptocurrency,Equal Weight,0.01188607686697866,1.3479776438403301,-0.11534027544673253,2023-06-01
2023-06-30,Combined Equal Weight,Combined equity + cryptocurrency,Equal Weight,0.026428017492046513,1.38360202059063,-0.0919604727717297,2023-06-01
2023-07-03,Combined Equal Weight,Combined equity + cryptocurrency,Equal Weight,0.003877257598172459,1.388966602037812,-0.08843976961534294,2023-07-03
2023-07-05,Combined Equal Weight,Combined equity + cryptocurrency,Equal Weight,-0.006054391780700198,1.3805572540587672,-0.09395871238179698,2023-07-03
2023-07-06,Combined Equal Weight,Combined equity + cryptocurrency,Equal Weight,-0.01415762396062973,1.3610118435996836,-0.10678610422470025,2023-07-03
2023-07-07,Combined Equal Weight,Combined equity + cryptocurrency,Equal Weight,0.0034074946810157894,1.365649484217549,-0.10374248262583652,2023-07-03
2023-07-10,Combined Equal Weight,Combined equity + cryptocurrency,Equal Weight,0.005987818875117203,1.373826745975941,-0.09837585494633783,2023-07-03
2023-07-11,Combined Equal Weight,Combined equity + cryptocurrency,Equal Weight,0.011998215886061809,1.3903102158642062,-0.08755797380589803,2023-07-03
2023-07-12,Combined Equal Weight,Combined equity + cryptocurrency,Equal Weight,0.0062237403083973235,1.3989631455958569,-0.08187917158839797,2023-07-03
2023-07-13,Combined Equal Weight,Combined equity + cryptocurrency,Equal Weight,0.035538371920576545,1.4486800181672221,-0.04925065212027868,2023-07-03
2023-07-14,Combined Equal Weight,Combined equity + cryptocurrency,Equal Weight,-0.01787120537866748,1.422790360034584,-0.06624168897987137,2023-07-03
2023-07-17,Combined Equal Weight,Combined equity + cryptocurrency,Equal Weight,-0.003622439587102414,1.417636387910247,-0.06962417205049654,2023-07-03
2023-07-18,Combined Equal Weight,Combined equity + cryptocurrency,Equal Weight,0.005598892366249404,1.425573581460635,-0.06441509792964717,2023-07-03
2023-07-19,Combined Equal Weight,Combined equity + cryptocurrency,Equal Weight,0.010870329992811503,1.441070036720146,-0.05424498130785027,2023-07-03
2023-07-20,Combined Equal Weight,Combined equity + cryptocurrency,Equal Weight,0.0012228144668174773,1.4428321980087446,-0.05308849838892826,2023-07-03
2023-07-21,Combined Equal Weight,Combined equity + cryptocurrency,Equal Weight,0.002554611232788217,1.446518073348806,-0.05066950763045641,2023-07-03
2023-07-24,Combined Equal Weight,Combined equity + cryptocurrency,Equal Weight,-0.002765768774418523,1.442517338829906,-0.053295136262855425,2023-07-03
2023-07-25,Combined Equal Weight,Combined equity + cryptocurrency,Equal Weight,0.0028540068496084483,1.4466342931956053,-0.050593234097192075,2023-07-03
2023-07-26,Combined Equal Weight,Combined equity + cryptocurrency,Equal Weight,0.004721951529379686,1.4534652302088134,-0.0461101813669339,2023-07-03
2023-07-27,Combined Equal Weight,Combined equity + cryptocurrency,Equal Weight,-0.003306184410104316,1.4486598061240683,-0.04926391701425581,2023-07-03
2023-07-28,Combined Equal Weight,Combined equity + cryptocurrency,Equal Weight,0.004861743914619558,1.4557028191208459,-0.04464168164839066,2023-07-03
2023-07-31,Combined Equal Weight,Combined equity + cryptocurrency,Equal Weight,0.0003139295589044883,1.4561598072647486,-0.044341766432914764,2023-07-03
2023-08-01,Combined Equal Weight,Combined equity + cryptocurrency,Equal Weight,-0.0016767673196569446,1.4537181660877292,-0.04594418292772107,2023-08-01
2023-08-02,Combined Equal Weight,Combined equity + cryptocurrency,Equal Weight,-0.0176828737877119,1.4280122512338957,-0.0628146315274426,2023-08-01
2023-08-03,Combined Equal Weight,Combined equity + cryptocurrency,Equal Weight,-0.0070060230773311,1.4180075644470396,-0.06938057384669838,2023-08-01
2023-08-04,Combined Equal Weight,Combined equity + cryptocurrency,Equal Weight,-0.003071386616543979,1.4136523149914388,-0.07223886589728146,2023-08-01
2023-08-07,Combined Equal Weight,Combined equity + cryptocurrency,Equal Weight,0.007938148797194558,1.4248740974153395,-0.06487415996652002,2023-08-01
2023-08-08,Combined Equal Weight,Combined equity + cryptocurrency,Equal Weight,-0.0004702881177856672,1.4242039960579844,-0.06531393853772216,2023-08-01
2023-08-09,Combined Equal Weight,Combined equity + cryptocurrency,Equal Weight,-0.001972246391196173,1.4213951148664319,-0.0671573697493425,2023-08-01
2023-08-10,Combined Equal Weight,Combined equity + cryptocurrency,Equal Weight,-0.000837106921984579,1.4202052551769022,-0.06793825877224757,2023-08-01
2023-08-11,Combined Equal Weight,Combined equity + cryptocurrency,Equal Weight,0.001055948905487716,1.4217049193616742,-0.06695404919675119,2023-08-01
2023-08-14,Combined Equal Weight,Combined equity + cryptocurrency,Equal Weight,0.0015802657905637449,1.4239515910100176,-0.06547958859967284,2023-08-01
2023-08-15,Combined Equal Weight,Combined equity + cryptocurrency,Equal Weight,-0.015531967440824503,1.4018348212611398,-0.07999452920232852,2023-08-01
2023-08-16,Combined Equal Weight,Combined equity + cryptocurrency,Equal Weight,-0.013079900370537429,1.383498961463094,-0.09202810910071146,2023-08-01
2023-08-17,Combined Equal Weight,Combined equity + cryptocurrency,Equal Weight,-0.017546229673732358,1.3592237709318924,-0.1079595924357234,2023-08-01
2023-08-18,Combined Equal Weight,Combined equity + cryptocurrency,Equal Weight,0.002324823422634119,1.3623837261911558,-0.105885756002282,2023-08-01
2023-08-21,Combined Equal Weight,Combined equity + cryptocurrency,Equal Weight,-0.002017383304538676,1.3596352760075625,-0.1076895271504732,2023-08-01
2023-08-22,Combined Equal Weight,Combined equity + cryptocurrency,Equal Weight,-0.006287204764311433,1.351086970622522,-0.11329966580661777,2023-08-01
2023-08-23,Combined Equal Weight,Combined equity + cryptocurrency,Equal Weight,0.01066044120790572,1.3654901538396107,-0.10384704902491881,2023-08-01
2023-08-24,Combined Equal Weight,Combined equity + cryptocurrency,Equal Weight,-0.012189576307120099,1.3488454074127616,-0.1147707738036805,2023-08-01
2023-08-25,Combined Equal Weight,Combined equity + cryptocurrency,Equal Weight,0.003943689414144299,1.3541648347672923,-0.11127970467523896,2023-08-01
2023-08-28,Combined Equal Weight,Combined equity + cryptocurrency,Equal Weight,0.006168449211012774,1.3625179317738938,-0.10579767867073198,2023-08-01
2023-08-29,Combined Equal Weight,Combined equity + cryptocurrency,Equal Weight,0.018003183464310298,1.387047592073032,-0.08969919022562889,2023-08-01
2023-08-30,Combined Equal Weight,Combined equity + cryptocurrency,Equal Weight,-0.001984483419580669,1.384295019124394,-0.09150566708945695,2023-08-01
2023-08-31,Combined Equal Weight,Combined equity + cryptocurrency,Equal Weight,-0.008033212263134346,1.373174683400968,-0.098803794905582,2023-08-01
2023-09-01,Combined Equal Weight,Combined equity + cryptocurrency,Equal Weight,0.0012194401811214358,1.3748491877856057,-0.09770484004201574,2023-09-01
2023-09-05,Combined Equal Weight,Combined equity + cryptocurrency,Equal Weight,-0.00749634904856531,1.3645428383848284,-0.10446875950589185,2023-09-01
2023-09-06,Combined Equal Weight,Combined equity + cryptocurrency,Equal Weight,-0.0032520573177904815,1.3601052668618205,-0.10738107842985056,2023-09-01
2023-09-07,Combined Equal Weight,Combined equity + cryptocurrency,Equal Weight,0.0010731399332673751,1.3615648501371371,-0.10642317341992369,2023-09-01
2023-09-08,Combined Equal Weight,Combined equity + cryptocurrency,Equal Weight,0.0013473272911345303,1.3633993236183766,-0.10521923297474689,2023-09-01
2023-09-11,Combined Equal Weight,Combined equity + cryptocurrency,Equal Weight,-0.00315758541558392,1.3590942737985021,-0.10804457967485082,2023-09-01
2023-09-12,Combined Equal Weight,Combined equity + cryptocurrency,Equal Weight,0.00523968644675854,1.3662155016447912,-0.10337101294786033,2023-09-01
2023-09-13,Combined Equal Weight,Combined equity + cryptocurrency,Equal Weight,0.0009130435567677906,1.367462915905724,-0.10255235162842125,2023-09-01
2023-09-14,Combined Equal Weight,Combined equity + cryptocurrency,Equal Weight,0.012821202760446588,1.384995435217943,-0.09104599336176322,2023-09-01
2023-09-15,Combined Equal Weight,Combined equity + cryptocurrency,Equal Weight,-0.005749318547693782,1.3770326552737733,-0.09627185949112904,2023-09-01
2023-09-18,Combined Equal Weight,Combined equity + cryptocurrency,Equal Weight,0.0032098002317065026,1.3814526550097384,-0.09337107269632405,2023-09-01
2023-09-19,Combined Equal Weight,Combined equity + cryptocurrency,Equal Weight,-0.0015341090725698593,1.379333355958362,-0.09476194035915497,2023-09-01
2023-09-20,Combined Equal Weight,Combined equity + cryptocurrency,Equal Weight,-0.006168549932764767,1.370824869278205,-0.10034594653108853,2023-09-01
2023-09-21,Combined Equal Weight,Combined equity + cryptocurrency,Equal Weight,-0.01863486542859994,1.3452797323130277,-0.1171108787497761,2023-09-01
2023-09-22,Combined Equal Weight,Combined equity + cryptocurrency,Equal Weight,-0.002614743887827872,1.3417621703555433,-0.11941940768319492,2023-09-01
2023-09-25,Combined Equal Weight,Combined equity + cryptocurrency,Equal Weight,0.0032521572242449675,1.3461257918910838,-0.11655562114836182,2023-09-01
2023-09-26,Combined Equal Weight,Combined equity + cryptocurrency,Equal Weight,-0.010399747698289613,1.332126423285256,-0.12574321979389114,2023-09-01
2023-09-27,Combined Equal Weight,Combined equity + cryptocurrency,Equal Weight,0.0006402958683797819,1.3329793783302453,-0.12518343678962207,2023-09-01
2023-09-28,Combined Equal Weight,Combined equity + cryptocurrency,Equal Weight,0.007786180332635635,1.343358196149609,-0.11837195727048966,2023-09-01
2023-09-29,Combined Equal Weight,Combined equity + cryptocurrency,Equal Weight,-0.00031391070100898804,1.3429365016365495,-0.11864870974741204,2023-09-01
2023-10-02,Combined Equal Weight,Combined equity + cryptocurrency,Equal Weight,-0.01567087979262778,1.321891505150271,-0.1324602598720377,2023-10-02
2023-10-03,Combined Equal Weight,Combined equity + cryptocurrency,Equal Weight,-0.007303737467810602,1.3122367566357245,-0.13879654237682504,2023-10-02
2023-10-04,Combined Equal Weight,Combined equity + cryptocurrency,Equal Weight,0.0001697075817244961,1.312459453162343,-0.13865038962065912,2023-10-02
2023-10-05,Combined Equal Weight,Combined equity + cryptocurrency,Equal Weight,-0.0033395149901160864,1.308076475144588,-0.14152687955625143,2023-10-02
2023-10-06,Combined Equal Weight,Combined equity + cryptocurrency,Equal Weight,0.010425456301674678,1.3217137692754564,-0.1325769055529029,2023-10-02
2023-10-09,Combined Equal Weight,Combined equity + cryptocurrency,Equal Weight,0.0021487898160614,1.3245538543626236,-0.13071299564133854,2023-10-02
2023-10-10,Combined Equal Weight,Combined equity + cryptocurrency,Equal Weight,0.0056952348322654445,1.3320974996112012,-0.1257622020148793,2023-10-02
2023-10-11,Combined Equal Weight,Combined equity + cryptocurrency,Equal Weight,0.0014398492689030888,1.3340155192221241,-0.12450343136060293,2023-10-02
2023-10-12,Combined Equal Weight,Combined equity + cryptocurrency,Equal Weight,-0.008207640861943994,1.3230663989360891,-0.13168919277185942,2023-10-02
2023-10-13,Combined Equal Weight,Combined equity + cryptocurrency,Equal Weight,0.0018009377386754616,1.3254491591447064,-0.13012541907022268,2023-10-02
2023-10-16,Combined Equal Weight,Combined equity + cryptocurrency,Equal Weight,0.013137942420117434,1.3428628338783426,-0.1186970569132435,2023-10-02
2023-10-17,Combined Equal Weight,Combined equity + cryptocurrency,Equal Weight,-0.0006917087826885193,1.341933963862203,-0.11930666189918582,2023-10-02
2023-10-18,Combined Equal Weight,Combined equity + cryptocurrency,Equal Weight,-0.01307791095833371,1.3243842709708493,-0.13082429095646586,2023-10-02
2023-10-19,Combined Equal Weight,Combined equity + cryptocurrency,Equal Weight,-0.005176034348267215,1.3175292124939995,-0.1353231742811547,2023-10-02
2023-10-20,Combined Equal Weight,Combined equity + cryptocurrency,Equal Weight,-0.004201803240117235,1.311993213979993,-0.13895637616911438,2023-10-02
2023-10-23,Combined Equal Weight,Combined equity + cryptocurrency,Equal Weight,0.003924553753978003,1.3171422018731118,-0.13557716418287014,2023-10-02
2023-10-24,Combined Equal Weight,Combined equity + cryptocurrency,Equal Weight,0.008855076247597855,1.328805596499627,-0.1279226340615448,2023-10-02
2023-10-25,Combined Equal Weight,Combined equity + cryptocurrency,Equal Weight,-0.009434401062925514,1.3162691115675895,-0.13615016168970784,2023-10-02
2023-10-26,Combined Equal Weight,Combined equity + cryptocurrency,Equal Weight,-0.001991121577020202,1.313648259738382,-0.13787019174207293,2023-10-02
2023-10-27,Combined Equal Weight,Combined equity + cryptocurrency,Equal Weight,-0.010344366523265702,1.300059400656998,-0.1467883784693257,2023-10-02
2023-10-30,Combined Equal Weight,Combined equity + cryptocurrency,Equal Weight,0.01025101970249221,1.3133863351875434,-0.1380420893266192,2023-10-02
2023-10-31,Combined Equal Weight,Combined equity + cryptocurrency,Equal Weight,0.006520622652073763,1.3219504318756914,-0.1324215870491483,2023-10-02
2023-11-01,Combined Equal Weight,Combined equity + cryptocurrency,Equal Weight,0.0074731466890766395,1.3318295613687867,-0.12593804630489025,2023-11-01
2023-11-02,Combined Equal Weight,Combined equity + cryptocurrency,Equal Weight,0.01961090539855488,1.3579479449037888,-0.1087969000184994,2023-11-01
2023-11-03,Combined Equal Weight,Combined equity + cryptocurrency,Equal Weight,0.011714272862667265,1.37385531766369,-0.0983571037292611,2023-11-01
2023-11-06,Combined Equal Weight,Combined equity + cryptocurrency,Equal Weight,0.0012484544929962855,1.375570513507754,-0.09723144360433378,2023-11-01
2023-11-07,Combined Equal Weight,Combined equity + cryptocurrency,Equal Weight,-0.0056394376629153135,1.3678130693458828,-0.1023225506021671,2023-11-01
2023-11-08,Combined Equal Weight,Combined equity + cryptocurrency,Equal Weight,0.0006631869205043765,1.3687201850831678,-0.10172722265889478,2023-11-01
2023-11-09,Combined Equal Weight,Combined equity + cryptocurrency,Equal Weight,-0.00429132616809375,1.3628465603361222,-0.10558200413438501,2023-11-01
2023-11-10,Combined Equal Weight,Combined equity + cryptocurrency,Equal Weight,0.01174811903800846,1.3788574439574912,-0.09507427504921895,2023-11-01
2023-11-13,Combined Equal Weight,Combined equity + cryptocurrency,Equal Weight,-0.0037429271509211853,1.373696480993253,-0.09846134611470414,2023-11-01
2023-11-14,Combined Equal Weight,Combined equity + cryptocurrency,Equal Weight,0.015042690533108177,1.3943605720432544,-0.0848997791406727,2023-11-01
2023-11-15,Combined Equal Weight,Combined equity + cryptocurrency,Equal Weight,0.011370312341051451,1.4102148872634332,-0.07449480380613704,2023-11-01
2023-11-16,Combined Equal Weight,Combined equity + cryptocurrency,Equal Weight,-0.004645276579931255,1.403664049074958,-0.07879403141862118,2023-11-01
2023-11-17,Combined Equal Weight,Combined equity + cryptocurrency,Equal Weight,0.0022783545081475898,1.4068620933890925,-0.07669519764717125,2023-11-01
2023-11-20,Combined Equal Weight,Combined equity + cryptocurrency,Equal Weight,0.0018547464294218288,1.4094714658334948,-0.07498270136173935,2023-11-01
2023-11-21,Combined Equal Weight,Combined equity + cryptocurrency,Equal Weight,-0.010679648038462573,1.3944188066581371,-0.0848615605406855,2023-11-01
2023-11-22,Combined Equal Weight,Combined equity + cryptocurrency,Equal Weight,0.008774662838357655,1.4066543615420273,-0.07683152928400916,2023-11-01
2023-11-24,Combined Equal Weight,Combined equity + cryptocurrency,Equal Weight,0.003715735526946631,1.4118811171273433,-0.07340127940001284,2023-11-01
2023-11-27,Combined Equal Weight,Combined equity + cryptocurrency,Equal Weight,-0.003395629622970449,1.407086891781913,-0.0765476654642887,2023-11-01
2023-11-28,Combined Equal Weight,Combined equity + cryptocurrency,Equal Weight,0.0033733926529285214,1.411833548364682,-0.0734324981436364,2023-11-01
2023-11-29,Combined Equal Weight,Combined equity + cryptocurrency,Equal Weight,0.0039133154180927875,1.4173584983572782,-0.06980654725271818,2023-11-01
2023-11-30,Combined Equal Weight,Combined equity + cryptocurrency,Equal Weight,0.00469388779452676,1.4240114201131864,-0.06544032355831886,2023-11-01
2023-12-01,Combined Equal Weight,Combined equity + cryptocurrency,Equal Weight,0.010431243938583388,1.4388656306077157,-0.05569170359819209,2023-12-01
2023-12-04,Combined Equal Weight,Combined equity + cryptocurrency,Equal Weight,0.0026272127782617626,1.44264583677865,-0.05321080477526652,2023-12-01
2023-12-05,Combined Equal Weight,Combined equity + cryptocurrency,Equal Weight,-0.0011892830860376455,1.4409301224858266,-0.05433680515119044,2023-12-01
2023-12-06,Combined Equal Weight,Combined equity + cryptocurrency,Equal Weight,-0.00035290588064102656,1.4404216097720086,-0.05467053525375842,2023-12-01
2023-12-07,Combined Equal Weight,Combined equity + cryptocurrency,Equal Weight,0.008169124287219009,1.4521885929282323,-0.0469480213638761,2023-12-01
2023-12-08,Combined Equal Weight,Combined equity + cryptocurrency,Equal Weight,0.011199976001627464,1.4684530703188656,-0.03627386207484795,2023-12-01
2023-12-11,Combined Equal Weight,Combined equity + cryptocurrency,Equal Weight,-0.006655269270754143,1.458680119724428,-0.04268771902600377,2023-12-01
2023-12-12,Combined Equal Weight,Combined equity + cryptocurrency,Equal Weight,0.0020715127998191417,1.4617017942632788,-0.040704634382542015,2023-12-01
2023-12-13,Combined Equal Weight,Combined equity + cryptocurrency,Equal Weight,0.023168817140377607,1.4955676958483266,-0.01847889547293946,2023-12-01
2023-12-14,Combined Equal Weight,Combined equity + cryptocurrency,Equal Weight,0.012722580266266836,1.5145951759023928,-0.005991414437559017,2023-12-01
2023-12-15,Combined Equal Weight,Combined equity + cryptocurrency,Equal Weight,-0.00963733244595693,1.4999985186711788,-0.015571005630759638,2023-12-01
2023-12-18,Combined Equal Weight,Combined equity + cryptocurrency,Equal Weight,-0.0006932231056585062,1.4989586850395824,-0.016253434555536628,2023-12-01
2023-12-19,Combined Equal Weight,Combined equity + cryptocurrency,Equal Weight,0.004221252456811317,1.5052861680714644,-0.012100791949274492,2023-12-01
2023-12-20,Combined Equal Weight,Combined equity + cryptocurrency,Equal Weight,-0.009156585546862467,1.4915028865010092,-0.02114657555946864,2023-12-01
2023-12-21,Combined Equal Weight,Combined equity + cryptocurrency,Equal Weight,0.011941213180798192,1.5093132404284935,-0.009457878145470056,2023-12-01
2023-12-22,Combined Equal Weight,Combined equity + cryptocurrency,Equal Weight,0.004243675462445159,1.5157182759920433,-0.005254338848437623,2023-12-01
2023-12-26,Combined Equal Weight,Combined equity + cryptocurrency,Equal Weight,0.0015313233332592989,1.5180393307547173,-0.0037310616068579883,2023-12-01
2023-12-27,Combined Equal Weight,Combined equity + cryptocurrency,Equal Weight,0.010330503028107781,1.5337214406578656,0.0,2023-12-01
2023-12-28,Combined Equal Weight,Combined equity + cryptocurrency,Equal Weight,-0.0006514886312369279,1.5327222385757928,-0.000651488631236874,2023-12-01
2023-12-29,Combined Equal Weight,Combined equity + cryptocurrency,Equal Weight,-0.005893460689153148,1.5236892003153555,-0.006541109797752465,2023-12-01
2021-01-04,Combined Risk Parity,Combined equity + cryptocurrency,Risk Parity,-0.005511337262760586,0.9944886627372395,-0.005511337262760541,2021-01-04
2021-01-05,Combined Risk Parity,Combined equity + cryptocurrency,Risk Parity,0.013480469462773804,1.0078948367863434,0.0,2021-01-04
2021-01-06,Combined Risk Parity,Combined equity + cryptocurrency,Risk Parity,0.0336110713167284,1.0417712620253314,0.0,2021-01-04
2021-01-07,Combined Risk Parity,Combined equity + cryptocurrency,Risk Parity,0.007758511558808145,1.049853856403389,0.0,2021-01-04
2021-01-08,Combined Risk Parity,Combined equity + cryptocurrency,Risk Parity,0.0009676949626666431,1.0508697946917667,0.0,2021-01-04
2021-01-11,Combined Risk Parity,Combined equity + cryptocurrency,Risk Parity,-0.017952312813129364,1.032004251411591,-0.017952312813129367,2021-01-04
2021-01-12,Combined Risk Parity,Combined equity + cryptocurrency,Risk Parity,-0.0012340085874077056,1.030730749303108,-0.019164168092361766,2021-01-04
2021-01-13,Combined Risk Parity,Combined equity + cryptocurrency,Risk Parity,0.0103747234245913,1.0414242957523494,-0.008988267611391154,2021-01-04
2021-01-14,Combined Risk Parity,Combined equity + cryptocurrency,Risk Parity,0.004576767783817398,1.0461906529184335,-0.004452637041209906,2021-01-04
2021-01-15,Combined Risk Parity,Combined equity + cryptocurrency,Risk Parity,-0.013069233561575645,1.0325177429255052,-0.017463678049328912,2021-01-04
2021-01-19,Combined Risk Parity,Combined equity + cryptocurrency,Risk Parity,0.007421994445915427,1.0401810838788075,-0.010171298924900873,2021-01-04
2021-01-20,Combined Risk Parity,Combined equity + cryptocurrency,Risk Parity,0.007453846312927812,1.0479344338156549,-0.002793267910962016,2021-01-04
2021-01-21,Combined Risk Parity,Combined equity + cryptocurrency,Risk Parity,-0.023540577953535365,1.0232654515862234,-0.026268090723494453,2021-01-04
2021-01-22,Combined Risk Parity,Combined equity + cryptocurrency,Risk Parity,0.004915215032597732,1.0282950213161979,-0.02148198900529852,2021-01-04
2021-01-25,Combined Risk Parity,Combined equity + cryptocurrency,Risk Parity,-0.0001316347461010741,1.0281596619621498,-0.02161079597523119,2021-01-04
2021-01-26,Combined Risk Parity,Combined equity + cryptocurrency,Risk Parity,-0.0038297811830298586,1.0242220354356169,-0.025357812538484792,2021-01-04
2021-01-27,Combined Risk Parity,Combined equity + cryptocurrency,Risk Parity,-0.03114533362324478,0.9923222984376957,-0.05571336863026277,2021-01-04
2021-01-28,Combined Risk Parity,Combined equity + cryptocurrency,Risk Parity,0.02003269131824449,1.012201184730509,-0.0367967660280879,2021-01-04
2021-01-29,Combined Risk Parity,Combined equity + cryptocurrency,Risk Parity,-0.007368423644753932,1.0047428575876927,-0.043894055511990104,2021-01-04
2021-02-01,Combined Risk Parity,Combined equity + cryptocurrency,Risk Parity,0.008657235006780851,1.0134411526272138,-0.035616821659177234,2021-02-01
2021-02-02,Combined Risk Parity,Combined equity + cryptocurrency,Risk Parity,0.018363883054318193,1.0320518674364934,-0.017907001752574758,2021-02-01
2021-02-03,Combined Risk Parity,Combined equity + cryptocurrency,Risk Parity,0.004072286105155401,1.0362546779160546,-0.013907638081841367,2021-02-01
2021-02-04,Combined Risk Parity,Combined equity + cryptocurrency,Risk Parity,0.003815863477234978,1.0402088842946284,-0.010144844252817475,2021-02-01
2021-02-05,Combined Risk Parity,Combined equity + cryptocurrency,Risk Parity,0.017035217036937677,1.0579290684023381,0.0,2021-02-01
2021-02-08,Combined Risk Parity,Combined equity + cryptocurrency,Risk Parity,0.01956744470751895,1.078630036952778,0.0,2021-02-01
2021-02-09,Combined Risk Parity,Combined equity + cryptocurrency,Risk Parity,0.006498284244666574,1.0856392815277323,0.0,2021-02-01
2021-02-10,Combined Risk Parity,Combined equity + cryptocurrency,Risk Parity,0.0062682211713653525,1.0924443086566702,0.0,2021-02-01
2021-02-11,Combined Risk Parity,Combined equity + cryptocurrency,Risk Parity,0.010617633447683874,1.1040434818879952,0.0,2021-02-01
2021-02-12,Combined Risk Parity,Combined equity + cryptocurrency,Risk Parity,0.010203155153311137,1.1153082088297002,0.0,2021-02-01
2021-02-16,Combined Risk Parity,Combined equity + cryptocurrency,Risk Parity,-0.0019458317334226543,1.1131380067244125,-0.001945831733422665,2021-02-01
2021-02-17,Combined Risk Parity,Combined equity + cryptocurrency,Risk Parity,0.00917146605644778,1.1233471141692273,0.0,2021-02-01
2021-02-18,Combined Risk Parity,Combined equity + cryptocurrency,Risk Parity,-0.0034083086329717476,1.1195184005021805,-0.0034083086329715906,2021-02-01
2021-02-19,Combined Risk Parity,Combined equity + cryptocurrency,Risk Parity,0.007562920166277267,1.1279852287898569,0.0,2021-02-01
2021-02-22,Combined Risk Parity,Combined equity + cryptocurrency,Risk Parity,-0.01055936549752299,1.1160744204832576,-0.010559365497523121,2021-02-01
2021-02-23,Combined Risk Parity,Combined equity + cryptocurrency,Risk Parity,-0.02676527904184141,1.0862023771875617,-0.037042020175318435,2021-02-01
2021-02-24,Combined Risk Parity,Combined equity + cryptocurrency,Risk Parity,0.0155114726991316,1.1030509757070386,-0.022105123760856937,2021-02-01
2021-02-25,Combined Risk Parity,Combined equity + cryptocurrency,Risk Parity,-0.021630689755903303,1.0791912222665732,-0.043257664442673316,2021-02-01
2021-02-26,Combined Risk Parity,Combined equity + cryptocurrency,Risk Parity,-0.010422724547503792,1.0679431094228047,-0.05322952626912281,2021-02-01
2021-03-01,Combined Risk Parity,Combined equity + cryptocurrency,Risk Parity,0.023487043268218034,1.0930259354418133,-0.030992687187534562,2021-03-01
2021-03-02,Combined Risk Parity,Combined equity + cryptocurrency,Risk Parity,-0.003216823252061565,1.0895098641975778,-0.03410981244280731,2021-03-01
2021-03-03,Combined Risk Parity,Combined equity + cryptocurrency,Risk Parity,-0.00429425968105319,1.0848312259156443,-0.03825759573155907,2021-03-01
2021-03-04,Combined Risk Parity,Combined equity + cryptocurrency,Risk Parity,-0.008533757396796458,1.075573539417211,-0.04646487208779759,2021-03-01
2021-03-05,Combined Risk Parity,Combined equity + cryptocurrency,Risk Parity,0.01403249101094865,1.0906665154406971,-0.03308439897674598,2021-03-01
2021-03-08,Combined Risk Parity,Combined equity + cryptocurrency,Risk Parity,0.0031098974526994703,1.0940583764588108,-0.030077390612148425,2021-03-01
2021-03-09,Combined Risk Parity,Combined equity + cryptocurrency,Risk Parity,0.011294851493916201,1.1064156033465882,-0.019122258778520806,2021-03-01
2021-03-10,Combined Risk Parity,Combined equity + cryptocurrency,Risk Parity,0.0043217341090254924,1.1111972373983292,-0.014883165987500058,2021-03-01
2021-03-11,Combined Risk Parity,Combined equity + cryptocurrency,Risk Parity,0.004110200392009367,1.1157644807190834,-0.010834138390167003,2021-03-01
2021-03-12,Combined Risk Parity,Combined equity + cryptocurrency,Risk Parity,0.0036677860483353836,1.119856866114693,-0.007206089643464808,2021-03-01
2021-03-15,Combined Risk Parity,Combined equity + cryptocurrency,Risk Parity,0.0022820340290403284,1.1224124175908212,-0.004940500156207173,2021-03-01
2021-03-16,Combined Risk Parity,Combined equity + cryptocurrency,Risk Parity,0.005838465221127248,1.1289655834546866,0.0,2021-03-01
2021-03-17,Combined Risk Parity,Combined equity + cryptocurrency,Risk Parity,0.003603799971380985,1.1330341495920306,0.0,2021-03-01
2021-03-18,Combined Risk Parity,Combined equity + cryptocurrency,Risk Parity,-0.012578720189581007,1.1187820300590725,-0.01257872018958106,2021-03-01
2021-03-19,Combined Risk Parity,Combined equity + cryptocurrency,Risk Parity,-0.0015149321030796924,1.1170871512453873,-0.014074596385630023,2021-03-01
2021-03-22,Combined Risk Parity,Combined equity + cryptocurrency,Risk Parity,0.0022118115409038856,1.1195579374987075,-0.01189391519944527,2021-03-01
2021-03-23,Combined Risk Parity,Combined equity + cryptocurrency,Risk Parity,-0.004533162493197147,1.1144827994474773,-0.01637316064236294,2021-03-01
2021-03-24,Combined Risk Parity,Combined equity + cryptocurrency,Risk Parity,-0.011440209196746091,1.101732883075623,-0.027626057456148323,2021-03-01
2021-03-25,Combined Risk Parity,Combined equity + cryptocurrency,Risk Parity,0.005197385016390866,1.1074590130541855,-0.02257225569684196,2021-03-01
2021-03-26,Combined Risk Parity,Combined equity + cryptocurrency,Risk Parity,0.026985749965191298,1.1373446250771633,0.0,2021-03-01
2021-03-29,Combined Risk Parity,Combined equity + cryptocurrency,Risk Parity,0.007393460152033134,1.1457535372418004,0.0,2021-03-01
2021-03-30,Combined Risk Parity,Combined equity + cryptocurrency,Risk Parity,-0.002963977624209526,1.1423575493945568,-0.002963977624209524,2021-03-01
2021-03-31,Combined Risk Parity,Combined equity + cryptocurrency,Risk Parity,0.00876442730363618,1.1523696590909855,0.0,2021-03-01
2021-04-01,Combined Risk Parity,Combined equity + cryptocurrency,Risk Parity,0.012255392179792428,1.1664924011992392,0.0,2021-04-01
2021-04-05,Combined Risk Parity,Combined equity + cryptocurrency,Risk Parity,0.01706829826479247,1.186402441426522,0.0,2021-04-01
2021-04-06,Combined Risk Parity,Combined equity + cryptocurrency,Risk Parity,0.0041196651374106625,1.1912900222034057,0.0,2021-04-01
2021-04-07,Combined Risk Parity,Combined equity + cryptocurrency,Risk Parity,-0.009126029299511812,1.1804182745565615,-0.009126029299511784,2021-04-01
2021-04-08,Combined Risk Parity,Combined equity + cryptocurrency,Risk Parity,0.005548431669253645,1.1869677446940767,-0.003628232780238161,2021-04-01
2021-04-09,Combined Risk Parity,Combined equity + cryptocurrency,Risk Parity,-0.00034532835811840873,1.1865578510716621,-0.0039723082066875914,2021-04-01
2021-04-12,Combined Risk Parity,Combined equity + cryptocurrency,Risk Parity,0.00033734495764524777,1.1869581303796755,-0.0036363032871861156,2021-04-01
2021-04-13,Combined Risk Parity,Combined equity + cryptocurrency,Risk Parity,0.014179012189732255,1.2037880241790306,0.0,2021-04-01
2021-04-14,Combined Risk Parity,Combined equity + cryptocurrency,Risk Parity,0.0030259083608863424,1.2074305764261288,0.0,2021-04-01
2021-04-15,Combined Risk Parity,Combined equity + cryptocurrency,Risk Parity,0.016990284214635956,1.2279451650890505,0.0,2021-04-01
2021-04-16,Combined Risk Parity,Combined equity + cryptocurrency,Risk Parity,0.0103933373569002,1.2407076134455957,0.0,2021-04-01
2021-04-19,Combined Risk Parity,Combined equity + cryptocurrency,Risk Parity,-0.011518822530665065,1.2264161226338708,-0.011518822530665163,2021-04-01
2021-04-20,Combined Risk Parity,Combined equity + cryptocurrency,Risk Parity,0.0001901167923742638,1.2266492849332222,-0.011330895659882101,2021-04-01
2021-04-21,Combined Risk Parity,Combined equity + cryptocurrency,Risk Parity,0.002025187812778021,1.2291334801156217,-0.009328655038902456,2021-04-01
2021-04-22,Combined Risk Parity,Combined equity + cryptocurrency,Risk Parity,-0.011738938654175097,1.2147047575947518,-0.020958085183849784,2021-04-01
2021-04-23,Combined Risk Parity,Combined equity + cryptocurrency,Risk Parity,0.004083389134939273,1.2196648698040733,-0.0169602760662394,2021-04-01
2021-04-26,Combined Risk Parity,Combined equity + cryptocurrency,Risk Parity,0.015624942781582947,1.2387220636074687,-0.0016003366277513864,2021-04-01
2021-04-27,Combined Risk Parity,Combined equity + cryptocurrency,Risk Parity,0.004743878066067393,1.2445984100349698,0.0,2021-04-01
2021-04-28,Combined Risk Parity,Combined equity + cryptocurrency,Risk Parity,-0.0007854491562800252,1.2436208412639005,-0.0007854491562799826,2021-04-01
2021-04-29,Combined Risk Parity,Combined equity + cryptocurrency,Risk Parity,0.005841852811366491,1.2508858911717118,0.0,2021-04-01
2021-04-30,Combined Risk Parity,Combined equity + cryptocurrency,Risk Parity,0.006009640345183083,1.2584032654905175,0.0,2021-04-01
2021-05-03,Combined Risk Parity,Combined equity + cryptocurrency,Risk Parity,0.010412598101248224,1.2715065129433685,0.0,2021-05-03
2021-05-04,Combined Risk Parity,Combined equity + cryptocurrency,Risk Parity,-0.004417281499657184,1.2658899107470503,-0.004417281499657033,2021-05-03
2021-05-05,Combined Risk Parity,Combined equity + cryptocurrency,Risk Parity,0.021647329535600956,1.2932930468007842,0.0,2021-05-03
2021-05-06,Combined Risk Parity,Combined equity + cryptocurrency,Risk Parity,0.018680755486848073,1.3174527379809102,0.0,2021-05-03
2021-05-07,Combined Risk Parity,Combined equity + cryptocurrency,Risk Parity,0.0016602042071404363,1.319639978559215,0.0,2021-05-03
2021-05-10,Combined Risk Parity,Combined equity + cryptocurrency,Risk Parity,-0.008966861736582026,1.3078069493294084,-0.00896686173658201,2021-05-03
2021-05-11,Combined Risk Parity,Combined equity + cryptocurrency,Risk Parity,0.004611778641928067,1.3138382654860907,-0.004396436276095983,2021-05-03
2021-05-12,Combined Risk Parity,Combined equity + cryptocurrency,Risk Parity,-0.03453478860411235,1.268465138727535,-0.03877939488280191,2021-05-03
2021-05-13,Combined Risk Parity,Combined equity + cryptocurrency,Risk Parity,0.014321072781170376,1.2866309202996296,-0.025013684638157785,2021-05-03
2021-05-14,Combined Risk Parity,Combined equity + cryptocurrency,Risk Parity,0.01546875844756675,1.306533503216915,-0.009931856836142283,2021-05-03
2021-05-17,Combined Risk Parity,Combined equity + cryptocurrency,Risk Parity,-0.005034819833263855,1.2999553424220949,-0.014916671559626282,2021-05-03
2021-05-18,Combined Risk Parity,Combined equity + cryptocurrency,Risk Parity,-0.004794919637106209,1.293722161023354,-0.019640066955351032,2021-05-03
2021-05-19,Combined Risk Parity,Combined equity + cryptocurrency,Risk Parity,-0.03128801468456295,1.2532441630515108,-0.05031358293660915,2021-05-03
2021-05-20,Combined Risk Parity,Combined equity + cryptocurrency,Risk Parity,0.019045959932072865,1.277113401166094,-0.03222589348918603,2021-05-03
2021-05-21,Combined Risk Parity,Combined equity + cryptocurrency,Risk Parity,-0.009591597145959176,1.2648638439124031,-0.04150839284712826,2021-05-03
2021-05-24,Combined Risk Parity,Combined equity + cryptocurrency,Risk Parity,0.021280704493441913,1.291781037599142,-0.021111016195863752,2021-05-03
2021-05-25,Combined Risk Parity,Combined equity + cryptocurrency,Risk Parity,-0.0037197452908871863,1.2869759411676753,-0.024752233883670538,2021-05-03
2021-05-26,Combined Risk Parity,Combined equity + cryptocurrency,Risk Parity,0.007631444909107354,1.2967974271620428,-0.017309684283823956,2021-05-03
2021-05-27,Combined Risk Parity,Combined equity + cryptocurrency,Risk Parity,-0.0032719776747802062,1.2925543349316562,-0.020525025058069968,2021-05-03
2021-05-28,Combined Risk Parity,Combined equity + cryptocurrency,Risk Parity,-0.004332594270526368,1.2869542214257872,-0.024768692722627383,2021-05-03
2021-06-01,Combined Risk Parity,Combined equity + cryptocurrency,Risk Parity,-0.0002686504629520975,1.286608480578403,-0.02503068906481276,2021-06-01
2021-06-02,Combined Risk Parity,Combined equity + cryptocurrency,Risk Parity,0.003970510941124747,1.2917169736274836,-0.02115956274848374,2021-06-01
2021-06-03,Combined Risk Parity,Combined equity + cryptocurrency,Risk Parity,0.003926611805034699,1.296789044744893,-0.01731603633232648,2021-06-01
2021-06-04,Combined Risk Parity,Combined equity + cryptocurrency,Risk Parity,0.0023010144002716393,1.2997729750109657,-0.015054866381011056,2021-06-01
2021-06-07,Combined Risk Parity,Combined equity + cryptocurrency,Risk Parity,-0.005716442257658278,1.2923428978512508,-0.02068524836430552,2021-06-01
2021-06-08,Combined Risk Parity,Combined equity + cryptocurrency,Risk Parity,-0.003694667932754314,1.287568119988437,-0.02430349117324715,2021-06-01
2021-06-09,Combined Risk Parity,Combined equity + cryptocurrency,Risk Parity,0.0027685000516991416,1.291132752395191,-0.02160227533811776,2021-06-01
2021-06-10,Combined Risk Parity,Combined equity + cryptocurrency,Risk Parity,0.002906676021798828,1.2948856570075373,-0.018758390132060487,2021-06-01
2021-06-11,Combined Risk Parity,Combined equity + cryptocurrency,Risk Parity,-0.002004325527617373,1.2922902846298514,-0.02072511773947927,2021-06-01
2021-06-14,Combined Risk Parity,Combined equity + cryptocurrency,Risk Parity,0.0006052603269524157,1.2930724566700438,-0.020132401504066033,2021-06-01
2021-06-15,Combined Risk Parity,Combined equity + cryptocurrency,Risk Parity,-0.0023634848793913253,1.2900162994707467,-0.022448303756916754,2021-06-01
2021-06-16,Combined Risk Parity,Combined equity + cryptocurrency,Risk Parity,-0.012177942417613392,1.2743065552580093,-0.034352872024005277,2021-06-01
2021-06-17,Combined Risk Parity,Combined equity + cryptocurrency,Risk Parity,-0.003575490572283733,1.269750284183485,-0.037805534226236226,2021-06-01
2021-06-18,Combined Risk Parity,Combined equity + cryptocurrency,Risk Parity,-0.016077720681620198,1.249335593778975,-0.05327542808834762,2021-06-01
2021-06-21,Combined Risk Parity,Combined equity + cryptocurrency,Risk Parity,0.005316157057678125,1.2559772580132516,-0.048242491573702195,2021-06-01
2021-06-22,Combined Risk Parity,Combined equity + cryptocurrency,Risk Parity,-0.0005325402291412008,1.2553083995964731,-0.04874934073532633,2021-06-01
2021-06-23,Combined Risk Parity,Combined equity + cryptocurrency,Risk Parity,-0.0019406901347838908,1.252872234969265,-0.05059542350546786,2021-06-01
2021-06-24,Combined Risk Parity,Combined equity + cryptocurrency,Risk Parity,0.008486273669428206,1.2635044516280423,-0.04253851644632778,2021-06-01
2021-06-25,Combined Risk Parity,Combined equity + cryptocurrency,Risk Parity,0.004494779629022746,1.2691836256983995,-0.038234938074476865,2021-06-01
2021-06-28,Combined Risk Parity,Combined equity + cryptocurrency,Risk Parity,0.0015688864218517899,1.2711748306555943,-0.03672603792781037,2021-06-01
2021-06-29,Combined Risk Parity,Combined equity + cryptocurrency,Risk Parity,0.0016262885573730505,1.2732421277371102,-0.03515947650567697,2021-06-01
2021-06-30,Combined Risk Parity,Combined equity + cryptocurrency,Risk Parity,0.003646648872982292,1.2778851947072563,-0.03164104189806882,2021-06-01
2021-07-01,Combined Risk Parity,Combined equity + cryptocurrency,Risk Parity,0.0027492526525060602,1.2813984239684035,-0.028978778463928934,2021-07-01
2021-07-02,Combined Risk Parity,Combined equity + cryptocurrency,Risk Parity,0.004559696924701367,1.2872412124214894,-0.02455121598627119,2021-07-01
2021-07-06,Combined Risk Parity,Combined equity + cryptocurrency,Risk Parity,-0.004012435759880957,1.282076239749177,-0.02846514156918023,2021-07-01
2021-07-07,Combined Risk Parity,Combined equity + cryptocurrency,Risk Parity,0.0009514398588683861,1.2832960581857824,-0.027540784580589173,2021-07-01
2021-07-08,Combined Risk Parity,Combined equity + cryptocurrency,Risk Parity,-0.008344339595347595,1.2725878000749091,-0.03565531451667414,2021-07-01
2021-07-09,Combined Risk Parity,Combined equity + cryptocurrency,Risk Parity,0.010678496629228512,1.2861771246084064,-0.025357563043325926,2021-07-01
2021-07-12,Combined Risk Parity,Combined equity + cryptocurrency,Risk Parity,0.002750406435724843,1.2897146344494115,-0.02267690021218971,2021-07-01
2021-07-13,Combined Risk Parity,Combined equity + cryptocurrency,Risk Parity,-0.005102037681679663,1.283134461785837,-0.027663239494483127,2021-07-01
2021-07-14,Combined Risk Parity,Combined equity + cryptocurrency,Risk Parity,0.0015369340947366179,1.2851065548882872,-0.026168821975696366,2021-07-01
2021-07-15,Combined Risk Parity,Combined equity + cryptocurrency,Risk Parity,-0.0009013020596359757,1.2839482857035147,-0.027046538022187372,2021-07-01
2021-07-16,Combined Risk Parity,Combined equity + cryptocurrency,Risk Parity,-0.005905867596544621,1.2763654571273393,-0.03279267234622807,2021-07-01
2021-07-19,Combined Risk Parity,Combined equity + cryptocurrency,Risk Parity,-0.01609082510792638,1.2558276837829048,-0.04835583629860973,2021-07-01
2021-07-20,Combined Risk Parity,Combined equity + cryptocurrency,Risk Parity,0.006857953198094249,1.2644400912631593,-0.04182950516270589,2021-07-01
2021-07-21,Combined Risk Parity,Combined equity + cryptocurrency,Risk Parity,0.007874175787963926,1.2743965148151144,-0.0342847022515167,2021-07-01
2021-07-22,Combined Risk Parity,Combined equity + cryptocurrency,Risk Parity,0.00048366901289106744,1.2750129009194668,-0.033817615686720925,2021-07-01
2021-07-23,Combined Risk Parity,Combined equity + cryptocurrency,Risk Parity,0.00820657605633687,1.285476391263673,-0.025888566465561147,2021-07-01
2021-07-26,Combined Risk Parity,Combined equity + cryptocurrency,Risk Parity,0.004089927784600258,1.29073389687275,-0.021904521048251913,2021-07-01
2021-07-27,Combined Risk Parity,Combined equity + cryptocurrency,Risk Parity,0.0011186898206684314,1.2921778277443734,-0.020810335592306606,2021-07-01
2021-07-28,Combined Risk Parity,Combined equity + cryptocurrency,Risk Parity,0.001525488707002688,1.2941490304280368,-0.019316592817238964,2021-07-01
2021-07-29,Combined Risk Parity,Combined equity + cryptocurrency,Risk Parity,0.004861625770288482,1.3004406987049595,-0.014548877092384949,2021-07-01
2021-07-30,Combined Risk Parity,Combined equity + cryptocurrency,Risk Parity,-0.0026133296969203844,1.29704221840795,-0.017124185776742906,2021-07-01
2021-08-02,Combined Risk Parity,Combined equity + cryptocurrency,Risk Parity,-0.0011254914821631525,1.2955824084391259,-0.018230404133675382,2021-08-02
2021-08-03,Combined Risk Parity,Combined equity + cryptocurrency,Risk Parity,0.0038139789169928462,1.3005237324301395,-0.014485955593696587,2021-08-02
2021-08-04,Combined Risk Parity,Combined equity + cryptocurrency,Risk Parity,-0.005099260843429929,1.2938920226854072,-0.019511348770987924,2021-08-02
2021-08-05,Combined Risk Parity,Combined equity + cryptocurrency,Risk Parity,0.005220145124189917,1.3006463268188566,-0.01439305571895122,2021-08-02
2021-08-06,Combined Risk Parity,Combined equity + cryptocurrency,Risk Parity,0.0024486843829005984,1.3038311991670148,-0.011979615386811915,2021-08-02
2021-08-09,Combined Risk Parity,Combined equity + cryptocurrency,Risk Parity,0.0011946432571930867,1.3053888123176176,-0.010799283496364498,2021-08-02
2021-08-10,Combined Risk Parity,Combined equity + cryptocurrency,Risk Parity,0.004911243530355691,1.3117998946767113,-0.005941077877212764,2021-08-02
2021-08-11,Combined Risk Parity,Combined equity + cryptocurrency,Risk Parity,0.01023457258478538,1.325225605915494,0.0,2021-08-02
2021-08-12,Combined Risk Parity,Combined equity + cryptocurrency,Risk Parity,0.0012064505500332771,1.326824425076669,0.0,2021-08-02
2021-08-13,Combined Risk Parity,Combined equity + cryptocurrency,Risk Parity,0.007961416835188797,1.3373878273918138,0.0,2021-08-02
2021-08-16,Combined Risk Parity,Combined equity + cryptocurrency,Risk Parity,-0.0008517810778484417,1.3362486657466965,-0.0008517810778485568,2021-08-02
2021-08-17,Combined Risk Parity,Combined equity + cryptocurrency,Risk Parity,-0.005940662130317097,1.3283104639014085,-0.006787383064573049,2021-08-02
2021-08-18,Combined Risk Parity,Combined equity + cryptocurrency,Risk Parity,-0.0105286507540219,1.3143251469340778,-0.01724457183277428,2021-08-02
2021-08-19,Combined Risk Parity,Combined equity + cryptocurrency,Risk Parity,0.00230256522080257,1.3173514663062345,-0.014981713363321436,2021-08-02
2021-08-20,Combined Risk Parity,Combined equity + cryptocurrency,Risk Parity,0.0074394960612479185,1.3271518973510987,-0.00765367369963077,2021-08-02
2021-08-23,Combined Risk Parity,Combined equity + cryptocurrency,Risk Parity,0.006134075000445332,1.3352927466264337,-0.0015665469076878713,2021-08-02
2021-08-24,Combined Risk Parity,Combined equity + cryptocurrency,Risk Parity,-0.00494471740225668,1.328690101345083,-0.0065035181781886164,2021-08-02
2021-08-25,Combined Risk Parity,Combined equity + cryptocurrency,Risk Parity,0.00046770721918214876,1.3293115392975379,-0.006038852701408581,2021-08-02
2021-08-26,Combined Risk Parity,Combined equity + cryptocurrency,Risk Parity,-0.008999107667820107,1.3173489216313237,-0.014983616083578566,2021-08-02
2021-08-27,Combined Risk Parity,Combined equity + cryptocurrency,Risk Parity,0.011551147605540756,1.3325658134730871,-0.003605546439083951,2021-08-02
2021-08-30,Combined Risk Parity,Combined equity + cryptocurrency,Risk Parity,-0.0008217716620256906,1.3314707486497908,-0.004424355165219773,2021-08-02
2021-08-31,Combined Risk Parity,Combined equity + cryptocurrency,Risk Parity,0.0025098371255770314,1.3348125233663717,-0.001925622450493325,2021-08-02
2021-09-01,Combined Risk Parity,Combined equity + cryptocurrency,Risk Parity,0.002901346337419694,1.3386852767921826,0.0,2021-09-01
2021-09-02,Combined Risk Parity,Combined equity + cryptocurrency,Risk Parity,0.0061839994354341635,1.3469637057880897,0.0,2021-09-01
2021-09-03,Combined Risk Parity,Combined equity + cryptocurrency,Risk Parity,-0.00034203171614962107,1.3465030014802077,-0.00034203171614954897,2021-09-01
2021-09-07,Combined Risk Parity,Combined equity + cryptocurrency,Risk Parity,-0.019316445602623786,1.3204933494983457,-0.01965187048173389,2021-09-01
2021-09-08,Combined Risk Parity,Combined equity + cryptocurrency,Risk Parity,0.0014083434009127076,1.3223530575930609,-0.01827120366292978,2021-09-01
2021-09-09,Combined Risk Parity,Combined equity + cryptocurrency,Risk Parity,-0.007644978761629605,1.312243696552386,-0.025776499460606783,2021-09-01
2021-09-10,Combined Risk Parity,Combined equity + cryptocurrency,Risk Parity,-0.006291818466775478,1.303987297429508,-0.031906136872067226,2021-09-01
2021-09-13,Combined Risk Parity,Combined equity + cryptocurrency,Risk Parity,0.0006441629886218504,1.304827277784145,-0.03128252663592834,2021-09-01
2021-09-14,Combined Risk Parity,Combined equity + cryptocurrency,Risk Parity,-0.00572222003999248,1.2973607689864797,-0.03682574117510318,2021-09-01
2021-09-15,Combined Risk Parity,Combined equity + cryptocurrency,Risk Parity,0.0068074303681455416,1.3061924620837189,-0.030268999475762448,2021-09-01
2021-09-16,Combined Risk Parity,Combined equity + cryptocurrency,Risk Parity,-0.005622088435377805,1.2988489325482604,-0.03572091291923707,2021-09-01
2021-09-17,Combined Risk Parity,Combined equity + cryptocurrency,Risk Parity,-0.011864014320381994,1.2834393702124949,-0.04716113381720821,2021-09-01
2021-09-20,Combined Risk Parity,Combined equity + cryptocurrency,Risk Parity,-0.018030128059615604,1.2602987940108112,-0.06434094059466289,2021-09-01
2021-09-21,Combined Risk Parity,Combined equity + cryptocurrency,Risk Parity,-0.004233418616379514,1.2549634216340453,-0.06830197707533348,2021-09-01
2021-09-22,Combined Risk Parity,Combined equity + cryptocurrency,Risk Parity,0.009101872520379119,1.2663859387154972,-0.05982178044318387,2021-09-01
2021-09-23,Combined Risk Parity,Combined equity + cryptocurrency,Risk Parity,0.007939090557201597,1.2764398913633264,-0.05235762041821368,2021-09-01
2021-09-24,Combined Risk Parity,Combined equity + cryptocurrency,Risk Parity,-0.005598484021917932,1.2692937630265901,-0.057662981138794644,2021-09-01
2021-09-27,Combined Risk Parity,Combined equity + cryptocurrency,Risk Parity,-0.002211058470234184,1.2664872803006348,-0.05974654338616292,2021-09-01
2021-09-28,Combined Risk Parity,Combined equity + cryptocurrency,Risk Parity,-0.010879115939463321,1.2527090183423886,-0.06997566975314606,2021-09-01
2021-09-29,Combined Risk Parity,Combined equity + cryptocurrency,Risk Parity,0.006422966869612567,1.2607551268644666,-0.06400215429203693,2021-09-01
2021-09-30,Combined Risk Parity,Combined equity + cryptocurrency,Risk Parity,-0.00781569650734586,1.2509014474228135,-0.07131762938561992,2021-09-01
2021-10-01,Combined Risk Parity,Combined equity + cryptocurrency,Risk Parity,0.013568846821403906,1.2678747375515662,-0.05871648055301504,2021-10-01
2021-10-04,Combined Risk Parity,Combined equity + cryptocurrency,Risk Parity,-0.002227670109862669,1.2650503308956726,-0.06081334971419339,2021-10-01
2021-10-05,Combined Risk Parity,Combined equity + cryptocurrency,Risk Parity,0.005420226808703078,1.2719071906135522,-0.05572274505393815,2021-10-01
2021-10-06,Combined Risk Parity,Combined equity + cryptocurrency,Risk Parity,0.00399926677881612,1.27699388678671,-0.05194632839824087,2021-10-01
2021-10-07,Combined Risk Parity,Combined equity + cryptocurrency,Risk Parity,0.006351824893681354,1.2851051283458808,-0.04592445748641483,2021-10-01
2021-10-08,Combined Risk Parity,Combined equity + cryptocurrency,Risk Parity,-0.0028237999859730078,1.2814762485024838,-0.04861857598998198,2021-10-01
2021-10-11,Combined Risk Parity,Combined equity + cryptocurrency,Risk Parity,-0.007367797324096884,1.2720345912278734,-0.055628161499998385,2021-10-01
2021-10-12,Combined Risk Parity,Combined equity + cryptocurrency,Risk Parity,-0.0006643339821006772,1.2711895354225133,-0.056255539804052734,2021-10-01
2021-10-13,Combined Risk Parity,Combined equity + cryptocurrency,Risk Parity,0.004997532075855855,1.2775423459002797,-0.051539146592812224,2021-10-01
2021-10-14,Combined Risk Parity,Combined equity + cryptocurrency,Risk Parity,0.012135895510625922,1.2930464663205254,-0.04002872477994346,2021-10-01
2021-10-15,Combined Risk Parity,Combined equity + cryptocurrency,Risk Parity,0.0036598407265267027,1.2977788104392567,-0.03651538281059741,2021-10-01
2021-10-18,Combined Risk Parity,Combined equity + cryptocurrency,Risk Parity,-0.0011656840453904988,1.2962660103854817,-0.03763850145683434,2021-10-01
2021-10-19,Combined Risk Parity,Combined equity + cryptocurrency,Risk Parity,0.010775626205266804,1.310234088375988,-0.02726845367419284,2021-10-01
2021-10-20,Combined Risk Parity,Combined equity + cryptocurrency,Risk Parity,0.011713699212333189,1.32558177638497,-0.01587416892618454,2021-10-01
2021-10-21,Combined Risk Parity,Combined equity + cryptocurrency,Risk Parity,0.001386703836733981,1.3274199657201875,-0.014509477860405573,2021-10-01
2021-10-22,Combined Risk Parity,Combined equity + cryptocurrency,Risk Parity,0.0010847493114976843,1.3288598836140706,-0.01344046769502727,2021-10-01
2021-10-25,Combined Risk Parity,Combined equity + cryptocurrency,Risk Parity,0.005389393528136957,1.3360216324706211,-0.008123510136501033,2021-10-01
2021-10-26,Combined Risk Parity,Combined equity + cryptocurrency,Risk Parity,0.003980637944571661,1.3413398508756023,-0.0041752089446218665,2021-10-01
2021-10-27,Combined Risk Parity,Combined equity + cryptocurrency,Risk Parity,-0.016694032207013522,1.3189474802045342,-0.020799540079042833,2021-10-01
2021-10-28,Combined Risk Parity,Combined equity + cryptocurrency,Risk Parity,0.010984439140024695,1.33343537852973,-0.010043572221156816,2021-10-01
2021-10-29,Combined Risk Parity,Combined equity + cryptocurrency,Risk Parity,-0.0013209029162829038,1.3316740398495552,-0.011351208553602943,2021-10-01
2021-11-01,Combined Risk Parity,Combined equity + cryptocurrency,Risk Parity,0.005144508266291207,1.338524847955567,-0.00626509667354791,2021-11-01
2021-11-02,Combined Risk Parity,Combined equity + cryptocurrency,Risk Parity,0.005982422459627192,1.3465324690687455,-0.0003201546689722834,2021-11-01
2021-11-03,Combined Risk Parity,Combined equity + cryptocurrency,Risk Parity,0.00494637239982303,1.3531929201092128,0.0,2021-11-01
2021-11-04,Combined Risk Parity,Combined equity + cryptocurrency,Risk Parity,0.002439731210367286,1.3564943471100512,0.0,2021-11-01
2021-11-05,Combined Risk Parity,Combined equity + cryptocurrency,Risk Parity,-0.00015344865565546824,1.356286194876083,-0.00015344865565547483,2021-11-01
2021-11-08,Combined Risk Parity,Combined equity + cryptocurrency,Risk Parity,0.003901571226424158,1.3615778420688076,0.0,2021-11-01
2021-11-09,Combined Risk Parity,Combined equity + cryptocurrency,Risk Parity,0.0024269997703461575,1.364882391178817,0.0,2021-11-01
2021-11-10,Combined Risk Parity,Combined equity + cryptocurrency,Risk Parity,-0.005809429218970976,1.3569532035350438,-0.005809429218970985,2021-11-01
2021-11-11,Combined Risk Parity,Combined equity + cryptocurrency,Risk Parity,0.0010725474588201334,1.3584086002452334,-0.004743112648696757,2021-11-01
2021-11-12,Combined Risk Parity,Combined equity + cryptocurrency,Risk Parity,0.0013711467857118085,1.360271177831143,-0.0033784693666474297,2021-11-01
2021-11-15,Combined Risk Parity,Combined equity + cryptocurrency,Risk Parity,-0.002154427409350462,1.357340572321474,-0.005525618108992769,2021-11-01
2021-11-16,Combined Risk Parity,Combined equity + cryptocurrency,Risk Parity,-0.004102897988959917,1.3517715424169625,-0.00960584505052553,2021-11-01
2021-11-17,Combined Risk Parity,Combined equity + cryptocurrency,Risk Parity,-0.0039941041049524045,1.346372426150437,-0.01356158241033012,2021-11-01
2021-11-18,Combined Risk Parity,Combined equity + cryptocurrency,Risk Parity,-0.004106185294574369,1.3408439714931577,-0.017612081334640095,2021-11-01
2021-11-19,Combined Risk Parity,Combined equity + cryptocurrency,Risk Parity,-0.003837003048049811,1.3356991490875794,-0.021381506772926273,2021-11-01
2021-11-22,Combined Risk Parity,Combined equity + cryptocurrency,Risk Parity,-0.0016481458851526486,1.3334977220312088,-0.022994412815672827,2021-11-01
2021-11-23,Combined Risk Parity,Combined equity + cryptocurrency,Risk Parity,0.006566047172428112,1.342253530978391,-0.016579348042494724,2021-11-01
2021-11-24,Combined Risk Parity,Combined equity + cryptocurrency,Risk Parity,0.0007291421535248527,1.343232224608545,-0.015862294590505477,2021-11-01
2021-11-26,Combined Risk Parity,Combined equity + cryptocurrency,Risk Parity,-0.020191321380816044,1.3161105910724056,-0.035733335283407386,2021-11-01
2021-11-29,Combined Risk Parity,Combined equity + cryptocurrency,Risk Parity,0.007906587957739786,1.3265165352228325,-0.02810927608410918,2021-11-01
2021-11-30,Combined Risk Parity,Combined equity + cryptocurrency,Risk Parity,-0.0215176050963211,1.2979730762641675,-0.04902203687810902,2021-11-01
2021-12-01,Combined Risk Parity,Combined equity + cryptocurrency,Risk Parity,-0.011542629798544429,1.2829910535563722,-0.059998823452998895,2021-12-01
2021-12-02,Combined Risk Parity,Combined equity + cryptocurrency,Risk Parity,0.018945077094651364,1.3072974179777457,-0.042190428694252935,2021-12-01
2021-12-03,Combined Risk Parity,Combined equity + cryptocurrency,Risk Parity,-0.0003240505494568657,1.3068737875311465,-0.0425008074121096,2021-12-01
2021-12-06,Combined Risk Parity,Combined equity + cryptocurrency,Risk Parity,0.014122218445184366,1.3253297446389467,-0.028978794653295892,2021-12-01
2021-12-07,Combined Risk Parity,Combined equity + cryptocurrency,Risk Parity,0.010979735756097724,1.3398815150247787,-0.01831723840502164,2021-12-01
2021-12-08,Combined Risk Parity,Combined equity + cryptocurrency,Risk Parity,0.001278377328884967,1.3415943891769784,-0.017062277418441463,2021-12-01
2021-12-09,Combined Risk Parity,Combined equity + cryptocurrency,Risk Parity,-0.00783885363099054,1.3310778271280619,-0.024767382354137446,2021-12-01
2021-12-10,Combined Risk Parity,Combined equity + cryptocurrency,Risk Parity,0.00453520634039808,1.3371145397292163,-0.02034450120322695,2021-12-01
2021-12-13,Combined Risk Parity,Combined equity + cryptocurrency,Risk Parity,-0.0034492255089265374,1.3325025301504256,-0.023723553939636988,2021-12-01
2021-12-14,Combined Risk Parity,Combined equity + cryptocurrency,Risk Parity,-0.0020867978803640365,1.329721866694928,-0.025760845557925127,2021-12-01
2021-12-15,Combined Risk Parity,Combined equity + cryptocurrency,Risk Parity,0.011143406758145888,1.3445394983307106,-0.014904502380264972,2021-12-01
2021-12-16,Combined Risk Parity,Combined equity + cryptocurrency,Risk Parity,0.005341281593939668,1.3517210624054694,-0.009642829930555763,2021-12-01
2021-12-17,Combined Risk Parity,Combined equity + cryptocurrency,Risk Parity,-0.011876854530744684,1.3356668679811359,-0.021405157972950617,2021-12-01
2021-12-20,Combined Risk Parity,Combined equity + cryptocurrency,Risk Parity,-0.00442992736767537,1.329749960768569,-0.025740262045512163,2021-12-01
2021-12-21,Combined Risk Parity,Combined equity + cryptocurrency,Risk Parity,0.010045982784736738,1.3431086059824544,-0.015952865490159285,2021-12-01
2021-12-22,Combined Risk Parity,Combined equity + cryptocurrency,Risk Parity,0.0058415654141009896,1.350954462762543,-0.010204489783361415,2021-12-01
2021-12-23,Combined Risk Parity,Combined equity + cryptocurrency,Risk Parity,0.00532771986559204,1.3581519696913134,-0.004931136580706208,2021-12-01
2021-12-27,Combined Risk Parity,Combined equity + cryptocurrency,Risk Parity,0.011532231724731553,1.3738144929231941,0.0,2021-12-01
2021-12-28,Combined Risk Parity,Combined equity + cryptocurrency,Risk Parity,0.0006153753928346325,1.3746599045564587,0.0,2021-12-01
2021-12-29,Combined Risk Parity,Combined equity + cryptocurrency,Risk Parity,0.000644143265730569,1.3755453824766484,0.0,2021-12-01
2021-12-30,Combined Risk Parity,Combined equity + cryptocurrency,Risk Parity,3.371718038085904e-05,1.3755917619884312,0.0,2021-12-01
2021-12-31,Combined Risk Parity,Combined equity + cryptocurrency,Risk Parity,-0.0014572143904645223,1.3735872298774572,-0.001457214390464534,2021-12-01
2022-01-03,Combined Risk Parity,Combined equity + cryptocurrency,Risk Parity,0.00271131141892918,1.3773114526187193,0.0,2022-01-03
2022-01-04,Combined Risk Parity,Combined equity + cryptocurrency,Risk Parity,0.004115311513586936,1.3829795182974765,0.0,2022-01-03
2022-01-05,Combined Risk Parity,Combined equity + cryptocurrency,Risk Parity,-0.010549166493551334,1.368390237101785,-0.010549166493551199,2022-01-03
2022-01-06,Combined Risk Parity,Combined equity + cryptocurrency,Risk Parity,-0.0010442923381123554,1.366961237661632,-0.011582442417920835,2022-01-03
2022-01-07,Combined Risk Parity,Combined equity + cryptocurrency,Risk Parity,0.0007301173043461659,1.3679592797156193,-0.010860781655210539,2022-01-03
2022-01-10,Combined Risk Parity,Combined equity + cryptocurrency,Risk Parity,-0.006513345010969983,1.3590492889658734,-0.017303386648171437,2022-01-03
2022-01-11,Combined Risk Parity,Combined equity + cryptocurrency,Risk Parity,0.00764050207879087,1.3694331078833963,-0.009795091131036049,2022-01-03
2022-01-12,Combined Risk Parity,Combined equity + cryptocurrency,Risk Parity,0.004311037802878966,1.3753367857799956,-0.0055262803363056445,2022-01-03
2022-01-13,Combined Risk Parity,Combined equity + cryptocurrency,Risk Parity,-0.0049977536906947746,1.3684631912829153,-0.010496415039053963,2022-01-03
2022-01-14,Combined Risk Parity,Combined equity + cryptocurrency,Risk Parity,0.0010912925652112485,1.3699565849893276,-0.009416577133536164,2022-01-03
2022-01-18,Combined Risk Parity,Combined equity + cryptocurrency,Risk Parity,-0.00941879862700026,1.35705323978758,-0.01874668291676007,2022-01-03
2022-01-19,Combined Risk Parity,Combined equity + cryptocurrency,Risk Parity,-0.005207594785799458,1.34998625641201,-0.02385665257435121,2022-01-03
2022-01-20,Combined Risk Parity,Combined equity + cryptocurrency,Risk Parity,-0.011569797650065747,1.3343671885949533,-0.0351504335815237,2022-01-03
2022-01-21,Combined Risk Parity,Combined equity + cryptocurrency,Risk Parity,-0.012991112304297699,1.3170322745927463,-0.04768490265561909,2022-01-03
2022-01-24,Combined Risk Parity,Combined equity + cryptocurrency,Risk Parity,-0.0005177920085837047,1.3163503258059153,-0.04817800380267767,2022-01-03
2022-01-25,Combined Risk Parity,Combined equity + cryptocurrency,Risk Parity,-0.0034664422117357406,1.3117872734711096,-0.051477439748354614,2022-01-03
2022-01-26,Combined Risk Parity,Combined equity + cryptocurrency,Risk Parity,-0.01036413695816546,1.2981917305088764,-0.06130805747071255,2022-01-03
2022-01-27,Combined Risk Parity,Combined equity + cryptocurrency,Risk Parity,-0.002125201398313448,1.2954328116279201,-0.06330296689956127,2022-01-03
2022-01-28,Combined Risk Parity,Combined equity + cryptocurrency,Risk Parity,0.017012750731866574,1.317471687142027,-0.047367173764144566,2022-01-03
2022-01-31,Combined Risk Parity,Combined equity + cryptocurrency,Risk Parity,0.011488809439696702,1.3326078682977975,-0.03642255675752104,2022-01-03
2022-02-01,Combined Risk Parity,Combined equity + cryptocurrency,Risk Parity,0.006799468998382094,1.3416688941852886,-0.029870741804653433,2022-02-01
2022-02-02,Combined Risk Parity,Combined equity + cryptocurrency,Risk Parity,0.008079686594746298,1.3525091583642255,-0.022032401442041327,2022-02-01
2022-02-03,Combined Risk Parity,Combined equity + cryptocurrency,Risk Parity,-0.007530169869208337,1.342324534652083,-0.029396663585764538,2022-02-01
2022-02-04,Combined Risk Parity,Combined equity + cryptocurrency,Risk Parity,0.000651409652986169,1.3431989378113953,-0.028764403203203726,2022-02-01
2022-02-07,Combined Risk Parity,Combined equity + cryptocurrency,Risk Parity,0.0040432821542737,1.3486298701062875,-0.02483742364707986,2022-02-01
2022-02-08,Combined Risk Parity,Combined equity + cryptocurrency,Risk Parity,0.003013606617853538,1.3526941100078747,-0.02189866725349976,2022-02-01
2022-02-09,Combined Risk Parity,Combined equity + cryptocurrency,Risk Parity,0.01051054004701625,1.3669116556224754,-0.011618294025627751,2022-02-01
2022-02-10,Combined Risk Parity,Combined equity + cryptocurrency,Risk Parity,-0.018303133294744114,1.341892889387478,-0.029708776136163184,2022-02-01
2022-02-11,Combined Risk Parity,Combined equity + cryptocurrency,Risk Parity,-0.01058371591622958,1.3276906762561924,-0.03997806280554872,2022-02-01
2022-02-14,Combined Risk Parity,Combined equity + cryptocurrency,Risk Parity,-0.006146341746129703,1.3195302356267717,-0.04587868571532738,2022-02-01
2022-02-15,Combined Risk Parity,Combined equity + cryptocurrency,Risk Parity,0.009430404988620912,1.3319739401434625,-0.036880935313347685,2022-02-01
2022-02-16,Combined Risk Parity,Combined equity + cryptocurrency,Risk Parity,-0.001395701673650843,1.3301149018859448,-0.03822516220385597,2022-02-01
2022-02-17,Combined Risk Parity,Combined equity + cryptocurrency,Risk Parity,-0.015115884399681322,1.3100090387907433,-0.052763239470504875,2022-02-01
2022-02-18,Combined Risk Parity,Combined equity + cryptocurrency,Risk Parity,-0.007147144369179532,1.3006462150655758,-0.05953327734980307,2022-02-01
2022-02-22,Combined Risk Parity,Combined equity + cryptocurrency,Risk Parity,-0.0036089074839981503,1.2959523032059919,-0.06292733474362644,2022-02-01
2022-02-23,Combined Risk Parity,Combined equity + cryptocurrency,Risk Parity,-0.010351983827315961,1.2825366259222306,-0.07262789581938023,2022-02-01
2022-02-24,Combined Risk Parity,Combined equity + cryptocurrency,Risk Parity,0.004284169247742692,1.2880312298941103,-0.06865487676943516,2022-02-01
2022-02-25,Combined Risk Parity,Combined equity + cryptocurrency,Risk Parity,0.026430269216858367,1.3220742420599327,-0.04403917442864336,2022-02-01
2022-02-28,Combined Risk Parity,Combined equity + cryptocurrency,Risk Parity,0.00043070641995758985,1.3226436679236484,-0.04362743596384189,2022-02-01
2022-03-01,Combined Risk Parity,Combined equity + cryptocurrency,Risk Parity,-0.00917691640421799,1.3105058775505447,-0.05240398703528937,2022-03-01
2022-03-02,Combined Risk Parity,Combined equity + cryptocurrency,Risk Parity,0.015548407041288955,1.3308821563647022,-0.03767037851501154,2022-03-01
2022-03-03,Combined Risk Parity,Combined equity + cryptocurrency,Risk Parity,0.001974318707898237,1.333509741904021,-0.03577043314014916,2022-03-01
2022-03-04,Combined Risk Parity,Combined equity + cryptocurrency,Risk Parity,0.0018525364859469362,1.335980117355264,-0.03398416268671234,2022-03-01
2022-03-07,Combined Risk Parity,Combined equity + cryptocurrency,Risk Parity,-0.012555631504740993,1.3192060433040904,-0.04611310156776194,2022-03-01
2022-03-08,Combined Risk Parity,Combined equity + cryptocurrency,Risk Parity,-0.007062020620446134,1.3098897830236598,-0.05284947051406386,2022-03-01
2022-03-09,Combined Risk Parity,Combined equity + cryptocurrency,Risk Parity,0.012102146176495313,1.32574226065291,-0.04138691635508007,2022-03-01
2022-03-10,Combined Risk Parity,Combined equity + cryptocurrency,Risk Parity,-0.0014842685088326706,1.3237745031645942,-0.042809755567289165,2022-03-01
2022-03-11,Combined Risk Parity,Combined equity + cryptocurrency,Risk Parity,-0.006778419786747248,1.3148014038791518,-0.04929799285983327,2022-03-01
2022-03-14,Combined Risk Parity,Combined equity + cryptocurrency,Risk Parity,-0.006404025051422589,1.3063813827510642,-0.05538631232999658,2022-03-01
2022-03-15,Combined Risk Parity,Combined equity + cryptocurrency,Risk Parity,0.007982000433644538,1.3168089195146884,-0.04784640546538799,2022-03-01
2022-03-16,Combined Risk Parity,Combined equity + cryptocurrency,Risk Parity,0.012529339403330786,1.3333076653966212,-0.03591654991536253,2022-03-01
2022-03-17,Combined Risk Parity,Combined equity + cryptocurrency,Risk Parity,0.013130583968876581,1.3508147736534584,-0.0232575712210219,2022-03-01
2022-03-18,Combined Risk Parity,Combined equity + cryptocurrency,Risk Parity,0.003872206397881101,1.3560454072623516,-0.019475422939221998,2022-03-01
2022-03-21,Combined Risk Parity,Combined equity + cryptocurrency,Risk Parity,0.003819861096489373,1.3612253123586262,-0.015729955253155792,2022-03-01
2022-03-22,Combined Risk Parity,Combined equity + cryptocurrency,Risk Parity,0.006871276425059688,1.3705786677566303,-0.008966763698794566,2022-03-01
2022-03-23,Combined Risk Parity,Combined equity + cryptocurrency,Risk Parity,-0.007501745265667995,1.3602969357245613,-0.016401242587336773,2022-03-01
2022-03-24,Combined Risk Parity,Combined equity + cryptocurrency,Risk Parity,0.009245074203034706,1.3728729818334957,-0.007307799089043998,2022-03-01
2022-03-25,Combined Risk Parity,Combined equity + cryptocurrency,Risk Parity,0.008672697354562792,1.3847794937111937,0.0,2022-03-01
2022-03-28,Combined Risk Parity,Combined equity + cryptocurrency,Risk Parity,0.0025015714649118466,1.3882436185778568,0.0,2022-03-01
2022-03-29,Combined Risk Parity,Combined equity + cryptocurrency,Risk Parity,0.012109502351816234,1.4050545579419194,0.0,2022-03-01
2022-03-30,Combined Risk Parity,Combined equity + cryptocurrency,Risk Parity,-0.0012592464034694177,1.4032852480431526,-0.0012592464034695272,2022-03-01
2022-03-31,Combined Risk Parity,Combined equity + cryptocurrency,Risk Parity,-0.01288948100225209,1.3851976294977597,-0.014132496373126968,2022-03-01
2022-04-01,Combined Risk Parity,Combined equity + cryptocurrency,Risk Parity,0.008782238459405962,1.397362765393413,-0.005474372866896338,2022-04-01
2022-04-04,Combined Risk Parity,Combined equity + cryptocurrency,Risk Parity,0.0006852642388538595,1.3983203281252432,-0.004792860019998235,2022-04-01
2022-04-05,Combined Risk Parity,Combined equity + cryptocurrency,Risk Parity,-0.0076308708203322775,1.3876499263358748,-0.01238715714465799,2022-04-01
2022-04-06,Combined Risk Parity,Combined equity + cryptocurrency,Risk Parity,0.0007724130401222341,1.3887217652341015,-0.01162431210624415,2022-04-01
2022-04-07,Combined Risk Parity,Combined equity + cryptocurrency,Risk Parity,0.0032056401758216195,1.3931735075177738,-0.008455935292326688,2022-04-01
2022-04-08,Combined Risk Parity,Combined equity + cryptocurrency,Risk Parity,0.002645270933458818,1.3968588289024755,-0.005833032598711818,2022-04-01
2022-04-11,Combined Risk Parity,Combined equity + cryptocurrency,Risk Parity,-0.014101547489504221,1.377160957790574,-0.019852325302017526,2022-04-01
2022-04-12,Combined Risk Parity,Combined equity + cryptocurrency,Risk Parity,0.000483594054083714,1.3778269446412776,-0.019378331714409613,2022-04-01
2022-04-13,Combined Risk Parity,Combined equity + cryptocurrency,Risk Parity,0.007925606058652286,1.388747058221501,-0.011606310678999643,2022-04-01
2022-04-14,Combined Risk Parity,Combined equity + cryptocurrency,Risk Parity,-0.001410915285186023,1.3867876537697992,-0.013000850443043999,2022-04-01
2022-04-18,Combined Risk Parity,Combined equity + cryptocurrency,Risk Parity,-0.0006882158902213737,1.385833244470112,-0.013680118941404085,2022-04-01
2022-04-19,Combined Risk Parity,Combined equity + cryptocurrency,Risk Parity,0.010519384641818275,1.4004113574181123,-0.003304640732676112,2022-04-01
2022-04-20,Combined Risk Parity,Combined equity + cryptocurrency,Risk Parity,0.002826307392942625,1.404369350390744,-0.0004876732702672193,2022-04-01
2022-04-21,Combined Risk Parity,Combined equity + cryptocurrency,Risk Parity,-0.01096373558075955,1.3889722161753368,-0.011446062130241685,2022-04-01
2022-04-22,Combined Risk Parity,Combined equity + cryptocurrency,Risk Parity,-0.020935993730663363,1.3598927025654244,-0.0321424211759056,2022-04-01
2022-04-25,Combined Risk Parity,Combined equity + cryptocurrency,Risk Parity,-0.002504747919103927,1.356486514148469,-0.034566660432454155,2022-04-01
2022-04-26,Combined Risk Parity,Combined equity + cryptocurrency,Risk Parity,-0.0190093215426538,1.3307006258327472,-0.05291889321229171,2022-04-01
2022-04-27,Combined Risk Parity,Combined equity + cryptocurrency,Risk Parity,0.0013052309060361065,1.3324374974162658,-0.05168273368118936,2022-04-01
2022-04-28,Combined Risk Parity,Combined equity + cryptocurrency,Risk Parity,0.015259912675979979,1.3527703772730395,-0.03721149500804022,2022-04-01
2022-04-29,Combined Risk Parity,Combined equity + cryptocurrency,Risk Parity,-0.033708045238083365,1.3071711321991808,-0.06966521348901578,2022-04-01
2022-05-02,Combined Risk Parity,Combined equity + cryptocurrency,Risk Parity,0.0007336449433248782,1.3081301316903788,-0.06898267807729286,2022-05-02
2022-05-03,Combined Risk Parity,Combined equity + cryptocurrency,Risk Parity,0.004588552684326374,1.314132555717595,-0.06471065604563009,2022-05-02
2022-05-04,Combined Risk Parity,Combined equity + cryptocurrency,Risk Parity,0.030929799444783527,1.3547784121098008,-0.035782344214278394,2022-05-02
2022-05-05,Combined Risk Parity,Combined equity + cryptocurrency,Risk Parity,-0.02438110673747374,1.3217474150385264,-0.05929103779814693,2022-05-02
2022-05-06,Combined Risk Parity,Combined equity + cryptocurrency,Risk Parity,-0.0024760218303112452,1.3184747395847336,-0.06162025372452806,2022-05-02
2022-05-09,Combined Risk Parity,Combined equity + cryptocurrency,Risk Parity,-0.03406801486381979,1.27355692255899,-0.09358898886854827,2022-05-02
2022-05-10,Combined Risk Parity,Combined equity + cryptocurrency,Risk Parity,-0.0045768898176856395,1.2677279928478866,-0.0977375321960341,2022-05-02
2022-05-11,Combined Risk Parity,Combined equity + cryptocurrency,Risk Parity,-0.00606197123746915,1.2600430622183083,-0.10320702132450954,2022-05-02
2022-05-12,Combined Risk Parity,Combined equity + cryptocurrency,Risk Parity,0.0016503029894134587,1.262122515050677,-0.10172704119091636,2022-05-02
2022-05-13,Combined Risk Parity,Combined equity + cryptocurrency,Risk Parity,0.019013493191133983,1.2861198728969698,-0.0846477344048201,2022-05-02
2022-05-16,Combined Risk Parity,Combined equity + cryptocurrency,Risk Parity,0.0010752879164890458,1.2875028220554523,-0.08366346717429485,2022-05-02
2022-05-17,Combined Risk Parity,Combined equity + cryptocurrency,Risk Parity,0.01435728397618929,1.3059878656918473,-0.0705073633547596,2022-05-02
2022-05-18,Combined Risk Parity,Combined equity + cryptocurrency,Risk Parity,-0.026180978644798195,1.2717958252698036,-0.09484239022526575,2022-05-02
2022-05-19,Combined Risk Parity,Combined equity + cryptocurrency,Risk Parity,-0.00043852024768242684,1.2712381170495048,-0.09523932016449577,2022-05-02
2022-05-20,Combined Risk Parity,Combined equity + cryptocurrency,Risk Parity,0.0016670199678575925,1.273357296374528,-0.09373106604507753,2022-05-02
2022-05-23,Combined Risk Parity,Combined equity + cryptocurrency,Risk Parity,0.015247859705863563,1.2927732697850847,-0.07991240448435033,2022-05-02
2022-05-24,Combined Risk Parity,Combined equity + cryptocurrency,Risk Parity,0.006358156098470468,1.3009929240343083,-0.07406234392779543,2022-05-02
2022-05-25,Combined Risk Parity,Combined equity + cryptocurrency,Risk Parity,0.006394125745193905,1.309311636384191,-0.06814178212265976,2022-05-02
2022-05-26,Combined Risk Parity,Combined equity + cryptocurrency,Risk Parity,0.008068122444883724,1.3198753229850497,-0.060623435919554325,2022-05-02
2022-05-27,Combined Risk Parity,Combined equity + cryptocurrency,Risk Parity,0.015108074740357916,1.339816098012662,-0.04643126458008617,2022-05-02
2022-05-31,Combined Risk Parity,Combined equity + cryptocurrency,Risk Parity,-0.007826181812484994,1.329330453634321,-0.053894066874183744,2022-05-02
2022-06-01,Combined Risk Parity,Combined equity + cryptocurrency,Risk Parity,-0.00910568078305125,1.317225994868338,-0.06250900548817828,2022-06-01
2022-06-02,Combined Risk Parity,Combined equity + cryptocurrency,Risk Parity,0.011543904718615158,1.3324319262459812,-0.05168669877297405,2022-06-01
2022-06-03,Combined Risk Parity,Combined equity + cryptocurrency,Risk Parity,-0.00832250485177759,1.3213427550751358,-0.05957904082344112,2022-06-01
2022-06-06,Combined Risk Parity,Combined equity + cryptocurrency,Risk Parity,0.0006893739051565119,1.3222536542902523,-0.05893073915432245,2022-06-01
2022-06-07,Combined Risk Parity,Combined equity + cryptocurrency,Risk Parity,0.008018522478750312,1.3328561749397885,-0.05138475413217036,2022-06-01
2022-06-08,Combined Risk Parity,Combined equity + cryptocurrency,Risk Parity,-0.012528316216852874,1.3161577313085577,-0.06326930590053026,2022-06-01
2022-06-09,Combined Risk Parity,Combined equity + cryptocurrency,Risk Parity,-0.02139174707081006,1.288002818015114,-0.0833076119821704,2022-06-01
2022-06-10,Combined Risk Parity,Combined equity + cryptocurrency,Risk Parity,-0.021849513269713516,1.2598605833514642,-0.10333689447841143,2022-06-01
2022-06-13,Combined Risk Parity,Combined equity + cryptocurrency,Risk Parity,-0.042142388153480204,1.206767049628597,-0.14112441911420714,2022-06-01
2022-06-14,Combined Risk Parity,Combined equity + cryptocurrency,Risk Parity,-0.008852483558118003,1.1960841641632813,-0.14872760107246752,2022-06-01
2022-06-15,Combined Risk Parity,Combined equity + cryptocurrency,Risk Parity,0.011152489315052517,1.2094234800240158,-0.13923379473922914,2022-06-01
2022-06-16,Combined Risk Parity,Combined equity + cryptocurrency,Risk Parity,-0.026473605891005735,1.1774056794585313,-0.16202138002159938,2022-06-01
2022-06-17,Combined Risk Parity,Combined equity + cryptocurrency,Risk Parity,-0.0021701188834818965,1.1748505691600195,-0.16383989324876858,2022-06-01
2022-06-21,Combined Risk Parity,Combined equity + cryptocurrency,Risk Parity,0.02116771392900184,1.1997194699173237,-0.146140295310215,2022-06-01
2022-06-22,Combined Risk Parity,Combined equity + cryptocurrency,Risk Parity,-0.0012742798242109457,1.198190691602095,-0.1472283515046079,2022-06-01
2022-06-23,Combined Risk Parity,Combined equity + cryptocurrency,Risk Parity,0.009101186537989227,1.2090956485944482,-0.13946711765734265,2022-06-01
2022-06-24,Combined Risk Parity,Combined equity + cryptocurrency,Risk Parity,0.023925060049677756,1.2380233345928744,-0.11887881677257228,2022-06-01
2022-06-27,Combined Risk Parity,Combined equity + cryptocurrency,Risk Parity,-0.0026979716147095528,1.2346831827777949,-0.12125605671403905,2022-06-01
2022-06-28,Combined Risk Parity,Combined equity + cryptocurrency,Risk Parity,-0.011280271000792227,1.2207556218759408,-0.13116852653460942,2022-06-01
2022-06-29,Combined Risk Parity,Combined equity + cryptocurrency,Risk Parity,-0.0026841639821174137,1.217478913604734,-0.13350061268221536,2022-06-01
2022-06-30,Combined Risk Parity,Combined equity + cryptocurrency,Risk Parity,-0.005931086889167976,1.2102579403824143,-0.138639895837808,2022-06-01
2022-07-01,Combined Risk Parity,Combined equity + cryptocurrency,Risk Parity,0.011146399235787752,1.2237479585641988,-0.12903883223103652,2022-07-01
2022-07-05,Combined Risk Parity,Combined equity + cryptocurrency,Risk Parity,-0.008067137736950274,1.2138758152271498,-0.1360649959349638,2022-07-01
2022-07-06,Combined Risk Parity,Combined equity + cryptocurrency,Risk Parity,0.0014766420583395847,1.2156682753095156,-0.1347892731722894,2022-07-01
2022-07-07,Combined Risk Parity,Combined equity + cryptocurrency,Risk Parity,0.010739714329971839,1.2287242053063494,-0.12549715713093246,2022-07-01
2022-07-08,Combined Risk Parity,Combined equity + cryptocurrency,Risk Parity,-0.0033236653516868727,1.2246403372383938,-0.128403711929728,2022-07-01
2022-07-11,Combined Risk Parity,Combined equity + cryptocurrency,Risk Parity,-0.007359754045577869,1.2156272855620258,-0.13481844623696382,2022-07-01
2022-07-12,Combined Risk Parity,Combined equity + cryptocurrency,Risk Parity,-0.005580084979070282,1.2088439820057133,-0.13964623282928545,2022-07-01
2022-07-13,Combined Risk Parity,Combined equity + cryptocurrency,Risk Parity,-0.0010358332756626291,1.2075918211840673,-0.14053741589016255,2022-07-01
2022-07-14,Combined Risk Parity,Combined equity + cryptocurrency,Risk Parity,-0.0025502708289113106,1.2045121349892696,-0.1427292782469587,2022-07-01
2022-07-15,Combined Risk Parity,Combined equity + cryptocurrency,Risk Parity,0.015709792379648705,1.2234347705487185,-0.12926173319506673,2022-07-01
2022-07-18,Combined Risk Parity,Combined equity + cryptocurrency,Risk Parity,-3.735986929984743e-05,1.223389063185594,-0.129294263862909,2022-07-01
2022-07-19,Combined Risk Parity,Combined equity + cryptocurrency,Risk Parity,0.021643522868006262,1.24986751235112,-0.11044912435152165,2022-07-01
2022-07-20,Combined Risk Parity,Combined equity + cryptocurrency,Risk Parity,-0.0037811188716600427,1.2451416147130945,-0.11381262195473774,2022-07-01
2022-07-21,Combined Risk Parity,Combined equity + cryptocurrency,Risk Parity,0.0054896230145606096,1.2519769727776107,-0.10894778732900734,2022-07-01
2022-07-22,Combined Risk Parity,Combined equity + cryptocurrency,Risk Parity,-0.0029559911087258376,1.2482761399777507,-0.11158172974707325,2022-07-01
2022-07-25,Combined Risk Parity,Combined equity + cryptocurrency,Risk Parity,-0.0026714359199381797,1.2449414502594125,-0.11395508222615613,2022-07-01
2022-07-26,Combined Risk Parity,Combined equity + cryptocurrency,Risk Parity,-0.0030659924405245925,1.2411244691840213,-0.11667168924601601,2022-07-01
2022-07-27,Combined Risk Parity,Combined equity + cryptocurrency,Risk Parity,0.014217847920757072,1.2587705881376101,-0.10411266165961663,2022-07-01
2022-07-28,Combined Risk Parity,Combined equity + cryptocurrency,Risk Parity,0.015270097529407844,1.2779921377856214,-0.09043237462779741,2022-07-01
2022-07-29,Combined Risk Parity,Combined equity + cryptocurrency,Risk Parity,0.006500987968379342,1.286300349297049,-0.08451928643882545,2022-07-01
2022-08-01,Combined Risk Parity,Combined equity + cryptocurrency,Risk Parity,-0.0032310898336880773,1.282144197315366,-0.08747728686535039,2022-08-01
2022-08-02,Combined Risk Parity,Combined equity + cryptocurrency,Risk Parity,-0.009547936826698748,1.2699023655166806,-0.09618999608328771,2022-08-01
2022-08-03,Combined Risk Parity,Combined equity + cryptocurrency,Risk Parity,0.006175331925333809,1.2777444341365125,-0.09060866931166489,2022-08-01
2022-08-04,Combined Risk Parity,Combined equity + cryptocurrency,Risk Parity,-0.0020147914469608843,1.2751700455792123,-0.0924409031866762,2022-08-01
2022-08-05,Combined Risk Parity,Combined equity + cryptocurrency,Risk Parity,0.002523911352571638,1.2783884617337091,-0.09015030447909922,2022-08-01
2022-08-08,Combined Risk Parity,Combined equity + cryptocurrency,Risk Parity,0.002420584277970916,1.2814829087453212,-0.08794793661080469,2022-08-01
2022-08-09,Combined Risk Parity,Combined equity + cryptocurrency,Risk Parity,-0.0013650263643077603,1.279733650789474,-0.08919291172295218,2022-08-01
2022-08-10,Combined Risk Parity,Combined equity + cryptocurrency,Risk Parity,0.01578973430258141,1.2999403051135126,-0.07481150979814966,2022-08-01
2022-08-11,Combined Risk Parity,Combined equity + cryptocurrency,Risk Parity,0.003907956626499795,1.3050204154429352,-0.07119591330710395,2022-08-01
2022-08-12,Combined Risk Parity,Combined equity + cryptocurrency,Risk Parity,0.01456350598880944,1.3240260880787569,-0.05766926942812134,2022-08-01
2022-08-15,Combined Risk Parity,Combined equity + cryptocurrency,Risk Parity,0.004074580985798733,1.329420939601944,-0.0538296665509993,2022-08-01
2022-08-16,Combined Risk Parity,Combined equity + cryptocurrency,Risk Parity,0.004187190361832297,1.3349874781470632,-0.04986787125013015,2022-08-01
2022-08-17,Combined Risk Parity,Combined equity + cryptocurrency,Risk Parity,-0.0070535236539329,1.3255711123922487,-0.05656965069462894,2022-08-01
2022-08-18,Combined Risk Parity,Combined equity + cryptocurrency,Risk Parity,0.000747259654354179,1.3265616582035167,-0.05586466325789985,2022-08-01
2022-08-19,Combined Risk Parity,Combined equity + cryptocurrency,Risk Parity,-0.012644928424968553,1.3097873809842255,-0.0678031870144874,2022-08-01
2022-08-22,Combined Risk Parity,Combined equity + cryptocurrency,Risk Parity,-0.015016368754047871,1.2901191306819677,-0.08180139810962606,2022-08-01
2022-08-23,Combined Risk Parity,Combined equity + cryptocurrency,Risk Parity,0.00022285794222105522,1.2904066439766515,-0.08159677025865852,2022-08-01
2022-08-24,Combined Risk Parity,Combined equity + cryptocurrency,Risk Parity,0.0010593199248360534,1.291773597445757,-0.08062388741835969,2022-08-01
2022-08-25,Combined Risk Parity,Combined equity + cryptocurrency,Risk Parity,0.011071908136804812,1.3060759960502264,-0.0704446395566829,2022-08-01
2022-08-26,Combined Risk Parity,Combined equity + cryptocurrency,Risk Parity,-0.027737396263445933,1.2698488485976065,-0.09622808493810941,2022-08-01
2022-08-29,Combined Risk Parity,Combined equity + cryptocurrency,Risk Parity,-0.0004478711645005918,1.2692801199150454,-0.09663285831815116,2022-08-01
2022-08-30,Combined Risk Parity,Combined equity + cryptocurrency,Risk Parity,-0.013116489192759123,1.2526316209395958,-0.10848186366911472,2022-08-01
2022-08-31,Combined Risk Parity,Combined equity + cryptocurrency,Risk Parity,-0.005779914282567178,1.2453915175429318,-0.11363476207846124,2022-08-01
2022-09-01,Combined Risk Parity,Combined equity + cryptocurrency,Risk Parity,0.0053276189661094105,1.2520264890120252,-0.10891254582601051,2022-09-01
2022-09-02,Combined Risk Parity,Combined equity + cryptocurrency,Risk Parity,-0.008895384460357526,1.2408892320377116,-0.11683911131868929,2022-09-01
2022-09-06,Combined Risk Parity,Combined equity + cryptocurrency,Risk Parity,-0.007457742233270793,1.231635000005133,-0.12342549757698085,2022-09-01
2022-09-07,Combined Risk Parity,Combined equity + cryptocurrency,Risk Parity,0.019004920628846136,1.2550421254239394,-0.1067662687331612,2022-09-01
2022-09-08,Combined Risk Parity,Combined equity + cryptocurrency,Risk Parity,0.004023885302625415,1.2600922709866085,-0.1031719986501074,2022-09-01
2022-09-09,Combined Risk Parity,Combined equity + cryptocurrency,Risk Parity,0.015299305762130577,1.2793708079289303,-0.0894511528414147,2022-09-01
2022-09-12,Combined Risk Parity,Combined equity + cryptocurrency,Risk Parity,0.007717761589753287,1.2892446868094158,-0.0824237539232201,2022-09-01
2022-09-13,Combined Risk Parity,Combined equity + cryptocurrency,Risk Parity,-0.03825596664806702,1.2399233850696372,-0.11752652019019194,2022-09-01
2022-09-14,Combined Risk Parity,Combined equity + cryptocurrency,Risk Parity,0.0046232610520478504,1.2456558745633528,-0.1134466149215222,2022-09-01
2022-09-15,Combined Risk Parity,Combined equity + cryptocurrency,Risk Parity,-0.016828670441243365,1.2246931423671275,-0.12836612966757655,2022-09-01
2022-09-16,Combined Risk Parity,Combined equity + cryptocurrency,Risk Parity,-0.0031532382749642355,1.2208313930755292,-0.13111459894926392,2022-09-01
2022-09-19,Combined Risk Parity,Combined equity + cryptocurrency,Risk Parity,0.006453230838658663,1.2287096998701268,-0.12550748088394315,2022-09-01
2022-09-20,Combined Risk Parity,Combined equity + cryptocurrency,Risk Parity,-0.013917224748477688,1.2116094708263996,-0.13767798981334378,2022-09-01
2022-09-21,Combined Risk Parity,Combined equity + cryptocurrency,Risk Parity,-0.017491300840265442,1.1904168450712602,-0.15276112351470095,2022-09-01
2022-09-22,Combined Risk Parity,Combined equity + cryptocurrency,Risk Parity,-9.053817028580274e-05,1.1903090669082301,-0.1528378309723729,2022-09-01
2022-09-23,Combined Risk Parity,Combined equity + cryptocurrency,Risk Parity,-0.017744302176908963,1.169187863141096,-0.16787013249244476,2022-09-01
2022-09-26,Combined Risk Parity,Combined equity + cryptocurrency,Risk Parity,-0.014032942780040475,1.1527807167585191,-0.179547363308741,2022-09-01
2022-09-27,Combined Risk Parity,Combined equity + cryptocurrency,Risk Parity,-0.006472280093186292,1.1453195970736338,-0.18485756257660002,2022-09-01
2022-09-28,Combined Risk Parity,Combined equity + cryptocurrency,Risk Parity,0.01905057924805227,1.1671385988220324,-0.16932862697401507,2022-09-01
2022-09-29,Combined Risk Parity,Combined equity + cryptocurrency,Risk Parity,-0.016058054118707605,1.1483966240381156,-0.18266759283692757,2022-09-01
2022-09-30,Combined Risk Parity,Combined equity + cryptocurrency,Risk Parity,-0.01478132164898331,1.1314218041576016,-0.19474884604134268,2022-09-01
2022-10-03,Combined Risk Parity,Combined equity + cryptocurrency,Risk Parity,0.029670182067910097,1.1649912950825612,-0.1708568976929945,2022-10-03
2022-10-04,Combined Risk Parity,Combined equity + cryptocurrency,Risk Parity,0.026359518238209964,1.1956999043726457,-0.14900108496564712,2022-10-03
2022-10-05,Combined Risk Parity,Combined equity + cryptocurrency,Risk Parity,-0.0050880608610054286,1.1896161104876992,-0.15333101923799153,2022-10-03
2022-10-06,Combined Risk Parity,Combined equity + cryptocurrency,Risk Parity,-0.012113037939955787,1.175206245407379,-0.16358675272454548,2022-10-03
2022-10-07,Combined Risk Parity,Combined equity + cryptocurrency,Risk Parity,-0.019586816434043766,1.1521876964064428,-0.1799694254619323,2022-10-03
2022-10-10,Combined Risk Parity,Combined equity + cryptocurrency,Risk Parity,-0.0061516481058452865,1.145099843146266,-0.18501396499252454,2022-10-03
2022-10-11,Combined Risk Parity,Combined equity + cryptocurrency,Risk Parity,-0.0015485109363555503,1.143326643515935,-0.18627597978071064,2022-10-03
2022-10-12,Combined Risk Parity,Combined equity + cryptocurrency,Risk Parity,-0.006563785960349044,1.1358220921451323,-0.19161709008022465,2022-10-03
2022-10-13,Combined Risk Parity,Combined equity + cryptocurrency,Risk Parity,0.024887297988831013,1.1640896350146457,-0.1714986237119729,2022-10-03
2022-10-14,Combined Risk Parity,Combined equity + cryptocurrency,Risk Parity,-0.014724960672507524,1.1469484609197813,-0.18369827389493254,2022-10-03
2022-10-17,Combined Risk Parity,Combined equity + cryptocurrency,Risk Parity,0.01754337771585869,1.1670698109903197,-0.16937758438376405,2022-10-03
2022-10-18,Combined Risk Parity,Combined equity + cryptocurrency,Risk Parity,0.010276683842038625,1.179063418459455,-0.16084154042636545,2022-10-03
2022-10-19,Combined Risk Parity,Combined equity + cryptocurrency,Risk Parity,-0.009660101069106548,1.1676735466702506,-0.1689478959588424,2022-10-03
2022-10-20,Combined Risk Parity,Combined equity + cryptocurrency,Risk Parity,-0.004052583672135858,1.1629414519206298,-0.17231580414637382,2022-10-03
2022-10-21,Combined Risk Parity,Combined equity + cryptocurrency,Risk Parity,0.02238824144669403,1.1889776659345979,-0.15378541052798989,2022-10-03
2022-10-24,Combined Risk Parity,Combined equity + cryptocurrency,Risk Parity,0.008210974266161594,1.1987403309526277,-0.1468371643101848,2022-10-03
2022-10-25,Combined Risk Parity,Combined equity + cryptocurrency,Risk Parity,0.01624630506857288,1.218215432067286,-0.13297642060839943,2022-10-03
2022-10-26,Combined Risk Parity,Combined equity + cryptocurrency,Risk Parity,0.008276283250472895,1.228297728043172,-0.1258006878805158,2022-10-03
2022-10-27,Combined Risk Parity,Combined equity + cryptocurrency,Risk Parity,-0.0011700794871728106,1.2268605220674476,-0.12682357056332738,2022-10-03
2022-10-28,Combined Risk Parity,Combined equity + cryptocurrency,Risk Parity,0.022482997233168815,1.254444023790574,-0.10719194731623449,2022-10-03
2022-10-31,Combined Risk Parity,Combined equity + cryptocurrency,Risk Parity,-0.006485542114846237,1.2463082742435632,-0.11298229154238881,2022-10-03
2022-11-01,Combined Risk Parity,Combined equity + cryptocurrency,Risk Parity,0.0009779191512326315,1.2475270629732857,-0.11211485993780557,2022-11-01
2022-11-02,Combined Risk Parity,Combined equity + cryptocurrency,Risk Parity,-0.01621276922181446,1.2273011946033319,-0.12650993680911238,2022-11-01
2022-11-03,Combined Risk Parity,Combined equity + cryptocurrency,Risk Parity,-0.0016039060153534373,1.2253327188346572,-0.12791093277581556,2022-11-01
2022-11-04,Combined Risk Parity,Combined equity + cryptocurrency,Risk Parity,0.020082175733327882,1.249940065826091,-0.11039748687270567,2022-11-01
2022-11-07,Combined Risk Parity,Combined equity + cryptocurrency,Risk Parity,0.00569760505526856,1.2570617306639247,-0.10532888309673183,2022-11-01
2022-11-08,Combined Risk Parity,Combined equity + cryptocurrency,Risk Parity,-0.002300447917399596,1.254169925623576,-0.10738702740436956,2022-11-01
2022-11-09,Combined Risk Parity,Combined equity + cryptocurrency,Risk Parity,-0.027489088735346223,1.219693937248907,-0.13192414461437196,2022-11-01
2022-11-10,Combined Risk Parity,Combined equity + cryptocurrency,Risk Parity,0.04980094497690886,1.2804358479065092,-0.08869314670452921,2022-11-01
2022-11-11,Combined Risk Parity,Combined equity + cryptocurrency,Risk Parity,0.00512081305909489,1.2869927205178022,-0.08402651466933109,2022-11-01
2022-11-14,Combined Risk Parity,Combined equity + cryptocurrency,Risk Parity,-0.006204760225595811,1.2790072392749021,-0.08970991051881105,2022-11-01
2022-11-15,Combined Risk Parity,Combined equity + cryptocurrency,Risk Parity,0.009237905405680183,1.2908225871645038,-0.08130073678045568,2022-11-01
2022-11-16,Combined Risk Parity,Combined equity + cryptocurrency,Risk Parity,-0.00811103613078588,1.280352678521578,-0.08875233969775587,2022-11-01
2022-11-17,Combined Risk Parity,Combined equity + cryptocurrency,Risk Parity,-0.0013397060388819122,1.278637382306264,-0.0899731436911797,2022-11-01
2022-11-18,Combined Risk Parity,Combined equity + cryptocurrency,Risk Parity,0.0063517518500854075,1.286758969664916,-0.08419287892299288,2022-11-01
2022-11-21,Combined Risk Parity,Combined equity + cryptocurrency,Risk Parity,0.0010952298279913665,1.2881682664699285,-0.08318985964730241,2022-11-01
2022-11-22,Combined Risk Parity,Combined equity + cryptocurrency,Risk Parity,0.014957755633697303,1.3074363726148692,-0.069476437605411,2022-11-01
2022-11-23,Combined Risk Parity,Combined equity + cryptocurrency,Risk Parity,0.006010827141892969,1.315295146649681,-0.06388322132039859,2022-11-01
2022-11-25,Combined Risk Parity,Combined equity + cryptocurrency,Risk Parity,0.0007459475311061941,1.3162762878170002,-0.0631849273205154,2022-11-01
2022-11-28,Combined Risk Parity,Combined equity + cryptocurrency,Risk Parity,-0.016465606602184064,1.2946030002820224,-0.0786101557662523,2022-11-01
2022-11-29,Combined Risk Parity,Combined equity + cryptocurrency,Risk Parity,0.00477440036381863,1.3007839533175696,-0.07421107175872388,2022-11-01
2022-11-30,Combined Risk Parity,Combined equity + cryptocurrency,Risk Parity,0.02254411712544115,1.3301089791160554,-0.05333997772701571,2022-11-01
2022-12-01,Combined Risk Parity,Combined equity + cryptocurrency,Risk Parity,-0.001458551637557386,1.328168946486436,-0.05472073025271218,2022-12-01
2022-12-02,Combined Risk Parity,Combined equity + cryptocurrency,Risk Parity,0.0021771491269633007,1.3310605683487386,-0.05266271631584529,2022-12-01
2022-12-05,Combined Risk Parity,Combined equity + cryptocurrency,Risk Parity,-0.014323103844228477,1.3119956496053218,-0.06623152660556286,2022-12-01
2022-12-06,Combined Risk Parity,Combined equity + cryptocurrency,Risk Parity,-0.00848575349361596,1.3008623779380746,-0.07415525569089809,2022-12-01
2022-12-07,Combined Risk Parity,Combined equity + cryptocurrency,Risk Parity,-0.0013106921608089593,1.29915734781702,-0.07536875313939007,2022-12-01
2022-12-08,Combined Risk Parity,Combined equity + cryptocurrency,Risk Parity,0.006943771556116961,1.3081783996557121,-0.06894832498754244,2022-12-01
2022-12-09,Combined Risk Parity,Combined equity + cryptocurrency,Risk Parity,-0.010229299829747187,1.294796650574835,-0.0784723317282332,2022-12-01
2022-12-12,Combined Risk Parity,Combined equity + cryptocurrency,Risk Parity,0.013758222870627902,1.312610751465586,-0.06579374868670018,2022-12-01
2022-12-13,Combined Risk Parity,Combined equity + cryptocurrency,Risk Parity,0.00840093983284828,1.3236379154125981,-0.057945538177946454,2022-12-01
2022-12-14,Combined Risk Parity,Combined equity + cryptocurrency,Risk Parity,-0.0070502927200720555,1.3143058806535532,-0.06458729789204198,2022-12-01
2022-12-15,Combined Risk Parity,Combined equity + cryptocurrency,Risk Parity,-0.019474111008136827,1.2887109420350589,-0.08280362869131364,2022-12-01
2022-12-16,Combined Risk Parity,Combined equity + cryptocurrency,Risk Parity,-0.014292386106456448,1.2702921876718787,-0.09591255336549809,2022-12-01
2022-12-19,Combined Risk Parity,Combined equity + cryptocurrency,Risk Parity,-0.007001602357112474,1.2613981068964537,-0.10224261416289004,2022-12-01
2022-12-20,Combined Risk Parity,Combined equity + cryptocurrency,Risk Parity,0.005030793167701909,1.2677439398743804,-0.09772618243996689,2022-12-01
2022-12-21,Combined Risk Parity,Combined equity + cryptocurrency,Risk Parity,0.014111268852647525,1.2856334154462623,-0.08499395402167265,2022-12-01
2022-12-22,Combined Risk Parity,Combined equity + cryptocurrency,Risk Parity,-0.0073551181896620976,1.276177429727076,-0.09172393163409864,2022-12-01
2022-12-23,Combined Risk Parity,Combined equity + cryptocurrency,Risk Parity,0.0066517954410988955,1.284666300936168,-0.08568226502328302,2022-12-01
2022-12-27,Combined Risk Parity,Combined equity + cryptocurrency,Risk Parity,0.0011972089562076575,1.286204314937387,-0.08458763564214944,2022-12-01
2022-12-28,Combined Risk Parity,Combined equity + cryptocurrency,Risk Parity,-0.013062428030047174,1.2694033636415811,-0.09654514376938927,2022-12-01
2022-12-29,Combined Risk Parity,Combined equity + cryptocurrency,Risk Parity,0.010339334682425969,1.2825281498652685,-0.08720402164035801,2022-12-01
2022-12-30,Combined Risk Parity,Combined equity + cryptocurrency,Risk Parity,-0.0020594853424159027,1.2798868019393852,-0.0890839115784059,2022-12-01
2023-01-03,Combined Risk Parity,Combined equity + cryptocurrency,Risk Parity,0.0026584074785175895,1.283289262585317,-0.08666232543664387,2023-01-03
2023-01-04,Combined Risk Parity,Combined equity + cryptocurrency,Risk Parity,0.01719636355193247,1.3053571712870256,-0.07095623873917567,2023-01-03
2023-01-05,Combined Risk Parity,Combined equity + cryptocurrency,Risk Parity,-0.006398161482717766,1.2970052853125076,-0.07690041074823384,2023-01-03
2023-01-06,Combined Risk Parity,Combined equity + cryptocurrency,Risk Parity,0.021646326801292352,1.3250806855813855,-0.056918695369151506,2023-01-03
2023-01-09,Combined Risk Parity,Combined equity + cryptocurrency,Risk Parity,-0.001410456979698589,1.3232117162797434,-0.05824887097769127,2023-01-03
2023-01-10,Combined Risk Parity,Combined equity + cryptocurrency,Risk Parity,0.006477263004084664,1.3317825065761735,-0.052148901230620215,2023-01-03
2023-01-11,Combined Risk Parity,Combined equity + cryptocurrency,Risk Parity,0.009854624622986492,1.3449067232579417,-0.042808184453762665,2023-01-03
2023-01-12,Combined Risk Parity,Combined equity + cryptocurrency,Risk Parity,0.006130906177966945,1.353152220196353,-0.03693973123833083,2023-01-03
2023-01-13,Combined Risk Parity,Combined equity + cryptocurrency,Risk Parity,0.005691727721485745,1.3608539941994349,-0.03145825440915839,2023-01-03
2023-01-17,Combined Risk Parity,Combined equity + cryptocurrency,Risk Parity,-0.005455053399333297,1.353430462992381,-0.03674170135083987,2023-01-03
2023-01-18,Combined Risk Parity,Combined equity + cryptocurrency,Risk Parity,-0.019076356344101982,1.3276119411933753,-0.05511715990728472,2023-01-03
2023-01-19,Combined Risk Parity,Combined equity + cryptocurrency,Risk Parity,-0.003541716733315755,1.322909915765901,-0.05846366727306396,2023-01-03
2023-01-20,Combined Risk Parity,Combined equity + cryptocurrency,Risk Parity,0.017274741218414148,1.345762842216031,-0.04219887077747142,2023-01-03
2023-01-23,Combined Risk Parity,Combined equity + cryptocurrency,Risk Parity,0.009084215333275263,1.357988041662242,-0.03349799907315976,2023-01-03
2023-01-24,Combined Risk Parity,Combined equity + cryptocurrency,Risk Parity,-0.006096632185283805,1.3497088880602135,-0.03939040627915158,2023-01-03
2023-01-25,Combined Risk Parity,Combined equity + cryptocurrency,Risk Parity,0.004576854502343766,1.355886309261385,-0.03499383593513583,2023-01-03
2023-01-26,Combined Risk Parity,Combined equity + cryptocurrency,Risk Parity,0.005127096341908244,1.3628380689976427,-0.030046156361439813,2023-01-03
2023-01-27,Combined Risk Parity,Combined equity + cryptocurrency,Risk Parity,-0.0007787563641109872,1.3617767501781581,-0.03080151409006726,2023-01-03
2023-01-30,Combined Risk Parity,Combined equity + cryptocurrency,Risk Parity,-0.01160748260514649,1.3459699502383724,-0.04205146865620102,2023-01-03
2023-01-31,Combined Risk Parity,Combined equity + cryptocurrency,Risk Parity,0.011837168494018654,1.3619024233272299,-0.030712070482086795,2023-01-03
2023-02-01,Combined Risk Parity,Combined equity + cryptocurrency,Risk Parity,0.0033712260470577598,1.3664937042503018,-0.02744438176699726,2023-02-01
2023-02-02,Combined Risk Parity,Combined equity + cryptocurrency,Risk Parity,-0.003016119760268851,1.3623721955866295,-0.030377725985110238,2023-02-01
2023-02-03,Combined Risk Parity,Combined equity + cryptocurrency,Risk Parity,-0.009905803140443679,1.3488768048131343,-0.03998261335209108,2023-02-01
2023-02-06,Combined Risk Parity,Combined equity + cryptocurrency,Risk Parity,-0.004169660529656278,1.343252446440736,-0.043985559956980724,2023-02-01
2023-02-07,Combined Risk Parity,Combined equity + cryptocurrency,Risk Parity,0.010813553685243936,1.357777778883158,-0.03364764648570728,2023-02-01
2023-02-08,Combined Risk Parity,Combined equity + cryptocurrency,Risk Parity,-0.009657824248689845,1.344664599725928,-0.04298050767825612,2023-02-01
2023-02-09,Combined Risk Parity,Combined equity + cryptocurrency,Risk Parity,-0.012543561797671679,1.3277977162221242,-0.05498494082177041,2023-02-01
2023-02-10,Combined Risk Parity,Combined equity + cryptocurrency,Risk Parity,0.009090922583224581,1.3398686224664818,-0.0463938820787998,2023-02-01
2023-02-13,Combined Risk Parity,Combined equity + cryptocurrency,Risk Parity,0.007392422399994732,1.3497734972842532,-0.03934442285190698,2023-02-01
2023-02-14,Combined Risk Parity,Combined equity + cryptocurrency,Risk Parity,-0.0007314793334081626,1.3487861658662077,-0.040047122553114156,2023-02-01
2023-02-15,Combined Risk Parity,Combined equity + cryptocurrency,Risk Parity,0.005272726034190579,1.3558979457975264,-0.034985554024603904,2023-02-01
2023-02-16,Combined Risk Parity,Combined equity + cryptocurrency,Risk Parity,-0.01526070862630486,1.335205982319705,-0.049712358304809356,2023-02-01
2023-02-17,Combined Risk Parity,Combined equity + cryptocurrency,Risk Parity,0.0050720977341930235,1.3419782775573097,-0.04489240651053572,2023-02-01
2023-02-21,Combined Risk Parity,Combined equity + cryptocurrency,Risk Parity,-0.01526551904740005,1.3214922826000615,-0.05947261967126549,2023-02-01
2023-02-22,Combined Risk Parity,Combined equity + cryptocurrency,Risk Parity,-0.005793264290268781,1.3138365285494087,-0.06492134335774413,2023-02-01
2023-02-23,Combined Risk Parity,Combined equity + cryptocurrency,Risk Parity,0.0017676093366857082,1.3161588782641513,-0.06326848959372766,2023-02-01
2023-02-24,Combined Risk Parity,Combined equity + cryptocurrency,Risk Parity,-0.010223356100520579,1.3027033173667952,-0.07284502939518955,2023-02-01
2023-02-27,Combined Risk Parity,Combined equity + cryptocurrency,Risk Parity,0.000524473330064652,1.303386550513741,-0.0723587613402703,2023-02-01
2023-02-28,Combined Risk Parity,Combined equity + cryptocurrency,Risk Parity,-0.006307937717136301,1.295164869331747,-0.07821026449758317,2023-02-01
2023-03-01,Combined Risk Parity,Combined equity + cryptocurrency,Risk Parity,0.0006123366553801798,1.2959579462559994,-0.07764581885398203,2023-03-01
2023-03-02,Combined Risk Parity,Combined equity + cryptocurrency,Risk Parity,0.008530173816211522,1.3070126927960637,-0.06977797736869684,2023-03-01
2023-03-03,Combined Risk Parity,Combined equity + cryptocurrency,Risk Parity,0.009018118310413267,1.3187994878929103,-0.06138912511365591,2023-03-01
2023-03-06,Combined Risk Parity,Combined equity + cryptocurrency,Risk Parity,-0.00014143166545126985,1.3186129678849414,-0.06152187441290169,2023-03-01
2023-03-07,Combined Risk Parity,Combined equity + cryptocurrency,Risk Parity,-0.016012353105287345,1.2974988714339568,-0.0765491175413906,2023-03-01
2023-03-08,Combined Risk Parity,Combined equity + cryptocurrency,Risk Parity,-0.001350509439991151,1.2957465869597073,-0.0777962466755191,2023-03-01
2023-03-09,Combined Risk Parity,Combined equity + cryptocurrency,Risk Parity,-0.01932154792904205,1.2707107571758727,-0.09561465069572062,2023-03-01
2023-03-10,Combined Risk Parity,Combined equity + cryptocurrency,Risk Parity,-0.010592289600426092,1.257251020837489,-0.10519416222593414,2023-03-01
2023-03-13,Combined Risk Parity,Combined equity + cryptocurrency,Risk Parity,0.0025639054632137963,1.2604744935984453,-0.10289996464994955,2023-03-01
2023-03-14,Combined Risk Parity,Combined equity + cryptocurrency,Risk Parity,0.012755102647838062,1.2765519751492753,-0.09145736161368045,2023-03-01
2023-03-15,Combined Risk Parity,Combined equity + cryptocurrency,Risk Parity,-0.008962364550884857,1.2651110509798353,-0.09960005194892141,2023-03-01
2023-03-16,Combined Risk Parity,Combined equity + cryptocurrency,Risk Parity,0.010643027238041416,1.2785756623545608,-0.09001707077668286,2023-03-01
2023-03-17,Combined Risk Parity,Combined equity + cryptocurrency,Risk Parity,-0.006312741223135529,1.2705043450639173,-0.09576155752634052,2023-03-01
2023-03-20,Combined Risk Parity,Combined equity + cryptocurrency,Risk Parity,0.008094795646955045,1.280788818105778,-0.08844193211839546,2023-03-01
2023-03-21,Combined Risk Parity,Combined equity + cryptocurrency,Risk Parity,0.0097739227638714,1.293307149090774,-0.0795324339681368,2023-03-01
2023-03-22,Combined Risk Parity,Combined equity + cryptocurrency,Risk Parity,-0.021710608490323503,1.2652286639191277,-0.09951634492229566,2023-03-01
2023-03-23,Combined Risk Parity,Combined equity + cryptocurrency,Risk Parity,0.004973385981564875,1.271521134419737,-0.09503789213550395,2023-03-01
2023-03-24,Combined Risk Parity,Combined equity + cryptocurrency,Risk Parity,0.007473892241907017,1.2810243463616975,-0.08827430285831572,2023-03-01
2023-03-27,Combined Risk Parity,Combined equity + cryptocurrency,Risk Parity,0.0026150421258762185,1.2843742789917063,-0.08589010175304634,2023-03-01
2023-03-28,Combined Risk Parity,Combined equity + cryptocurrency,Risk Parity,0.0038397859508776085,1.2893060013038473,-0.08238011540819945,2023-03-01
2023-03-29,Combined Risk Parity,Combined equity + cryptocurrency,Risk Parity,0.014769677282845776,1.3083486348619415,-0.06882716584445636,2023-03-01
2023-03-30,Combined Risk Parity,Combined equity + cryptocurrency,Risk Parity,0.004030821105767175,1.3136223541530447,-0.06507377473142517,2023-03-01
2023-03-31,Combined Risk Parity,Combined equity + cryptocurrency,Risk Parity,0.012263446420659598,1.3297318915101815,-0.05360835706057443,2023-03-01
2023-04-03,Combined Risk Parity,Combined equity + cryptocurrency,Risk Parity,0.006594153174945207,1.3385003472844093,-0.04736770560354375,2023-04-03
2023-04-04,Combined Risk Parity,Combined equity + cryptocurrency,Risk Parity,-0.002138034478920501,1.3356385873918681,-0.049404466294696525,2023-04-03
2023-04-05,Combined Risk Parity,Combined equity + cryptocurrency,Risk Parity,0.007243517757828708,1.3453133092176823,-0.04251881066578955,2023-04-03
2023-04-06,Combined Risk Parity,Combined equity + cryptocurrency,Risk Parity,-0.0003596762132391816,1.3448294320210026,-0.042863193874217,2023-04-03
2023-04-10,Combined Risk Parity,Combined equity + cryptocurrency,Risk Parity,0.0034183589151950532,1.3494265416993683,-0.039591356739935635,2023-04-03
2023-04-11,Combined Risk Parity,Combined equity + cryptocurrency,Risk Parity,0.0023771277909102936,1.3526343010334339,-0.03730834266341165,2023-04-03
2023-04-12,Combined Risk Parity,Combined equity + cryptocurrency,Risk Parity,-0.001542951190380732,1.3505472523285045,-0.03879372890206878,2023-04-03
2023-04-13,Combined Risk Parity,Combined equity + cryptocurrency,Risk Parity,0.008440542795450784,1.3619466042090618,-0.030680626235610964,2023-04-03
2023-04-14,Combined Risk Parity,Combined equity + cryptocurrency,Risk Parity,-0.004266209870324797,1.3561362541633297,-0.03481594611546168,2023-04-03
2023-04-17,Combined Risk Parity,Combined equity + cryptocurrency,Risk Parity,0.0020307098351919984,1.3588901733925196,-0.03285593736446779,2023-04-03
2023-04-18,Combined Risk Parity,Combined equity + cryptocurrency,Risk Parity,0.0009527398093688742,1.3601848421572709,-0.031934500714600245,2023-04-03
2023-04-19,Combined Risk Parity,Combined equity + cryptocurrency,Risk Parity,-0.0035185975659095302,1.3553988990824692,-0.03534073362402679,2023-04-03
2023-04-20,Combined Risk Parity,Combined equity + cryptocurrency,Risk Parity,-0.007830007373280403,1.3447861157089174,-0.04289402279245391,2023-04-03
2023-04-21,Combined Risk Parity,Combined equity + cryptocurrency,Risk Parity,-0.0018994726602732596,1.3422317312482133,-0.04471201942914371,2023-04-03
2023-04-24,Combined Risk Parity,Combined equity + cryptocurrency,Risk Parity,0.0013842442579919995,1.3440897078150884,-0.04338966752730966,2023-04-03
2023-04-25,Combined Risk Parity,Combined equity + cryptocurrency,Risk Parity,-0.00920534024093117,1.3317169047403168,-0.05219559111571104,2023-04-03
2023-04-26,Combined Risk Parity,Combined equity + cryptocurrency,Risk Parity,-0.014601361207689546,1.3122720251878173,-0.06603482564407115,2023-04-03
2023-04-27,Combined Risk Parity,Combined equity + cryptocurrency,Risk Parity,0.01218569422004807,1.328262970820279,-0.05465381161719596,2023-04-03
2023-04-28,Combined Risk Parity,Combined equity + cryptocurrency,Risk Parity,0.006835780749996315,1.3373426852671453,-0.04819163234056645,2023-04-03
2023-05-01,Combined Risk Parity,Combined equity + cryptocurrency,Risk Parity,-0.003859027300249159,1.3321818433349109,-0.051864686815969785,2023-05-01
2023-05-02,Combined Risk Parity,Combined equity + cryptocurrency,Risk Parity,-0.013132855433719195,1.3146864917749679,-0.06431641081561978,2023-05-01
2023-05-03,Combined Risk Parity,Combined equity + cryptocurrency,Risk Parity,-0.009199919582276454,1.302591481774733,-0.07292462459057181,2023-05-01
2023-05-04,Combined Risk Parity,Combined equity + cryptocurrency,Risk Parity,-0.004410525844287575,1.2968463683798168,-0.07701351449341765,2023-05-01
2023-05-05,Combined Risk Parity,Combined equity + cryptocurrency,Risk Parity,0.015603154309412698,1.3170812623812485,-0.06261201393455607,2023-05-01
2023-05-08,Combined Risk Parity,Combined equity + cryptocurrency,Risk Parity,-0.00414205018110749,1.3116258456998688,-0.06649472201200646,2023-05-01
2023-05-09,Combined Risk Parity,Combined equity + cryptocurrency,Risk Parity,-0.002497360480391928,1.3083502431477574,-0.06882602120149095,2023-05-01
2023-05-10,Combined Risk Parity,Combined equity + cryptocurrency,Risk Parity,-0.0014257079908060095,1.3064849177513287,-0.07015360338389454,2023-05-01
2023-05-11,Combined Risk Parity,Combined equity + cryptocurrency,Risk Parity,-0.00871598132678584,1.2950976196044808,-0.07825812721357961,2023-05-01
2023-05-12,Combined Risk Parity,Combined equity + cryptocurrency,Risk Parity,0.00041283265319424877,1.2956322781909277,-0.07787760207067684,2023-05-01
2023-05-15,Combined Risk Parity,Combined equity + cryptocurrency,Risk Parity,0.0025503323051044476,1.298936571045534,-0.07552588352997736,2023-05-01
2023-05-16,Combined Risk Parity,Combined equity + cryptocurrency,Risk Parity,-0.014430891304797522,1.2801917585769496,-0.08886686901885499,2023-05-01
2023-05-17,Combined Risk Parity,Combined equity + cryptocurrency,Risk Parity,0.009332381192233919,1.2921389960671459,-0.08036382732366543,2023-05-01
2023-05-18,Combined Risk Parity,Combined equity + cryptocurrency,Risk Parity,0.0021705517351020918,1.2949436506070524,-0.07836770943340021,2023-05-01
2023-05-19,Combined Risk Parity,Combined equity + cryptocurrency,Risk Parity,-0.0010612496523837113,1.2935693921079892,-0.07934579138138964,2023-05-01
2023-05-22,Combined Risk Parity,Combined equity + cryptocurrency,Risk Parity,0.0006130986213046408,1.2943624777188525,-0.07878133955538724,2023-05-01
2023-05-23,Combined Risk Parity,Combined equity + cryptocurrency,Risk Parity,-0.005353936204232138,1.2874325435879939,-0.08371348549355595,2023-05-01
2023-05-24,Combined Risk Parity,Combined equity + cryptocurrency,Risk Parity,-0.01048455588690384,1.2739343851341267,-0.09332034266331513,2023-05-01
2023-05-25,Combined Risk Parity,Combined equity + cryptocurrency,Risk Parity,-0.00480131765561055,1.2678178214786928,-0.09767359971006873,2023-05-01
2023-05-26,Combined Risk Parity,Combined equity + cryptocurrency,Risk Parity,0.006326274863756683,1.2758383854945363,-0.0919652348850104,2023-05-01
2023-05-30,Combined Risk Parity,Combined equity + cryptocurrency,Risk Parity,-0.001616512184249305,1.2737759771992514,-0.09343308414654072,2023-05-01
2023-05-31,Combined Risk Parity,Combined equity + cryptocurrency,Risk Parity,-0.002882089127706112,1.2701048413042322,-0.09604589079826009,2023-05-01
2023-06-01,Combined Risk Parity,Combined equity + cryptocurrency,Risk Parity,0.001876588656188496,1.2724883056415937,-0.09434954077121727,2023-06-01
2023-06-02,Combined Risk Parity,Combined equity + cryptocurrency,Risk Parity,0.019045954539378754,1.2967240600627348,-0.0771005632961782,2023-06-01
2023-06-05,Combined Risk Parity,Combined equity + cryptocurrency,Risk Parity,-0.008445952891639697,1.2857719897379891,-0.08489532846229952,2023-06-01
2023-06-06,Combined Risk Parity,Combined equity + cryptocurrency,Risk Parity,0.004070586956307066,1.2910058364282015,-0.08117031532268248,2023-06-01
2023-06-07,Combined Risk Parity,Combined equity + cryptocurrency,Risk Parity,0.004907412256675918,1.2973413342933295,-0.07666123926629931,2023-06-01
2023-06-08,Combined Risk Parity,Combined equity + cryptocurrency,Risk Parity,0.00440861214269849,1.3030608090529199,-0.07259059679390445,2023-06-01
2023-06-09,Combined Risk Parity,Combined equity + cryptocurrency,Risk Parity,-0.003853613128633492,1.2980393168117457,-0.07616447384571767,2023-06-01
2023-06-12,Combined Risk Parity,Combined equity + cryptocurrency,Risk Parity,0.0027834410806290835,1.3016523327704312,-0.07359303209047519,2023-06-01
2023-06-13,Combined Risk Parity,Combined equity + cryptocurrency,Risk Parity,0.006191775745087433,1.3097118721130157,-0.067856927896493,2023-06-01
2023-06-14,Combined Risk Parity,Combined equity + cryptocurrency,Risk Parity,-0.004249169595312654,1.304146684247413,-0.07181776189695666,2023-06-01
2023-06-15,Combined Risk Parity,Combined equity + cryptocurrency,Risk Parity,0.01018928538250303,1.317435006993855,-0.062360248185954315,2023-06-01
2023-06-16,Combined Risk Parity,Combined equity + cryptocurrency,Risk Parity,0.001965602110749653,1.3200245600243776,-0.06051722151066574,2023-06-01
2023-06-20,Combined Risk Parity,Combined equity + cryptocurrency,Risk Parity,-0.008617262975769804,1.3086495612561728,-0.06861299167411516,2023-06-01
2023-06-21,Combined Risk Parity,Combined equity + cryptocurrency,Risk Parity,0.003998700873779541,1.3138824594002392,-0.06488865363009555,2023-06-01
2023-06-22,Combined Risk Parity,Combined equity + cryptocurrency,Risk Parity,-0.003587640664821372,1.3091687212600993,-0.06824349712246813,2023-06-01
2023-06-23,Combined Risk Parity,Combined equity + cryptocurrency,Risk Parity,0.00017174315444726772,1.3093935620259922,-0.06808347432148709,2023-06-01
2023-06-26,Combined Risk Parity,Combined equity + cryptocurrency,Risk Parity,0.006955095004529345,1.3185005186482022,-0.06160190634910212,2023-06-01
2023-06-27,Combined Risk Parity,Combined equity + cryptocurrency,Risk Parity,0.006662031572025558,1.3272844107311685,-0.055350268622071264,2023-06-01
2023-06-28,Combined Risk Parity,Combined equity + cryptocurrency,Risk Parity,-0.005400104878591537,1.3201169357095006,-0.06045147624504543,2023-06-01
2023-06-29,Combined Risk Parity,Combined equity + cryptocurrency,Risk Parity,0.008531247491843308,1.3313791800062122,-0.05243595525829581,2023-06-01
2023-06-30,Combined Risk Parity,Combined equity + cryptocurrency,Risk Parity,0.017433495350481294,1.3545897727505782,-0.035916601890008004,2023-06-01
2023-07-03,Combined Risk Parity,Combined equity + cryptocurrency,Risk Parity,0.004494214787382963,1.3606775901381116,-0.03158380402595162,2023-07-03
2023-07-05,Combined Risk Parity,Combined equity + cryptocurrency,Risk Parity,-0.003379631436806569,1.3560790013791226,-0.034856693845778164,2023-07-03
2023-07-06,Combined Risk Parity,Combined equity + cryptocurrency,Risk Parity,-0.012743806430281633,1.3387973930813775,-0.04715629331688964,2023-07-03
2023-07-07,Combined Risk Parity,Combined equity + cryptocurrency,Risk Parity,-0.0005514830030139634,1.3380590690746137,-0.047681770425654246,2023-07-03
2023-07-10,Combined Risk Parity,Combined equity + cryptocurrency,Risk Parity,0.004864150723672303,1.3445675900637695,-0.04304955102010366,2023-07-03
2023-07-11,Combined Risk Parity,Combined equity + cryptocurrency,Risk Parity,0.011785378457269513,1.3604138279740496,-0.031771527814021705,2023-07-03
2023-07-12,Combined Risk Parity,Combined equity + cryptocurrency,Risk Parity,0.005658549112696922,1.368111796433233,-0.026292759451845726,2023-07-03
2023-07-13,Combined Risk Parity,Combined equity + cryptocurrency,Risk Parity,0.02097463732632502,1.3968074451852872,-0.005869603219331387,2023-07-03
2023-07-14,Combined Risk Parity,Combined equity + cryptocurrency,Risk Parity,-0.011324593991199582,1.380989167984679,-0.017127726337182625,2023-07-03
2023-07-17,Combined Risk Parity,Combined equity + cryptocurrency,Risk Parity,-0.00510129861580112,1.3739443298536025,-0.02214165130632806,2023-07-03
2023-07-18,Combined Risk Parity,Combined equity + cryptocurrency,Risk Parity,0.004919749035447241,1.380703791145158,-0.017330833638538268,2023-07-03
2023-07-19,Combined Risk Parity,Combined equity + cryptocurrency,Risk Parity,0.009240269582250861,1.3934618663885752,-0.008250705631192568,2023-07-03
2023-07-20,Combined Risk Parity,Combined equity + cryptocurrency,Risk Parity,0.0049659199641273605,1.4003816864901244,-0.003325758010877311,2023-07-03
2023-07-21,Combined Risk Parity,Combined equity + cryptocurrency,Risk Parity,0.004390706718609621,1.4065303517696144,0.0,2023-07-03
2023-07-24,Combined Risk Parity,Combined equity + cryptocurrency,Risk Parity,-0.00019008008824582864,1.4062629983562296,-0.00019008008824583644,2023-07-03
2023-07-25,Combined Risk Parity,Combined equity + cryptocurrency,Risk Parity,0.0016725770179123816,1.4086150815284209,0.0,2023-07-03
2023-07-26,Combined Risk Parity,Combined equity + cryptocurrency,Risk Parity,0.0035229983501153216,1.413577630136593,0.0,2023-07-03
2023-07-27,Combined Risk Parity,Combined equity + cryptocurrency,Risk Parity,-0.004208724836208054,1.407628270856729,-0.004208724836208044,2023-07-03
2023-07-28,Combined Risk Parity,Combined equity + cryptocurrency,Risk Parity,0.0037868903033618398,1.4129588047063741,-0.0004377725121180731,2023-07-03
2023-07-31,Combined Risk Parity,Combined equity + cryptocurrency,Risk Parity,0.0003011983565879819,1.4133843855762782,-0.0001367060118913077,2023-07-03
2023-08-01,Combined Risk Parity,Combined equity + cryptocurrency,Risk Parity,-0.003738647040818059,1.408100240225605,-0.003874841957182462,2023-08-01
2023-08-02,Combined Risk Parity,Combined equity + cryptocurrency,Risk Parity,-0.013454920629254664,1.3891543632553351,-0.017277626895452425,2023-08-01
2023-08-03,Combined Risk Parity,Combined equity + cryptocurrency,Risk Parity,-0.006356404166688524,1.3803243366725655,-0.02352420748255213,2023-08-01
2023-08-04,Combined Risk Parity,Combined equity + cryptocurrency,Risk Parity,-0.002766567338674901,1.376505576445949,-0.02622569351713755,2023-08-01
2023-08-07,Combined Risk Parity,Combined equity + cryptocurrency,Risk Parity,0.008971502694525822,1.3888548999340637,-0.017489474702666485,2023-08-01
2023-08-08,Combined Risk Parity,Combined equity + cryptocurrency,Risk Parity,-0.0008390226924613409,1.387689619156483,-0.018313823328973133,2023-08-01
2023-08-09,Combined Risk Parity,Combined equity + cryptocurrency,Risk Parity,-0.0005310808113446253,1.3869526438276467,-0.018835178020165433,2023-08-01
2023-08-10,Combined Risk Parity,Combined equity + cryptocurrency,Risk Parity,-4.84313415120485e-05,1.3868854718504926,-0.018882697148738248,2023-08-01
2023-08-11,Combined Risk Parity,Combined equity + cryptocurrency,Risk Parity,0.0028117737564441695,1.3907850800234354,-0.016124017264587898,2023-08-01
2023-08-14,Combined Risk Parity,Combined equity + cryptocurrency,Risk Parity,0.00043201832021861535,1.3913859246574922,-0.015698964815223038,2023-08-01
2023-08-15,Combined Risk Parity,Combined equity + cryptocurrency,Risk Parity,-0.012812135854281885,1.373559299165045,-0.028309963399520632,2023-08-01
2023-08-16,Combined Risk Parity,Combined equity + cryptocurrency,Risk Parity,-0.009409076441201904,1.3606353747226774,-0.03745266923104873,2023-08-01
2023-08-17,Combined Risk Parity,Combined equity + cryptocurrency,Risk Parity,-0.01094096512740378,1.3457487105367245,-0.04798386601046756,2023-08-01
2023-08-18,Combined Risk Parity,Combined equity + cryptocurrency,Risk Parity,0.0018963866430483757,1.348300770416286,-0.04617847533000319,2023-08-01
2023-08-21,Combined Risk Parity,Combined equity + cryptocurrency,Risk Parity,-0.0023919667026166347,1.3450756798683379,-0.048459984657252875,2023-08-01
2023-08-22,Combined Risk Parity,Combined equity + cryptocurrency,Risk Parity,-0.005359081991476366,1.3378673090151827,-0.053559365617645294,2023-08-01
2023-08-23,Combined Risk Parity,Combined equity + cryptocurrency,Risk Parity,0.008943880249193199,1.349833034016325,-0.045094513920758916,2023-08-01
2023-08-24,Combined Risk Parity,Combined equity + cryptocurrency,Risk Parity,-0.011016435250476202,1.3349626857981303,-0.05561416837847544,2023-08-01
2023-08-25,Combined Risk Parity,Combined equity + cryptocurrency,Risk Parity,0.0042825993140427395,1.340679796080602,-0.051569742263781304,2023-08-01
2023-08-28,Combined Risk Parity,Combined equity + cryptocurrency,Risk Parity,0.005668697420129356,1.3482797041818637,-0.046193378108579375,2023-08-01
2023-08-29,Combined Risk Parity,Combined equity + cryptocurrency,Risk Parity,0.013885606600303073,1.367001385741306,-0.03294919458423129,2023-08-01
2023-08-30,Combined Risk Parity,Combined equity + cryptocurrency,Risk Parity,-0.0004984724971730577,1.3663199731469164,-0.03343124281410004,2023-08-01
2023-08-31,Combined Risk Parity,Combined equity + cryptocurrency,Risk Parity,-0.006482084157214466,1.357463372095295,-0.03969662284191322,2023-08-01
2023-09-01,Combined Risk Parity,Combined equity + cryptocurrency,Risk Parity,0.0018263026477176743,1.3599425110459324,-0.03794281824159729,2023-09-01
2023-09-05,Combined Risk Parity,Combined equity + cryptocurrency,Risk Parity,-0.008951126573311784,1.347769493497133,-0.04655431384628028,2023-09-01
2023-09-06,Combined Risk Parity,Combined equity + cryptocurrency,Risk Parity,-0.0035128970194128794,1.3430349180605712,-0.04990367035534182,2023-09-01
2023-09-07,Combined Risk Parity,Combined equity + cryptocurrency,Risk Parity,0.002778758453306562,1.3467668876922179,-0.047263582147886174,2023-09-01
2023-09-08,Combined Risk Parity,Combined equity + cryptocurrency,Risk Parity,0.00307600620636413,1.3509095509972848,-0.04433295901354395,2023-09-01
2023-09-11,Combined Risk Parity,Combined equity + cryptocurrency,Risk Parity,0.00014158756643382377,1.3511008229930828,-0.04419764844288965,2023-09-01
2023-09-12,Combined Risk Parity,Combined equity + cryptocurrency,Risk Parity,0.0038977866826530867,1.356367125787867,-0.04047213476574174,2023-09-01
2023-09-13,Combined Risk Parity,Combined equity + cryptocurrency,Risk Parity,0.0005529490163621493,1.357117127655897,-0.03994156477648858,2023-09-01
2023-09-14,Combined Risk Parity,Combined equity + cryptocurrency,Risk Parity,0.012864134652286922,1.3745752651249874,-0.027591243791709408,2023-09-01
2023-09-15,Combined Risk Parity,Combined equity + cryptocurrency,Risk Parity,-0.00690777711874745,1.3650800055605607,-0.03430842674791479,2023-09-01
2023-09-18,Combined Risk Parity,Combined equity + cryptocurrency,Risk Parity,0.001793536277943649,1.367528326072829,-0.03257642387798276,2023-09-01
2023-09-19,Combined Risk Parity,Combined equity + cryptocurrency,Risk Parity,-0.001953616010926559,1.3648567008396175,-0.034466398065642556,2023-09-01
2023-09-20,Combined Risk Parity,Combined equity + cryptocurrency,Risk Parity,-0.0037291746266641407,1.3597669118618139,-0.03806704147516782,2023-09-01
2023-09-21,Combined Risk Parity,Combined equity + cryptocurrency,Risk Parity,-0.017011360493199772,1.3366354267374077,-0.05443082980292391,2023-09-01
2023-09-22,Combined Risk Parity,Combined equity + cryptocurrency,Risk Parity,-0.0029059795407754387,1.332751191533833,-0.057178634465904654,2023-09-01
2023-09-25,Combined Risk Parity,Combined equity + cryptocurrency,Risk Parity,0.00211698297758344,1.335572603119664,-0.05518269768416717,2023-09-01
2023-09-26,Combined Risk Parity,Combined equity + cryptocurrency,Risk Parity,-0.010263316344195372,1.3218651989932062,-0.06487965654530392,2023-09-01
2023-09-27,Combined Risk Parity,Combined equity + cryptocurrency,Risk Parity,-0.001677653955850064,1.3196475666130147,-0.06644846488869649,2023-09-01
2023-09-28,Combined Risk Parity,Combined equity + cryptocurrency,Risk Parity,0.004648932722613468,1.3257825193677593,-0.06210844660887149,2023-09-01
2023-09-29,Combined Risk Parity,Combined equity + cryptocurrency,Risk Parity,-0.0020241888558321834,1.323098885166798,-0.06400691623922494,2023-09-01
2023-10-02,Combined Risk Parity,Combined equity + cryptocurrency,Risk Parity,-0.015229141948398852,1.3029492244328245,-0.07826128777453745,2023-10-02
2023-10-03,Combined Risk Parity,Combined equity + cryptocurrency,Risk Parity,-0.007200941658771422,1.2935667630833423,-0.08489867446590404,2023-10-02
2023-10-04,Combined Risk Parity,Combined equity + cryptocurrency,Risk Parity,0.0011823572241331202,1.2950962210905725,-0.08381669780284484,2023-10-02
2023-10-05,Combined Risk Parity,Combined equity + cryptocurrency,Risk Parity,-0.003206361199136274,1.2909436748181198,-0.08675431239430631,2023-10-02
2023-10-06,Combined Risk Parity,Combined equity + cryptocurrency,Risk Parity,0.009224160741146258,1.3028515467824082,-0.07833038737567277,2023-10-02
2023-10-09,Combined Risk Parity,Combined equity + cryptocurrency,Risk Parity,0.005444115960410577,1.309944421682292,-0.07331271112735915,2023-10-02
2023-10-10,Combined Risk Parity,Combined equity + cryptocurrency,Risk Parity,0.006654504186238797,1.3186614523201168,-0.06714606668422207,2023-10-02
2023-10-11,Combined Risk Parity,Combined equity + cryptocurrency,Risk Parity,0.002644025425666518,1.3221480267278976,-0.06467957716610206,2023-10-02
2023-10-12,Combined Risk Parity,Combined equity + cryptocurrency,Risk Parity,-0.007931153762268732,1.3116618674314384,-0.07209774725658791,2023-10-02
2023-10-13,Combined Risk Parity,Combined equity + cryptocurrency,Risk Parity,0.002632162509118384,1.3151143746235316,-0.06965535773479026,2023-10-02
2023-10-16,Combined Risk Parity,Combined equity + cryptocurrency,Risk Parity,0.011017006558279877,1.3296029983136473,-0.05940574470949378,2023-10-02
2023-10-17,Combined Risk Parity,Combined equity + cryptocurrency,Risk Parity,0.0011113430214407271,1.3310806433271096,-0.058360421847869604,2023-10-02
2023-10-18,Combined Risk Parity,Combined equity + cryptocurrency,Risk Parity,-0.012106950312447356,1.3149653161164878,-0.0697608054327914,2023-10-02
2023-10-19,Combined Risk Parity,Combined equity + cryptocurrency,Risk Parity,-0.007135620220436767,1.305582223017634,-0.07639863903938793,2023-10-02
2023-10-20,Combined Risk Parity,Combined equity + cryptocurrency,Risk Parity,-0.004676289967310768,1.2994769419666374,-0.08071766681744252,2023-10-02
2023-10-23,Combined Risk Parity,Combined equity + cryptocurrency,Risk Parity,-0.0011261499815541727,1.2980135360324117,-0.08175291659999917,2023-10-02
2023-10-24,Combined Risk Parity,Combined equity + cryptocurrency,Risk Parity,0.009967722010877082,1.3109517741259384,-0.07260008493536918,2023-10-02
2023-10-25,Combined Risk Parity,Combined equity + cryptocurrency,Risk Parity,-0.008128152601363304,1.3002961580528147,-0.08013813296750594,2023-10-02
2023-10-26,Combined Risk Parity,Combined equity + cryptocurrency,Risk Parity,-0.0014434606781872023,1.2984192316786676,-0.08146591740193121,2023-10-02
2023-10-27,Combined Risk Parity,Combined equity + cryptocurrency,Risk Parity,-0.012604205747144062,1.282053688536541,-0.09304330996476151,2023-10-02
2023-10-30,Combined Risk Parity,Combined equity + cryptocurrency,Risk Parity,0.009206232244606326,1.2938565725432625,-0.08469365604049772,2023-10-02
2023-10-31,Combined Risk Parity,Combined equity + cryptocurrency,Risk Parity,0.005497013654274247,1.3009689197892051,-0.07966220456990858,2023-10-02
2023-11-01,Combined Risk Parity,Combined equity + cryptocurrency,Risk Parity,0.0061330690801516645,1.3089478520454028,-0.0740177092934613,2023-11-01
2023-11-02,Combined Risk Parity,Combined equity + cryptocurrency,Risk Parity,0.02021539739512863,1.3354087530440006,-0.055298609305977076,2023-11-01
2023-11-03,Combined Risk Parity,Combined equity + cryptocurrency,Risk Parity,0.010029339495601503,1.3488020207936768,-0.04582387833673973,2023-11-01
2023-11-06,Combined Risk Parity,Combined equity + cryptocurrency,Risk Parity,-0.001251408856188024,1.3471141179996113,-0.04701794278575233,2023-11-01
2023-11-07,Combined Risk Parity,Combined equity + cryptocurrency,Risk Parity,-0.004270214170411195,1.3413616522037684,-0.05108738027061621,2023-11-01
2023-11-08,Combined Risk Parity,Combined equity + cryptocurrency,Risk Parity,-0.000648214085999277,1.3404921626863906,-0.05170247879710732,2023-11-01
2023-11-09,Combined Risk Parity,Combined equity + cryptocurrency,Risk Parity,-0.008138661040350444,1.3295823513470397,-0.05942035088758224,2023-11-01
2023-11-10,Combined Risk Parity,Combined equity + cryptocurrency,Risk Parity,0.009960831759123694,1.3428260974587078,-0.050051395246717756,2023-11-01
2023-11-13,Combined Risk Parity,Combined equity + cryptocurrency,Risk Parity,-0.002158450105638078,1.3399276743267945,-0.05210181191299823,2023-11-01
2023-11-14,Combined Risk Parity,Combined equity + cryptocurrency,Risk Parity,0.01679886198404049,1.3624369343964067,-0.03617820107640257,2023-11-01
2023-11-15,Combined Risk Parity,Combined equity + cryptocurrency,Risk Parity,0.007384654110555451,1.37249805990437,-0.029060710467138318,2023-11-01
2023-11-16,Combined Risk Parity,Combined equity + cryptocurrency,Risk Parity,-0.002878395501222706,1.3685474676633043,-0.03185545775009013,2023-11-01
2023-11-17,Combined Risk Parity,Combined equity + cryptocurrency,Risk Parity,0.002144971264517838,1.3714829626555707,-0.029778815527064295,2023-11-01
2023-11-20,Combined Risk Parity,Combined equity + cryptocurrency,Risk Parity,0.002814120392712451,1.3753424808290375,-0.027048496306397274,2023-11-01
2023-11-21,Combined Risk Parity,Combined equity + cryptocurrency,Risk Parity,-0.005409495497037256,1.3679025718721087,-0.03231167308446348,2023-11-01
2023-11-22,Combined Risk Parity,Combined equity + cryptocurrency,Risk Parity,0.004907931031937766,1.3746161433532673,-0.027562325515550823,2023-11-01
2023-11-24,Combined Risk Parity,Combined equity + cryptocurrency,Risk Parity,0.003272685523228961,1.3791148297056164,-0.024379842816023123,2023-11-01
2023-11-27,Combined Risk Parity,Combined equity + cryptocurrency,Risk Parity,-0.0017164572814529146,1.3767476380142085,-0.026054453138753764,2023-11-01
2023-11-28,Combined Risk Parity,Combined equity + cryptocurrency,Risk Parity,0.0021220610763681928,1.3796691805888202,-0.02398768120325745,2023-11-01
2023-11-29,Combined Risk Parity,Combined equity + cryptocurrency,Risk Parity,0.003521976101173564,1.3845283424703796,-0.02055018914200446,2023-11-01
2023-11-30,Combined Risk Parity,Combined equity + cryptocurrency,Risk Parity,0.006734074707337787,1.3938518597630019,-0.013954500943598735,2023-11-01
2023-12-01,Combined Risk Parity,Combined equity + cryptocurrency,Risk Parity,0.009322860885859343,1.4068465467470685,-0.004761735928768163,2023-12-01
2023-12-04,Combined Risk Parity,Combined equity + cryptocurrency,Risk Parity,0.0016882383097216055,1.4092216389831866,-0.0030815365640621817,2023-12-01
2023-12-05,Combined Risk Parity,Combined equity + cryptocurrency,Risk Parity,-0.0016629309436689203,1.4068782007132337,-0.0047393431252247264,2023-12-01
2023-12-06,Combined Risk Parity,Combined equity + cryptocurrency,Risk Parity,5.820334379210741e-05,1.4069600857288234,-0.004681415627049934,2023-12-01
2023-12-07,Combined Risk Parity,Combined equity + cryptocurrency,Risk Parity,0.00471977397799723,1.413600619329527,0.0,2023-12-01
2023-12-08,Combined Risk Parity,Combined equity + cryptocurrency,Risk Parity,0.0063441902596119435,1.4225687706096588,0.0,2023-12-01
2023-12-11,Combined Risk Parity,Combined equity + cryptocurrency,Risk Parity,-0.000387511190349158,1.4220175092920062,-0.0003875111903491879,2023-12-01
2023-12-12,Combined Risk Parity,Combined equity + cryptocurrency,Risk Parity,0.0017156513334056788,1.4244571955279495,0.0,2023-12-01
2023-12-13,Combined Risk Parity,Combined equity + cryptocurrency,Risk Parity,0.02131326196154007,1.4548170248892376,0.0,2023-12-01
2023-12-14,Combined Risk Parity,Combined equity + cryptocurrency,Risk Parity,0.009894378609732428,1.4692115353413764,0.0,2023-12-01
2023-12-15,Combined Risk Parity,Combined equity + cryptocurrency,Risk Parity,-0.007563453216550221,1.4580992226286058,-0.0075634532165502755,2023-12-01
2023-12-18,Combined Risk Parity,Combined equity + cryptocurrency,Risk Parity,-0.00022726611399639333,1.4577678460844579,-0.007789000413925828,2023-12-01
2023-12-19,Combined Risk Parity,Combined equity + cryptocurrency,Risk Parity,0.005177140617750615,1.4653149152116725,-0.0026521845465898863,2023-12-01
2023-12-20,Combined Risk Parity,Combined equity + cryptocurrency,Risk Parity,-0.011066829463975138,1.4490985249340056,-0.013689662736480979,2023-12-01
2023-12-21,Combined Risk Parity,Combined equity + cryptocurrency,Risk Parity,0.009476597327021174,1.4628310481419855,-0.004342796830756113,2023-12-01
2023-12-22,Combined Risk Parity,Combined equity + cryptocurrency,Risk Parity,0.004282883228056751,1.4690961827035536,-7.851329440866639e-05,2023-12-01
2023-12-26,Combined Risk Parity,Combined equity + cryptocurrency,Risk Parity,0.002786229578682886,1.4731894219417323,0.0,2023-12-01
2023-12-27,Combined Risk Parity,Combined equity + cryptocurrency,Risk Parity,0.006516596120676177,1.482789602413779,0.0,2023-12-01
2023-12-28,Combined Risk Parity,Combined equity + cryptocurrency,Risk Parity,0.0005643903423676931,1.4836264745451446,0.0,2023-12-01
2023-12-29,Combined Risk Parity,Combined equity + cryptocurrency,Risk Parity,-0.0038397431485164106,1.4779297299545524,-0.003839743148516317,2023-12-01
