date,strategy_name,variant,portfolio_method,asset_family,uses_sentiment,daily_return,growth_of_1,drawdown,active_target_rebalance_date
2021-01-04,Equity Equal Weight,Base,Equal Weight,Equity,False,-0.013701064199660195,0.9862989358003398,-0.013701064199660218,2021-01-04
2021-01-04,Equity Equal Weight + Sector Sentiment,Sentiment fusion,Equal Weight + Sector Sentiment,Equity,True,-0.013728395573609525,0.9862716044263905,-0.013728395573609498,2021-01-04
2021-01-05,Equity Equal Weight,Base,Equal Weight,Equity,False,0.012741623294831667,0.998865985296401,-0.0011340147035989734,2021-01-04
2021-01-05,Equity Equal Weight + Sector Sentiment,Sentiment fusion,Equal Weight + Sector Sentiment,Equity,True,0.012359939232482804,0.9984618615238241,-0.0015381384761758987,2021-01-04
2021-01-06,Equity Equal Weight,Base,Equal Weight,Equity,False,0.013716586163369607,1.0125670166493783,0.0,2021-01-04
2021-01-06,Equity Equal Weight + Sector Sentiment,Sentiment fusion,Equal Weight + Sector Sentiment,Equity,True,0.014090921600978069,1.012531109336123,0.0,2021-01-04
2021-01-07,Equity Equal Weight,Base,Equal Weight,Equity,False,0.00979755852435766,1.0224877012548348,0.0,2021-01-04
2021-01-07,Equity Equal Weight + Sector Sentiment,Sentiment fusion,Equal Weight + Sector Sentiment,Equity,True,0.009569264474928126,1.0222202873104527,0.0,2021-01-04
2021-01-08,Equity Equal Weight,Base,Equal Weight,Equity,False,0.0025391197143721156,1.0250839199347939,0.0,2021-01-04
2021-01-08,Equity Equal Weight + Sector Sentiment,Sentiment fusion,Equal Weight + Sector Sentiment,Equity,True,0.0024943291057325707,1.0247700411255616,0.0,2021-01-04
2021-01-11,Equity Equal Weight,Base,Equal Weight,Equity,False,0.00024143705130121604,1.0253314131737592,0.0,2021-01-04
2021-01-11,Equity Equal Weight + Sector Sentiment,Sentiment fusion,Equal Weight + Sector Sentiment,Equity,True,0.00020361808365304838,1.0249787028375206,0.0,2021-01-04
2021-01-12,Equity Equal Weight,Base,Equal Weight,Equity,False,0.004053146990521043,1.029487232105351,0.0,2021-01-04
2021-01-12,Equity Equal Weight + Sector Sentiment,Sentiment fusion,Equal Weight + Sector Sentiment,Equity,True,0.003723433949680238,1.0287951433373652,0.0,2021-01-04
2021-01-13,Equity Equal Weight,Base,Equal Weight,Equity,False,-0.0003666870544489765,1.0291097324646175,-0.00036668705444897753,2021-01-04
2021-01-13,Equity Equal Weight + Sector Sentiment,Sentiment fusion,Equal Weight + Sector Sentiment,Equity,True,-0.00029828669650829617,1.0284882674326752,-0.00029828669650844297,2021-01-04
2021-01-14,Equity Equal Weight,Base,Equal Weight,Equity,False,0.004186892503517239,1.0334185042887702,0.0,2021-01-04
2021-01-14,Equity Equal Weight + Sector Sentiment,Sentiment fusion,Equal Weight + Sector Sentiment,Equity,True,0.0037602322085452406,1.0323556221419865,0.0,2021-01-04
2021-01-15,Equity Equal Weight,Base,Equal Weight,Equity,False,-0.012468237405141813,1.0205335970384313,-0.012468237405141802,2021-01-04
2021-01-15,Equity Equal Weight + Sector Sentiment,Sentiment fusion,Equal Weight + Sector Sentiment,Equity,True,-0.012101925388127637,1.01986213142881,-0.012101925388127599,2021-01-04
2021-01-19,Equity Equal Weight,Base,Equal Weight,Equity,False,0.007686465686841389,1.028377893514336,-0.004877608397290456,2021-01-04
2021-01-19,Equity Equal Weight + Sector Sentiment,Sentiment fusion,Equal Weight + Sector Sentiment,Equity,True,0.007349390012712932,1.027357495991877,-0.004841477144996942,2021-01-04
2021-01-20,Equity Equal Weight,Base,Equal Weight,Equity,False,0.00753088157807,1.0361224856478974,0.0,2021-01-04
2021-01-20,Equity Equal Weight + Sector Sentiment,Sentiment fusion,Equal Weight + Sector Sentiment,Equity,True,0.007440479379421357,1.0350015282560985,0.0,2021-01-04
2021-01-21,Equity Equal Weight,Base,Equal Weight,Equity,False,-0.008091989758853555,1.0277381931051168,-0.008091989758853502,2021-01-04
2021-01-21,Equity Equal Weight + Sector Sentiment,Sentiment fusion,Equal Weight + Sector Sentiment,Equity,True,-0.007862867841208456,1.026863448023972,-0.007862867841208487,2021-01-04
2021-01-22,Equity Equal Weight,Base,Equal Weight,Equity,False,-0.003257065088682085,1.024390782916049,-0.011322698710193979,2021-01-04
2021-01-22,Equity Equal Weight + Sector Sentiment,Sentiment fusion,Equal Weight + Sector Sentiment,Equity,True,-0.003139813093424633,1.0236392887247072,-0.0109779929992333,2021-01-04
2021-01-25,Equity Equal Weight,Base,Equal Weight,Equity,False,0.0017190661049002161,1.0261517783891323,-0.009623097072862352,2021-01-04
2021-01-25,Equity Equal Weight + Sector Sentiment,Sentiment fusion,Equal Weight + Sector Sentiment,Equity,True,0.0018730120667384328,1.0255565774644761,-0.009125542845850987,2021-01-04
2021-01-26,Equity Equal Weight,Base,Equal Weight,Equity,False,-0.005633202476990916,1.020371257649342,-0.01520209069558609,2021-01-04
2021-01-26,Equity Equal Weight + Sector Sentiment,Sentiment fusion,Equal Weight + Sector Sentiment,Equity,True,-0.005730578204869854,1.0196795452937972,-0.014803826413780974,2021-01-04
2021-01-27,Equity Equal Weight,Base,Equal Weight,Equity,False,-0.025689904680956194,0.994158017301143,-0.04050145511562153,2021-01-04
2021-01-27,Equity Equal Weight + Sector Sentiment,Sentiment fusion,Equal Weight + Sector Sentiment,Equity,True,-0.025953828122741038,0.9932149576349673,-0.0403734385702198,2021-01-04
2021-01-28,Equity Equal Weight,Base,Equal Weight,Equity,False,0.010414456904308634,1.0045116331283985,-0.030508798870176324,2021-01-04
2021-01-28,Equity Equal Weight + Sector Sentiment,Sentiment fusion,Equal Weight + Sector Sentiment,Equity,True,0.01038695973782414,1.0035314414109264,-0.030405836113302054,2021-01-04
2021-01-29,Equity Equal Weight,Base,Equal Weight,Equity,False,-0.014843771101669807,0.9896008923772761,-0.04489970434483037,2021-01-04
2021-01-29,Equity Equal Weight + Sector Sentiment,Sentiment fusion,Equal Weight + Sector Sentiment,Equity,True,-0.014705958576610357,0.9887735496032112,-0.04466464772354306,2021-01-04
2021-02-01,Equity Equal Weight,Base,Equal Weight,Equity,False,0.008517686014717273,0.9980300020584298,-0.03676445991387589,2021-02-01
2021-02-01,Equity Equal Weight + Sector Sentiment,Sentiment fusion,Equal Weight + Sector Sentiment,Equity,True,0.008438251039001523,0.9971170690354877,-0.03660328819460135,2021-02-01
2021-02-02,Equity Equal Weight,Base,Equal Weight,Equity,False,0.017461368582400646,1.015456971780666,-0.019945049116764424,2021-02-01
2021-02-02,Equity Equal Weight + Sector Sentiment,Sentiment fusion,Equal Weight + Sector Sentiment,Equity,True,0.017864695587103966,1.014930261938512,-0.019392499208580882,2021-02-01
2021-02-03,Equity Equal Weight,Base,Equal Weight,Equity,False,0.0018690288929366222,1.017354890200458,-0.0181132980968981,2021-02-01
2021-02-03,Equity Equal Weight + Sector Sentiment,Sentiment fusion,Equal Weight + Sector Sentiment,Equity,True,0.0009399112847146732,1.0158842063449065,-0.018470815152711206,2021-02-01
2021-02-04,Equity Equal Weight,Base,Equal Weight,Equity,False,0.009279172224145421,1.0267951014397048,-0.009002202285340988,2021-02-01
2021-02-04,Equity Equal Weight + Sector Sentiment,Sentiment fusion,Equal Weight + Sector Sentiment,Equity,True,0.0092795297139014,1.0253111340235672,-0.009362685916859292,2021-02-01
2021-02-05,Equity Equal Weight,Base,Equal Weight,Equity,False,0.006292140440644191,1.033255840421729,-0.0027667049657512655,2021-02-01
2021-02-05,Equity Equal Weight + Sector Sentiment,Sentiment fusion,Equal Weight + Sector Sentiment,Equity,True,0.006148548215847298,1.031615308967356,-0.003271704626801819,2021-02-01
2021-02-08,Equity Equal Weight,Base,Equal Weight,Equity,False,0.01347289403368723,1.0471767868694193,0.0,2021-02-01
2021-02-08,Equity Equal Weight + Sector Sentiment,Sentiment fusion,Equal Weight + Sector Sentiment,Equity,True,0.012672237497766543,1.0446881831689223,0.0,2021-02-01
2021-02-09,Equity Equal Weight,Base,Equal Weight,Equity,False,-0.0028566363844635127,1.0441853835590824,-0.002856636384463651,2021-02-01
2021-02-09,Equity Equal Weight + Sector Sentiment,Sentiment fusion,Equal Weight + Sector Sentiment,Equity,True,-0.0027622895596032104,1.041802451907514,-0.002762289559603226,2021-02-01
2021-02-10,Equity Equal Weight,Base,Equal Weight,Equity,False,0.001838061380919184,1.0461046603871227,-0.0010238256765620068,2021-02-01
2021-02-10,Equity Equal Weight + Sector Sentiment,Sentiment fusion,Equal Weight + Sector Sentiment,Equity,True,0.0014676157049417567,1.0433314175473802,-0.001298727834200708,2021-02-01
2021-02-11,Equity Equal Weight,Base,Equal Weight,Equity,False,-0.0011448702812422442,1.0449070062503765,-0.0021675238102140115,2021-02-01
2021-02-11,Equity Equal Weight + Sector Sentiment,Sentiment fusion,Equal Weight + Sector Sentiment,Equity,True,-0.0008039288893845457,1.0424926532796115,-0.0021016126387598533,2021-02-01
2021-02-12,Equity Equal Weight,Base,Equal Weight,Equity,False,0.004569257067789369,1.0496814549738687,0.0,2021-02-01
2021-02-12,Equity Equal Weight + Sector Sentiment,Sentiment fusion,Equal Weight + Sector Sentiment,Equity,True,0.0043264485253959074,1.0470029440821291,0.0,2021-02-01
2021-02-16,Equity Equal Weight,Base,Equal Weight,Equity,False,0.0013897038414903643,1.051140201324187,0.0,2021-02-01
2021-02-16,Equity Equal Weight + Sector Sentiment,Sentiment fusion,Equal Weight + Sector Sentiment,Equity,True,0.0009951180231573503,1.048044835582084,0.0,2021-02-01
2021-02-17,Equity Equal Weight,Base,Equal Weight,Equity,False,0.002531418214618136,1.0538010767759365,0.0,2021-02-01
2021-02-17,Equity Equal Weight + Sector Sentiment,Sentiment fusion,Equal Weight + Sector Sentiment,Equity,True,0.0021659420827266134,1.0503148399960556,0.0,2021-02-01
2021-02-18,Equity Equal Weight,Base,Equal Weight,Equity,False,-0.006636366116092682,1.0468076670169186,-0.006636366116092751,2021-02-01
2021-02-18,Equity Equal Weight + Sector Sentiment,Sentiment fusion,Equal Weight + Sector Sentiment,Equity,True,-0.00603031751910557,1.0439811080158508,-0.006030317519105655,2021-02-01
2021-02-19,Equity Equal Weight,Base,Equal Weight,Equity,False,0.001755214269742609,1.0486450387717428,-0.004892800090856242,2021-02-01
2021-02-19,Equity Equal Weight + Sector Sentiment,Sentiment fusion,Equal Weight + Sector Sentiment,Equity,True,0.0016362407270570504,1.0456893124230646,-0.004403943843170222,2021-02-01
2021-02-22,Equity Equal Weight,Base,Equal Weight,Equity,False,0.003151462198257099,1.0519498039708217,-0.0017567573671292136,2021-02-01
2021-02-22,Equity Equal Weight + Sector Sentiment,Sentiment fusion,Equal Weight + Sector Sentiment,Equity,True,0.002120326204740494,1.0479065148742124,-0.0022929554359645277,2021-02-01
2021-02-23,Equity Equal Weight,Base,Equal Weight,Equity,False,0.0007040167077609853,1.052690394208543,-0.0010539774459061846,2021-02-01
2021-02-23,Equity Equal Weight + Sector Sentiment,Sentiment fusion,Equal Weight + Sector Sentiment,Equity,True,0.0006128792682487158,1.0485487550522417,-0.001681481472565416,2021-02-01
2021-02-24,Equity Equal Weight,Base,Equal Weight,Equity,False,0.016122034613694283,1.0696619051814766,0.0,2021-02-01
2021-02-24,Equity Equal Weight + Sector Sentiment,Sentiment fusion,Equal Weight + Sector Sentiment,Equity,True,0.015396875662876463,1.064693129860245,0.0,2021-02-01
2021-02-25,Equity Equal Weight,Base,Equal Weight,Equity,False,-0.019177178544150526,1.0491488078439353,-0.019177178544150464,2021-02-01
2021-02-25,Equity Equal Weight + Sector Sentiment,Sentiment fusion,Equal Weight + Sector Sentiment,Equity,True,-0.01911574671191152,1.044340725663924,-0.01911574671191152,2021-02-01
2021-02-26,Equity Equal Weight,Base,Equal Weight,Equity,False,-0.013518257118032432,1.0349661445044238,-0.032436193631824595,2021-02-01
2021-02-26,Equity Equal Weight + Sector Sentiment,Sentiment fusion,Equal Weight + Sector Sentiment,Equity,True,-0.013249009386173294,1.0305042455872397,-0.03211149139047498,2021-02-01
2021-03-01,Equity Equal Weight,Base,Equal Weight,Equity,False,0.019963326496913784,1.0556275115604177,-0.013120401458700082,2021-03-01
2021-03-01,Equity Equal Weight + Sector Sentiment,Sentiment fusion,Equal Weight + Sector Sentiment,Equity,True,0.019862420843430442,1.0509725545940352,-0.012886882502952557,2021-03-01
2021-03-02,Equity Equal Weight,Base,Equal Weight,Equity,False,-0.0028062348013948024,1.052665172900167,-0.01588981733291317,2021-03-01
2021-03-02,Equity Equal Weight + Sector Sentiment,Sentiment fusion,Equal Weight + Sector Sentiment,Equity,True,-0.0029523018693631076,1.0478697663564578,-0.01580113840501196,2021-03-01
2021-03-03,Equity Equal Weight,Base,Equal Weight,Equity,False,-0.006865622462034847,1.045437971244102,-0.022646346308149434,2021-03-01
2021-03-03,Equity Equal Weight + Sector Sentiment,Sentiment fusion,Equal Weight + Sector Sentiment,Equity,True,-0.007145450597593242,1.0403822647082461,-0.02283368274874642,2021-03-01
2021-03-04,Equity Equal Weight,Base,Equal Weight,Equity,False,-0.007678223011596031,1.0374108653560992,-0.030150685622393758,2021-03-01
2021-03-04,Equity Equal Weight + Sector Sentiment,Sentiment fusion,Equal Weight + Sector Sentiment,Equity,True,-0.007826963237970348,1.0322392309689383,-0.030481927591254898,2021-03-01
2021-03-05,Equity Equal Weight,Base,Equal Weight,Equity,False,0.01781803511426673,1.055895488582936,-0.012869876483266096,2021-03-01
2021-03-05,Equity Equal Weight + Sector Sentiment,Sentiment fusion,Equal Weight + Sector Sentiment,Equity,True,0.01770025858433774,1.0505101322779864,-0.013321207007431557,2021-03-01
2021-03-08,Equity Equal Weight,Base,Equal Weight,Equity,False,0.0024156401118105293,1.0584461520790367,-0.010485325361322517,2021-03-01
2021-03-08,Equity Equal Weight + Sector Sentiment,Sentiment fusion,Equal Weight + Sector Sentiment,Equity,True,0.0021259917059094453,1.0527435081061833,-0.011223536077132445,2021-03-01
2021-03-09,Equity Equal Weight,Base,Equal Weight,Equity,False,0.005985780768517135,1.0647817787006624,-0.004562307451704828,2021-03-01
2021-03-09,Equity Equal Weight + Sector Sentiment,Sentiment fusion,Equal Weight + Sector Sentiment,Equity,True,0.006232569146038624,1.0593048048134983,-0.00506091839575773,2021-03-01
2021-03-10,Equity Equal Weight,Base,Equal Weight,Equity,False,0.010144884675629899,1.0755838670502926,0.0,2021-03-01
2021-03-10,Equity Equal Weight + Sector Sentiment,Sentiment fusion,Equal Weight + Sector Sentiment,Equity,True,0.010156066370219315,1.0700631747174765,0.0,2021-03-01
2021-03-11,Equity Equal Weight,Base,Equal Weight,Equity,False,0.004733695242030584,1.0806753532841533,0.0,2021-03-01
2021-03-11,Equity Equal Weight + Sector Sentiment,Sentiment fusion,Equal Weight + Sector Sentiment,Equity,True,0.005066853843171718,1.0754850284267303,0.0,2021-03-01
2021-03-12,Equity Equal Weight,Base,Equal Weight,Equity,False,0.007321322908661962,1.088587326504979,0.0,2021-03-01
2021-03-12,Equity Equal Weight + Sector Sentiment,Sentiment fusion,Equal Weight + Sector Sentiment,Equity,True,0.007332465298270563,1.0833709850764788,0.0,2021-03-01
2021-03-15,Equity Equal Weight,Base,Equal Weight,Equity,False,0.005322672463124853,1.0943815202914737,0.0,2021-03-01
2021-03-15,Equity Equal Weight + Sector Sentiment,Sentiment fusion,Equal Weight + Sector Sentiment,Equity,True,0.005242745219800111,1.0890508231297586,0.0,2021-03-01
2021-03-16,Equity Equal Weight,Base,Equal Weight,Equity,False,-0.0006629149901878922,1.0936560383766878,-0.0006629149901880016,2021-03-01
2021-03-16,Equity Equal Weight + Sector Sentiment,Sentiment fusion,Equal Weight + Sector Sentiment,Equity,True,-0.0005746149355515672,1.0884250382612135,-0.000574614935551665,2021-03-01
2021-03-17,Equity Equal Weight,Base,Equal Weight,Equity,False,0.002452527477581403,1.0963382598618296,0.0,2021-03-01
2021-03-17,Equity Equal Weight + Sector Sentiment,Sentiment fusion,Equal Weight + Sector Sentiment,Equity,True,0.002552854313004171,1.0912036288145204,0.0,2021-03-01
2021-03-18,Equity Equal Weight,Base,Equal Weight,Equity,False,-0.013330223758688132,1.0817238255426607,-0.013330223758688198,2021-03-01
2021-03-18,Equity Equal Weight + Sector Sentiment,Sentiment fusion,Equal Weight + Sector Sentiment,Equity,True,-0.01351919167722818,1.07645143779769,-0.013519191677228148,2021-03-01
2021-03-19,Equity Equal Weight,Base,Equal Weight,Equity,False,-0.004960196790008943,1.0763582624955277,-0.01822430001559927,2021-03-01
2021-03-19,Equity Equal Weight + Sector Sentiment,Sentiment fusion,Equal Weight + Sector Sentiment,Equity,True,-0.0051659267041602236,1.0708905685694392,-0.01861527922808437,2021-03-01
2021-03-22,Equity Equal Weight,Base,Equal Weight,Equity,False,0.0053186528116772255,1.0820830383947215,-0.013002575928440785,2021-03-01
2021-03-22,Equity Equal Weight + Sector Sentiment,Sentiment fusion,Equal Weight + Sector Sentiment,Equity,True,0.005451812439661095,1.076728863092682,-0.013264953799286605,2021-03-01
2021-03-23,Equity Equal Weight,Base,Equal Weight,Equity,False,-0.008369492885778738,1.073026552103055,-0.021263243847489677,2021-03-01
2021-03-23,Equity Equal Weight + Sector Sentiment,Sentiment fusion,Equal Weight + Sector Sentiment,Equity,True,-0.008285114461358106,1.067808041218111,-0.021440166600092958,2021-03-01
2021-03-24,Equity Equal Weight,Base,Equal Weight,Equity,False,-0.0030626418984172673,1.06974025602647,-0.02426076404440347,2021-03-01
2021-03-24,Equity Equal Weight + Sector Sentiment,Sentiment fusion,Equal Weight + Sector Sentiment,Equity,True,-0.0032979996386215253,1.0642864106840566,-0.024667456577015412,2021-03-01
2021-03-25,Equity Equal Weight,Base,Equal Weight,Equity,False,0.007372562002828896,1.0776269823909472,-0.017067066028727873,2021-03-01
2021-03-25,Equity Equal Weight + Sector Sentiment,Sentiment fusion,Equal Weight + Sector Sentiment,Equity,True,0.00731495587036034,1.0720716188116346,-0.017532942062949974,2021-03-01
2021-03-26,Equity Equal Weight,Base,Equal Weight,Equity,False,0.019572563755066642,1.098718905207974,0.0,2021-03-01
2021-03-26,Equity Equal Weight + Sector Sentiment,Sentiment fusion,Equal Weight + Sector Sentiment,Equity,True,0.019694827693658323,1.0931858846193911,0.0,2021-03-01
2021-03-29,Equity Equal Weight,Base,Equal Weight,Equity,False,0.0011668622914676055,1.1000009588673838,0.0,2021-03-01
2021-03-29,Equity Equal Weight + Sector Sentiment,Sentiment fusion,Equal Weight + Sector Sentiment,Equity,True,0.0010484415998099916,1.0943320261771512,0.0,2021-03-01
2021-03-30,Equity Equal Weight,Base,Equal Weight,Equity,False,-0.0033567374259093788,1.0963085444802174,-0.003356737425909362,2021-03-01
2021-03-30,Equity Equal Weight + Sector Sentiment,Sentiment fusion,Equal Weight + Sector Sentiment,Equity,True,-0.003216638533359785,1.0908119556134601,-0.003216638533359739,2021-03-01
2021-03-31,Equity Equal Weight,Base,Equal Weight,Equity,False,-0.0011654710318684393,1.0950308286296357,-0.0045182962775465185,2021-03-01
2021-03-31,Equity Equal Weight + Sector Sentiment,Sentiment fusion,Equal Weight + Sector Sentiment,Equity,True,-0.0011394655513760471,1.0895690129670095,-0.0043524388359357236,2021-03-01
2021-04-01,Equity Equal Weight,Base,Equal Weight,Equity,False,0.011919235422437929,1.1080827588708997,0.0,2021-04-01
2021-04-01,Equity Equal Weight + Sector Sentiment,Sentiment fusion,Equal Weight + Sector Sentiment,Equity,True,0.011918454956401153,1.1025549921699471,0.0,2021-04-01
2021-04-05,Equity Equal Weight,Base,Equal Weight,Equity,False,0.005152482779723815,1.113792136204491,0.0,2021-04-01
2021-04-05,Equity Equal Weight + Sector Sentiment,Sentiment fusion,Equal Weight + Sector Sentiment,Equity,True,0.004926272029365157,1.107986477988711,0.0,2021-04-01
2021-04-06,Equity Equal Weight,Base,Equal Weight,Equity,False,0.0002901590514485786,1.114115313074243,0.0,2021-04-01
2021-04-06,Equity Equal Weight + Sector Sentiment,Sentiment fusion,Equal Weight + Sector Sentiment,Equity,True,0.00029956783417813557,1.1083183950982207,0.0,2021-04-01
2021-04-07,Equity Equal Weight,Base,Equal Weight,Equity,False,-0.0009851625251715212,1.1130177284190825,-0.0009851625251714458,2021-04-01
2021-04-07,Equity Equal Weight + Sector Sentiment,Sentiment fusion,Equal Weight + Sector Sentiment,Equity,True,-0.001030754743278636,1.1071759906554102,-0.001030754743278739,2021-04-01
2021-04-08,Equity Equal Weight,Base,Equal Weight,Equity,False,-0.0011896458588349854,1.1116936314876589,-0.0021736363894880872,2021-04-01
2021-04-08,Equity Equal Weight + Sector Sentiment,Sentiment fusion,Equal Weight + Sector Sentiment,Equity,True,-0.00125005735397655,1.1057919571661452,-0.002279523594708177,2021-04-01
2021-04-09,Equity Equal Weight,Base,Equal Weight,Equity,False,0.002584947891170619,1.1145673015960007,0.0,2021-04-01
2021-04-09,Equity Equal Weight + Sector Sentiment,Sentiment fusion,Equal Weight + Sector Sentiment,Equity,True,0.0025748260817494957,1.1086391791384453,0.0,2021-04-01
2021-04-12,Equity Equal Weight,Base,Equal Weight,Equity,False,-0.0003705639629280437,1.1141542831197713,-0.00037056396292800553,2021-04-01
2021-04-12,Equity Equal Weight + Sector Sentiment,Sentiment fusion,Equal Weight + Sector Sentiment,Equity,True,-0.00045888735036454776,1.1081304386430202,-0.0004588873503644786,2021-04-01
2021-04-13,Equity Equal Weight,Base,Equal Weight,Equity,False,0.001803035394963274,1.1161631427276861,0.0,2021-04-01
2021-04-13,Equity Equal Weight + Sector Sentiment,Sentiment fusion,Equal Weight + Sector Sentiment,Equity,True,0.0017741071176229151,1.1100963807414714,0.0,2021-04-01
2021-04-14,Equity Equal Weight,Base,Equal Weight,Equity,False,0.0029439118121921013,1.1194490285878957,0.0,2021-04-01
2021-04-14,Equity Equal Weight + Sector Sentiment,Sentiment fusion,Equal Weight + Sector Sentiment,Equity,True,0.0031876534216534794,1.113634983267907,0.0,2021-04-01
2021-04-15,Equity Equal Weight,Base,Equal Weight,Equity,False,0.009653589624722807,1.1302557301156777,0.0,2021-04-01
2021-04-15,Equity Equal Weight + Sector Sentiment,Sentiment fusion,Equal Weight + Sector Sentiment,Equity,True,0.009469782039076387,1.1241808638305446,0.0,2021-04-01
2021-04-16,Equity Equal Weight,Base,Equal Weight,Equity,False,0.0028845720106958775,1.133516034159698,0.0,2021-04-01
2021-04-16,Equity Equal Weight + Sector Sentiment,Sentiment fusion,Equal Weight + Sector Sentiment,Equity,True,0.0028384983741955995,1.1273718493848295,0.0,2021-04-01
2021-04-19,Equity Equal Weight,Base,Equal Weight,Equity,False,-0.003685581075592,1.129338368915319,-0.003685581075591915,2021-04-01
2021-04-19,Equity Equal Weight + Sector Sentiment,Sentiment fusion,Equal Weight + Sector Sentiment,Equity,True,-0.0036916676557777976,1.1232099671924212,-0.003691667655777775,2021-04-01
2021-04-20,Equity Equal Weight,Base,Equal Weight,Equity,False,-0.00839259157832139,1.1198602932312849,-0.012047241077217219,2021-04-01
2021-04-20,Equity Equal Weight + Sector Sentiment,Sentiment fusion,Equal Weight + Sector Sentiment,Equity,True,-0.00864341439145191,1.113501597997368,-0.012303173433885317,2021-04-01
2021-04-21,Equity Equal Weight,Base,Equal Weight,Equity,False,0.010332327422379967,1.1314310564482728,-0.001839389694183513,2021-04-01
2021-04-21,Equity Equal Weight + Sector Sentiment,Sentiment fusion,Equal Weight + Sector Sentiment,Equity,True,0.010453248414056576,1.1251413068106833,-0.0019785331480144386,2021-04-01
2021-04-22,Equity Equal Weight,Base,Equal Weight,Equity,False,-0.009566738557241708,1.1206069513356884,-0.011388531291116055,2021-04-01
2021-04-22,Equity Equal Weight + Sector Sentiment,Sentiment fusion,Equal Weight + Sector Sentiment,Equity,True,-0.009775703744562653,1.114142258724532,-0.011734895338673224,2021-04-01
2021-04-23,Equity Equal Weight,Base,Equal Weight,Equity,False,0.008828568661872385,1.130500306748527,-0.0026605070597051084,2021-04-01
2021-04-23,Equity Equal Weight + Sector Sentiment,Sentiment fusion,Equal Weight + Sector Sentiment,Equity,True,0.008860569804068241,1.1240141939796229,-0.0029783033938968195,2021-04-01
2021-04-26,Equity Equal Weight,Base,Equal Weight,Equity,False,0.0008393950486170931,1.131449243108472,-0.0018233452275406847,2021-04-01
2021-04-26,Equity Equal Weight + Sector Sentiment,Sentiment fusion,Equal Weight + Sector Sentiment,Equity,True,0.0008948300097286458,1.1250199956117568,-0.0020861384594231813,2021-04-01
2021-04-27,Equity Equal Weight,Base,Equal Weight,Equity,False,0.0009805905140328791,1.1325587315033738,-0.0008445426685417257,2021-04-01
2021-04-27,Equity Equal Weight + Sector Sentiment,Sentiment fusion,Equal Weight + Sector Sentiment,Equity,True,0.0010592011877022627,1.1262116181272974,-0.0010291469120549124,2021-04-01
2021-04-28,Equity Equal Weight,Base,Equal Weight,Equity,False,0.0003766613471844352,1.1329853226009474,-0.00046819942793652203,2021-04-01
2021-04-28,Equity Equal Weight + Sector Sentiment,Sentiment fusion,Equal Weight + Sector Sentiment,Equity,True,0.0005694132045845159,1.1268528978938157,-0.0004603197173115303,2021-04-01
2021-04-29,Equity Equal Weight,Base,Equal Weight,Equity,False,0.009013733656547535,1.1431977505356499,0.0,2021-04-01
2021-04-29,Equity Equal Weight + Sector Sentiment,Sentiment fusion,Equal Weight + Sector Sentiment,Equity,True,0.008991066314849,1.1369845070258586,0.0,2021-04-01
2021-04-30,Equity Equal Weight,Base,Equal Weight,Equity,False,-0.0068168106263824645,1.135404787961742,-0.006816810626382508,2021-04-01
2021-04-30,Equity Equal Weight + Sector Sentiment,Sentiment fusion,Equal Weight + Sector Sentiment,Equity,True,-0.006953730480429469,1.1290782232035768,-0.006953730480429576,2021-04-01
2021-05-03,Equity Equal Weight,Base,Equal Weight,Equity,False,0.00743764494814448,1.1438495256470247,0.0,2021-05-03
2021-05-03,Equity Equal Weight + Sector Sentiment,Sentiment fusion,Equal Weight + Sector Sentiment,Equity,True,0.0071581875844677345,1.1371603769228056,0.0,2021-05-03
2021-05-04,Equity Equal Weight,Base,Equal Weight,Equity,False,-0.002205629241720547,1.1413266176851296,-0.002205629241720408,2021-05-03
2021-05-04,Equity Equal Weight + Sector Sentiment,Sentiment fusion,Equal Weight + Sector Sentiment,Equity,True,-0.002547953803536611,1.134262944815194,-0.0025479538035366733,2021-05-03
2021-05-05,Equity Equal Weight,Base,Equal Weight,Equity,False,0.006270642447277541,1.1484834688201937,0.0,2021-05-03
2021-05-05,Equity Equal Weight + Sector Sentiment,Sentiment fusion,Equal Weight + Sector Sentiment,Equity,True,0.006056767929729961,1.1411329122432317,0.0,2021-05-03
2021-05-06,Equity Equal Weight,Base,Equal Weight,Equity,False,0.008144083604476944,1.1578368142086253,0.0,2021-05-03
2021-05-06,Equity Equal Weight + Sector Sentiment,Sentiment fusion,Equal Weight + Sector Sentiment,Equity,True,0.007918178052300853,1.1501686058237142,0.0,2021-05-03
2021-05-07,Equity Equal Weight,Base,Equal Weight,Equity,False,0.00975833959958688,1.1691353790425767,0.0,2021-05-03
2021-05-07,Equity Equal Weight + Sector Sentiment,Sentiment fusion,Equal Weight + Sector Sentiment,Equity,True,0.009702297843352276,1.161327884207489,0.0,2021-05-03
2021-05-10,Equity Equal Weight,Base,Equal Weight,Equity,False,-0.0041681558666201305,1.1642622405535472,-0.004168155866620116,2021-05-03
2021-05-10,Equity Equal Weight + Sector Sentiment,Sentiment fusion,Equal Weight + Sector Sentiment,Equity,True,-0.004103281014742723,1.1565626295483291,-0.004103281014742666,2021-05-03
2021-05-11,Equity Equal Weight,Base,Equal Weight,Equity,False,-0.009370387932132969,1.1533526517048263,-0.013499486561321161,2021-05-03
2021-05-11,Equity Equal Weight + Sector Sentiment,Sentiment fusion,Equal Weight + Sector Sentiment,Equity,True,-0.009699637771011689,1.1453443909822216,-0.013763118446238676,2021-05-03
2021-05-12,Equity Equal Weight,Base,Equal Weight,Equity,False,-0.015790454297264347,1.1351406893694527,-0.029076777833002332,2021-05-03
2021-05-12,Equity Equal Weight + Sector Sentiment,Sentiment fusion,Equal Weight + Sector Sentiment,Equity,True,-0.015377594003463262,1.127731749943553,-0.02892906880201407,2021-05-03
2021-05-13,Equity Equal Weight,Base,Equal Weight,Equity,False,0.008609864371066214,1.1449140967470022,-0.020717260575426,2021-05-03
2021-05-13,Equity Equal Weight + Sector Sentiment,Sentiment fusion,Equal Weight + Sector Sentiment,Equity,True,0.008274830176597432,1.137063538659093,-0.020893621756920444,2021-05-03
2021-05-14,Equity Equal Weight,Base,Equal Weight,Equity,False,0.013974679855317631,1.1609139047108816,-0.007032097804129167,2021-05-03
2021-05-14,Equity Equal Weight + Sector Sentiment,Sentiment fusion,Equal Weight + Sector Sentiment,Equity,True,0.01380266075273831,1.1527580409375127,-0.007379348577188916,2021-05-03
2021-05-17,Equity Equal Weight,Base,Equal Weight,Equity,False,0.003747577613446719,1.1652645196713152,-0.0033108735229887554,2021-05-03
2021-05-17,Equity Equal Weight + Sector Sentiment,Sentiment fusion,Equal Weight + Sector Sentiment,Equity,True,0.0034204212044529835,1.1567009589843391,-0.003984167853084308,2021-05-03
2021-05-18,Equity Equal Weight,Base,Equal Weight,Equity,False,-0.009097171754679112,1.1546639081962315,-0.012377925692571234,2021-05-03
2021-05-18,Equity Equal Weight + Sector Sentiment,Sentiment fusion,Equal Weight + Sector Sentiment,Equity,True,-0.00906636096780761,1.1462138905583779,-0.013014406916979526,2021-05-03
2021-05-19,Equity Equal Weight,Base,Equal Weight,Equity,False,-0.005935456398289736,1.147810450914454,-0.018239913452611445,2021-05-03
2021-05-19,Equity Equal Weight + Sector Sentiment,Sentiment fusion,Equal Weight + Sector Sentiment,Equity,True,-0.005914480724665709,1.1394346305963263,-0.01885191418279175,2021-05-03
2021-05-20,Equity Equal Weight,Base,Equal Weight,Equity,False,0.008183759709366703,1.1572038558366378,-0.010205424812060548,2021-05-03
2021-05-20,Equity Equal Weight + Sector Sentiment,Sentiment fusion,Equal Weight + Sector Sentiment,Equity,True,0.008351204201751491,1.1489502818709836,-0.010658146165974602,2021-05-03
2021-05-21,Equity Equal Weight,Base,Equal Weight,Equity,False,0.0023599818592325724,1.1599348359438462,-0.007869527570250279,2021-05-03
2021-05-21,Equity Equal Weight + Sector Sentiment,Sentiment fusion,Equal Weight + Sector Sentiment,Equity,True,0.00228047955485462,1.1515704394983348,-0.008401972295544069,2021-05-03
2021-05-24,Equity Equal Weight,Base,Equal Weight,Equity,False,0.006086452534569007,1.1669947242660115,-0.0018309725417070544,2021-05-03
2021-05-24,Equity Equal Weight + Sector Sentiment,Sentiment fusion,Equal Weight + Sector Sentiment,Equity,True,0.005911411628711099,1.1583778463856653,-0.0025402281835649188,2021-05-03
2021-05-25,Equity Equal Weight,Base,Equal Weight,Equity,False,-0.0058699981823630435,1.1601444673557428,-0.007690222918578238,2021-05-03
2021-05-25,Equity Equal Weight + Sector Sentiment,Sentiment fusion,Equal Weight + Sector Sentiment,Equity,True,-0.005783831201000341,1.1516779844551923,-0.00830936713353947,2021-05-03
2021-05-26,Equity Equal Weight,Base,Equal Weight,Equity,False,0.003776031442801287,1.1645252093426701,-0.00394322999931962,2021-05-03
2021-05-26,Equity Equal Weight + Sector Sentiment,Sentiment fusion,Equal Weight + Sector Sentiment,Equity,True,0.003780565999794451,1.1560319790859355,-0.004560215244609922,2021-05-03
2021-05-27,Equity Equal Weight,Base,Equal Weight,Equity,False,0.00249232966568122,1.1674275900683484,-0.0014607281627443403,2021-05-03
2021-05-27,Equity Equal Weight + Sector Sentiment,Sentiment fusion,Equal Weight + Sector Sentiment,Equity,True,0.0023369925720074635,1.1587336172340623,-0.0022338798617559386,2021-05-03
2021-05-28,Equity Equal Weight,Base,Equal Weight,Equity,False,0.0028765373342631985,1.1707857391162289,0.0,2021-05-03
2021-05-28,Equity Equal Weight + Sector Sentiment,Sentiment fusion,Equal Weight + Sector Sentiment,Equity,True,0.002856254163431052,1.1620432549525948,0.0,2021-05-03
2021-06-01,Equity Equal Weight,Base,Equal Weight,Equity,False,0.006155867931106328,1.1779929415018509,0.0,2021-06-01
2021-06-01,Equity Equal Weight + Sector Sentiment,Sentiment fusion,Equal Weight + Sector Sentiment,Equity,True,0.005600546055484851,1.1685513317204224,0.0,2021-06-01
2021-06-02,Equity Equal Weight,Base,Equal Weight,Equity,False,0.003969831351910205,1.1826693748133539,0.0,2021-06-01
2021-06-02,Equity Equal Weight + Sector Sentiment,Sentiment fusion,Equal Weight + Sector Sentiment,Equity,True,0.003777625248452373,1.172965680735242,0.0,2021-06-01
2021-06-03,Equity Equal Weight,Base,Equal Weight,Equity,False,0.0015788199979827802,1.1845365968733108,0.0,2021-06-01
2021-06-03,Equity Equal Weight + Sector Sentiment,Sentiment fusion,Equal Weight + Sector Sentiment,Equity,True,0.0014734971435368999,1.174694042315272,0.0,2021-06-01
2021-06-04,Equity Equal Weight,Base,Equal Weight,Equity,False,0.006554730938169273,1.19230091555223,0.0,2021-06-01
2021-06-04,Equity Equal Weight + Sector Sentiment,Sentiment fusion,Equal Weight + Sector Sentiment,Equity,True,0.0066434057579994096,1.1824980114798769,0.0,2021-06-01
2021-06-07,Equity Equal Weight,Base,Equal Weight,Equity,False,-0.001991456404602489,1.18992650025774,-0.0019914564046026317,2021-06-01
2021-06-07,Equity Equal Weight + Sector Sentiment,Sentiment fusion,Equal Weight + Sector Sentiment,Equity,True,-0.0018284298825600462,1.1803358967796191,-0.0018284298825601564,2021-06-01
2021-06-08,Equity Equal Weight,Base,Equal Weight,Equity,False,-0.0025166232777746166,1.1869319035283505,-0.004503067936832639,2021-06-01
2021-06-08,Equity Equal Weight + Sector Sentiment,Sentiment fusion,Equal Weight + Sector Sentiment,Equity,True,-0.0026291486054908614,1.17723261830259,-0.0044527712741750936,2021-06-01
2021-06-09,Equity Equal Weight,Base,Equal Weight,Equity,False,-0.002710716221769452,1.1837144679633205,-0.007201577619298072,2021-06-01
2021-06-09,Equity Equal Weight + Sector Sentiment,Sentiment fusion,Equal Weight + Sector Sentiment,Equity,True,-0.002421145552159728,1.1743823667849294,-0.006863136018969596,2021-06-01
2021-06-10,Equity Equal Weight,Base,Equal Weight,Equity,False,0.0035647167785777096,1.1879340747883145,-0.00366253242529202,2021-06-01
2021-06-10,Equity Equal Weight + Sector Sentiment,Sentiment fusion,Equal Weight + Sector Sentiment,Equity,True,0.0037550489930942388,1.1787922301088327,-0.0031338584378729495,2021-06-01
2021-06-11,Equity Equal Weight,Base,Equal Weight,Equity,False,-0.00023352756822937163,1.1876566594326123,-0.0038952046912306137,2021-06-01
2021-06-11,Equity Equal Weight + Sector Sentiment,Sentiment fusion,Equal Weight + Sector Sentiment,Equity,True,-0.0002681785785392948,1.1784761032841689,-0.003401196582711097,2021-06-01
2021-06-14,Equity Equal Weight,Base,Equal Weight,Equity,False,-0.0014199066300114545,1.1859702978677067,-0.005309580494275767,2021-06-01
2021-06-14,Equity Equal Weight + Sector Sentiment,Sentiment fusion,Equal Weight + Sector Sentiment,Equity,True,-0.00115786147863458,1.1771115912006846,-0.004555119946841324,2021-06-01
2021-06-15,Equity Equal Weight,Base,Equal Weight,Equity,False,-0.0014729108142079905,1.184223469390648,-0.006774670769954749,2021-06-01
2021-06-15,Equity Equal Weight + Sector Sentiment,Sentiment fusion,Equal Weight + Sector Sentiment,Equity,True,-0.001945229095561996,1.1748218394847578,-0.006491488290548908,2021-06-01
2021-06-16,Equity Equal Weight,Base,Equal Weight,Equity,False,-0.007743520783867147,1.1750534103426782,-0.014465731749910948,2021-06-01
2021-06-16,Equity Equal Weight + Sector Sentiment,Sentiment fusion,Equal Weight + Sector Sentiment,Equity,True,-0.00801006685319949,1.1654114380098861,-0.01444955788856439,2021-06-01
2021-06-17,Equity Equal Weight,Base,Equal Weight,Equity,False,-0.008576267296364643,1.1649758382080746,-0.022917937064150795,2021-06-01
2021-06-17,Equity Equal Weight + Sector Sentiment,Sentiment fusion,Equal Weight + Sector Sentiment,Equity,True,-0.007742751686267188,1.15638794663304,-0.02208043023612405,2021-06-01
2021-06-18,Equity Equal Weight,Base,Equal Weight,Equity,False,-0.014980241444400761,1.1475242188748245,-0.03755486227792293,2021-06-01
2021-06-18,Equity Equal Weight + Sector Sentiment,Sentiment fusion,Equal Weight + Sector Sentiment,Equity,True,-0.014829157050814678,1.1392396881607496,-0.03658215311921764,2021-06-01
2021-06-21,Equity Equal Weight,Base,Equal Weight,Equity,False,0.01678714014012788,1.166787868751267,-0.021398160873797756,2021-06-01
2021-06-21,Equity Equal Weight + Sector Sentiment,Sentiment fusion,Equal Weight + Sector Sentiment,Equity,True,0.016364893200811415,1.157883223987626,-0.02081592294725798,2021-06-01
2021-06-22,Equity Equal Weight,Base,Equal Weight,Equity,False,0.0015589372176139627,1.1686068177849238,-0.019872582045558418,2021-06-01
2021-06-22,Equity Equal Weight + Sector Sentiment,Sentiment fusion,Equal Weight + Sector Sentiment,Equity,True,0.0013984096084598808,1.1595024190135248,-0.01944662252545648,2021-06-01
2021-06-23,Equity Equal Weight,Base,Equal Weight,Equity,False,-0.003264822105091943,1.1647915244140585,-0.023072523705502723,2021-06-01
2021-06-23,Equity Equal Weight + Sector Sentiment,Sentiment fusion,Equal Weight + Sector Sentiment,Equity,True,-0.0034995863721538215,1.1554446401494656,-0.02287815376243585,2021-06-01
2021-06-24,Equity Equal Weight,Base,Equal Weight,Equity,False,0.008053981339961888,1.174172733616635,-0.015204368040930838,2021-06-01
2021-06-24,Equity Equal Weight + Sector Sentiment,Sentiment fusion,Equal Weight + Sector Sentiment,Equity,True,0.007764858361867633,1.1644165041252053,-0.015290941024114657,2021-06-01
2021-06-25,Equity Equal Weight,Base,Equal Weight,Equity,False,0.007776346214146103,1.1833035073084481,-0.007546256256638517,2021-06-01
2021-06-25,Equity Equal Weight + Sector Sentiment,Sentiment fusion,Equal Weight + Sector Sentiment,Equity,True,0.007990624175755289,1.1737209187937165,-0.007422501011376759,2021-06-01
2021-06-28,Equity Equal Weight,Base,Equal Weight,Equity,False,-0.0019288688029264634,1.1810210700888075,-0.009460569321292578,2021-06-01
2021-06-28,Equity Equal Weight + Sector Sentiment,Sentiment fusion,Equal Weight + Sector Sentiment,Equity,True,-0.0014191197256936917,1.172055268285397,-0.008831087319471131,2021-06-01
2021-06-29,Equity Equal Weight,Base,Equal Weight,Equity,False,-0.00028754521308868857,1.1806814731335467,-0.009745394192959722,2021-06-01
2021-06-29,Equity Equal Weight + Sector Sentiment,Sentiment fusion,Equal Weight + Sector Sentiment,Equity,True,-0.0003137416805617289,1.171687545695814,-0.009142058319856039,2021-06-01
2021-06-30,Equity Equal Weight,Base,Equal Weight,Equity,False,0.004219853898124076,1.1856637764503923,-0.005566664434509372,2021-06-01
2021-06-30,Equity Equal Weight + Sector Sentiment,Sentiment fusion,Equal Weight + Sector Sentiment,Equity,True,0.00383507613887267,1.176181056644526,-0.00534204267070626,2021-06-01
2021-07-01,Equity Equal Weight,Base,Equal Weight,Equity,False,0.0065884442362662094,1.1934754561244967,0.0,2021-07-01
2021-07-01,Equity Equal Weight + Sector Sentiment,Sentiment fusion,Equal Weight + Sector Sentiment,Equity,True,0.006667038166314941,1.1840227006396717,0.0,2021-07-01
2021-07-02,Equity Equal Weight,Base,Equal Weight,Equity,False,0.003758998415125507,1.1979617284725599,0.0,2021-07-01
2021-07-02,Equity Equal Weight + Sector Sentiment,Sentiment fusion,Equal Weight + Sector Sentiment,Equity,True,0.003727110302876275,1.1884356838460652,0.0,2021-07-01
2021-07-06,Equity Equal Weight,Base,Equal Weight,Equity,False,-0.008705132818467139,1.1875333125147658,-0.008705132818467076,2021-07-01
2021-07-06,Equity Equal Weight + Sector Sentiment,Sentiment fusion,Equal Weight + Sector Sentiment,Equity,True,-0.008648328541452645,1.1781577016017784,-0.00864832854145281,2021-07-01
2021-07-07,Equity Equal Weight,Base,Equal Weight,Equity,False,0.0001473798852486552,1.1877083310380931,-0.008559035894694311,2021-07-01
2021-07-07,Equity Equal Weight + Sector Sentiment,Sentiment fusion,Equal Weight + Sector Sentiment,Equity,True,8.839720854177612e-05,1.1782618474538218,-0.00856069582101271,2021-07-01
2021-07-08,Equity Equal Weight,Base,Equal Weight,Equity,False,-0.006891177591098055,1.179523622002483,-0.015391231649433457,2021-07-01
2021-07-08,Equity Equal Weight + Sector Sentiment,Sentiment fusion,Equal Weight + Sector Sentiment,Equity,True,-0.006836817311674031,1.1702062864574645,-0.015338985219297663,2021-07-01
2021-07-09,Equity Equal Weight,Base,Equal Weight,Equity,False,0.011886116594822258,1.1935435772999516,-0.003688057028534253,2021-07-01
2021-07-09,Equity Equal Weight + Sector Sentiment,Sentiment fusion,Equal Weight + Sector Sentiment,Equity,True,0.011595051523076032,1.1837748886415662,-0.003921790020151139,2021-07-01
2021-07-12,Equity Equal Weight,Base,Equal Weight,Equity,False,0.004306081787775154,1.198683073561079,0.0,2021-07-01
2021-07-12,Equity Equal Weight + Sector Sentiment,Sentiment fusion,Equal Weight + Sector Sentiment,Equity,True,0.00423756054875324,1.1887912064082784,0.0,2021-07-01
2021-07-13,Equity Equal Weight,Base,Equal Weight,Equity,False,-0.004758785672821968,1.1929787977243622,-0.0047587856728220634,2021-07-01
2021-07-13,Equity Equal Weight + Sector Sentiment,Sentiment fusion,Equal Weight + Sector Sentiment,Equity,True,-0.004683340612004625,1.1832236922721127,-0.004683340612004483,2021-07-01
2021-07-14,Equity Equal Weight,Base,Equal Weight,Equity,False,-0.0011872127717577215,1.1915624780592677,-0.0059403487534508415,2021-07-01
2021-07-14,Equity Equal Weight + Sector Sentiment,Sentiment fusion,Equal Weight + Sector Sentiment,Equity,True,-0.0012180370679063135,1.1817824819553002,-0.005895673197443774,2021-07-01
2021-07-15,Equity Equal Weight,Base,Equal Weight,Equity,False,-0.0010231912264077685,1.1903432817860007,-0.0069574618671324195,2021-07-01
2021-07-15,Equity Equal Weight + Sector Sentiment,Sentiment fusion,Equal Weight + Sector Sentiment,Equity,True,-0.0010205474031001706,1.1805764169123114,-0.0069102037865728105,2021-07-01
2021-07-16,Equity Equal Weight,Base,Equal Weight,Equity,False,-0.009047969358912366,1.1795730922458136,-0.01594248032425527,2021-07-01
2021-07-16,Equity Equal Weight + Sector Sentiment,Sentiment fusion,Equal Weight + Sector Sentiment,Equity,True,-0.008773368846606254,1.1702187845551348,-0.0156229468665543,2021-07-01
2021-07-19,Equity Equal Weight,Base,Equal Weight,Equity,False,-0.016982069693496707,1.1595414997847218,-0.03265381370579834,2021-07-01
2021-07-19,Equity Equal Weight + Sector Sentiment,Sentiment fusion,Equal Weight + Sector Sentiment,Equity,True,-0.01690689132918846,1.150434022733286,-0.032265702730828294,2021-07-01
2021-07-20,Equity Equal Weight,Base,Equal Weight,Equity,False,0.010953521504579174,1.1722425625380655,-0.022057966451852318,2021-07-01
2021-07-20,Equity Equal Weight + Sector Sentiment,Sentiment fusion,Equal Weight + Sector Sentiment,Equity,True,0.01072837413983546,1.1627763093523646,-0.021883487121774015,2021-07-01
2021-07-21,Equity Equal Weight,Base,Equal Weight,Equity,False,0.009476477867411279,1.1833512932371948,-0.012790520415322248,2021-07-01
2021-07-21,Equity Equal Weight + Sector Sentiment,Sentiment fusion,Equal Weight + Sector Sentiment,Equity,True,0.009356959854800588,1.173656360599088,-0.01273129017745489,2021-07-01
2021-07-22,Equity Equal Weight,Base,Equal Weight,Equity,False,-0.0011833126287486301,1.1819510187076612,-0.013958697859735136,2021-07-01
2021-07-22,Equity Equal Weight + Sector Sentiment,Sentiment fusion,Equal Weight + Sector Sentiment,Equity,True,-0.0011303096465275623,1.1723297654929943,-0.013847209523882187,2021-07-01
2021-07-23,Equity Equal Weight,Base,Equal Weight,Equity,False,0.005392072652478755,1.1883241844722041,-0.008641891520250078,2021-07-01
2021-07-23,Equity Equal Weight + Sector Sentiment,Sentiment fusion,Equal Weight + Sector Sentiment,Equity,True,0.005437207281640189,1.1787039654304163,-0.00848529239069562,2021-07-01
2021-07-26,Equity Equal Weight,Base,Equal Weight,Equity,False,0.005263367379403113,1.194578771220911,-0.003424009590770938,2021-07-01
2021-07-26,Equity Equal Weight + Sector Sentiment,Sentiment fusion,Equal Weight + Sector Sentiment,Equity,True,0.005209635213176722,1.1848445831146337,-0.003319862455551603,2021-07-01
2021-07-27,Equity Equal Weight,Base,Equal Weight,Equity,False,-0.0018026140060781427,1.1924254067965445,-0.0052204514292039095,2021-07-01
2021-07-27,Equity Equal Weight + Sector Sentiment,Sentiment fusion,Equal Weight + Sector Sentiment,Equity,True,-0.0018086535566978037,1.1827016097452494,-0.005122511531211349,2021-07-01
2021-07-28,Equity Equal Weight,Base,Equal Weight,Equity,False,0.002008152787671695,1.1948199792012935,-0.003222782105622768,2021-07-01
2021-07-28,Equity Equal Weight + Sector Sentiment,Sentiment fusion,Equal Weight + Sector Sentiment,Equity,True,0.002076407713866917,1.1851573804909272,-0.0030567402398021803,2021-07-01
2021-07-29,Equity Equal Weight,Base,Equal Weight,Equity,False,0.006309618739833487,1.2023588377327894,0.0,2021-07-01
2021-07-29,Equity Equal Weight + Sector Sentiment,Sentiment fusion,Equal Weight + Sector Sentiment,Equity,True,0.006234948338086098,1.1925467755307897,0.0,2021-07-01
2021-07-30,Equity Equal Weight,Base,Equal Weight,Equity,False,-0.005238942743134163,1.196059748625206,-0.0052389427431340785,2021-07-01
2021-07-30,Equity Equal Weight + Sector Sentiment,Sentiment fusion,Equal Weight + Sector Sentiment,Equity,True,-0.005221920544558449,1.1863193910232985,-0.0052219205445585,2021-07-01
2021-08-02,Equity Equal Weight,Base,Equal Weight,Equity,False,-0.002594615119592887,1.1929564339174865,-0.007819964822675107,2021-08-02
2021-08-02,Equity Equal Weight + Sector Sentiment,Sentiment fusion,Equal Weight + Sector Sentiment,Equity,True,-0.002647678435424267,1.1831783987541604,-0.007855773013565437,2021-08-02
2021-08-03,Equity Equal Weight,Base,Equal Weight,Equity,False,0.006543052640969971,1.2007620106629924,-0.0013280786231903985,2021-08-02
2021-08-03,Equity Equal Weight + Sector Sentiment,Sentiment fusion,Equal Weight + Sector Sentiment,Equity,True,0.006845943599738333,1.1912783713404602,-0.0010636095928102662,2021-08-02
2021-08-04,Equity Equal Weight,Base,Equal Weight,Equity,False,-0.007947856433161218,1.191218526591849,-0.009265379678122576,2021-08-02
2021-08-04,Equity Equal Weight + Sector Sentiment,Sentiment fusion,Equal Weight + Sector Sentiment,Equity,True,-0.007834965319072136,1.181944746615647,-0.008890241567609647,2021-08-02
2021-08-05,Equity Equal Weight,Base,Equal Weight,Equity,False,0.004729711210361382,1.1968526462110607,-0.004579491037893013,2021-08-02
2021-08-05,Equity Equal Weight + Sector Sentiment,Sentiment fusion,Equal Weight + Sector Sentiment,Equity,True,0.004394778540272055,1.1871391320238607,-0.00453453367019685,2021-08-02
2021-08-06,Equity Equal Weight,Base,Equal Weight,Equity,False,0.003348906599815738,1.200860793936964,-0.0012459207258377347,2021-08-02
2021-08-06,Equity Equal Weight + Sector Sentiment,Sentiment fusion,Equal Weight + Sector Sentiment,Equity,True,0.003244198934611352,1.1909904475312079,-0.0013050456648873165,2021-08-02
2021-08-09,Equity Equal Weight,Base,Equal Weight,Equity,False,-0.002526769733525695,1.1978264952286664,-0.00376954230458304,2021-08-02
2021-08-09,Equity Equal Weight + Sector Sentiment,Sentiment fusion,Equal Weight + Sector Sentiment,Equity,True,-0.002672347791637293,1.1878077068388868,-0.003973905920623966,2021-08-02
2021-08-10,Equity Equal Weight,Base,Equal Weight,Equity,False,0.006358216606883075,1.205442535542794,0.0,2021-08-02
2021-08-10,Equity Equal Weight + Sector Sentiment,Sentiment fusion,Equal Weight + Sector Sentiment,Equity,True,0.006468681123741873,1.1954912561307505,0.0,2021-08-02
2021-08-11,Equity Equal Weight,Base,Equal Weight,Equity,False,0.00872425838958547,1.2159591276966664,0.0,2021-08-02
2021-08-11,Equity Equal Weight + Sector Sentiment,Sentiment fusion,Equal Weight + Sector Sentiment,Equity,True,0.008837150011897568,1.2060559916990898,0.0,2021-08-02
2021-08-12,Equity Equal Weight,Base,Equal Weight,Equity,False,0.0018867578823303028,1.2182533481654394,0.0,2021-08-02
2021-08-12,Equity Equal Weight + Sector Sentiment,Sentiment fusion,Equal Weight + Sector Sentiment,Equity,True,0.001813949126775771,1.208243715912075,0.0,2021-08-02
2021-08-13,Equity Equal Weight,Base,Equal Weight,Equity,False,0.0010013830616489108,1.2194732864330893,0.0,2021-08-02
2021-08-13,Equity Equal Weight + Sector Sentiment,Sentiment fusion,Equal Weight + Sector Sentiment,Equity,True,0.0010347722588013677,1.2094939729911718,0.0,2021-08-02
2021-08-16,Equity Equal Weight,Base,Equal Weight,Equity,False,-0.0014171066135067881,1.21774516277389,-0.0014171066135069132,2021-08-02
2021-08-16,Equity Equal Weight + Sector Sentiment,Sentiment fusion,Equal Weight + Sector Sentiment,Equity,True,-0.0017187952942684696,1.2074151004419484,-0.0017187952942685492,2021-08-02
2021-08-17,Equity Equal Weight,Base,Equal Weight,Equity,False,-0.005470573643860244,1.2110833981814808,-0.006879927871276781,2021-08-02
2021-08-17,Equity Equal Weight + Sector Sentiment,Sentiment fusion,Equal Weight + Sector Sentiment,Equity,True,-0.0058123366707216705,1.2003971973768666,-0.007521141748071836,2021-08-02
2021-08-18,Equity Equal Weight,Base,Equal Weight,Equity,False,-0.012675200259877305,1.1957326735781177,-0.019467923667612186,2021-08-02
2021-08-18,Equity Equal Weight + Sector Sentiment,Sentiment fusion,Equal Weight + Sector Sentiment,Equity,True,-0.012855732319356342,1.1849652123304841,-0.020280184282378988,2021-08-02
2021-08-19,Equity Equal Weight,Base,Equal Weight,Equity,False,-0.00447328080450753,1.1903838255620784,-0.023854118982873596,2021-08-02
2021-08-19,Equity Equal Weight + Sector Sentiment,Sentiment fusion,Equal Weight + Sector Sentiment,Equity,True,-0.004591485697534637,1.1795244615059925,-0.024778553803837755,2021-08-02
2021-08-20,Equity Equal Weight,Base,Equal Weight,Equity,False,0.0054841915157974735,1.1969121184387685,-0.018500748024018798,2021-08-02
2021-08-20,Equity Equal Weight + Sector Sentiment,Sentiment fusion,Equal Weight + Sector Sentiment,Equity,True,0.005532712181667171,1.186050430862741,-0.019382934228645232,2021-08-02
2021-08-23,Equity Equal Weight,Base,Equal Weight,Equity,False,0.00968012375078309,1.2084983758640677,-0.008999713803590326,2021-08-02
2021-08-23,Equity Equal Weight + Sector Sentiment,Sentiment fusion,Equal Weight + Sector Sentiment,Equity,True,0.01038022077820367,1.19836189618918,-0.009203912587064211,2021-08-02
2021-08-24,Equity Equal Weight,Base,Equal Weight,Equity,False,0.0020043639405780333,1.2109206464308968,-0.0070133885648356875,2021-08-02
2021-08-24,Equity Equal Weight + Sector Sentiment,Sentiment fusion,Equal Weight + Sector Sentiment,Equity,True,0.002223736516493163,1.20102673729771,-0.0070006431470854835,2021-08-02
2021-08-25,Equity Equal Weight,Base,Equal Weight,Equity,False,0.00034303500431423506,1.2113360346000694,-0.006672759398298034,2021-08-02
2021-08-25,Equity Equal Weight + Sector Sentiment,Sentiment fusion,Equal Weight + Sector Sentiment,Equity,True,0.00035304823362217717,1.201450757665846,-0.006650066478160577,2021-08-02
2021-08-26,Equity Equal Weight,Base,Equal Weight,Equity,False,-0.006980986363108578,1.2028797142613843,-0.013607163319042881,2021-08-02
2021-08-26,Equity Equal Weight + Sector Sentiment,Sentiment fusion,Equal Weight + Sector Sentiment,Equity,True,-0.007118087872409721,1.1928987255984072,-0.013720818593021433,2021-08-02
2021-08-27,Equity Equal Weight,Base,Equal Weight,Equity,False,0.011113697746322985,1.2162481558308689,-0.002644691473032368,2021-08-02
2021-08-27,Equity Equal Weight + Sector Sentiment,Sentiment fusion,Equal Weight + Sector Sentiment,Equity,True,0.011499292419723169,1.2066162168711785,-0.0023793058785372967,2021-08-02
2021-08-30,Equity Equal Weight,Base,Equal Weight,Equity,False,-0.0008508688526370067,1.2152132881579953,-0.00349331004007003,2021-08-02
2021-08-30,Equity Equal Weight + Sector Sentiment,Sentiment fusion,Equal Weight + Sector Sentiment,Equity,True,-0.0008585874344185467,1.2055802313492072,-0.003235850470825863,2021-08-02
2021-08-31,Equity Equal Weight,Base,Equal Weight,Equity,False,-0.0005868884250815772,1.21450009354517,-0.004078148281923988,2021-08-02
2021-08-31,Equity Equal Weight + Sector Sentiment,Sentiment fusion,Equal Weight + Sector Sentiment,Equity,True,-0.0007254298022782109,1.2047056675203491,-0.003958932890736788,2021-08-02
2021-09-01,Equity Equal Weight,Base,Equal Weight,Equity,False,-0.002052550198318417,1.2120072711373062,-0.006122327876177502,2021-09-01
2021-09-01,Equity Equal Weight + Sector Sentiment,Sentiment fusion,Equal Weight + Sector Sentiment,Equity,True,-0.00235234741968802,1.201871781251874,-0.006301967524854679,2021-09-01
2021-09-02,Equity Equal Weight,Base,Equal Weight,Equity,False,0.006855141706756,1.220315752730571,0.0,2021-09-01
2021-09-02,Equity Equal Weight + Sector Sentiment,Sentiment fusion,Equal Weight + Sector Sentiment,Equity,True,0.006983323050927659,1.2102648401661498,0.0,2021-09-01
2021-09-03,Equity Equal Weight,Base,Equal Weight,Equity,False,-0.003485409597925045,1.2160624524935046,-0.003485409597925093,2021-09-01
2021-09-03,Equity Equal Weight + Sector Sentiment,Sentiment fusion,Equal Weight + Sector Sentiment,Equity,True,-0.003569309043571444,1.205945030927028,-0.0035693090435715558,2021-09-01
2021-09-07,Equity Equal Weight,Base,Equal Weight,Equity,False,-0.010039107318296964,1.203854271027171,-0.013489526515220396,2021-09-01
2021-09-07,Equity Equal Weight + Sector Sentiment,Sentiment fusion,Equal Weight + Sector Sentiment,Equity,True,-0.010036530386735475,1.1938415269793963,-0.013570015951631542,2021-09-01
2021-09-08,Equity Equal Weight,Base,Equal Weight,Equity,False,-0.0019642550834438758,1.20148959415558,-0.01542728472763355,2021-09-01
2021-09-08,Equity Equal Weight + Sector Sentiment,Sentiment fusion,Equal Weight + Sector Sentiment,Equity,True,-0.00224008620706396,1.1911672190413896,-0.01577970415313268,2021-09-01
2021-09-09,Equity Equal Weight,Base,Equal Weight,Equity,False,-0.006293044893125628,1.1939285662009358,-0.021623245025389037,2021-09-01
2021-09-09,Equity Equal Weight + Sector Sentiment,Sentiment fusion,Equal Weight + Sector Sentiment,Equity,True,-0.006169366022207778,1.183818472473468,-0.021851719404697545,2021-09-01
2021-09-10,Equity Equal Weight,Base,Equal Weight,Equity,False,-0.0037485253314307313,1.1894530947266129,-0.025290715075094394,2021-09-01
2021-09-10,Equity Equal Weight + Sector Sentiment,Sentiment fusion,Equal Weight + Sector Sentiment,Equity,True,-0.003651832800643021,1.1794953653456821,-0.02542375337966818,2021-09-01
2021-09-13,Equity Equal Weight,Base,Equal Weight,Equity,False,0.005462647442534111,1.1959506576325354,-0.019966221892585123,2021-09-01
2021-09-13,Equity Equal Weight + Sector Sentiment,Sentiment fusion,Equal Weight + Sector Sentiment,Equity,True,0.00579384943259436,1.186329183898938,-0.019777205346166782,2021-09-01
2021-09-14,Equity Equal Weight,Base,Equal Weight,Equity,False,-0.00958188475573605,1.1844911962575537,-0.029356792611138993,2021-09-01
2021-09-14,Equity Equal Weight + Sector Sentiment,Sentiment fusion,Equal Weight + Sector Sentiment,Equity,True,-0.009859512122434771,1.1746325569290883,-0.029441723872743242,2021-09-01
2021-09-15,Equity Equal Weight,Base,Equal Weight,Equity,False,0.008668950899265365,1.1947594922785227,-0.020942334305579346,2021-09-01
2021-09-15,Equity Equal Weight + Sector Sentiment,Sentiment fusion,Equal Weight + Sector Sentiment,Equity,True,0.008897603767123966,1.185083971992607,-0.020806080898860047,2021-09-01
2021-09-16,Equity Equal Weight,Base,Equal Weight,Equity,False,-0.004967130913694055,1.1888249654699967,-0.02580544190313916,2021-09-01
2021-09-16,Equity Equal Weight + Sector Sentiment,Sentiment fusion,Equal Weight + Sector Sentiment,Equity,True,-0.004998021860194511,1.1791608963944218,-0.02570011351189705,2021-09-01
2021-09-17,Equity Equal Weight,Base,Equal Weight,Equity,False,-0.011456549406665743,1.175205133517212,-0.036966349989680736,2021-09-01
2021-09-17,Equity Equal Weight + Sector Sentiment,Sentiment fusion,Equal Weight + Sector Sentiment,Equity,True,-0.011320142289084099,1.165812627265513,-0.036729326859180844,2021-09-01
2021-09-20,Equity Equal Weight,Base,Equal Weight,Equity,False,-0.017153708495714307,1.1550460072341908,-0.05348594849352151,2021-09-01
2021-09-20,Equity Equal Weight + Sector Sentiment,Sentiment fusion,Equal Weight + Sector Sentiment,Equity,True,-0.017377652756631244,1.1455535402495969,-0.05346871012766852,2021-09-01
2021-09-21,Equity Equal Weight,Base,Equal Weight,Equity,False,-0.001973495039555328,1.152766529668456,-0.05535388927903895,2021-09-01
2021-09-21,Equity Equal Weight + Sector Sentiment,Sentiment fusion,Equal Weight + Sector Sentiment,Equity,True,-0.002084661997900131,1.1431654483176785,-0.05544190793748882,2021-09-01
2021-09-22,Equity Equal Weight,Base,Equal Weight,Equity,False,0.009012739936000474,1.1631561146072835,-0.04684003955155658,2021-09-01
2021-09-22,Equity Equal Weight + Sector Sentiment,Sentiment fusion,Equal Weight + Sector Sentiment,Equity,True,0.009301879683475834,1.1537990357762362,-0.04665574221106983,2021-09-01
2021-09-23,Equity Equal Weight,Base,Equal Weight,Equity,False,0.011529630846185376,1.1765668752251888,-0.035850457070221387,2021-09-01
2021-09-23,Equity Equal Weight + Sector Sentiment,Sentiment fusion,Equal Weight + Sector Sentiment,Equity,True,0.011982872849788152,1.167624862916151,-0.035231939187909456,2021-09-01
2021-09-24,Equity Equal Weight,Base,Equal Weight,Equity,False,-0.0022472027935135173,1.1739228908564272,-0.038017096616458024,2021-09-01
2021-09-24,Equity Equal Weight + Sector Sentiment,Sentiment fusion,Equal Weight + Sector Sentiment,Equity,True,-0.0020795850867013884,1.165196687664369,-0.03723825645930001,2021-09-01
2021-09-27,Equity Equal Weight,Base,Equal Weight,Equity,False,0.0036372158958625812,1.1781927018555671,-0.03451815710872341,2021-09-01
2021-09-27,Equity Equal Weight + Sector Sentiment,Sentiment fusion,Equal Weight + Sector Sentiment,Equity,True,0.004073049798968681,1.1699425917988193,-0.03331687993331678,2021-09-01
2021-09-28,Equity Equal Weight,Base,Equal Weight,Equity,False,-0.0109497376300456,1.165291800892614,-0.04508992997495587,2021-09-01
2021-09-28,Equity Equal Weight + Sector Sentiment,Sentiment fusion,Equal Weight + Sector Sentiment,Equity,True,-0.010893112920822783,1.1571982750354748,-0.04384706831885643,2021-09-01
2021-09-29,Equity Equal Weight,Base,Equal Weight,Equity,False,0.0038438323889387407,1.1697709872594497,-0.04141941571926988,2021-09-01
2021-09-29,Equity Equal Weight + Sector Sentiment,Sentiment fusion,Equal Weight + Sector Sentiment,Equity,True,0.0037311309459257627,1.1615159333300316,-0.04027953652642324,2021-09-01
2021-09-30,Equity Equal Weight,Base,Equal Weight,Equity,False,-0.010301100036886297,1.157721059299443,-0.05129385021136257,2021-09-01
2021-09-30,Equity Equal Weight + Sector Sentiment,Sentiment fusion,Equal Weight + Sector Sentiment,Equity,True,-0.010593575204926483,1.1492113269385795,-0.0504464074319374,2021-09-01
2021-10-01,Equity Equal Weight,Base,Equal Weight,Equity,False,0.012342170182835963,1.1720098496375697,-0.03958475745716816,2021-10-01
2021-10-01,Equity Equal Weight + Sector Sentiment,Sentiment fusion,Equal Weight + Sector Sentiment,Equity,True,0.012315341839563017,1.163364257275726,-0.03875233034447667,2021-10-01
2021-10-04,Equity Equal Weight,Base,Equal Weight,Equity,False,-0.00267427035264638,1.1688755784436744,-0.042153167466530195,2021-10-01
2021-10-04,Equity Equal Weight + Sector Sentiment,Sentiment fusion,Equal Weight + Sector Sentiment,Equity,True,-0.0028454736969481687,1.160053934881678,-0.04148753530473426,2021-10-01
2021-10-05,Equity Equal Weight,Base,Equal Weight,Equity,False,0.005617750743428091,1.1754420300934512,-0.03677222271097513,2021-10-01
2021-10-05,Equity Equal Weight + Sector Sentiment,Sentiment fusion,Equal Weight + Sector Sentiment,Equity,True,0.005690904029297408,1.1666556904938985,-0.03603273285726816,2021-10-01
2021-10-06,Equity Equal Weight,Base,Equal Weight,Equity,False,0.0009717107355535323,1.1765842197331138,-0.03583624393900009,2021-10-01
2021-10-06,Equity Equal Weight + Sector Sentiment,Sentiment fusion,Equal Weight + Sector Sentiment,Equity,True,0.0009025199821961569,1.167708620566912,-0.03516273313648888,2021-10-01
2021-10-07,Equity Equal Weight,Base,Equal Weight,Equity,False,0.00800664855815462,1.1860047160795875,-0.02811652359170924,2021-10-01
2021-10-07,Equity Equal Weight + Sector Sentiment,Sentiment fusion,Equal Weight + Sector Sentiment,Equity,True,0.008100875477310062,1.1771680826959061,-0.027346706581759417,2021-10-01
2021-10-08,Equity Equal Weight,Base,Equal Weight,Equity,False,-0.0007260894772497142,1.1851435705352735,-0.028822197957042217,2021-10-01
2021-10-08,Equity Equal Weight + Sector Sentiment,Sentiment fusion,Equal Weight + Sector Sentiment,Equity,True,-0.0008026284638232388,1.17622325408603,-0.028127385800488458,2021-10-01
2021-10-11,Equity Equal Weight,Base,Equal Weight,Equity,False,-0.008942032694964193,1.1745459779793206,-0.037506501615533705,2021-10-01
2021-10-11,Equity Equal Weight + Sector Sentiment,Sentiment fusion,Equal Weight + Sector Sentiment,Equity,True,-0.008738711215165191,1.1659445787440104,-0.036620299913905585,2021-10-01
2021-10-12,Equity Equal Weight,Base,Equal Weight,Equity,False,-0.0007150394873135915,1.1737061312254,-0.03819472247316125,2021-10-01
2021-10-12,Equity Equal Weight + Sector Sentiment,Sentiment fusion,Equal Weight + Sector Sentiment,Equity,True,-0.000573540400219646,1.1652758624236836,-0.0371728370926564,2021-10-01
2021-10-13,Equity Equal Weight,Base,Equal Weight,Equity,False,0.003199445563091727,1.1774613400993226,-0.035117478845419825,2021-10-01
2021-10-13,Equity Equal Weight + Sector Sentiment,Sentiment fusion,Equal Weight + Sector Sentiment,Equity,True,0.003204675445963589,1.1690101933677668,-0.03408728852498055,2021-10-01
2021-10-14,Equity Equal Weight,Base,Equal Weight,Equity,False,0.012679958244172519,1.1923915007259094,-0.022882808766647944,2021-10-01
2021-10-14,Equity Equal Weight + Sector Sentiment,Sentiment fusion,Equal Weight + Sector Sentiment,Equity,True,0.01287981497639065,1.1840668283638582,-0.021646511517838474,2021-10-01
2021-10-15,Equity Equal Weight,Base,Equal Weight,Equity,False,0.0047651375708031634,1.1980734102651247,-0.01822671092762429,2021-10-01
2021-10-15,Equity Equal Weight + Sector Sentiment,Sentiment fusion,Equal Weight + Sector Sentiment,Equity,True,0.004808487993132831,1.1897603994911128,-0.016942110515432374,2021-10-01
2021-10-18,Equity Equal Weight,Base,Equal Weight,Equity,False,0.0005462587680141468,1.1987278683702065,-0.0176904086602665,2021-10-01
2021-10-18,Equity Equal Weight + Sector Sentiment,Sentiment fusion,Equal Weight + Sector Sentiment,Equity,True,0.0008075701003996782,1.1907212144163815,-0.016148222356922592,2021-10-01
2021-10-19,Equity Equal Weight,Base,Equal Weight,Equity,False,0.00957966100380038,1.2102112749850014,-0.00828021577445015,2021-10-01
2021-10-19,Equity Equal Weight + Sector Sentiment,Sentiment fusion,Equal Weight + Sector Sentiment,Equity,True,0.009403474688616378,1.2019181312173446,-0.006896597068505539,2021-10-01
2021-10-20,Equity Equal Weight,Base,Equal Weight,Equity,False,0.008764338742140134,1.2208179765485272,0.0,2021-10-01
2021-10-20,Equity Equal Weight + Sector Sentiment,Sentiment fusion,Equal Weight + Sector Sentiment,Equity,True,0.008720523696695359,1.2123994867621133,0.0,2021-10-01
2021-10-21,Equity Equal Weight,Base,Equal Weight,Equity,False,0.0008889860912490665,1.2219032667496257,0.0,2021-10-01
2021-10-21,Equity Equal Weight + Sector Sentiment,Sentiment fusion,Equal Weight + Sector Sentiment,Equity,True,0.0008788410375185998,1.2134649931849464,0.0,2021-10-01
2021-10-22,Equity Equal Weight,Base,Equal Weight,Equity,False,0.0013105339249409953,1.2235046124336975,0.0,2021-10-01
2021-10-22,Equity Equal Weight + Sector Sentiment,Sentiment fusion,Equal Weight + Sector Sentiment,Equity,True,0.0012751304865740774,1.215012319392147,0.0,2021-10-01
2021-10-25,Equity Equal Weight,Base,Equal Weight,Equity,False,0.006379935888902461,1.231310493420801,0.0,2021-10-01
2021-10-25,Equity Equal Weight + Sector Sentiment,Sentiment fusion,Equal Weight + Sector Sentiment,Equity,True,0.00663536879444207,1.2230743742211043,0.0,2021-10-01
2021-10-26,Equity Equal Weight,Base,Equal Weight,Equity,False,0.0053040586314004445,1.2378414364713635,0.0,2021-10-01
2021-10-26,Equity Equal Weight + Sector Sentiment,Sentiment fusion,Equal Weight + Sector Sentiment,Equity,True,0.0053616230135423056,1.229632037933202,0.0,2021-10-01
2021-10-27,Equity Equal Weight,Base,Equal Weight,Equity,False,-0.016192859751054924,1.2177972436965383,-0.01619285975105489,2021-10-01
2021-10-27,Equity Equal Weight + Sector Sentiment,Sentiment fusion,Equal Weight + Sector Sentiment,Equity,True,-0.016300377049086663,1.209588572083254,-0.0163003770490866,2021-10-01
2021-10-28,Equity Equal Weight,Base,Equal Weight,Equity,False,0.008344650983747577,1.2279593366641557,-0.007983332530358656,2021-10-01
2021-10-28,Equity Equal Weight + Sector Sentiment,Sentiment fusion,Equal Weight + Sector Sentiment,Equity,True,0.008365576655746828,1.219707478004932,-0.008071162447061409,2021-10-01
2021-10-29,Equity Equal Weight,Base,Equal Weight,Equity,False,-0.002825639288749605,1.2244895665174906,-0.010786413801055272,2021-10-01
2021-10-29,Equity Equal Weight + Sector Sentiment,Sentiment fusion,Equal Weight + Sector Sentiment,Equity,True,-0.0028913806756991046,1.216180839373023,-0.010939206319630523,2021-10-01
2021-11-01,Equity Equal Weight,Base,Equal Weight,Equity,False,0.007461175731891199,1.233625698355145,-0.003405717398050623,2021-11-01
2021-11-01,Equity Equal Weight + Sector Sentiment,Sentiment fusion,Equal Weight + Sector Sentiment,Equity,True,0.007550476940051482,1.2253635847556412,-0.0034713256046380314,2021-11-01
2021-11-02,Equity Equal Weight,Base,Equal Weight,Equity,False,0.00458230979413634,1.2392785534750161,0.0,2021-11-01
2021-11-02,Equity Equal Weight + Sector Sentiment,Sentiment fusion,Equal Weight + Sector Sentiment,Equity,True,0.004240553720891445,1.2305598048644215,0.0,2021-11-01
2021-11-03,Equity Equal Weight,Base,Equal Weight,Equity,False,0.005054705923649993,1.245542742120319,0.0,2021-11-01
2021-11-03,Equity Equal Weight + Sector Sentiment,Sentiment fusion,Equal Weight + Sector Sentiment,Equity,True,0.004736695210415557,1.2363885915982527,0.0,2021-11-01
2021-11-04,Equity Equal Weight,Base,Equal Weight,Equity,False,0.004676926318802623,1.251368053752135,0.0,2021-11-01
2021-11-04,Equity Equal Weight + Sector Sentiment,Sentiment fusion,Equal Weight + Sector Sentiment,Equity,True,0.004488987257063582,1.2419387242307158,0.0,2021-11-01
2021-11-05,Equity Equal Weight,Base,Equal Weight,Equity,False,0.0043649283900934095,1.2568301856964137,0.0,2021-11-01
2021-11-05,Equity Equal Weight + Sector Sentiment,Sentiment fusion,Equal Weight + Sector Sentiment,Equity,True,0.004436011667672567,1.2474479789019375,0.0,2021-11-01
2021-11-08,Equity Equal Weight,Base,Equal Weight,Equity,False,0.003949575710675322,1.2617941316702839,0.0,2021-11-01
2021-11-08,Equity Equal Weight + Sector Sentiment,Sentiment fusion,Equal Weight + Sector Sentiment,Equity,True,0.0038285608631411943,1.252223909412766,0.0,2021-11-01
2021-11-09,Equity Equal Weight,Base,Equal Weight,Equity,False,-0.0007566975682508277,1.2608393351192158,-0.0007566975682509192,2021-11-01
2021-11-09,Equity Equal Weight + Sector Sentiment,Sentiment fusion,Equal Weight + Sector Sentiment,Equity,True,-0.0007986036514778167,1.2512238788262413,-0.0007986036514777695,2021-11-01
2021-11-10,Equity Equal Weight,Base,Equal Weight,Equity,False,-0.007784110102288111,1.251024822913352,-0.008534917453353552,2021-11-01
2021-11-10,Equity Equal Weight + Sector Sentiment,Sentiment fusion,Equal Weight + Sector Sentiment,Equity,True,-0.007926473903419433,1.24130608540339,-0.008718747443894448,2021-11-01
2021-11-11,Equity Equal Weight,Base,Equal Weight,Equity,False,0.001316792215520654,1.2526721626615873,-0.007229363950695733,2021-11-01
2021-11-11,Equity Equal Weight + Sector Sentiment,Sentiment fusion,Equal Weight + Sector Sentiment,Equity,True,0.0012111016716629703,1.2428094332784674,-0.007518205061835648,2021-11-01
2021-11-12,Equity Equal Weight,Base,Equal Weight,Equity,False,0.0021945012916585343,1.2554211533405728,-0.005050727507564856,2021-11-01
2021-11-12,Equity Equal Weight + Sector Sentiment,Sentiment fusion,Equal Weight + Sector Sentiment,Equity,True,0.002120330272427502,1.2454445997427062,-0.0054138158671951375,2021-11-01
2021-11-15,Equity Equal Weight,Base,Equal Weight,Equity,False,-0.0008587087364836888,1.254343112228233,-0.0059050991402122,2021-11-01
2021-11-15,Equity Equal Weight + Sector Sentiment,Sentiment fusion,Equal Weight + Sector Sentiment,Equity,True,-0.0007801675265002432,1.2444729443099318,-0.006189759710361287,2021-11-01
2021-11-16,Equity Equal Weight,Base,Equal Weight,Equity,False,0.00041268201794661527,1.2548607570749848,-0.0054948540504948795,2021-11-01
2021-11-16,Equity Equal Weight + Sector Sentiment,Sentiment fusion,Equal Weight + Sector Sentiment,Equity,True,0.00039405495392851216,1.244963335038667,-0.005798143861910354,2021-11-01
2021-11-17,Equity Equal Weight,Base,Equal Weight,Equity,False,-0.006225458161504624,1.2470486739333004,-0.011686104228004535,2021-11-01
2021-11-17,Equity Equal Weight + Sector Sentiment,Sentiment fusion,Equal Weight + Sector Sentiment,Equity,True,-0.006324703941355827,1.2370893105267045,-0.012086176259930248,2021-11-01
2021-11-18,Equity Equal Weight,Base,Equal Weight,Equity,False,-0.0008484705773919608,1.2459905898248922,-0.012524659489794865,2021-11-01
2021-11-18,Equity Equal Weight + Sector Sentiment,Sentiment fusion,Equal Weight + Sector Sentiment,Equity,True,-0.0009974478010456615,1.2358553785142223,-0.013071568731042538,2021-11-01
2021-11-19,Equity Equal Weight,Base,Equal Weight,Equity,False,-0.007689636759913478,1.2364093747828684,-0.020117986167690227,2021-11-01
2021-11-19,Equity Equal Weight + Sector Sentiment,Sentiment fusion,Equal Weight + Sector Sentiment,Equity,True,-0.00813288741924,1.225804305854304,-0.021098146553400032,2021-11-01
2021-11-22,Equity Equal Weight,Base,Equal Weight,Equity,False,0.0014162766634133557,1.238160472526799,-0.018730202138600993,2021-11-01
2021-11-22,Equity Equal Weight + Sector Sentiment,Sentiment fusion,Equal Weight + Sector Sentiment,Equity,True,0.0015784095011919458,1.2277391270172664,-0.0195530385671856,2021-11-01
2021-11-23,Equity Equal Weight,Base,Equal Weight,Equity,False,0.00706285781489085,1.2469054238962738,-0.011799633078259264,2021-11-01
2021-11-23,Equity Equal Weight + Sector Sentiment,Sentiment fusion,Equal Weight + Sector Sentiment,Equity,True,0.007441785802338459,1.2368756986216791,-0.012256762289648782,2021-11-01
2021-11-24,Equity Equal Weight,Base,Equal Weight,Equity,False,0.001873150404217855,1.2492410652950665,-0.009948585161511536,2021-11-01
2021-11-24,Equity Equal Weight + Sector Sentiment,Sentiment fusion,Equal Weight + Sector Sentiment,Equity,True,0.0019389603308258663,1.2392739515354692,-0.01034156733468683,2021-11-01
2021-11-26,Equity Equal Weight,Base,Equal Weight,Equity,False,-0.022029778329367544,1.221720561546673,-0.03175919836508034,2021-11-01
2021-11-26,Equity Equal Weight + Sector Sentiment,Sentiment fusion,Equal Weight + Sector Sentiment,Equity,True,-0.02222071065474751,1.211736403636434,-0.03233248101397368,2021-11-01
2021-11-29,Equity Equal Weight,Base,Equal Weight,Equity,False,0.008083930148740405,1.2315968652274962,-0.023932007357503227,2021-11-01
2021-11-29,Equity Equal Weight + Sector Sentiment,Sentiment fusion,Equal Weight + Sector Sentiment,Equity,True,0.008078984397969152,1.221526003135864,-0.024514710225664094,2021-11-01
2021-11-30,Equity Equal Weight,Base,Equal Weight,Equity,False,-0.022771518595520165,1.203551534308784,-0.046158557802453926,2021-11-01
2021-11-30,Equity Equal Weight + Sector Sentiment,Sentiment fusion,Equal Weight + Sector Sentiment,Equity,True,-0.0228668704140413,1.1935935263147743,-0.0468210059377373,2021-11-01
2021-12-01,Equity Equal Weight,Base,Equal Weight,Equity,False,-0.013137975243081345,1.1877393040472626,-0.0586901030558703,2021-12-01
2021-12-01,Equity Equal Weight + Sector Sentiment,Sentiment fusion,Equal Weight + Sector Sentiment,Equity,True,-0.012998477452331982,1.1780786277757223,-0.059210881600092136,2021-12-01
2021-12-02,Equity Equal Weight,Base,Equal Weight,Equity,False,0.02146529399112499,1.2132344773934514,-0.0384846093812089,2021-12-01
2021-12-02,Equity Equal Weight + Sector Sentiment,Sentiment fusion,Equal Weight + Sector Sentiment,Equity,True,0.02135393183786015,1.2032352384928848,-0.03912133489198,2021-12-01
2021-12-03,Equity Equal Weight,Base,Equal Weight,Equity,False,-0.0009007541368665063,1.21214165141895,-0.03935069834696969,2021-12-01
2021-12-03,Equity Equal Weight + Sector Sentiment,Sentiment fusion,Equal Weight + Sector Sentiment,Equity,True,-0.0005866737051155934,1.2025293320173926,-0.03968505713860537,2021-12-01
2021-12-06,Equity Equal Weight,Base,Equal Weight,Equity,False,0.013700797601592533,1.2287489588495013,-0.02618903669891015,2021-12-01
2021-12-06,Equity Equal Weight + Sector Sentiment,Sentiment fusion,Equal Weight + Sector Sentiment,Equity,True,0.013774992449495179,1.2190941644862288,-0.02645672605155225,2021-12-01
2021-12-07,Equity Equal Weight,Base,Equal Weight,Equity,False,0.014639166742671003,1.2467368197429827,-0.011933255631304318,2021-12-01
2021-12-07,Equity Equal Weight + Sector Sentiment,Sentiment fusion,Equal Weight + Sector Sentiment,Equity,True,0.014403376177396003,1.2366532363329923,-0.012434416051898989,2021-12-01
2021-12-08,Equity Equal Weight,Base,Equal Weight,Equity,False,-0.0006247389621425852,1.2459579346761516,-0.012550539423708762,2021-12-01
2021-12-08,Equity Equal Weight + Sector Sentiment,Sentiment fusion,Equal Weight + Sector Sentiment,Equity,True,-0.0006346387842329362,1.235868408226568,-0.013061163473446213,2021-12-01
2021-12-09,Equity Equal Weight,Base,Equal Weight,Equity,False,-0.006624504675048628,1.2377040805129755,-0.01909190299167063,2021-12-01
2021-12-09,Equity Equal Weight + Sector Sentiment,Sentiment fusion,Equal Weight + Sector Sentiment,Equity,True,-0.006346150010790924,1.2280254019143648,-0.01932442538151924,2021-12-01
2021-12-10,Equity Equal Weight,Base,Equal Weight,Equity,False,0.005411903505497252,1.2444024155650721,-0.013783323022900418,2021-12-01
2021-12-10,Equity Equal Weight + Sector Sentiment,Sentiment fusion,Equal Weight + Sector Sentiment,Equity,True,0.005375593950674575,1.2346267678361704,-0.014052711695025755,2021-12-01
2021-12-13,Equity Equal Weight,Base,Equal Weight,Equity,False,-0.005806314676182594,1.2371770235564996,-0.01950960738832863,2021-12-01
2021-12-13,Equity Equal Weight + Sector Sentiment,Sentiment fusion,Equal Weight + Sector Sentiment,Equity,True,-0.00551899913854766,1.2278128637680548,-0.019494153929834224,2021-12-01
2021-12-14,Equity Equal Weight,Base,Equal Weight,Equity,False,-0.002003123954527403,1.2346988046246228,-0.021473651180952902,2021-12-01
2021-12-14,Equity Equal Weight + Sector Sentiment,Sentiment fusion,Equal Weight + Sector Sentiment,Equity,True,-0.0018869080390913188,1.225496093804911,-0.0213442782931601,2021-12-01
2021-12-15,Equity Equal Weight,Base,Equal Weight,Equity,False,0.008172930634757637,1.244789912309638,-0.013476223207772198,2021-12-01
2021-12-15,Equity Equal Weight + Sector Sentiment,Sentiment fusion,Equal Weight + Sector Sentiment,Equity,True,0.007986392948967145,1.2352833871674616,-0.013528349137854168,2021-12-01
2021-12-16,Equity Equal Weight,Base,Equal Weight,Equity,False,0.005188184467772125,1.2512481119983223,-0.008357955871930889,2021-12-01
2021-12-16,Equity Equal Weight + Sector Sentiment,Sentiment fusion,Equal Weight + Sector Sentiment,Equity,True,0.0054713784896053864,1.2420420901205766,-0.008130989366721297,2021-12-01
2021-12-17,Equity Equal Weight,Base,Equal Weight,Equity,False,-0.012404277764205433,1.2357272828651575,-0.02065855922995985,2021-12-01
2021-12-17,Equity Equal Weight + Sector Sentiment,Sentiment fusion,Equal Weight + Sector Sentiment,Equity,True,-0.012498891935925068,1.2265179402562891,-0.02052825294521954,2021-12-01
2021-12-20,Equity Equal Weight,Base,Equal Weight,Equity,False,-0.007935268189997752,1.2259214554659252,-0.028429896212048944,2021-12-01
2021-12-20,Equity Equal Weight + Sector Sentiment,Sentiment fusion,Equal Weight + Sector Sentiment,Equity,True,-0.007949015579782528,1.2167683300403092,-0.028314089122514763,2021-12-01
2021-12-21,Equity Equal Weight,Base,Equal Weight,Equity,False,0.013635049801826376,1.2426369555643304,-0.015182489460934812,2021-12-01
2021-12-21,Equity Equal Weight + Sector Sentiment,Sentiment fusion,Equal Weight + Sector Sentiment,Equity,True,0.013434985235769269,1.2331155945897525,-0.015259503256070617,2021-12-01
2021-12-22,Equity Equal Weight,Base,Equal Weight,Equity,False,0.005938664845482421,1.2500165599680377,-0.009333988331880816,2021-12-01
2021-12-22,Equity Equal Weight + Sector Sentiment,Sentiment fusion,Equal Weight + Sector Sentiment,Equity,True,0.0058727488074863665,1.2403573727273722,-0.009476369678134255,2021-12-01
2021-12-23,Equity Equal Weight,Base,Equal Weight,Equity,False,0.004855126687119217,1.2560855487276796,-0.0045241793406088915,2021-12-01
2021-12-23,Equity Equal Weight + Sector Sentiment,Sentiment fusion,Equal Weight + Sector Sentiment,Equity,True,0.00487639326166624,1.246405843061798,-0.0046461869217115925,2021-12-01
2021-12-27,Equity Equal Weight,Base,Equal Weight,Equity,False,0.01236569110596193,1.2716179146259088,0.0,2021-12-01
2021-12-27,Equity Equal Weight + Sector Sentiment,Sentiment fusion,Equal Weight + Sector Sentiment,Equity,True,0.012107671971654188,1.2614969161531433,0.0,2021-12-01
2021-12-28,Equity Equal Weight,Base,Equal Weight,Equity,False,0.0018934425549532014,1.2740256500991025,0.0,2021-12-01
2021-12-28,Equity Equal Weight + Sector Sentiment,Sentiment fusion,Equal Weight + Sector Sentiment,Equity,True,0.002031910149914176,1.2640601645411604,0.0,2021-12-01
2021-12-29,Equity Equal Weight,Base,Equal Weight,Equity,False,0.0005390121441708203,1.2747123653964911,0.0,2021-12-01
2021-12-29,Equity Equal Weight + Sector Sentiment,Sentiment fusion,Equal Weight + Sector Sentiment,Equity,True,0.0006435277052251134,1.264873622278114,0.0,2021-12-01
2021-12-30,Equity Equal Weight,Base,Equal Weight,Equity,False,-0.001374931812846655,1.2729597228130785,-0.001374931812846647,2021-12-01
2021-12-30,Equity Equal Weight + Sector Sentiment,Sentiment fusion,Equal Weight + Sector Sentiment,Equity,True,-0.001293385408776581,1.2632376531911131,-0.0012933854087765484,2021-12-01
2021-12-31,Equity Equal Weight,Base,Equal Weight,Equity,False,-0.0010258815543621553,1.2716538169139986,-0.002399402850023491,2021-12-01
2021-12-31,Equity Equal Weight + Sector Sentiment,Sentiment fusion,Equal Weight + Sector Sentiment,Equity,True,-0.0009795681849482565,1.2620002257760183,-0.002271686634527592,2021-12-01
2022-01-03,Equity Equal Weight,Base,Equal Weight,Equity,False,0.007893532580496581,1.281691657748922,0.0,2022-01-03
2022-01-03,Equity Equal Weight + Sector Sentiment,Sentiment fusion,Equal Weight + Sector Sentiment,Equity,True,0.008460107754856349,1.2726768836727365,0.0,2022-01-03
2022-01-04,Equity Equal Weight,Base,Equal Weight,Equity,False,0.008557829538885774,1.292660156477349,0.0,2022-01-03
2022-01-04,Equity Equal Weight + Sector Sentiment,Sentiment fusion,Equal Weight + Sector Sentiment,Equity,True,0.008727912803607865,1.2837846965405997,0.0,2022-01-03
2022-01-05,Equity Equal Weight,Base,Equal Weight,Equity,False,-0.009713803910778529,1.2801035091940518,-0.009713803910778473,2022-01-03
2022-01-05,Equity Equal Weight + Sector Sentiment,Sentiment fusion,Equal Weight + Sector Sentiment,Equity,True,-0.009883434670916218,1.2710964943608187,-0.009883434670916125,2022-01-03
2022-01-06,Equity Equal Weight,Base,Equal Weight,Equity,False,0.0007960560820971085,1.2811225433782598,-0.008925480561364663,2022-01-03
2022-01-06,Equity Equal Weight + Sector Sentiment,Sentiment fusion,Equal Weight + Sector Sentiment,Equity,True,0.0011970219531726605,1.2726180247691696,-0.008698243406017214,2022-01-03
2022-01-07,Equity Equal Weight,Base,Equal Weight,Equity,False,0.00187164587889195,1.2835203511069293,-0.007070540021382521,2022-01-03
2022-01-07,Equity Equal Weight + Sector Sentiment,Sentiment fusion,Equal Weight + Sector Sentiment,Equity,True,0.0019677111858142768,1.275122169491777,-0.006747647851049754,2022-01-03
2022-01-10,Equity Equal Weight,Base,Equal Weight,Equity,False,-0.006256184023373472,1.2754904115926595,-0.013282489445237577,2022-01-03
2022-01-10,Equity Equal Weight + Sector Sentiment,Sentiment fusion,Equal Weight + Sector Sentiment,Equity,True,-0.005906876836749248,1.2675901798847804,-0.012614667163005189,2022-01-03
2022-01-11,Equity Equal Weight,Base,Equal Weight,Equity,False,0.010438560625179439,1.2888046955809045,-0.0029825788913855344,2022-01-03
2022-01-11,Equity Equal Weight + Sector Sentiment,Sentiment fusion,Equal Weight + Sector Sentiment,Equity,True,0.010901486712919751,1.281408797388222,-0.001850699076550777,2022-01-03
2022-01-12,Equity Equal Weight,Base,Equal Weight,Equity,False,0.0025407852186011097,1.2920792715011,-0.00044937176514514565,2022-01-03
2022-01-12,Equity Equal Weight + Sector Sentiment,Sentiment fusion,Equal Weight + Sector Sentiment,Equity,True,0.002431937644265984,1.284525103680284,0.0,2022-01-03
2022-01-13,Equity Equal Weight,Base,Equal Weight,Equity,False,-0.004715426210225352,1.2859865670385748,-0.005162678995971004,2022-01-03
2022-01-13,Equity Equal Weight + Sector Sentiment,Sentiment fusion,Equal Weight + Sector Sentiment,Equity,True,-0.005013596811392089,1.2780850127163195,-0.005013596811392129,2022-01-03
2022-01-14,Equity Equal Weight,Base,Equal Weight,Equity,False,0.0027788486177522504,1.289560129032838,-0.0023981766816105754,2022-01-03
2022-01-14,Equity Equal Weight + Sector Sentiment,Sentiment fusion,Equal Weight + Sector Sentiment,Equity,True,0.003372579220553288,1.282395455672307,-0.0016579263432652258,2022-01-03
2022-01-18,Equity Equal Weight,Base,Equal Weight,Equity,False,-0.010422173561390878,1.2761201095502082,-0.012795356029394744,2022-01-03
2022-01-18,Equity Equal Weight + Sector Sentiment,Sentiment fusion,Equal Weight + Sector Sentiment,Equity,True,-0.010358137721185443,1.2691122269294308,-0.011998891035055581,2022-01-03
2022-01-19,Equity Equal Weight,Base,Equal Weight,Equity,False,-0.007240158511388437,1.2668807976774943,-0.019942874134920685,2022-01-03
2022-01-19,Equity Equal Weight + Sector Sentiment,Sentiment fusion,Equal Weight + Sector Sentiment,Equity,True,-0.007312563740700067,1.2598317628759075,-0.019223712120244207,2022-01-03
2022-01-20,Equity Equal Weight,Base,Equal Weight,Equity,False,-0.01177392303598921,1.2519646406698668,-0.03148199130572904,2022-01-03
2022-01-20,Equity Equal Weight + Sector Sentiment,Sentiment fusion,Equal Weight + Sector Sentiment,Equity,True,-0.011790262190355805,1.2449780160758623,-0.030787321704430437,2022-01-03
2022-01-21,Equity Equal Weight,Base,Equal Weight,Equity,False,-0.013229841117012926,1.2354013473896863,-0.04429533067971991,2022-01-03
2022-01-21,Equity Equal Weight + Sector Sentiment,Sentiment fusion,Equal Weight + Sector Sentiment,Equity,True,-0.013295890372158958,1.2284249248583696,-0.04367386722235489,2022-01-03
2022-01-24,Equity Equal Weight,Base,Equal Weight,Equity,False,0.0018782640805251496,1.2377217573655206,-0.04250026492774561,2022-01-03
2022-01-24,Equity Equal Weight + Sector Sentiment,Sentiment fusion,Equal Weight + Sector Sentiment,Equity,True,0.0019114153592771697,1.2307729551274629,-0.04184593076368559,2022-01-03
2022-01-25,Equity Equal Weight,Base,Equal Weight,Equity,False,-0.0016889833460317122,1.235631265930309,-0.044117466034112485,2022-01-03
2022-01-25,Equity Equal Weight + Sector Sentiment,Sentiment fusion,Equal Weight + Sector Sentiment,Equity,True,-0.001021253972437325,1.2295160233578706,-0.04282444941310004,2022-01-03
2022-01-26,Equity Equal Weight,Base,Equal Weight,Equity,False,-0.008535256110923298,1.2250848366169294,-0.052276168273469814,2022-01-03
2022-01-26,Equity Equal Weight + Sector Sentiment,Sentiment fusion,Equal Weight + Sector Sentiment,Equity,True,-0.008096586619525638,1.219561140374659,-0.050574304168519046,2022-01-03
2022-01-27,Equity Equal Weight,Base,Equal Weight,Equity,False,-0.0026532131598197787,1.2218344254065217,-0.05479068161568146,2022-01-03
2022-01-27,Equity Equal Weight + Sector Sentiment,Sentiment fusion,Equal Weight + Sector Sentiment,Equity,True,-0.0027138099476234972,1.2162514832201752,-0.05315086506639577,2022-01-03
2022-01-28,Equity Equal Weight,Base,Equal Weight,Equity,False,0.015718961857947623,1.241040394136214,-0.03993297239222171,2022-01-03
2022-01-28,Equity Equal Weight + Sector Sentiment,Sentiment fusion,Equal Weight + Sector Sentiment,Equity,True,0.0156111919487399,1.235238618582665,-0.038369421474448995,2022-01-03
2022-01-31,Equity Equal Weight,Base,Equal Weight,Equity,False,0.012374374204113404,1.2563974923756758,-0.028052743731572294,2022-01-03
2022-01-31,Equity Equal Weight + Sector Sentiment,Sentiment fusion,Equal Weight + Sector Sentiment,Equity,True,0.012371227181164422,1.2505200361560989,-0.026472871123154773,2022-01-03
2022-02-01,Equity Equal Weight,Base,Equal Weight,Equity,False,0.010950258432124884,1.270155369610663,-0.017409670093038287,2022-02-01
2022-02-01,Equity Equal Weight + Sector Sentiment,Sentiment fusion,Equal Weight + Sector Sentiment,Equity,True,0.01053548205437045,1.263694867555652,-0.016216293527430037,2022-02-01
2022-02-02,Equity Equal Weight,Base,Equal Weight,Equity,False,0.009924119531451617,1.2827605433221945,-0.00765832620859308,2022-02-01
2022-02-02,Equity Equal Weight + Sector Sentiment,Sentiment fusion,Equal Weight + Sector Sentiment,Equity,True,0.009981154648368323,1.2763080014570745,-0.006396996212582273,2022-02-01
2022-02-03,Equity Equal Weight,Base,Equal Weight,Equity,False,-0.009571662356480128,1.2704823925172994,-0.017156685652388814,2022-02-01
2022-02-03,Equity Equal Weight + Sector Sentiment,Sentiment fusion,Equal Weight + Sector Sentiment,Equity,True,-0.009549496827042044,1.2641199022468317,-0.015885404944589676,2022-02-01
2022-02-04,Equity Equal Weight,Base,Equal Weight,Equity,False,-0.0008988477450475383,1.2693404222836626,-0.018040112149225185,2022-02-01
2022-02-04,Equity Equal Weight + Sector Sentiment,Sentiment fusion,Equal Weight + Sector Sentiment,Equity,True,-0.0010294996689759835,1.2628184912259226,-0.01689855059443368,2022-02-01
2022-02-07,Equity Equal Weight,Base,Equal Weight,Equity,False,0.0024172070796756617,1.2724086809389252,-0.015666511756354806,2022-02-01
2022-02-07,Equity Equal Weight + Sector Sentiment,Sentiment fusion,Equal Weight + Sector Sentiment,Equity,True,0.0023868455370159706,1.2658326439057663,-0.014552039287486163,2022-02-01
2022-02-08,Equity Equal Weight,Base,Equal Weight,Equity,False,0.004002567828544926,1.2775015829900127,-0.011726650203751299,2022-02-01
2022-02-08,Equity Equal Weight + Sector Sentiment,Sentiment fusion,Equal Weight + Sector Sentiment,Equity,True,0.003602900342909133,1.2703933127725602,-0.011001568491915803,2022-02-01
2022-02-09,Equity Equal Weight,Base,Equal Weight,Equity,False,0.012656250700740872,1.2936699632949276,0.0,2022-02-01
2022-02-09,Equity Equal Weight + Sector Sentiment,Sentiment fusion,Equal Weight + Sector Sentiment,Equity,True,0.012616809062055843,1.286421622633524,0.0,2022-02-01
2022-02-10,Equity Equal Weight,Base,Equal Weight,Equity,False,-0.016801704370753828,1.2719341030183222,-0.01680170437075379,2022-02-01
2022-02-10,Equity Equal Weight + Sector Sentiment,Sentiment fusion,Equal Weight + Sector Sentiment,Equity,True,-0.016995607713638314,1.2645581053809027,-0.016995607713638283,2022-02-01
2022-02-11,Equity Equal Weight,Base,Equal Weight,Equity,False,-0.010457606014640193,1.258632717292372,-0.027083604780710147,2022-02-01
2022-02-11,Equity Equal Weight + Sector Sentiment,Sentiment fusion,Equal Weight + Sector Sentiment,Equity,True,-0.010407338885736202,1.2513974206374991,-0.027226067550329636,2022-02-01
2022-02-14,Equity Equal Weight,Base,Equal Weight,Equity,False,-0.006484181964311185,1.2504715137272127,-0.03339217172337383,2022-02-01
2022-02-14,Equity Equal Weight + Sector Sentiment,Sentiment fusion,Equal Weight + Sector Sentiment,Equity,True,-0.0065617430042506555,1.2431860723670938,-0.03360916009629855,2022-02-01
2022-02-15,Equity Equal Weight,Base,Equal Weight,Equity,False,0.010562964709826789,1.263680200197357,-0.023181927345045317,2022-02-01
2022-02-15,Equity Equal Weight + Sector Sentiment,Sentiment fusion,Equal Weight + Sector Sentiment,Equity,True,0.010240406714009852,1.2559168033693253,-0.02371292485099108,2022-02-01
2022-02-16,Equity Equal Weight,Base,Equal Weight,Equity,False,-0.0003604690520929758,1.2632246825934432,-0.02353404002976256,2022-02-01
2022-02-16,Equity Equal Weight + Sector Sentiment,Sentiment fusion,Equal Weight + Sector Sentiment,Equity,True,-0.0004036518435003791,1.2554098502363622,-0.02410700492866058,2022-02-01
2022-02-17,Equity Equal Weight,Base,Equal Weight,Equity,False,-0.015425567951036702,1.2437387244146714,-0.03859658204715777,2022-02-01
2022-02-17,Equity Equal Weight + Sector Sentiment,Sentiment fusion,Equal Weight + Sector Sentiment,Equity,True,-0.015326834284364231,1.236168391502831,-0.039064355143390905,2022-02-01
2022-02-18,Equity Equal Weight,Base,Equal Weight,Equity,False,-0.008401983050542834,1.2332888527328356,-0.04667427726953144,2022-02-01
2022-02-18,Equity Equal Weight + Sector Sentiment,Sentiment fusion,Equal Weight + Sector Sentiment,Equity,True,-0.00843571587260481,1.2257404261814182,-0.04717053521525949,2022-02-01
2022-02-22,Equity Equal Weight,Base,Equal Weight,Equity,False,-0.006932345335474342,1.2247392685073006,-0.05328306039668962,2022-02-01
2022-02-22,Equity Equal Weight + Sector Sentiment,Sentiment fusion,Equal Weight + Sector Sentiment,Equity,True,-0.0067931849959720235,1.2174137447093263,-0.05364328203915525,2022-02-01
2022-02-23,Equity Equal Weight,Base,Equal Weight,Equity,False,-0.011310469002434348,1.2108868929747847,-0.06399087299615247,2022-02-01
2022-02-23,Equity Equal Weight + Sector Sentiment,Sentiment fusion,Equal Weight + Sector Sentiment,Equity,True,-0.011184153749021018,1.2037980022123258,-0.06422748107424814,2022-02-01
2022-02-24,Equity Equal Weight,Base,Equal Weight,Equity,False,0.006113009538672125,1.2182890561017925,-0.058269040274493755,2022-02-01
2022-02-24,Equity Equal Weight + Sector Sentiment,Sentiment fusion,Equal Weight + Sector Sentiment,Equity,True,0.006249753927262318,1.211321443504283,-0.058379133099067726,2022-02-01
2022-02-25,Equity Equal Weight,Base,Equal Weight,Equity,False,0.025590264373992793,1.2494653951313794,-0.034169896045944226,2022-02-01
2022-02-25,Equity Equal Weight + Sector Sentiment,Sentiment fusion,Equal Weight + Sector Sentiment,Equity,True,0.025461999531532165,1.2421641095313238,-0.03440358302715529,2022-02-01
2022-02-28,Equity Equal Weight,Base,Equal Weight,Equity,False,-0.0018767736226133942,1.2471204314354287,-0.035982540508971095,2022-02-01
2022-02-28,Equity Equal Weight + Sector Sentiment,Sentiment fusion,Equal Weight + Sector Sentiment,Equity,True,-0.0019125902695601624,1.2397883585422373,-0.03625037333857972,2022-02-01
2022-03-01,Equity Equal Weight,Base,Equal Weight,Equity,False,-0.012896231197349312,1.2310372780206995,-0.04841473254484863,2022-03-01
2022-03-01,Equity Equal Weight + Sector Sentiment,Sentiment fusion,Equal Weight + Sector Sentiment,Equity,True,-0.012854911032165371,1.2238509894944625,-0.04863928904659487,2022-03-01
2022-03-02,Equity Equal Weight,Base,Equal Weight,Equity,False,0.01967809946588129,1.2552617520237987,-0.029689343001598756,2022-03-01
2022-03-02,Equity Equal Weight + Sector Sentiment,Sentiment fusion,Equal Weight + Sector Sentiment,Equity,True,0.019480605592588726,1.2476923479249036,-0.030106206260226753,2022-03-01
2022-03-03,Equity Equal Weight,Base,Equal Weight,Equity,False,-0.0006895492982771302,1.2543961871635365,-0.03035842003424294,2022-03-01
2022-03-03,Equity Equal Weight + Sector Sentiment,Sentiment fusion,Equal Weight + Sector Sentiment,Equity,True,-0.0006147613876201918,1.2469253148457702,-0.03070245951471051,2022-03-01
2022-03-04,Equity Equal Weight,Base,Equal Weight,Equity,False,0.002677948828055772,1.2577553959628687,-0.027761769501539524,2022-03-01
2022-03-04,Equity Equal Weight + Sector Sentiment,Sentiment fusion,Equal Weight + Sector Sentiment,Equity,True,0.0027111435981042077,1.2503059084304284,-0.028074554693165554,2022-03-01
2022-03-07,Equity Equal Weight,Base,Equal Weight,Equity,False,-0.01661011808474173,1.2368639303142042,-0.04391076131661942,2022-03-01
2022-03-07,Equity Equal Weight + Sector Sentiment,Sentiment fusion,Equal Weight + Sector Sentiment,Equity,True,-0.016279271974402685,1.2299518384958867,-0.04389679335615804,2022-03-01
2022-03-08,Equity Equal Weight,Base,Equal Weight,Equity,False,-0.004702170966391101,1.2310479846517042,-0.04840645637603547,2022-03-01
2022-03-08,Equity Equal Weight + Sector Sentiment,Sentiment fusion,Equal Weight + Sector Sentiment,Equity,True,-0.004889213284365854,1.2239383416279823,-0.04857138585530607,2022-03-01
2022-03-09,Equity Equal Weight,Base,Equal Weight,Equity,False,0.013490126186327275,1.2476549773060794,-0.03556933939445395,2022-03-01
2022-03-09,Equity Equal Weight + Sector Sentiment,Sentiment fusion,Equal Weight + Sector Sentiment,Equity,True,0.013232972481212895,1.2401346840214467,-0.035981157186490864,2022-03-01
2022-03-10,Equity Equal Weight,Base,Equal Weight,Equity,False,-0.00021181636100914248,1.2473907035689915,-0.03577362158742914,2022-03-01
2022-03-10,Equity Equal Weight + Sector Sentiment,Sentiment fusion,Equal Weight + Sector Sentiment,Equity,True,-0.00022496045562034718,1.2398557027578985,-0.03619802330459687,2022-03-01
2022-03-11,Equity Equal Weight,Base,Equal Weight,Equity,False,-0.0079407974882235,1.2374854266032576,-0.043430347991206486,2022-03-01
2022-03-11,Equity Equal Weight + Sector Sentiment,Sentiment fusion,Equal Weight + Sector Sentiment,Equity,True,-0.007991533857967772,1.2299473539303143,-0.043900279433734424,2022-03-01
2022-03-14,Equity Equal Weight,Base,Equal Weight,Equity,False,-0.009772847058779503,1.2253916707915955,-0.05277875690135825,2022-03-01
2022-03-14,Equity Equal Weight + Sector Sentiment,Sentiment fusion,Equal Weight + Sector Sentiment,Equity,True,-0.009864928645923768,1.2178140110455489,-0.05333213495550837,2022-03-01
2022-03-15,Equity Equal Weight,Base,Equal Weight,Equity,False,0.00847604335191204,1.235778143716297,-0.04475006858100228,2022-03-01
2022-03-15,Equity Equal Weight + Sector Sentiment,Sentiment fusion,Equal Weight + Sector Sentiment,Equity,True,0.008740144600855369,1.2284578815990346,-0.04505812092603656,2022-03-01
2022-03-16,Equity Equal Weight,Base,Equal Weight,Equity,False,0.014508445572803983,1.2537073636544656,-0.030890876942584966,2022-03-01
2022-03-16,Equity Equal Weight + Sector Sentiment,Sentiment fusion,Equal Weight + Sector Sentiment,Equity,True,0.014413240727373273,1.2461639407699605,-0.0312943137422933,2022-03-01
2022-03-17,Equity Equal Weight,Base,Equal Weight,Equity,False,0.015002773123964856,1.2725164507952176,-0.016351552636990063,2022-03-01
2022-03-17,Equity Equal Weight + Sector Sentiment,Sentiment fusion,Equal Weight + Sector Sentiment,Equity,True,0.014783785708472,1.2645869614279286,-0.016973176462081074,2022-03-01
2022-03-18,Equity Equal Weight,Base,Equal Weight,Equity,False,0.004393717604026516,1.2781075287264898,-0.012029679137637861,2022-03-01
2022-03-18,Equity Equal Weight + Sector Sentiment,Sentiment fusion,Equal Weight + Sector Sentiment,Equity,True,0.004307188561144247,1.2700337759227631,-0.012739094572440601,2022-03-01
2022-03-21,Equity Equal Weight,Base,Equal Weight,Equity,False,0.004281435419453679,1.2835796635698498,-0.0077997480125288066,2022-03-01
2022-03-21,Equity Equal Weight + Sector Sentiment,Sentiment fusion,Equal Weight + Sector Sentiment,Equity,True,0.004163557233967728,1.2753216342378897,-0.008628577287834172,2022-03-01
2022-03-22,Equity Equal Weight,Base,Equal Weight,Equity,False,0.004963677342199874,1.28995093886282,-0.0028747861028134425,2022-03-01
2022-03-22,Equity Equal Weight + Sector Sentiment,Sentiment fusion,Equal Weight + Sector Sentiment,Equity,True,0.004919341679120047,1.2815953771074795,-0.0037516825285978106,2022-03-01
2022-03-23,Equity Equal Weight,Base,Equal Weight,Equity,False,-0.009105424807429357,1.2782053875837318,-0.011954034761546217,2022-03-01
2022-03-23,Equity Equal Weight + Sector Sentiment,Sentiment fusion,Equal Weight + Sector Sentiment,Equity,True,-0.009149047024339461,1.269870000736147,-0.012866405233062816,2022-03-01
2022-03-24,Equity Equal Weight,Base,Equal Weight,Equity,False,0.01026883122364575,1.291331062977984,-0.0018079575033083106,2022-03-01
2022-03-24,Equity Equal Weight + Sector Sentiment,Sentiment fusion,Equal Weight + Sector Sentiment,Equity,True,0.010365974724150743,1.283033441066735,-0.002633803340348795,2022-03-01
2022-03-25,Equity Equal Weight,Base,Equal Weight,Equity,False,0.009201997449105867,1.3032138881254585,0.0,2022-03-01
2022-03-25,Equity Equal Weight + Sector Sentiment,Sentiment fusion,Equal Weight + Sector Sentiment,Equity,True,0.009134035156214701,1.2947527136240378,0.0,2022-03-01
2022-03-28,Equity Equal Weight,Base,Equal Weight,Equity,False,0.00022991488118235615,1.303513516391702,0.0,2022-03-01
2022-03-28,Equity Equal Weight + Sector Sentiment,Sentiment fusion,Equal Weight + Sector Sentiment,Equity,True,0.0004496208060694941,1.2953348613827982,0.0,2022-03-01
2022-03-29,Equity Equal Weight,Base,Equal Weight,Equity,False,0.011933388043900355,1.3190688490032731,0.0,2022-03-01
2022-03-29,Equity Equal Weight + Sector Sentiment,Sentiment fusion,Equal Weight + Sector Sentiment,Equity,True,0.011948779612279138,1.3108125321655635,0.0,2022-03-01
2022-03-30,Equity Equal Weight,Base,Equal Weight,Equity,False,-0.0038288556551445254,1.314018324781242,-0.0038288556551444586,2022-03-01
2022-03-30,Equity Equal Weight + Sector Sentiment,Sentiment fusion,Equal Weight + Sector Sentiment,Equity,True,-0.0036589746557456823,1.3060163023319358,-0.003658974655745717,2022-03-01
2022-03-31,Equity Equal Weight,Base,Equal Weight,Equity,False,-0.014221202142033079,1.2953314045661923,-0.017995606866933023,2022-03-01
2022-03-31,Equity Equal Weight + Sector Sentiment,Sentiment fusion,Equal Weight + Sector Sentiment,Equity,True,-0.01408082231061421,1.2876265188440343,-0.017688275594393343,2022-03-01
2022-04-01,Equity Equal Weight,Base,Equal Weight,Equity,False,0.006186125023239843,1.3033444865813677,-0.011920804917641137,2022-04-01
2022-04-01,Equity Equal Weight + Sector Sentiment,Sentiment fusion,Equal Weight + Sector Sentiment,Equity,True,0.0062647382866406216,1.2956931619955303,-0.011534349725093596,2022-04-01
2022-04-04,Equity Equal Weight,Base,Equal Weight,Equity,False,0.0022766175502174145,1.306311703513498,-0.00967132648111202,2022-04-01
2022-04-04,Equity Equal Weight + Sector Sentiment,Sentiment fusion,Equal Weight + Sector Sentiment,Equity,True,0.0022780304663244048,1.2986447904935643,-0.0092825948588523,2022-04-01
2022-04-05,Equity Equal Weight,Base,Equal Weight,Equity,False,-0.010604681001322183,1.2924586846094435,-0.020173446150242302,2022-04-01
2022-04-05,Equity Equal Weight + Sector Sentiment,Sentiment fusion,Equal Weight + Sector Sentiment,Equity,True,-0.010579011911349941,1.2849064117863203,-0.01976340608862226,2022-04-01
2022-04-06,Equity Equal Weight,Base,Equal Weight,Equity,False,-0.0009029271017112804,1.2912916886352674,-0.021058158100689672,2022-04-01
2022-04-06,Equity Equal Weight + Sector Sentiment,Sentiment fusion,Equal Weight + Sector Sentiment,Equity,True,-0.0009673593202193801,1.2836634455932692,-0.020711647093762497,2022-04-01
2022-04-07,Equity Equal Weight,Base,Equal Weight,Equity,False,0.0016742166564927758,1.2934535906887712,-0.019419197363244267,2022-04-01
2022-04-07,Equity Equal Weight + Sector Sentiment,Sentiment fusion,Equal Weight + Sector Sentiment,Equity,True,0.0016504309628073406,1.2857820434897003,-0.019095399274609348,2022-04-01
2022-04-08,Equity Equal Weight,Base,Equal Weight,Equity,False,0.0035065897723677514,1.297989201820913,-0.01598070274973795,2022-04-01
2022-04-08,Equity Equal Weight + Sector Sentiment,Sentiment fusion,Equal Weight + Sector Sentiment,Equity,True,0.0032419132557361422,1.289950437340477,-0.01591539164690514,2022-04-01
2022-04-11,Equity Equal Weight,Base,Equal Weight,Equity,False,-0.011929035170042929,1.2825054429820553,-0.027719103554637248,2022-04-01
2022-04-11,Equity Equal Weight + Sector Sentiment,Sentiment fusion,Equal Weight + Sector Sentiment,Equity,True,-0.011629880177533804,1.27494846831925,-0.027360177726606927,2022-04-01
2022-04-12,Equity Equal Weight,Base,Equal Weight,Equity,False,-0.0007004274837974023,1.281607140921671,-0.02840011581647872,2022-04-01
2022-04-12,Equity Equal Weight + Sector Sentiment,Sentiment fusion,Equal Weight + Sector Sentiment,Equity,True,-0.0005741987941900382,1.2742163944460867,-0.027918666339737497,2022-04-01
2022-04-13,Equity Equal Weight,Base,Equal Weight,Equity,False,0.008842244191448165,1.292939424219204,-0.01980899238414524,2022-04-01
2022-04-13,Equity Equal Weight + Sector Sentiment,Sentiment fusion,Equal Weight + Sector Sentiment,Equity,True,0.008908313245397339,1.285567513230233,-0.01925906131948829,2022-04-01
2022-04-14,Equity Equal Weight,Base,Equal Weight,Equity,False,-0.0017895739780087305,1.2906256134704799,-0.02156311670485267,2022-04-01
2022-04-14,Equity Equal Weight + Sector Sentiment,Sentiment fusion,Equal Weight + Sector Sentiment,Equity,True,-0.0017844325645804955,1.2832735046956583,-0.021009127387887183,2022-04-01
2022-04-18,Equity Equal Weight,Base,Equal Weight,Equity,False,0.0007497079830465125,1.291593205796023,-0.020829574762539105,2022-04-01
2022-04-18,Equity Equal Weight + Sector Sentiment,Sentiment fusion,Equal Weight + Sector Sentiment,Equity,True,0.0005762561092833668,1.2840129988926208,-0.020444977916611595,2022-04-01
2022-04-19,Equity Equal Weight,Base,Equal Weight,Equity,False,0.011961508825629063,1.3070426093262748,-0.009117219079266214,2022-04-01
2022-04-19,Equity Equal Weight + Sector Sentiment,Sentiment fusion,Equal Weight + Sector Sentiment,Equity,True,0.01191168125632201,1.2993077524644039,-0.00877683072052482,2022-04-01
2022-04-20,Equity Equal Weight,Base,Equal Weight,Equity,False,0.0019334597261816007,1.3095697235718105,-0.007201387128989101,2022-04-01
2022-04-20,Equity Equal Weight + Sector Sentiment,Sentiment fusion,Equal Weight + Sector Sentiment,Equity,True,0.001775874289224249,1.3016151596957952,-0.0070165429793179745,2022-04-01
2022-04-21,Equity Equal Weight,Base,Equal Weight,Equity,False,-0.011636137130243808,1.2943313906867133,-0.018753727931072106,2022-04-01
2022-04-21,Equity Equal Weight + Sector Sentiment,Sentiment fusion,Equal Weight + Sector Sentiment,Equity,True,-0.01137753236699245,1.2868059910869882,-0.01831424440145879,2022-04-01
2022-04-22,Equity Equal Weight,Base,Equal Weight,Equity,False,-0.023505755428103615,1.2639071535743143,-0.0418186628170627,2022-04-01
2022-04-22,Equity Equal Weight + Sector Sentiment,Sentiment fusion,Equal Weight + Sector Sentiment,Equity,True,-0.02361831652290851,1.2564137998859208,-0.041500009303215735,2022-04-01
2022-04-25,Equity Equal Weight,Base,Equal Weight,Equity,False,-0.003037606586353282,1.260067900880078,-0.04472924075781037,2022-04-01
2022-04-25,Equity Equal Weight + Sector Sentiment,Sentiment fusion,Equal Weight + Sector Sentiment,Equity,True,-0.0028533590547181443,1.2528288001935435,-0.044234953930617715,2022-04-01
2022-04-26,Equity Equal Weight,Base,Equal Weight,Equity,False,-0.01990587057554913,1.2349851523287552,-0.06374473685589199,2022-04-01
2022-04-26,Equity Equal Weight + Sector Sentiment,Sentiment fusion,Equal Weight + Sector Sentiment,Equity,True,-0.01965518355723128,1.2282042201599535,-0.06302069134869703,2022-04-01
2022-04-27,Equity Equal Weight,Base,Equal Weight,Equity,False,0.0008208542313641702,1.235998895116716,-0.06297620776150326,2022-04-01
2022-04-27,Equity Equal Weight + Sector Sentiment,Sentiment fusion,Equal Weight + Sector Sentiment,Equity,True,0.0007394572604456496,1.2291124246878606,-0.06232783519602758,2022-04-01
2022-04-28,Equity Equal Weight,Base,Equal Weight,Equity,False,0.016911672779662296,1.256901703986954,-0.04712956800040746,2022-04-01
2022-04-28,Equity Equal Weight + Sector Sentiment,Sentiment fusion,Equal Weight + Sector Sentiment,Equity,True,0.016676881007077104,1.2496101863387001,-0.0466903880799433,2022-04-01
2022-04-29,Equity Equal Weight,Base,Equal Weight,Equity,False,-0.034914855447577164,1.2130171626804362,-0.08039890139394368,2022-04-01
2022-04-29,Equity Equal Weight + Sector Sentiment,Sentiment fusion,Equal Weight + Sector Sentiment,Equity,True,-0.03471453958834293,1.2062305440550487,-0.07978409234288997,2022-04-01
2022-05-02,Equity Equal Weight,Base,Equal Weight,Equity,False,0.004282752066340887,1.2182122144404128,-0.07646047788867927,2022-05-02
2022-05-02,Equity Equal Weight + Sector Sentiment,Sentiment fusion,Equal Weight + Sector Sentiment,Equity,True,0.0038106767605787534,1.2108270987571796,-0.07627744696886607,2022-05-02
2022-05-03,Equity Equal Weight,Base,Equal Weight,Equity,False,0.006453169685688452,1.226073544573375,-0.07050072064105528,2022-05-02
2022-05-03,Equity Equal Weight + Sector Sentiment,Sentiment fusion,Equal Weight + Sector Sentiment,Equity,True,0.006381099534098518,1.218553506992933,-0.07038308141608285,2022-05-02
2022-05-04,Equity Equal Weight,Base,Equal Weight,Equity,False,0.030826143950610178,1.2638686641524286,-0.04184784205354819,2022-05-02
2022-05-04,Equity Equal Weight + Sector Sentiment,Sentiment fusion,Equal Weight + Sector Sentiment,Equity,True,0.030491707127662124,1.255709283647547,-0.04203747459370233,2022-05-02
2022-05-05,Equity Equal Weight,Base,Equal Weight,Equity,False,-0.025330554791964156,1.231854169705269,-0.06611836778944946,2022-05-02
2022-05-05,Equity Equal Weight + Sector Sentiment,Sentiment fusion,Equal Weight + Sector Sentiment,Equity,True,-0.025176594306457047,1.2240948004463008,-0.06615570845664576,2022-05-02
2022-05-06,Equity Equal Weight,Base,Equal Weight,Equity,False,-0.003267578446473067,1.227828989571142,-0.06916989928241768,2022-05-02
2022-05-06,Equity Equal Weight + Sector Sentiment,Sentiment fusion,Equal Weight + Sector Sentiment,Equity,True,-0.00345464098636639,1.219865992377481,-0.06938180522109572,2022-05-02
2022-05-09,Equity Equal Weight,Base,Equal Weight,Equity,False,-0.03559861271205253,1.1841199808947682,-0.1023061595385838,2022-05-02
2022-05-09,Equity Equal Weight + Sector Sentiment,Sentiment fusion,Equal Weight + Sector Sentiment,Equity,True,-0.03466891740847364,1.1775745590383404,-0.10164533055470848,2022-05-02
2022-05-10,Equity Equal Weight,Base,Equal Weight,Equity,False,-0.0041786877156275775,1.1791719132767742,-0.10605734176211434,2022-05-02
2022-05-10,Equity Equal Weight + Sector Sentiment,Sentiment fusion,Equal Weight + Sector Sentiment,Equity,True,-0.0046101450052380005,1.1721457695666944,-0.10578687584698399,2022-05-02
2022-05-11,Equity Equal Weight,Base,Equal Weight,Equity,False,-0.0033674548594865295,1.1752011050872402,-0.1090676533106999,2022-05-02
2022-05-11,Equity Equal Weight + Sector Sentiment,Sentiment fusion,Equal Weight + Sector Sentiment,Equity,True,-0.003373661039406131,1.1681913470514025,-0.10880364782486462,2022-05-02
2022-05-12,Equity Equal Weight,Base,Equal Weight,Equity,False,0.0024514477622846493,1.1780820492065407,-0.10688357920306146,2022-05-02
2022-05-12,Equity Equal Weight + Sector Sentiment,Sentiment fusion,Equal Weight + Sector Sentiment,Equity,True,0.0022997805444463573,1.170877930783542,-0.10675409179285067,2022-05-02
2022-05-13,Equity Equal Weight,Base,Equal Weight,Equity,False,0.02198701558055875,1.2039845575776216,-0.08724661454374627,2022-05-02
2022-05-13,Equity Equal Weight + Sector Sentiment,Sentiment fusion,Equal Weight + Sector Sentiment,Equity,True,0.02156056376400635,1.1961227190700683,-0.0874952064320127,2022-05-02
2022-05-16,Equity Equal Weight,Base,Equal Weight,Equity,False,0.002055677823353138,1.2064595619322935,-0.08537028765107335,2022-05-02
2022-05-16,Equity Equal Weight + Sector Sentiment,Sentiment fusion,Equal Weight + Sector Sentiment,Equity,True,0.0017532066292232687,1.1982197693505063,-0.08589539697873139,2022-05-02
2022-05-17,Equity Equal Weight,Base,Equal Weight,Equity,False,0.01905426419520762,1.2294477611661858,-0.06794269147119014,2022-05-02
2022-05-17,Equity Equal Weight + Sector Sentiment,Sentiment fusion,Equal Weight + Sector Sentiment,Equity,True,0.01901279268805866,1.221001273419901,-0.06851571566628789,2022-05-02
2022-05-18,Equity Equal Weight,Base,Equal Weight,Equity,False,-0.027667993510321627,1.1954314084889603,-0.09373084703481316,2022-05-02
2022-05-18,Equity Equal Weight + Sector Sentiment,Sentiment fusion,Equal Weight + Sector Sentiment,Equity,True,-0.02727095991017278,1.1877033966421968,-0.09391818624130854,2022-05-02
2022-05-19,Equity Equal Weight,Base,Equal Weight,Equity,False,-0.0019055530466637284,1.1931534505264367,-0.09545779098034324,2022-05-02
2022-05-19,Equity Equal Weight + Sector Sentiment,Sentiment fusion,Equal Weight + Sector Sentiment,Equity,True,-0.0019703593408512345,1.185363194160462,-0.09570349300662351,2022-05-02
2022-05-20,Equity Equal Weight,Base,Equal Weight,Equity,False,0.0006539648135780039,1.1939337309002802,-0.09486625220324829,2022-05-02
2022-05-20,Equity Equal Weight + Sector Sentiment,Sentiment fusion,Equal Weight + Sector Sentiment,Equity,True,0.0006724128905115797,1.1861602476521536,-0.09509543237847651,2022-05-02
2022-05-23,Equity Equal Weight,Base,Equal Weight,Equity,False,0.019144835471557327,1.2167913957423087,-0.0775376155219254,2022-05-02
2022-05-23,Equity Equal Weight + Sector Sentiment,Sentiment fusion,Equal Weight + Sector Sentiment,Equity,True,0.019051185574525648,1.2087580066513,-0.07785592753348303,2022-05-02
2022-05-24,Equity Equal Weight,Base,Equal Weight,Equity,False,0.0007774847368343311,1.2177374324804096,-0.07682041509769,2022-05-02
2022-05-24,Equity Equal Weight + Sector Sentiment,Sentiment fusion,Equal Weight + Sector Sentiment,Equity,True,0.0010919841859300615,1.2100779512791795,-0.07684896078920045,2022-05-02
2022-05-25,Equity Equal Weight,Base,Equal Weight,Equity,False,0.00880388704513415,1.2284582552865988,-0.06869284630983619,2022-05-02
2022-05-25,Equity Equal Weight + Sector Sentiment,Sentiment fusion,Equal Weight + Sector Sentiment,Equity,True,0.008468143860983027,1.2203250654536153,-0.0690315849837474,2022-05-02
2022-05-26,Equity Equal Weight,Base,Equal Weight,Equity,False,0.014748339934138797,1.2465759752304646,-0.0549576118241184,2022-05-02
2022-05-26,Equity Equal Weight + Sector Sentiment,Sentiment fusion,Equal Weight + Sector Sentiment,Equity,True,0.014524238421983941,1.2380493576565867,-0.05550997776071487,2022-05-02
2022-05-27,Equity Equal Weight,Base,Equal Weight,Equity,False,0.019151363469379967,1.2704496048243001,-0.0368587615541911,2022-05-02
2022-05-27,Equity Equal Weight + Sector Sentiment,Sentiment fusion,Equal Weight + Sector Sentiment,Equity,True,0.019020169514239647,1.2615972663062105,-0.03754561743321572,2022-05-02
2022-05-31,Equity Equal Weight,Base,Equal Weight,Equity,False,-0.007963899183436821,1.2603318722538421,-0.04452912127658415,2022-05-02
2022-05-31,Equity Equal Weight + Sector Sentiment,Sentiment fusion,Equal Weight + Sector Sentiment,Equity,True,-0.007774321199459538,1.2517892039335858,-0.04502804694311746,2022-05-02
2022-06-01,Equity Equal Weight,Base,Equal Weight,Equity,False,-0.005248085487194567,1.2537175428460179,-0.04954351412864966,2022-06-01
2022-06-01,Equity Equal Weight + Sector Sentiment,Sentiment fusion,Equal Weight + Sector Sentiment,Equity,True,-0.005187169761426609,1.2452959608272611,-0.04998164858102472,2022-06-01
2022-06-02,Equity Equal Weight,Base,Equal Weight,Equity,False,0.014594936780382425,1.272015471124312,-0.03567166180485282,2022-06-01
2022-06-02,Equity Equal Weight + Sector Sentiment,Sentiment fusion,Equal Weight + Sector Sentiment,Equity,True,0.014697920521348528,1.2635992218850565,-0.03601835435804612,2022-06-01
2022-06-03,Equity Equal Weight,Base,Equal Weight,Equity,False,-0.00832814806915759,1.2614219379345293,-0.04370273099262678,2022-06-01
2022-06-03,Equity Equal Weight + Sector Sentiment,Sentiment fusion,Equal Weight + Sector Sentiment,Equity,True,-0.008248349817539503,1.2531766134737778,-0.043969612188988316,2022-06-01
2022-06-06,Equity Equal Weight,Base,Equal Weight,Equity,False,-0.00046420173971095224,1.2608363836764305,-0.04414664584858086,2022-06-01
2022-06-06,Equity Equal Weight + Sector Sentiment,Sentiment fusion,Equal Weight + Sector Sentiment,Equity,True,-0.0005443079827422421,1.2524944994392782,-0.04448998716081809,2022-06-01
2022-06-07,Equity Equal Weight,Base,Equal Weight,Equity,False,0.010267784720320059,1.2737823802315669,-0.03433214938395823,2022-06-01
2022-06-07,Equity Equal Weight + Sector Sentiment,Sentiment fusion,Equal Weight + Sector Sentiment,Equity,True,0.010279819386072218,1.265369916675563,-0.03466751680724767,2022-06-01
2022-06-08,Equity Equal Weight,Base,Equal Weight,Equity,False,-0.012810628964715461,1.2574644267766282,-0.0467029619213547,2022-06-01
2022-06-08,Equity Equal Weight + Sector Sentiment,Sentiment fusion,Equal Weight + Sector Sentiment,Equity,True,-0.012765405605012346,1.2492169564488187,-0.046990377498896896,2022-06-01
2022-06-09,Equity Equal Weight,Base,Equal Weight,Equity,False,-0.023577811131328494,1.2278161680177246,-0.06917961943722772,2022-06-01
2022-06-09,Equity Equal Weight + Sector Sentiment,Sentiment fusion,Equal Weight + Sector Sentiment,Equity,True,-0.023511948895569762,1.219845431209315,-0.06939749104012904,2022-06-01
2022-06-10,Equity Equal Weight,Base,Equal Weight,Equity,False,-0.02575906062703906,1.1961887769068973,-0.09315667805302785,2022-06-01
2022-06-10,Equity Equal Weight + Sector Sentiment,Sentiment fusion,Equal Weight + Sector Sentiment,Equity,True,-0.025744830414271176,1.1884407174512077,-0.09335569481639616,2022-06-01
2022-06-13,Equity Equal Weight,Base,Equal Weight,Equity,False,-0.040448702934738845,1.1478044924159216,-0.12983731419081257,2022-06-01
2022-06-13,Equity Equal Weight + Sector Sentiment,Sentiment fusion,Equal Weight + Sector Sentiment,Equity,True,-0.040511828551757625,1.1402948108618967,-0.13008551346542163,2022-06-01
2022-06-14,Equity Equal Weight,Base,Equal Weight,Equity,False,-0.006656390921949066,1.140164257012432,-0.1356294571932517,2022-06-01
2022-06-14,Equity Equal Weight + Sector Sentiment,Sentiment fusion,Equal Weight + Sector Sentiment,Equity,True,-0.006419568827348359,1.1329746098401006,-0.13566998938563768,2022-06-01
2022-06-15,Equity Equal Weight,Base,Equal Weight,Equity,False,0.010697439125869106,1.1523610947453142,-0.12638290592938206,2022-06-01
2022-06-15,Equity Equal Weight + Sector Sentiment,Sentiment fusion,Equal Weight + Sector Sentiment,Equity,True,0.01071278222667645,1.1451119201036712,-0.12641061020994515,2022-06-01
2022-06-16,Equity Equal Weight,Base,Equal Weight,Equity,False,-0.028691539898185053,1.1192980804183128,-0.15144832563964572,2022-06-01
2022-06-16,Equity Equal Weight + Sector Sentiment,Sentiment fusion,Equal Weight + Sector Sentiment,Equity,True,-0.02881425793539241,1.1121163698729115,-0.15158244021697787,2022-06-01
2022-06-17,Equity Equal Weight,Base,Equal Weight,Equity,False,-0.004024583730670722,1.1147933715740903,-0.15486339290290974,2022-06-01
2022-06-17,Equity Equal Weight + Sector Sentiment,Sentiment fusion,Equal Weight + Sector Sentiment,Equity,True,-0.0040274562811298915,1.1076373698137194,-0.15499940484714703,2022-06-01
2022-06-21,Equity Equal Weight,Base,Equal Weight,Equity,False,0.021254470138237225,1.1384877140005165,-0.13690046212463358,2022-06-01
2022-06-21,Equity Equal Weight + Sector Sentiment,Sentiment fusion,Equal Weight + Sector Sentiment,Equity,True,0.021332796218575905,1.131266372108035,-0.1369731793461758,2022-06-01
2022-06-22,Equity Equal Weight,Base,Equal Weight,Equity,False,-0.0030035890507517844,1.1350681647683292,-0.139492858446305,2022-06-01
2022-06-22,Equity Equal Weight + Sector Sentiment,Sentiment fusion,Equal Weight + Sector Sentiment,Equity,True,-0.0029789765178151436,1.1278963561501312,-0.13954411597914818,2022-06-01
2022-06-23,Equity Equal Weight,Base,Equal Weight,Equity,False,0.0032783643601157183,1.1387893317860076,-0.13667180250181032,2022-06-01
2022-06-23,Equity Equal Weight + Sector Sentiment,Sentiment fusion,Equal Weight + Sector Sentiment,Equity,True,0.003179129522176703,1.1314820847539238,-0.13680861527572674,2022-06-01
2022-06-24,Equity Equal Weight,Base,Equal Weight,Equity,False,0.02810695073077035,1.1707972274272438,-0.11240627939024395,2022-06-01
2022-06-24,Equity Equal Weight + Sector Sentiment,Sentiment fusion,Equal Weight + Sector Sentiment,Equity,True,0.027996951495305754,1.1631601337985868,-0.11264188794643537,2022-06-01
2022-06-27,Equity Equal Weight,Base,Equal Weight,Equity,False,-0.003446745739265919,1.1667617870720646,-0.11546558926495476,2022-06-01
2022-06-27,Equity Equal Weight + Sector Sentiment,Sentiment fusion,Equal Weight + Sector Sentiment,Equity,True,-0.0033334851459664327,1.1592827567701889,-0.11559988303211877,2022-06-01
2022-06-28,Equity Equal Weight,Base,Equal Weight,Equity,False,-0.009935317070791972,1.1551696387714196,-0.12425371909563365,2022-06-01
2022-06-28,Equity Equal Weight + Sector Sentiment,Sentiment fusion,Equal Weight + Sector Sentiment,Equity,True,-0.009931166617089074,1.1477697265563858,-0.12438300794989987,2022-06-01
2022-06-29,Equity Equal Weight,Base,Equal Weight,Equity,False,-0.004598591051314441,1.1498574860078152,-0.12828091810622244,2022-06-01
2022-06-29,Equity Equal Weight + Sector Sentiment,Sentiment fusion,Equal Weight + Sector Sentiment,Equity,True,-0.004667615713818936,1.1424123785448654,-0.1284700515812799,2022-06-01
2022-06-30,Equity Equal Weight,Base,Equal Weight,Equity,False,-0.007309195796401205,1.1414529525046264,-0.13465248355524317,2022-06-01
2022-06-30,Equity Equal Weight + Sector Sentiment,Sentiment fusion,Equal Weight + Sector Sentiment,Equity,True,-0.0072791752402517245,1.1340965586448046,-0.13481407080294727,2022-06-01
2022-07-01,Equity Equal Weight,Base,Equal Weight,Equity,False,0.01073505233633957,1.153706509689233,-0.1253629326770872,2022-07-01
2022-07-01,Equity Equal Weight + Sector Sentiment,Sentiment fusion,Equal Weight + Sector Sentiment,Equity,True,0.010660153511006028,1.1461862020562619,-0.12559105598214426,2022-07-01
2022-07-05,Equity Equal Weight,Base,Equal Weight,Equity,False,-0.0063939319528122885,1.1463297887727635,-0.13095530256895715,2022-07-01
2022-07-05,Equity Equal Weight + Sector Sentiment,Sentiment fusion,Equal Weight + Sector Sentiment,Equity,True,-0.006141863815722503,1.1391464824957722,-0.13096155663555165,2022-07-01
2022-07-06,Equity Equal Weight,Base,Equal Weight,Equity,False,-0.00011955787474479456,1.146192736019461,-0.1310592037060403,2022-07-01
2022-07-06,Equity Equal Weight + Sector Sentiment,Sentiment fusion,Equal Weight + Sector Sentiment,Equity,True,-6.633025257531534e-05,1.139070922621868,-0.13101920017499757,2022-07-01
2022-07-07,Equity Equal Weight,Base,Equal Weight,Equity,False,0.013848664698403741,1.1620659749003406,-0.11902553397540128,2022-07-01
2022-07-07,Equity Equal Weight + Sector Sentiment,Sentiment fusion,Equal Weight + Sector Sentiment,Equity,True,0.013759506072085597,1.1547439758982199,-0.1190624535832796,2022-07-01
2022-07-08,Equity Equal Weight,Base,Equal Weight,Equity,False,-0.00334346712355897,1.158180645517855,-0.12197104313924934,2022-07-01
2022-07-08,Equity Equal Weight + Sector Sentiment,Sentiment fusion,Equal Weight + Sector Sentiment,Equity,True,-0.003364400508928011,1.1508589546780263,-0.12202628031277785,2022-07-01
2022-07-11,Equity Equal Weight,Base,Equal Weight,Equity,False,-0.007641223965006272,1.1493307278135174,-0.12868025904638325,2022-07-01
2022-07-11,Equity Equal Weight + Sector Sentiment,Sentiment fusion,Equal Weight + Sector Sentiment,Equity,True,-0.007684024820968973,1.142015725904846,-0.12877265216701284,2022-07-01
2022-07-12,Equity Equal Weight,Base,Equal Weight,Equity,False,-0.0038192309673965906,1.1449411683060715,-0.13200803038353726,2022-07-01
2022-07-12,Equity Equal Weight + Sector Sentiment,Sentiment fusion,Equal Weight + Sector Sentiment,Equity,True,-0.003493775081325109,1.1380257798191982,-0.13181652456504078,2022-07-01
2022-07-13,Equity Equal Weight,Base,Equal Weight,Equity,False,-0.0036969149960810396,1.1407084181313303,-0.13521692291249032,2022-07-01
2022-07-13,Equity Equal Weight + Sector Sentiment,Sentiment fusion,Equal Weight + Sector Sentiment,Equity,True,-0.0037962555557555133,1.1337055431299665,-0.13511237090707584,2022-07-01
2022-07-14,Equity Equal Weight,Base,Equal Weight,Equity,False,-0.003920715004093522,1.136236025521067,-0.13860749089811342,2022-07-01
2022-07-14,Equity Equal Weight + Sector Sentiment,Sentiment fusion,Equal Weight + Sector Sentiment,Equity,True,-0.003752930695408887,1.1294508247975987,-0.13835823423837823,2022-07-01
2022-07-15,Equity Equal Weight,Base,Equal Weight,Equity,False,0.018459270637578663,1.1572101138243271,-0.12270681344741874,2022-07-01
2022-07-15,Equity Equal Weight + Sector Sentiment,Sentiment fusion,Equal Weight + Sector Sentiment,Equity,True,0.018437464051677295,1.1502750337779417,-0.12247174515672465,2022-07-01
2022-07-18,Equity Equal Weight,Base,Equal Weight,Equity,False,-0.0034147286016938416,1.1532585553504817,-0.1257025315836111,2022-07-01
2022-07-18,Equity Equal Weight + Sector Sentiment,Sentiment fusion,Equal Weight + Sector Sentiment,Equity,True,-0.0035394090135261974,1.146203739955354,-0.12557767657154073,2022-07-01
2022-07-19,Equity Equal Weight,Base,Equal Weight,Equity,False,0.02757342458089594,1.185057843148711,-0.10159515627696358,2022-07-01
2022-07-19,Equity Equal Weight + Sector Sentiment,Sentiment fusion,Equal Weight + Sector Sentiment,Equity,True,0.02763875467310376,1.177883383929374,-0.10140973249361618,2022-07-01
2022-07-20,Equity Equal Weight,Base,Equal Weight,Equity,False,0.003198743203757323,1.1888485388705423,-0.0987213898888819,2022-07-01
2022-07-20,Equity Equal Weight + Sector Sentiment,Sentiment fusion,Equal Weight + Sector Sentiment,Equity,True,0.0032523876235793416,1.1817143172692857,-0.0984871686289096,2022-07-01
2022-07-21,Equity Equal Weight,Base,Equal Weight,Equity,False,0.005901582894834631,1.1958646270720898,-0.09340241945996985,2022-07-01
2022-07-21,Equity Equal Weight + Sector Sentiment,Sentiment fusion,Equal Weight + Sector Sentiment,Equity,True,0.006031447881361457,1.188841765584554,-0.09304974097211627,2022-07-01
2022-07-22,Equity Equal Weight,Base,Equal Weight,Equity,False,-0.005628580633262105,1.1891336065921487,-0.09850527704395962,2022-07-01
2022-07-22,Equity Equal Weight + Sector Sentiment,Sentiment fusion,Equal Weight + Sector Sentiment,Equity,True,-0.005685908316195202,1.1820821203029765,-0.09820657699229829,2022-07-01
2022-07-25,Equity Equal Weight,Base,Equal Weight,Equity,False,0.003675421527317044,1.1935041738486738,-0.09519190393244426,2022-07-01
2022-07-25,Equity Equal Weight + Sector Sentiment,Sentiment fusion,Equal Weight + Sector Sentiment,Equity,True,0.0033991096407058824,1.1861001470342043,-0.0951412822742278,2022-07-01
2022-07-26,Equity Equal Weight,Base,Equal Weight,Equity,False,-0.005433455436642556,1.18701932210662,-0.10010813840114074,2022-07-01
2022-07-26,Equity Equal Weight + Sector Sentiment,Sentiment fusion,Equal Weight + Sector Sentiment,Equity,True,-0.00523054565063386,1.1798961960689183,-0.09987418710466656,2022-07-01
2022-07-27,Equity Equal Weight,Base,Equal Weight,Equity,False,0.011784392418515512,1.2010076236066847,-0.08950345956983141,2022-07-01
2022-07-27,Equity Equal Weight + Sector Sentiment,Sentiment fusion,Equal Weight + Sector Sentiment,Equity,True,0.011727239636592536,1.1937331215065226,-0.08931819599376023,2022-07-01
2022-07-28,Equity Equal Weight,Base,Equal Weight,Equity,False,0.010181929366293432,1.213236198398628,-0.08023284810691678,2022-07-01
2022-07-28,Equity Equal Weight + Sector Sentiment,Sentiment fusion,Equal Weight + Sector Sentiment,Equity,True,0.010225835049801067,1.2059400395005324,-0.08000571408313717,2022-07-01
2022-07-29,Equity Equal Weight,Base,Equal Weight,Equity,False,0.010052623439692779,1.2254324050445338,-0.07098677527673691,2022-07-01
2022-07-29,Equity Equal Weight + Sector Sentiment,Sentiment fusion,Equal Weight + Sector Sentiment,Equity,True,0.009863932732486843,1.217835350929578,-0.07093095233258107,2022-07-01
2022-08-01,Equity Equal Weight,Base,Equal Weight,Equity,False,-0.0016167632894356562,1.223451170918373,-0.07248876975386964,2022-08-01
2022-08-01,Equity Equal Weight + Sector Sentiment,Sentiment fusion,Equal Weight + Sector Sentiment,Equity,True,-0.0015105131475736258,1.215995794620419,-0.0723343233440864,2022-08-01
2022-08-02,Equity Equal Weight,Base,Equal Weight,Equity,False,-0.009766373595193577,1.2115024897077071,-0.08154719094219098,2022-08-01
2022-08-02,Equity Equal Weight + Sector Sentiment,Sentiment fusion,Equal Weight + Sector Sentiment,Equity,True,-0.009689962020199916,1.2042128415538242,-0.08132336851832533,2022-08-01
2022-08-03,Equity Equal Weight,Base,Equal Weight,Equity,False,0.006390642598552435,1.2192447691266857,-0.07567768729586588,2022-08-01
2022-08-03,Equity Equal Weight + Sector Sentiment,Sentiment fusion,Equal Weight + Sector Sentiment,Equity,True,0.006114177207377825,1.2115756122624843,-0.07570641679716938,2022-08-01
2022-08-04,Equity Equal Weight,Base,Equal Weight,Equity,False,-0.0013548306398488402,1.2175928989559974,-0.07692998748621338,2022-08-01
2022-08-04,Equity Equal Weight + Sector Sentiment,Sentiment fusion,Equal Weight + Sector Sentiment,Equity,True,-0.001461264703208493,1.2098051795850169,-0.07705705438570587,2022-08-01
2022-08-05,Equity Equal Weight,Base,Equal Weight,Equity,False,0.0012453867441642144,1.2191092730121458,-0.07578040832869315,2022-08-01
2022-08-05,Equity Equal Weight + Sector Sentiment,Sentiment fusion,Equal Weight + Sector Sentiment,Equity,True,0.0013505921693149916,1.2114391329869612,-0.0758105348706346,2022-08-01
2022-08-08,Equity Equal Weight,Base,Equal Weight,Equity,False,-0.0002995871484246115,1.218744043541426,-0.07605729264068017,2022-08-01
2022-08-08,Equity Equal Weight + Sector Sentiment,Sentiment fusion,Equal Weight + Sector Sentiment,Equity,True,-0.0003663835120729565,1.2109952816627547,-0.07614914265268957,2022-08-01
2022-08-09,Equity Equal Weight,Base,Equal Weight,Equity,False,-0.0009765693351909402,1.2175538554810568,-0.07695958675616066,2022-08-01
2022-08-09,Equity Equal Weight + Sector Sentiment,Sentiment fusion,Equal Weight + Sector Sentiment,Equity,True,-0.0008113449068328471,1.210012746808779,-0.07689870434047164,2022-08-01
2022-08-10,Equity Equal Weight,Base,Equal Weight,Equity,False,0.01669386160300789,1.237879531038666,-0.061550477843484885,2022-08-01
2022-08-10,Equity Equal Weight + Sector Sentiment,Sentiment fusion,Equal Weight + Sector Sentiment,Equity,True,0.016549785111325075,1.2300381977504282,-0.06162157626132081,2022-08-01
2022-08-11,Equity Equal Weight,Base,Equal Weight,Equity,False,0.005780713311737086,1.2450353577220683,-0.056125570198361285,2022-08-01
2022-08-11,Equity Equal Weight + Sector Sentiment,Sentiment fusion,Equal Weight + Sector Sentiment,Equity,True,0.005914795586838245,1.2373136222541248,-0.05607125970180715,2022-08-01
2022-08-12,Equity Equal Weight,Base,Equal Weight,Equity,False,0.01490516596935585,1.263592816366632,-0.04205696516793689,2022-08-01
2022-08-12,Equity Equal Weight + Sector Sentiment,Sentiment fusion,Equal Weight + Sector Sentiment,Equity,True,0.014959299208745155,1.2558229669444805,-0.041950747243952535,2022-08-01
2022-08-15,Equity Equal Weight,Base,Equal Weight,Equity,False,0.00439258391531658,1.2691432538473135,-0.037849120001343994,2022-08-01
2022-08-15,Equity Equal Weight + Sector Sentiment,Sentiment fusion,Equal Weight + Sector Sentiment,Equity,True,0.004223405622859526,1.26112681672439,-0.03790451664288619,2022-08-01
2022-08-16,Equity Equal Weight,Base,Equal Weight,Equity,False,0.0028145708297887175,1.2727153474284152,-0.03514107820064438,2022-08-01
2022-08-16,Equity Equal Weight + Sector Sentiment,Sentiment fusion,Equal Weight + Sector Sentiment,Equity,True,0.002578327077648886,1.2643784141442997,-0.03542391980686288,2022-08-01
2022-08-17,Equity Equal Weight,Base,Equal Weight,Equity,False,-0.008260710163364469,1.2622018148228433,-0.04311149810216519,2022-08-01
2022-08-17,Equity Equal Weight + Sector Sentiment,Sentiment fusion,Equal Weight + Sector Sentiment,Equity,True,-0.008104836889811924,1.254130833330661,-0.04324165160464233,2022-08-01
2022-08-18,Equity Equal Weight,Base,Equal Weight,Equity,False,0.0038137458014912045,1.2670155316947587,-0.03946216859555696,2022-08-01
2022-08-18,Equity Equal Weight + Sector Sentiment,Sentiment fusion,Equal Weight + Sector Sentiment,Equity,True,0.004081703226680471,1.2592498231997462,-0.03933644796684366,2022-08-01
2022-08-19,Equity Equal Weight,Base,Equal Weight,Equity,False,-0.008981654695847488,1.2556356356948009,-0.04808938771952975,2022-08-01
2022-08-19,Equity Equal Weight + Sector Sentiment,Sentiment fusion,Equal Weight + Sector Sentiment,Equity,True,-0.008830386673996198,1.2481301603417312,-0.04781947859491098,2022-08-01
2022-08-22,Equity Equal Weight,Base,Equal Weight,Equity,False,-0.01935673846727022,1.231330625084472,-0.06651527248566191,2022-08-01
2022-08-22,Equity Equal Weight + Sector Sentiment,Sentiment fusion,Equal Weight + Sector Sentiment,Equity,True,-0.019366125098112138,1.2239587155178264,-0.06625952568842763,2022-08-01
2022-08-23,Equity Equal Weight,Base,Equal Weight,Equity,False,0.0019486535738077048,1.233730061907582,-0.06469623413529602,2022-08-01
2022-08-23,Equity Equal Weight + Sector Sentiment,Sentiment fusion,Equal Weight + Sector Sentiment,Equity,True,0.0021979928927757667,1.2266489680755857,-0.06420717076219373,2022-08-01
2022-08-24,Equity Equal Weight,Base,Equal Weight,Equity,False,0.0024583820091130934,1.2367630416958775,-0.0623969001842386,2022-08-01
2022-08-24,Equity Equal Weight + Sector Sentiment,Sentiment fusion,Equal Weight + Sector Sentiment,Equity,True,0.0026236380725308014,1.2298672510098594,-0.06175198906740409,2022-08-01
2022-08-25,Equity Equal Weight,Base,Equal Weight,Equity,False,0.013695141798581084,1.253700686923147,-0.049556292781472444,2022-08-01
2022-08-25,Equity Equal Weight + Sector Sentiment,Sentiment fusion,Equal Weight + Sector Sentiment,Equity,True,0.013649684247728134,1.2466545506527653,-0.048945199972115216,2022-08-01
2022-08-26,Equity Equal Weight,Base,Equal Weight,Equity,False,-0.027577299678903197,1.2191270073722207,-0.07576696372336544,2022-08-01
2022-08-26,Equity Equal Weight + Sector Sentiment,Sentiment fusion,Equal Weight + Sector Sentiment,Equity,True,-0.02759770639992394,1.212249744381721,-0.07519213111352319,2022-08-01
2022-08-29,Equity Equal Weight,Base,Equal Weight,Equity,False,-0.0034928481816605458,1.2148687818213073,-0.078995169403555,2022-08-01
2022-08-29,Equity Equal Weight + Sector Sentiment,Sentiment fusion,Equal Weight + Sector Sentiment,Equity,True,-0.0032589666025528157,1.2082990629508277,-0.07820604907200246,2022-08-01
2022-08-30,Equity Equal Weight,Base,Equal Weight,Equity,False,-0.01364533364119141,1.1982914919630878,-0.09156258760219238,2022-08-01
2022-08-30,Equity Equal Weight + Sector Sentiment,Sentiment fusion,Equal Weight + Sector Sentiment,Equity,True,-0.01399710750275032,1.1913863710712325,-0.0911084980985265,2022-08-01
2022-08-31,Equity Equal Weight,Base,Equal Weight,Equity,False,-0.007278695249996042,1.1895694933724255,-0.09817482668073096,2022-08-01
2022-08-31,Equity Equal Weight + Sector Sentiment,Sentiment fusion,Equal Weight + Sector Sentiment,Equity,True,-0.007360008127762788,1.1826177576968424,-0.09779794693977595,2022-08-01
2022-09-01,Equity Equal Weight,Base,Equal Weight,Equity,False,-0.000687755196964799,1.1887513607712077,-0.09879506163043505,2022-09-01
2022-09-01,Equity Equal Weight + Sector Sentiment,Sentiment fusion,Equal Weight + Sector Sentiment,Equity,True,-0.001037696989970169,1.1813905588093951,-0.0987341592945814,2022-09-01
2022-09-02,Equity Equal Weight,Base,Equal Weight,Equity,False,-0.009613545886802993,1.1773232450164342,-0.10745883665886435,2022-09-01
2022-09-02,Equity Equal Weight + Sector Sentiment,Sentiment fusion,Equal Weight + Sector Sentiment,Equity,True,-0.009469214843370117,1.1702037177940998,-0.10726843917121165,2022-09-01
2022-09-06,Equity Equal Weight,Base,Equal Weight,Equity,False,-0.003900518299277791,1.1727310741550823,-0.11094020979933528,2022-09-01
2022-09-06,Equity Equal Weight + Sector Sentiment,Sentiment fusion,Equal Weight + Sector Sentiment,Equity,True,-0.0039426421692648535,1.1655900232696943,-0.11078816026876881,2022-09-01
2022-09-07,Equity Equal Weight,Base,Equal Weight,Equity,False,0.015960464864984227,1.1914484072602096,-0.09675040225496745,2022-09-01
2022-09-07,Equity Equal Weight + Sector Sentiment,Sentiment fusion,Equal Weight + Sector Sentiment,Equity,True,0.01580198702154339,1.1840086616898424,-0.09673684631793322,2022-09-01
2022-09-08,Equity Equal Weight,Base,Equal Weight,Equity,False,0.006018702471834116,1.1986193807340495,-0.09131401166833619,2022-09-01
2022-09-08,Equity Equal Weight + Sector Sentiment,Sentiment fusion,Equal Weight + Sector Sentiment,Equity,True,0.005777012197203351,1.1908486941700192,-0.0915186840618275,2022-09-01
2022-09-09,Equity Equal Weight,Base,Equal Weight,Equity,False,0.014423439717681823,1.2159075951165124,-0.0782076340933322,2022-09-01
2022-09-09,Equity Equal Weight + Sector Sentiment,Sentiment fusion,Equal Weight + Sector Sentiment,Equity,True,0.014531791755762604,1.2081538594063197,-0.07831682276461283,2022-09-01
2022-09-12,Equity Equal Weight,Base,Equal Weight,Equity,False,0.008437920739043966,1.226167327030107,-0.07042962317195589,2022-09-01
2022-09-12,Equity Equal Weight + Sector Sentiment,Sentiment fusion,Equal Weight + Sector Sentiment,Equity,True,0.008572630642146566,1.218510916201894,-0.0704155733170938,2022-09-01
2022-09-13,Equity Equal Weight,Base,Equal Weight,Equity,False,-0.03985345235372455,1.1773003258846189,-0.10747621189430612,2022-09-01
2022-09-13,Equity Equal Weight + Sector Sentiment,Sentiment fusion,Equal Weight + Sector Sentiment,Equity,True,-0.039740033535163595,1.1700872515290677,-0.10735728960723834,2022-09-01
2022-09-14,Equity Equal Weight,Base,Equal Weight,Equity,False,0.003103688669766209,1.180954299566979,-0.1047060959256656,2022-09-01
2022-09-14,Equity Equal Weight + Sector Sentiment,Sentiment fusion,Equal Weight + Sector Sentiment,Equity,True,0.0033049896826692258,1.173954377823194,-0.10440711465908037,2022-09-01
2022-09-15,Equity Equal Weight,Base,Equal Weight,Equity,False,-0.016145963616459456,1.1618866544134692,-0.11916147872688787,2022-09-01
2022-09-15,Equity Equal Weight + Sector Sentiment,Sentiment fusion,Equal Weight + Sector Sentiment,Equity,True,-0.016627007664839842,1.1544350293849555,-0.11929814442821984,2022-09-01
2022-09-16,Equity Equal Weight,Base,Equal Weight,Equity,False,-0.007292396556558051,1.1534137161757136,-0.1255849025263036,2022-09-01
2022-09-16,Equity Equal Weight + Sector Sentiment,Sentiment fusion,Equal Weight + Sector Sentiment,Equity,True,-0.007649191650313427,1.1456045345973547,-0.12603480170827508,2022-09-01
2022-09-19,Equity Equal Weight,Base,Equal Weight,Equity,False,0.006265016710814869,1.1606398723820377,-0.12010667732844194,2022-09-01
2022-09-19,Equity Equal Weight + Sector Sentiment,Sentiment fusion,Equal Weight + Sector Sentiment,Equity,True,0.0063532598221178165,1.152882857859048,-0.1204822737280391,2022-09-01
2022-09-20,Equity Equal Weight,Base,Equal Weight,Equity,False,-0.015603711753318402,1.14252958236398,-0.13383627910907858,2022-09-01
2022-09-20,Equity Equal Weight + Sector Sentiment,Sentiment fusion,Equal Weight + Sector Sentiment,Equity,True,-0.01553585324608018,1.1349718389694283,-0.13414633205072635,2022-09-01
2022-09-21,Equity Equal Weight,Base,Equal Weight,Equity,False,-0.016928039373087095,1.1231887966088059,-0.1484987326798597,2022-09-01
2022-09-21,Equity Equal Weight + Sector Sentiment,Sentiment fusion,Equal Weight + Sector Sentiment,Equity,True,-0.016959017881656553,1.1157238312571691,-0.14883035988837612,2022-09-01
2022-09-22,Equity Equal Weight,Base,Equal Weight,Equity,False,-0.009024928838551797,1.1130520976471527,-0.1561834710233606,2022-09-01
2022-09-22,Equity Equal Weight + Sector Sentiment,Sentiment fusion,Equal Weight + Sector Sentiment,Equity,True,-0.009254530755989539,1.105398330745609,-0.15670753550135375,2022-09-01
2022-09-23,Equity Equal Weight,Base,Equal Weight,Equity,False,-0.022376044828069697,1.088146394014223,-0.17506474750240808,2022-09-01
2022-09-23,Equity Equal Weight + Sector Sentiment,Sentiment fusion,Equal Weight + Sector Sentiment,Equity,True,-0.022870339351168577,1.0801174958032416,-0.17599392033672112,2022-09-01
2022-09-26,Equity Equal Weight,Base,Equal Weight,Equity,False,-0.01582735000929845,1.070923920174804,-0.18812128647869653,2022-09-01
2022-09-26,Equity Equal Weight + Sector Sentiment,Sentiment fusion,Equal Weight + Sector Sentiment,Equity,True,-0.01608698142926119,1.0627416657068347,-0.1892496908378627,2022-09-01
2022-09-27,Equity Equal Weight,Base,Equal Weight,Equity,False,-0.003967652429991952,1.0666748662805858,-0.19134253902925802,2022-09-01
2022-09-27,Equity Equal Weight + Sector Sentiment,Sentiment fusion,Equal Weight + Sector Sentiment,Equity,True,-0.004052448246095507,1.0584349601075884,-0.1925352145062481,2022-09-01
2022-09-28,Equity Equal Weight,Base,Equal Weight,Equity,False,0.021236718193987338,1.0893275398203959,-0.174169308415157,2022-09-01
2022-09-28,Equity Equal Weight + Sector Sentiment,Sentiment fusion,Equal Weight + Sector Sentiment,Equity,True,0.021356950835729006,1.081039903513423,-0.17529022878087552,2022-09-01
2022-09-29,Equity Equal Weight,Base,Equal Weight,Equity,False,-0.01949945036138302,1.0680862515303806,-0.19027255299262225,2022-09-01
2022-09-29,Equity Equal Weight + Sector Sentiment,Sentiment fusion,Equal Weight + Sector Sentiment,Equity,True,-0.019780798267347518,1.0596560712630712,-0.19160364639447147,2022-09-01
2022-09-30,Equity Equal Weight,Base,Equal Weight,Equity,False,-0.015090940263487722,1.051967825712283,-0.20249210152511699,2022-09-01
2022-09-30,Equity Equal Weight + Sector Sentiment,Sentiment fusion,Equal Weight + Sector Sentiment,Equity,True,-0.014851867079684004,1.0439182001424918,-0.203609841585922,2022-09-01
2022-10-03,Equity Equal Weight,Base,Equal Weight,Equity,False,0.0321847780436476,1.0858251766918914,-0.17682448682464713,2022-10-03
2022-10-03,Equity Equal Weight + Sector Sentiment,Sentiment fusion,Equal Weight + Sector Sentiment,Equity,True,0.03194486011220575,1.0772660210146292,-0.17816926938064703,2022-10-03
2022-10-04,Equity Equal Weight,Base,Equal Weight,Equity,False,0.02971671377250862,1.118092332674628,-0.15236241571507725,2022-10-03
2022-10-04,Equity Equal Weight + Sector Sentiment,Sentiment fusion,Equal Weight + Sector Sentiment,Equity,True,0.029679655268891946,1.1092389051512344,-0.15377761660648293,2022-10-03
2022-10-05,Equity Equal Weight,Base,Equal Weight,Equity,False,-0.003080433110727425,1.1146481240322066,-0.1549735065956055,2022-10-03
2022-10-05,Equity Equal Weight + Sector Sentiment,Sentiment fusion,Equal Weight + Sector Sentiment,Equity,True,-0.003078847163583853,1.1058237280943726,-0.15638300599135524,2022-10-03
2022-10-06,Equity Equal Weight,Base,Equal Weight,Equity,False,-0.01093019255280784,1.1024648054079085,-0.16420980888073966,2022-10-03
2022-10-06,Equity Equal Weight + Sector Sentiment,Sentiment fusion,Equal Weight + Sector Sentiment,Equity,True,-0.01114765700507809,1.0934963844654997,-0.1657873588842187,2022-10-03
2022-10-07,Equity Equal Weight,Base,Equal Weight,Equity,False,-0.023419937888679257,1.0766451481408004,-0.18378396324472013,2022-10-03
2022-10-07,Equity Equal Weight + Sector Sentiment,Sentiment fusion,Equal Weight + Sector Sentiment,Equity,True,-0.022636804845209205,1.0687431202114122,-0.1846712676405633,2022-10-03
2022-10-10,Equity Equal Weight,Base,Equal Weight,Equity,False,-0.005956076655687656,1.0702325671074995,-0.1886454085272362,2022-10-03
2022-10-10,Equity Equal Weight + Sector Sentiment,Sentiment fusion,Equal Weight + Sector Sentiment,Equity,True,-0.0060686987011542275,1.0622572402259176,-0.1896192520596468,2022-10-03
2022-10-11,Equity Equal Weight,Base,Equal Weight,Equity,False,-0.0034076338240855526,1.066585606412186,-0.191410207876466,2022-10-03
2022-10-11,Equity Equal Weight + Sector Sentiment,Sentiment fusion,Equal Weight + Sector Sentiment,Equity,True,-0.0035510651536659974,1.058485095555922,-0.19249696689485962,2022-10-03
2022-10-12,Equity Equal Weight,Base,Equal Weight,Equity,False,-0.005256500287898012,1.0609790988650123,-0.19566056035155477,2022-10-03
2022-10-12,Equity Equal Weight + Sector Sentiment,Sentiment fusion,Equal Weight + Sector Sentiment,Equity,True,-0.0051248672814729924,1.0530604999217805,-0.19663531276891033,2022-10-03
2022-10-13,Equity Equal Weight,Base,Equal Weight,Equity,False,0.029823824173668884,1.0926215529615,-0.17167208232753228,2022-10-03
2022-10-13,Equity Equal Weight + Sector Sentiment,Sentiment fusion,Equal Weight + Sector Sentiment,Equity,True,0.029944307434357872,1.0845936672784169,-0.17257911359255584,2022-10-03
2022-10-14,Equity Equal Weight,Base,Equal Weight,Equity,False,-0.018462524981440076,1.0724490002446885,-0.1869651072003844,2022-10-03
2022-10-14,Equity Equal Weight + Sector Sentiment,Sentiment fusion,Equal Weight + Sector Sentiment,Equity,True,-0.01844522768128557,1.064588090143786,-0.1878410802305922,2022-10-03
2022-10-17,Equity Equal Weight,Base,Equal Weight,Equity,False,0.019579942251181776,1.0934474897368172,-0.17104593095117215,2022-10-03
2022-10-17,Equity Equal Weight + Sector Sentiment,Sentiment fusion,Equal Weight + Sector Sentiment,Equity,True,0.01965246146447895,1.08550986656088,-0.17188015835679116,2022-10-03
2022-10-18,Equity Equal Weight,Base,Equal Weight,Equity,False,0.011810061568663436,1.1063611719127093,-0.16125593235811153,2022-10-03
2022-10-18,Equity Equal Weight + Sector Sentiment,Sentiment fusion,Equal Weight + Sector Sentiment,Equity,True,0.011971348965231707,1.0985048839786824,-0.16196644674744787,2022-10-03
2022-10-19,Equity Equal Weight,Base,Equal Weight,Equity,False,-0.0072761780740363755,1.098311091011673,-0.16735878355281553,2022-10-03
2022-10-19,Equity Equal Weight + Sector Sentiment,Sentiment fusion,Equal Weight + Sector Sentiment,Equity,True,-0.007308546343138009,1.0904764101259607,-0.16809125380849876,2022-10-03
2022-10-20,Equity Equal Weight,Base,Equal Weight,Equity,False,-0.0037545364491887393,1.0941874419879214,-0.1704849653490632,2022-10-03
2022-10-20,Equity Equal Weight + Sector Sentiment,Sentiment fusion,Equal Weight + Sector Sentiment,Equity,True,-0.003955713495199146,1.0861627978742292,-0.1713820464625827,2022-10-03
2022-10-21,Equity Equal Weight,Base,Equal Weight,Equity,False,0.024666311338928344,1.121177010095141,-0.1500238892440413,2022-10-03
2022-10-21,Equity Equal Weight + Sector Sentiment,Sentiment fusion,Equal Weight + Sector Sentiment,Equity,True,0.024513808898072205,1.1127887851335136,-0.15106946430005463,2022-10-03
2022-10-24,Equity Equal Weight,Base,Equal Weight,Equity,False,0.008306729831362703,1.1304903246111362,-0.14296336732887927,2022-10-03
2022-10-24,Equity Equal Weight + Sector Sentiment,Sentiment fusion,Equal Weight + Sector Sentiment,Equity,True,0.008066235060829065,1.121764801047455,-0.1442217910487833,2022-10-03
2022-10-25,Equity Equal Weight,Base,Equal Weight,Equity,False,0.016016301376917036,1.148596598353797,-0.1292368103289605,2022-10-03
2022-10-25,Equity Equal Weight + Sector Sentiment,Sentiment fusion,Equal Weight + Sector Sentiment,Equity,True,0.016023746079788796,1.139739675380684,-0.1305090183279327,2022-10-03
2022-10-26,Equity Equal Weight,Base,Equal Weight,Equity,False,0.00491048467255612,1.1542367643449634,-0.12496094103265476,2022-10-03
2022-10-26,Equity Equal Weight + Sector Sentiment,Sentiment fusion,Equal Weight + Sector Sentiment,Equity,True,0.005315472384111712,1.1457979301502466,-0.12588726302662068,2022-10-03
2022-10-27,Equity Equal Weight,Base,Equal Weight,Equity,False,6.750475335683383e-05,1.154314680813056,-0.12490187173680145,2022-10-03
2022-10-27,Equity Equal Weight + Sector Sentiment,Sentiment fusion,Equal Weight + Sector Sentiment,Equity,True,0.0003142046395124698,1.1461579451758435,-0.12561261274920676,2022-10-03
2022-10-28,Equity Equal Weight,Base,Equal Weight,Equity,False,0.023408456192025445,1.1813354054506802,-0.10441717553762897,2022-10-03
2022-10-28,Equity Equal Weight + Sector Sentiment,Sentiment fusion,Equal Weight + Sector Sentiment,Equity,True,0.022967913021209794,1.1724828011692108,-0.1055297592919876,2022-10-03
2022-10-31,Equity Equal Weight,Base,Equal Weight,Equity,False,-0.007439346393211248,1.172547042162968,-0.11107972639261499,2022-10-03
2022-10-31,Equity Equal Weight + Sector Sentiment,Sentiment fusion,Equal Weight + Sector Sentiment,Equity,True,-0.006937471180613964,1.1643487355263338,-0.11173512080881631,2022-10-03
2022-11-01,Equity Equal Weight,Base,Equal Weight,Equity,False,0.002382415505355267,1.1753405364169756,-0.10896194894974809,2022-11-01
2022-11-01,Equity Equal Weight + Sector Sentiment,Sentiment fusion,Equal Weight + Sector Sentiment,Equity,True,0.002336768355840844,1.1670695488066751,-0.10965945154751755,2022-11-01
2022-11-02,Equity Equal Weight,Base,Equal Weight,Equity,False,-0.017121372626882365,1.1552170931295007,-0.12421774344651049,2022-11-01
2022-11-02,Equity Equal Weight + Sector Sentiment,Sentiment fusion,Equal Weight + Sector Sentiment,Equity,True,-0.01691144050095922,1.1473327215715499,-0.12471639275826296,2022-11-01
2022-11-03,Equity Equal Weight,Base,Equal Weight,Equity,False,-0.002230025980833634,1.1526409289983188,-0.1261707606321778,2022-11-01
2022-11-03,Equity Equal Weight + Sector Sentiment,Sentiment fusion,Equal Weight + Sector Sentiment,Equity,True,-0.0021723236081297595,1.1448403436141001,-0.12661779200208323,2022-11-01
2022-11-04,Equity Equal Weight,Base,Equal Weight,Equity,False,0.018554139073698996,1.174027189096991,-0.10995761139828275,2022-11-01
2022-11-04,Equity Equal Weight + Sector Sentiment,Sentiment fusion,Equal Weight + Sector Sentiment,Equity,True,0.018114905750101065,1.165579018537583,-0.1107965556203857,2022-11-01
2022-11-07,Equity Equal Weight,Base,Equal Weight,Equity,False,0.007642691898989188,1.1829999171842958,-0.10315529164515946,2022-11-01
2022-11-07,Equity Equal Weight + Sector Sentiment,Sentiment fusion,Equal Weight + Sector Sentiment,Equity,True,0.007204230766337478,1.173976118763529,-0.1043905288088528,2022-11-01
2022-11-08,Equity Equal Weight,Base,Equal Weight,Equity,False,0.007187529304418124,1.1915027637561821,-0.09670919402234668,2022-11-01
2022-11-08,Equity Equal Weight + Sector Sentiment,Sentiment fusion,Equal Weight + Sector Sentiment,Equity,True,0.006808133781915511,1.1819687052368448,-0.098293099712633,2022-11-01
2022-11-09,Equity Equal Weight,Base,Equal Weight,Equity,False,-0.021372852933680526,1.1660369504163475,-0.11601509557485268,2022-11-01
2022-11-09,Equity Equal Weight + Sector Sentiment,Sentiment fusion,Equal Weight + Sector Sentiment,Equity,True,-0.02119892740230052,1.1569122364627378,-0.11740831882997838,2022-11-01
2022-11-10,Equity Equal Weight,Base,Equal Weight,Equity,False,0.04928761538731936,1.2235081311558713,-0.07244558759734965,2022-11-01
2022-11-10,Equity Equal Weight + Sector Sentiment,Sentiment fusion,Equal Weight + Sector Sentiment,Equity,True,0.049373306837453654,1.214032819297617,-0.0738318489433869,2022-11-01
2022-11-11,Equity Equal Weight,Base,Equal Weight,Equity,False,0.011639787227017716,1.2377495054730518,-0.06164905159550127,2022-11-01
2022-11-11,Equity Equal Weight + Sector Sentiment,Sentiment fusion,Equal Weight + Sector Sentiment,Equity,True,0.011391247343418585,1.227862167425264,-0.0632816384531043,2022-11-01
2022-11-14,Equity Equal Weight,Base,Equal Weight,Equity,False,-0.008590830164419846,1.2271162096854382,-0.06971026522786661,2022-11-01
2022-11-14,Equity Equal Weight + Sector Sentiment,Sentiment fusion,Equal Weight + Sector Sentiment,Equity,True,-0.008858517894571899,1.2169851284430595,-0.0715795748210416,2022-11-01
2022-11-15,Equity Equal Weight,Base,Equal Weight,Equity,False,0.009769950151148494,1.2391050738837313,-0.06062138089301772,2022-11-01
2022-11-15,Equity Equal Weight + Sector Sentiment,Sentiment fusion,Equal Weight + Sector Sentiment,Equity,True,0.009803450220868353,1.2289157815692882,-0.062477851398762274,2022-11-01
2022-11-16,Equity Equal Weight,Base,Equal Weight,Equity,False,-0.010977110238784449,1.2255032808902724,-0.07093304355091212,2022-11-01
2022-11-16,Equity Equal Weight + Sector Sentiment,Sentiment fusion,Equal Weight + Sector Sentiment,Equity,True,-0.010752087872910092,1.2157023710974493,-0.07255817192332215,2022-11-01
2022-11-17,Equity Equal Weight,Base,Equal Weight,Equity,False,-0.002155329415020592,1.2228619176207653,-0.07293548889067059,2022-11-01
2022-11-17,Equity Equal Weight + Sector Sentiment,Sentiment fusion,Equal Weight + Sector Sentiment,Equity,True,-0.0023346603255918526,1.2128641190039202,-0.0747234335636271,2022-11-01
2022-11-18,Equity Equal Weight,Base,Equal Weight,Equity,False,0.004875489548294265,1.2288239681191326,-0.06841559555616239,2022-11-01
2022-11-18,Equity Equal Weight + Sector Sentiment,Sentiment fusion,Equal Weight + Sector Sentiment,Equity,True,0.004993363329761056,1.2189203902197372,-0.07010319148689659,2022-11-01
2022-11-21,Equity Equal Weight,Base,Equal Weight,Equity,False,0.0005924241313309367,1.2295519530910042,-0.06786370247459828,2022-11-01
2022-11-21,Equity Equal Weight + Sector Sentiment,Sentiment fusion,Equal Weight + Sector Sentiment,Equity,True,0.000526721416108778,1.2195624216937977,-0.0696133949230815,2022-11-01
2022-11-22,Equity Equal Weight,Base,Equal Weight,Equity,False,0.014796078622159956,1.247744500458969,-0.054071740529843426,2022-11-01
2022-11-22,Equity Equal Weight + Sector Sentiment,Sentiment fusion,Equal Weight + Sector Sentiment,Equity,True,0.014657806958901641,1.2374385322453159,-0.055975967668716264,2022-11-01
2022-11-23,Equity Equal Weight,Base,Equal Weight,Equity,False,0.003432975946991169,1.2520279773170349,-0.05082439156750329,2022-11-01
2022-11-23,Equity Equal Weight + Sector Sentiment,Sentiment fusion,Equal Weight + Sector Sentiment,Equity,True,0.0035704872844059144,1.2418567907899318,-0.05260534186510368,2022-11-01
2022-11-25,Equity Equal Weight,Base,Equal Weight,Equity,False,0.0006559898607796781,1.2528492949755672,-0.05020174199227234,2022-11-01
2022-11-25,Equity Equal Weight + Sector Sentiment,Sentiment fusion,Equal Weight + Sector Sentiment,Equity,True,0.000780773107473259,1.2428263991755135,-0.051865641593868195,2022-11-01
2022-11-28,Equity Equal Weight,Base,Equal Weight,Equity,False,-0.018427636679132185,1.2297622433540505,-0.06770427920931144,2022-11-01
2022-11-28,Equity Equal Weight + Sector Sentiment,Sentiment fusion,Equal Weight + Sector Sentiment,Equity,True,-0.018417012297120065,1.2199372500987127,-0.06932744373195598,2022-11-01
2022-11-29,Equity Equal Weight,Base,Equal Weight,Equity,False,0.004221745751968521,1.2349539868808617,-0.063768363710485,2022-11-01
2022-11-29,Equity Equal Weight + Sector Sentiment,Sentiment fusion,Equal Weight + Sector Sentiment,Equity,True,0.004103824106052175,1.2249436579935389,-0.06550812726070188,2022-11-01
2022-11-30,Equity Equal Weight,Base,Equal Weight,Equity,False,0.023922814871861493,1.2644975624842798,-0.041371067598350963,2022-11-01
2022-11-30,Equity Equal Weight + Sector Sentiment,Sentiment fusion,Equal Weight + Sector Sentiment,Equity,True,0.02395523450412751,1.254287470575118,-0.043122155307030674,2022-11-01
2022-12-01,Equity Equal Weight,Base,Equal Weight,Equity,False,-0.00026709377345173873,1.2641598230587954,-0.041627111417246065,2022-12-01
2022-12-01,Equity Equal Weight + Sector Sentiment,Sentiment fusion,Equal Weight + Sector Sentiment,Equity,True,-0.00020950102049345677,1.2540246960700403,-0.04332262219198135,2022-12-01
2022-12-02,Equity Equal Weight,Base,Equal Weight,Equity,False,0.0015183411558823221,1.2660792489457584,-0.04017197441782905,2022-12-01
2022-12-02,Equity Equal Weight + Sector Sentiment,Sentiment fusion,Equal Weight + Sector Sentiment,Equity,True,0.0016487528715395505,1.2560922728886674,-0.04174529761818335,2022-12-01
2022-12-05,Equity Equal Weight,Base,Equal Weight,Equity,False,-0.017184994613129712,1.2443216838728302,-0.05666661386698968,2022-12-01
2022-12-05,Equity Equal Weight + Sector Sentiment,Sentiment fusion,Equal Weight + Sector Sentiment,Equity,True,-0.0170637093505338,1.2346586794266439,-0.05809667734340895,2022-12-01
2022-12-06,Equity Equal Weight,Base,Equal Weight,Equity,False,-0.012274126807731047,1.2290487217353656,-0.06824520747035256,2022-12-01
2022-12-06,Equity Equal Weight + Sector Sentiment,Sentiment fusion,Equal Weight + Sector Sentiment,Equity,True,-0.012117309569858143,1.219697937994919,-0.06951001148891678,2022-12-01
2022-12-07,Equity Equal Weight,Base,Equal Weight,Equity,False,-0.001143730586430581,1.2276430211201035,-0.06931088392562201,2022-12-01
2022-12-07,Equity Equal Weight + Sector Sentiment,Sentiment fusion,Equal Weight + Sector Sentiment,Equity,True,-0.0011003154238806384,1.218355885541268,-0.07053384397504192,2022-12-01
2022-12-08,Equity Equal Weight,Base,Equal Weight,Equity,False,0.007052206878663345,1.2363006136781898,-0.06274747173934514,2022-12-01
2022-12-08,Equity Equal Weight + Sector Sentiment,Sentiment fusion,Equal Weight + Sector Sentiment,Equity,True,0.0070409934656047975,1.2269343213701451,-0.06398947884396944,2022-12-01
2022-12-09,Equity Equal Weight,Base,Equal Weight,Equity,False,-0.01025478533043915,1.2236226162810298,-0.07235879521706945,2022-12-01
2022-12-09,Equity Equal Weight + Sector Sentiment,Sentiment fusion,Equal Weight + Sector Sentiment,Equity,True,-0.010418219183644831,1.2141518506861744,-0.07374104161157069,2022-12-01
2022-12-12,Equity Equal Weight,Base,Equal Weight,Equity,False,0.016563221778664487,1.243889749047882,-0.05699406821122244,2022-12-01
2022-12-12,Equity Equal Weight + Sector Sentiment,Sentiment fusion,Equal Weight + Sector Sentiment,Equity,True,0.01654337025819768,1.2342380143017517,-0.0584175967079783,2022-12-01
2022-12-13,Equity Equal Weight,Base,Equal Weight,Equity,False,0.008761215922174305,1.2547877357226698,-0.04873218962692971,2022-12-01
2022-12-13,Equity Equal Weight + Sector Sentiment,Sentiment fusion,Equal Weight + Sector Sentiment,Equity,True,0.00882256062715428,1.2451271540112676,-0.0501104288694727,2022-12-01
2022-12-14,Equity Equal Weight,Base,Equal Weight,Equity,False,-0.008771137905100746,1.243781819451017,-0.05707589077639519,2022-12-01
2022-12-14,Equity Equal Weight + Sector Sentiment,Sentiment fusion,Equal Weight + Sector Sentiment,Equity,True,-0.00868912853562152,1.234308084126871,-0.058364141447672324,2022-12-01
2022-12-15,Equity Equal Weight,Base,Equal Weight,Equity,False,-0.02157716525717716,1.21694453358885,-0.07742152010608938,2022-12-01
2022-12-15,Equity Equal Weight + Sector Sentiment,Sentiment fusion,Equal Weight + Sector Sentiment,Equity,True,-0.021542062273416256,1.2077185425140289,-0.07864891975148836,2022-12-01
2022-12-16,Equity Equal Weight,Base,Equal Weight,Equity,False,-0.009633909748084899,1.20522059978383,-0.08630955791691264,2022-12-01
2022-12-16,Equity Equal Weight + Sector Sentiment,Sentiment fusion,Equal Weight + Sector Sentiment,Equity,True,-0.009648075294783431,1.1960663830809475,-0.08753818434665595,2022-12-01
2022-12-19,Equity Equal Weight,Base,Equal Weight,Equity,False,-0.006678064825197673,1.1971720584898098,-0.09241124191930705,2022-12-01
2022-12-19,Equity Equal Weight + Sector Sentiment,Sentiment fusion,Equal Weight + Sector Sentiment,Equity,True,-0.00660868191366856,1.1881619608075333,-0.09356835424467747,2022-12-01
2022-12-20,Equity Equal Weight,Base,Equal Weight,Equity,False,0.0031752976786796937,1.2009734361481126,-0.08952937744257772,2022-12-01
2022-12-20,Equity Equal Weight + Sector Sentiment,Sentiment fusion,Equal Weight + Sector Sentiment,Equity,True,0.0033048179951075275,1.1920886198367124,-0.09057276263045022,2022-12-01
2022-12-21,Equity Equal Weight,Base,Equal Weight,Equity,False,0.01780029308781438,1.2223511153022284,-0.07332273351321084,2022-12-01
2022-12-21,Equity Equal Weight + Sector Sentiment,Sentiment fusion,Equal Weight + Sector Sentiment,Equity,True,0.01779275450856091,1.2132991600019163,-0.07439154705253515,2022-12-01
2022-12-22,Equity Equal Weight,Base,Equal Weight,Equity,False,-0.01146311503656168,1.2083391638524494,-0.08394534162071543,2022-12-01
2022-12-22,Equity Equal Weight + Sector Sentiment,Sentiment fusion,Equal Weight + Sector Sentiment,Equity,True,-0.011432879692646019,1.199427656674426,-0.08497391713757962,2022-12-01
2022-12-23,Equity Equal Weight,Base,Equal Weight,Equity,False,0.007719453178407679,1.2176668814514449,-0.07687390057649424,2022-12-01
2022-12-23,Equity Equal Weight + Sector Sentiment,Sentiment fusion,Equal Weight + Sector Sentiment,Equity,True,0.007839893924533381,1.2088310422729052,-0.07780020970975687,2022-12-01
2022-12-27,Equity Equal Weight,Base,Equal Weight,Equity,False,0.000602190548185646,1.2184001489382936,-0.07631800276463785,2022-12-01
2022-12-27,Equity Equal Weight + Sector Sentiment,Sentiment fusion,Equal Weight + Sector Sentiment,Equity,True,0.0007144275733800876,1.2096946645010629,-0.07714136475140809,2022-12-01
2022-12-28,Equity Equal Weight,Base,Equal Weight,Equity,False,-0.012830416580132974,1.2027675674661193,-0.08816922757673673,2022-12-01
2022-12-28,Equity Equal Weight + Sector Sentiment,Sentiment fusion,Equal Weight + Sector Sentiment,Equity,True,-0.012929996367183439,1.1940533168836631,-0.08907392355259613,2022-12-01
2022-12-29,Equity Equal Weight,Base,Equal Weight,Equity,False,0.013300522362961403,1.2187650043946472,-0.0760414019968847,2022-12-01
2022-12-29,Equity Equal Weight + Sector Sentiment,Sentiment fusion,Equal Weight + Sector Sentiment,Equity,True,0.013225366469828598,1.209845109583964,-0.07702659236465614,2022-12-01
2022-12-30,Equity Equal Weight,Base,Equal Weight,Equity,False,-0.0019565841486649136,1.216380388106101,-0.07784920474376034,2022-12-01
2022-12-30,Equity Equal Weight + Sector Sentiment,Sentiment fusion,Equal Weight + Sector Sentiment,Equity,True,-0.0019860578086280264,1.2074422872568442,-0.07885967090804635,2022-12-01
2023-01-03,Equity Equal Weight,Base,Equal Weight,Equity,False,0.002250905749167053,1.219118345714863,-0.07577353021711908,2023-01-03
2023-01-03,Equity Equal Weight + Sector Sentiment,Sentiment fusion,Equal Weight + Sector Sentiment,Equity,True,0.0020473877211269836,1.2099143897697433,-0.07697373950882869,2023-01-03
2023-01-04,Equity Equal Weight,Base,Equal Weight,Equity,False,0.018545082880457822,1.241726996477232,-0.058633673734682534,2023-01-03
2023-01-04,Equity Equal Weight + Sector Sentiment,Sentiment fusion,Equal Weight + Sector Sentiment,Equity,True,0.01835290537380497,1.2321198340755923,-0.06003352589249722,2023-01-03
2023-01-05,Equity Equal Weight,Base,Equal Weight,Equity,False,-0.006906765570471076,1.2331506792100386,-0.06513547026613264,2023-01-03
2023-01-05,Equity Equal Weight + Sector Sentiment,Sentiment fusion,Equal Weight + Sector Sentiment,Equity,True,-0.0067616317469673184,1.2237886934894386,-0.0663892330449074,2023-01-03
2023-01-06,Equity Equal Weight,Base,Equal Weight,Equity,False,0.023276105438488397,1.2618536244408751,-0.04337546490134425,2023-01-03
2023-01-06,Equity Equal Weight + Sector Sentiment,Sentiment fusion,Equal Weight + Sector Sentiment,Equity,True,0.023152321023240253,1.2521222421857179,-0.04477397685760964,2023-01-03
2023-01-09,Equity Equal Weight,Base,Equal Weight,Equity,False,3.042150860748714e-05,1.2618920119317725,-0.04334636293981553,2023-01-03
2023-01-09,Equity Equal Weight + Sector Sentiment,Sentiment fusion,Equal Weight + Sector Sentiment,Equity,True,3.212237806931789e-05,1.2521624633297703,-0.04474329272615263,2023-01-03
2023-01-10,Equity Equal Weight,Base,Equal Weight,Equity,False,0.007782121706705283,1.2717122091493447,-0.035901567905050946,2023-01-03
2023-01-10,Equity Equal Weight + Sector Sentiment,Sentiment fusion,Equal Weight + Sector Sentiment,Equity,True,0.007595920173351499,1.2616737894452905,-0.03748723903264184,2023-01-03
2023-01-11,Equity Equal Weight,Base,Equal Weight,Equity,False,0.009909457816524754,1.2843141876406698,-0.026347875161228274,2023-01-03
2023-01-11,Equity Equal Weight + Sector Sentiment,Sentiment fusion,Equal Weight + Sector Sentiment,Equity,True,0.009859577708065188,1.2741133602145556,-0.027997269670879676,2023-01-03
2023-01-12,Equity Equal Weight,Base,Equal Weight,Equity,False,0.007304297406839226,1.2936952004310203,-0.01923603047060507,2023-01-03
2023-01-12,Equity Equal Weight + Sector Sentiment,Sentiment fusion,Equal Weight + Sector Sentiment,Equity,True,0.007371997588596992,1.2835061208336567,-0.02083166788678359,2023-01-03
2023-01-13,Equity Equal Weight,Base,Equal Weight,Equity,False,0.0034800636760942217,1.2981973421059778,-0.015822909405423746,2023-01-03
2023-01-13,Equity Equal Weight + Sector Sentiment,Sentiment fusion,Equal Weight + Sector Sentiment,Equity,True,0.003428478365173452,1.2879065938005025,-0.017474610444270455,2023-01-03
2023-01-17,Equity Equal Weight,Base,Equal Weight,Equity,False,-0.004112632766882071,1.2928583331789536,-0.019870468356617654,2023-01-03
2023-01-17,Equity Equal Weight + Sector Sentiment,Sentiment fusion,Equal Weight + Sector Sentiment,Equity,True,-0.003970291784949424,1.2827932288313542,-0.021375522926927792,2023-01-03
2023-01-18,Equity Equal Weight,Base,Equal Weight,Equity,False,-0.015895227437531533,1.2723080559285662,-0.03544985018033042,2023-01-03
2023-01-18,Equity Equal Weight + Sector Sentiment,Sentiment fusion,Equal Weight + Sector Sentiment,Equity,True,-0.015932139765191915,1.2623555878197712,-0.03696710487329391,2023-01-03
2023-01-19,Equity Equal Weight,Base,Equal Weight,Equity,False,-0.007776372081614363,1.2624141150832302,-0.04295055103670509,2023-01-03
2023-01-19,Equity Equal Weight + Sector Sentiment,Sentiment fusion,Equal Weight + Sector Sentiment,Equity,True,-0.00773893159658656,1.2525863042750651,-0.04441995057394221,2023-01-03
2023-01-20,Equity Equal Weight,Base,Equal Weight,Equity,False,0.015597697476367873,1.282104868540195,-0.028022783261851147,2023-01-03
2023-01-20,Equity Equal Weight + Sector Sentiment,Sentiment fusion,Equal Weight + Sector Sentiment,Equity,True,0.015433745335014293,1.2719184023053733,-0.029671771443880002,2023-01-03
2023-01-23,Equity Equal Weight,Base,Equal Weight,Equity,False,0.011988523736075623,1.2974754131888273,-0.016370211328061046,2023-01-03
2023-01-23,Equity Equal Weight + Sector Sentiment,Sentiment fusion,Equal Weight + Sector Sentiment,Equity,True,0.01190724069105871,1.2870634408610102,-0.01811783967713365,2023-01-03
2023-01-24,Equity Equal Weight,Base,Equal Weight,Equity,False,-0.0029241967203046575,1.2936813398409046,-0.01924653833008949,2023-01-03
2023-01-24,Equity Equal Weight + Sector Sentiment,Sentiment fusion,Equal Weight + Sector Sentiment,Equity,True,-0.003015425835187298,1.2831823965099127,-0.02107863251048081,2023-01-03
2023-01-25,Equity Equal Weight,Base,Equal Weight,Equity,False,0.0021112797690973992,1.2964126630813695,-0.017175893387993635,2023-01-03
2023-01-25,Equity Equal Weight + Sector Sentiment,Sentiment fusion,Equal Weight + Sector Sentiment,Equity,True,0.002072643942210145,1.2858419767307896,-0.019049677068253668,2023-01-03
2023-01-26,Equity Equal Weight,Base,Equal Weight,Equity,False,0.008731238443590753,1.3077319511640233,-0.00859462176505521,2023-01-03
2023-01-26,Equity Equal Weight + Sector Sentiment,Sentiment fusion,Equal Weight + Sector Sentiment,Equity,True,0.00896688800995547,1.2973719777346342,-0.010253605379195174,2023-01-03
2023-01-27,Equity Equal Weight,Base,Equal Weight,Equity,False,-0.0011044634544705918,1.3062876090157192,-0.009689592773881262,2023-01-03
2023-01-27,Equity Equal Weight + Sector Sentiment,Sentiment fusion,Equal Weight + Sector Sentiment,Equity,True,-0.0010700247383025152,1.2959837576236777,-0.011312658506085205,2023-01-03
2023-01-30,Equity Equal Weight,Base,Equal Weight,Equity,False,-0.010706329978273914,1.2923020628270665,-0.020292182774562795,2023-01-03
2023-01-30,Equity Equal Weight + Sector Sentiment,Sentiment fusion,Equal Weight + Sector Sentiment,Equity,True,-0.010812158193967953,1.2819713762194374,-0.022002502446691108,2023-01-03
2023-01-31,Equity Equal Weight,Base,Equal Weight,Equity,False,0.011942488332101174,1.307735365133929,-0.00859203359847982,2023-01-03
2023-01-31,Equity Equal Weight + Sector Sentiment,Sentiment fusion,Equal Weight + Sector Sentiment,Equity,True,0.011873416419045227,1.2971927562065872,-0.010390330901456468,2023-01-03
2023-02-01,Equity Equal Weight,Base,Equal Weight,Equity,False,0.006518284067217187,1.3162595557286179,-0.0021297548469726424,2023-02-01
2023-02-01,Equity Equal Weight + Sector Sentiment,Sentiment fusion,Equal Weight + Sector Sentiment,Equity,True,0.006324459495698097,1.305396799251329,-0.004131584632691476,2023-02-01
2023-02-02,Equity Equal Weight,Base,Equal Weight,Equity,False,0.00046220657119833846,1.3168679395446783,-0.0016685326624594765,2023-02-01
2023-02-02,Equity Equal Weight + Sector Sentiment,Sentiment fusion,Equal Weight + Sector Sentiment,Equity,True,0.0003601056342169887,1.3058668799936282,-0.0037729668053788634,2023-02-01
2023-02-03,Equity Equal Weight,Base,Equal Weight,Equity,False,-0.012949497310195885,1.2998151617036613,-0.014596423313430917,2023-02-01
2023-02-03,Equity Equal Weight + Sector Sentiment,Sentiment fusion,Equal Weight + Sector Sentiment,Equity,True,-0.012914976788696266,1.2890016395493833,-0.0166392158153591,2023-02-01
2023-02-06,Equity Equal Weight,Base,Equal Weight,Equity,False,-0.004753319540309472,1.2936367248967449,-0.019280361389585998,2023-02-01
2023-02-06,Equity Equal Weight + Sector Sentiment,Sentiment fusion,Equal Weight + Sector Sentiment,Equity,True,-0.004467508349063043,1.2832430139627404,-0.021032388328845242,2023-02-01
2023-02-07,Equity Equal Weight,Base,Equal Weight,Equity,False,0.010736627026255635,1.307526019919428,-0.008750740412501679,2023-02-01
2023-02-07,Equity Equal Weight + Sector Sentiment,Sentiment fusion,Equal Weight + Sector Sentiment,Equity,True,0.010526084560422906,1.2967505384392841,-0.010727692466479422,2023-02-01
2023-02-08,Equity Equal Weight,Base,Equal Weight,Equity,False,-0.009588321735836031,1.2949890397624635,-0.01825515723383586,2023-02-01
2023-02-08,Equity Equal Weight + Sector Sentiment,Sentiment fusion,Equal Weight + Sector Sentiment,Equity,True,-0.009590511459426033,1.2843140375403652,-0.02021531986837255,2023-02-01
2023-02-09,Equity Equal Weight,Base,Equal Weight,Equity,False,-0.009693282094659653,1.2824363456905534,-0.027771486939745627,2023-02-01
2023-02-09,Equity Equal Weight + Sector Sentiment,Sentiment fusion,Equal Weight + Sector Sentiment,Equity,True,-0.009806247057740483,1.2717197367885202,-0.029823330505132528,2023-02-01
2023-02-10,Equity Equal Weight,Base,Equal Weight,Equity,False,0.007181624715616184,1.2916463222469692,-0.020789306621125325,2023-02-01
2023-02-10,Equity Equal Weight + Sector Sentiment,Sentiment fusion,Equal Weight + Sector Sentiment,Equity,True,0.007444142935679405,1.2811866002832983,-0.02260119670455152,2023-02-01
2023-02-13,Equity Equal Weight,Base,Equal Weight,Equity,False,0.008827761579968455,1.3030486680254088,-0.012145068083420862,2023-02-01
2023-02-13,Equity Equal Weight + Sector Sentiment,Sentiment fusion,Equal Weight + Sector Sentiment,Equity,True,0.008701619642922907,1.292334998770573,-0.014096244078826592,2023-02-01
2023-02-14,Equity Equal Weight,Base,Equal Weight,Equity,False,-0.0003612301921311565,1.3025779675047016,-0.012501911110274877,2023-02-01
2023-02-14,Equity Equal Weight + Sector Sentiment,Sentiment fusion,Equal Weight + Sector Sentiment,Equity,True,-0.0004871417187036223,1.291705448478131,-0.01457651892896239,2023-02-01
2023-02-15,Equity Equal Weight,Base,Equal Weight,Equity,False,0.00017669496084403154,1.302808126467666,-0.012327425174124995,2023-02-01
2023-02-15,Equity Equal Weight + Sector Sentiment,Sentiment fusion,Equal Weight + Sector Sentiment,Equity,True,0.00017177946883953062,1.2919273369539677,-0.014407243406802106,2023-02-01
2023-02-16,Equity Equal Weight,Base,Equal Weight,Equity,False,-0.014195348622545767,1.284314310924172,-0.026347781698705663,2023-02-01
2023-02-16,Equity Equal Weight + Sector Sentiment,Sentiment fusion,Equal Weight + Sector Sentiment,Equity,True,-0.014048589794628794,1.2737775797526343,-0.02825343174873729,2023-02-01
2023-02-17,Equity Equal Weight,Base,Equal Weight,Equity,False,-0.0028890962180575307,1.2806038033056837,-0.029160756640303376,2023-02-01
2023-02-17,Equity Equal Weight + Sector Sentiment,Sentiment fusion,Equal Weight + Sector Sentiment,Equity,True,-0.0028073728407225613,1.2702016111701155,-0.030981486672511105,2023-02-01
2023-02-21,Equity Equal Weight,Base,Equal Weight,Equity,False,-0.017682778803168778,1.2579591695173327,-0.046327892234068524,2023-02-01
2023-02-21,Equity Equal Weight + Sector Sentiment,Sentiment fusion,Equal Weight + Sector Sentiment,Equity,True,-0.017673182364518397,1.2477531064562009,-0.048107127573142394,2023-02-01
2023-02-22,Equity Equal Weight,Base,Equal Weight,Equity,False,-0.0054353695870858944,1.2511216965055423,-0.051511452604671604,2023-02-01
2023-02-22,Equity Equal Weight + Sector Sentiment,Sentiment fusion,Equal Weight + Sector Sentiment,Equity,True,-0.005466466109736588,1.2409323063864395,-0.053310617700363716,2023-02-01
2023-02-23,Equity Equal Weight,Base,Equal Weight,Equity,False,0.0057606128969761436,1.2583289242861186,-0.04604757724591202,2023-02-01
2023-02-23,Equity Equal Weight + Sector Sentiment,Sentiment fusion,Equal Weight + Sector Sentiment,Equity,True,0.005614006130476936,1.247898907962,-0.04799589770447599,2023-02-01
2023-02-24,Equity Equal Weight,Base,Equal Weight,Equity,False,-0.009383516029478765,1.246521374654723,-0.05499900509618516,2023-02-01
2023-02-24,Equity Equal Weight + Sector Sentiment,Sentiment fusion,Equal Weight + Sector Sentiment,Equity,True,-0.009243892308459761,1.2363634648449546,-0.056796121103307784,2023-02-01
2023-02-27,Equity Equal Weight,Base,Equal Weight,Equity,False,0.0018285851470658003,1.2488007451259167,-0.05327099031294169,2023-02-01
2023-02-27,Equity Equal Weight + Sector Sentiment,Sentiment fusion,Equal Weight + Sector Sentiment,Equity,True,0.0018019300970920492,1.2385913053832036,-0.05509653364623002,2023-02-01
2023-02-28,Equity Equal Weight,Base,Equal Weight,Equity,False,-0.00441103840991371,1.2432922370728374,-0.057447048338450823,2023-02-01
2023-02-28,Equity Equal Weight + Sector Sentiment,Sentiment fusion,Equal Weight + Sector Sentiment,Equity,True,-0.0044754388772696215,1.2330480657020435,-0.059325391354816404,2023-02-01
2023-03-01,Equity Equal Weight,Base,Equal Weight,Equity,False,-0.0010580319937396514,1.2419767941084463,-0.058444299517102394,2023-03-01
2023-03-01,Equity Equal Weight + Sector Sentiment,Sentiment fusion,Equal Weight + Sector Sentiment,Equity,True,-0.0008695508978847927,1.2319758676493773,-0.060143355805381216,2023-03-01
2023-03-02,Equity Equal Weight,Base,Equal Weight,Equity,False,0.01193595239608564,1.2568009699999676,-0.04720593549787566,2023-03-01
2023-03-02,Equity Equal Weight + Sector Sentiment,Sentiment fusion,Equal Weight + Sector Sentiment,Equity,True,0.012098508496986682,1.246880938152216,-0.04877249220964319,2023-03-01
2023-03-03,Equity Equal Weight,Base,Equal Weight,Equity,False,0.01302251603979542,1.2731676807906227,-0.03479815951027476,2023-03-01
2023-03-03,Equity Equal Weight + Sector Sentiment,Sentiment fusion,Equal Weight + Sector Sentiment,Equity,True,0.013039941839832182,1.2631401930669162,-0.036368540831608454,2023-03-01
2023-03-06,Equity Equal Weight,Base,Equal Weight,Equity,False,-0.0018683339450611615,1.2707889783948467,-0.03660147887269727,2023-03-01
2023-03-06,Equity Equal Weight + Sector Sentiment,Sentiment fusion,Equal Weight + Sector Sentiment,Equity,True,-0.0021622022493589924,1.260409028500211,-0.038452106940175534,2023-03-01
2023-03-07,Equity Equal Weight,Base,Equal Weight,Equity,False,-0.017102287608685124,1.249055579796391,-0.05307779746279828,2023-03-01
2023-03-07,Equity Equal Weight + Sector Sentiment,Sentiment fusion,Equal Weight + Sector Sentiment,Equity,True,-0.01725836627098474,1.2386564278350982,-0.055046852665695645,2023-03-01
2023-03-08,Equity Equal Weight,Base,Equal Weight,Equity,False,0.0031929571781426757,1.253043760775801,-0.050054315419064466,2023-03-01
2023-03-08,Equity Equal Weight + Sector Sentiment,Sentiment fusion,Equal Weight + Sector Sentiment,Equity,True,0.0034767943899235024,1.2429629815544379,-0.05176144486430334,2023-03-01
2023-03-09,Equity Equal Weight,Base,Equal Weight,Equity,False,-0.017185438962848857,1.2315096537072099,-0.06637954899945175,2023-03-01
2023-03-09,Equity Equal Weight + Sector Sentiment,Sentiment fusion,Equal Weight + Sector Sentiment,Equity,True,-0.017212793316941727,1.2215681166523318,-0.06808327912900947,2023-03-01
2023-03-10,Equity Equal Weight,Base,Equal Weight,Equity,False,-0.013030084597309699,1.2154629787370013,-0.07854470245776746,2023-03-01
2023-03-10,Equity Equal Weight + Sector Sentiment,Sentiment fusion,Equal Weight + Sector Sentiment,Equity,True,-0.013220741699554919,1.2054180801136596,-0.08040390938114095,2023-03-01
2023-03-13,Equity Equal Weight,Base,Equal Weight,Equity,False,-0.003159794566355041,1.2116223654211824,-0.0814563119000804,2023-03-01
2023-03-13,Equity Equal Weight + Sector Sentiment,Sentiment fusion,Equal Weight + Sector Sentiment,Equity,True,-0.0032754388088343752,1.2014698069531846,-0.08341599010480638,2023-03-01
2023-03-14,Equity Equal Weight,Base,Equal Weight,Equity,False,0.014563255790028037,1.2292675318497297,-0.06807932521596571,2023-03-01
2023-03-14,Equity Equal Weight + Sector Sentiment,Sentiment fusion,Equal Weight + Sector Sentiment,Equity,True,0.01466541910764888,1.2190898652173392,-0.06997390145232385,2023-03-01
2023-03-15,Equity Equal Weight,Base,Equal Weight,Equity,False,-0.008860534960167206,1.2183755639083766,-0.07633664093499237,2023-03-01
2023-03-15,Equity Equal Weight + Sector Sentiment,Sentiment fusion,Equal Weight + Sector Sentiment,Equity,True,-0.009140421088558774,1.2079468705044585,-0.07847473161639906,2023-03-01
2023-03-16,Equity Equal Weight,Base,Equal Weight,Equity,False,0.014486195870694392,1.236025190971221,-0.06295627259699321,2023-03-01
2023-03-16,Equity Equal Weight + Sector Sentiment,Sentiment fusion,Equal Weight + Sector Sentiment,Equity,True,0.014779880261534291,1.2258001806128094,-0.06485469849171122,2023-03-01
2023-03-17,Equity Equal Weight,Base,Equal Weight,Equity,False,-0.011278523801250178,1.2220846514359074,-0.07352474257932018,2023-03-01
2023-03-17,Equity Equal Weight + Sector Sentiment,Sentiment fusion,Equal Weight + Sector Sentiment,Equity,True,-0.011033184084444762,1.2122757015693626,-0.07517232874895574,2023-03-01
2023-03-20,Equity Equal Weight,Base,Equal Weight,Equity,False,0.010574870312222063,1.2350080381353994,-0.06372738688461377,2023-03-01
2023-03-20,Equity Equal Weight + Sector Sentiment,Sentiment fusion,Equal Weight + Sector Sentiment,Equity,True,0.010496841637442824,1.2250007676296562,-0.06546455914190852,2023-03-01
2023-03-21,Equity Equal Weight,Base,Equal Weight,Equity,False,0.00711295476854191,1.2437925944494423,-0.057067722136499355,2023-03-01
2023-03-21,Equity Equal Weight + Sector Sentiment,Sentiment fusion,Equal Weight + Sector Sentiment,Equity,True,0.007131019913012565,1.2337362724970788,-0.058800368303733475,2023-03-01
2023-03-22,Equity Equal Weight,Base,Equal Weight,Equity,False,-0.01948266172361832,1.2195602040774423,-0.07543855273439481,2023-03-01
2023-03-22,Equity Equal Weight + Sector Sentiment,Sentiment fusion,Equal Weight + Sector Sentiment,Equity,True,-0.019446492214722243,1.209744429678944,-0.07710339961401447,2023-03-01
2023-03-23,Equity Equal Weight,Base,Equal Weight,Equity,False,0.0024555631422803624,1.2225549111643668,-0.07316823372171599,2023-03-01
2023-03-23,Equity Equal Weight + Sector Sentiment,Sentiment fusion,Equal Weight + Sector Sentiment,Equity,True,0.002549703385048651,1.21282891914634,-0.0747502870279605,2023-03-01
2023-03-24,Equity Equal Weight,Base,Equal Weight,Equity,False,0.007734433012731466,1.2320106802291533,-0.06599971551136508,2023-03-01
2023-03-24,Equity Equal Weight + Sector Sentiment,Sentiment fusion,Equal Weight + Sector Sentiment,Equity,True,0.0076305004037884325,1.2220834107036125,-0.06769016871952216,2023-03-01
2023-03-27,Equity Equal Weight,Base,Equal Weight,Equity,False,0.003636562165674396,1.2364909636565815,-0.06260316541406452,2023-03-01
2023-03-27,Equity Equal Weight + Sector Sentiment,Sentiment fusion,Equal Weight + Sector Sentiment,Equity,True,0.003602966064412258,1.2264865357602588,-0.0643310880359006,2023-03-01
2023-03-28,Equity Equal Weight,Base,Equal Weight,Equity,False,0.0013440088022348656,1.2381528183956199,-0.06134329581719389,2023-03-01
2023-03-28,Equity Equal Weight + Sector Sentiment,Sentiment fusion,Equal Weight + Sector Sentiment,Equity,True,0.0013898802007844616,1.2281912051128407,-0.0630306203406722,2023-03-01
2023-03-29,Equity Equal Weight,Base,Equal Weight,Equity,False,0.015592519241283987,1.2574587400401036,-0.046707273096263324,2023-03-01
2023-03-29,Equity Equal Weight + Sector Sentiment,Sentiment fusion,Equal Weight + Sector Sentiment,Equity,True,0.015688871829622426,1.2474601395121256,-0.04833062783491615,2023-03-01
2023-03-30,Equity Equal Weight,Base,Equal Weight,Equity,False,0.005176542784378534,1.2639680290075122,-0.041772512509409054,2023-03-01
2023-03-30,Equity Equal Weight + Sector Sentiment,Sentiment fusion,Equal Weight + Sector Sentiment,Equity,True,0.005259524687861022,1.2540211869130122,-0.04332529927733264,2023-03-01
2023-03-31,Equity Equal Weight,Base,Equal Weight,Equity,False,0.012312761242483188,1.2795309655668137,-0.029974086239952902,2023-03-01
2023-03-31,Equity Equal Weight + Sector Sentiment,Sentiment fusion,Equal Weight + Sector Sentiment,Equity,True,0.012342451270709934,1.269498882304924,-0.031517588401742014,2023-03-01
2023-04-03,Equity Equal Weight,Base,Equal Weight,Equity,False,0.006940014431519136,1.288410928933423,-0.023242092399510694,2023-04-03
2023-04-03,Equity Equal Weight + Sector Sentiment,Sentiment fusion,Equal Weight + Sector Sentiment,Equity,True,0.006876115424826498,1.278228103151341,-0.0248581915526781,2023-04-03
2023-04-04,Equity Equal Weight,Base,Equal Weight,Equity,False,-0.0051476523734071584,1.281778637357175,-0.028270102560814636,2023-04-03
2023-04-04,Equity Equal Weight + Sector Sentiment,Sentiment fusion,Equal Weight + Sector Sentiment,Equity,True,-0.004727739373571387,1.2721849738196669,-0.029468407875290037,2023-04-03
2023-04-05,Equity Equal Weight,Base,Equal Weight,Equity,False,0.0038237072154281336,1.2866797835814192,-0.024554491940529166,2023-04-03
2023-04-05,Equity Equal Weight + Sector Sentiment,Sentiment fusion,Equal Weight + Sector Sentiment,Equity,True,0.003916681736034082,1.2771677174714835,-0.02566714451417107,2023-04-03
2023-04-06,Equity Equal Weight,Base,Equal Weight,Equity,False,-0.0002289906038065978,1.2863851460008713,-0.024777859796400015,2023-04-03
2023-04-06,Equity Equal Weight + Sector Sentiment,Sentiment fusion,Equal Weight + Sector Sentiment,Equity,True,-0.00019652076269465455,1.276916727497557,-0.025858621150049554,2023-04-03
2023-04-10,Equity Equal Weight,Base,Equal Weight,Equity,False,0.003305528673422658,1.2906373289860422,-0.021554235049000336,2023-04-03
2023-04-10,Equity Equal Weight + Sector Sentiment,Sentiment fusion,Equal Weight + Sector Sentiment,Equity,True,0.0032806841925259373,1.28110588802063,-0.022662770927171172,2023-04-03
2023-04-11,Equity Equal Weight,Base,Equal Weight,Equity,False,0.0025354861715741637,1.2939097220862037,-0.019073399342331876,2023-04-03
2023-04-11,Equity Equal Weight + Sector Sentiment,Sentiment fusion,Equal Weight + Sector Sentiment,Equity,True,0.002423279058659138,1.2842103650909953,-0.02029441008671118,2023-04-03
2023-04-12,Equity Equal Weight,Base,Equal Weight,Equity,False,-0.002117335100691501,1.2911700816145046,-0.021150349665106316,2023-04-03
2023-04-12,Equity Equal Weight + Sector Sentiment,Sentiment fusion,Equal Weight + Sector Sentiment,Equity,True,-0.0021472767664434747,1.2814528100108096,-0.022398109137886646,2023-04-03
2023-04-13,Equity Equal Weight,Base,Equal Weight,Equity,False,0.0069924518313315325,1.3001985262162505,-0.014305790635023796,2023-04-03
2023-04-13,Equity Equal Weight + Sector Sentiment,Sentiment fusion,Equal Weight + Sector Sentiment,Equity,True,0.006946050332119596,1.2903538457273809,-0.015607637199183122,2023-04-03
2023-04-14,Equity Equal Weight,Base,Equal Weight,Equity,False,-0.0057970868516962195,1.2926611624353275,-0.020019945575926568,2023-04-03
2023-04-14,Equity Equal Weight + Sector Sentiment,Sentiment fusion,Equal Weight + Sector Sentiment,Equity,True,-0.005816105344349513,1.282849011829144,-0.021332966881405624,2023-04-03
2023-04-17,Equity Equal Weight,Base,Equal Weight,Equity,False,0.004862982713123601,1.2989473513221768,-0.015254319512056358,2023-04-03
2023-04-17,Equity Equal Weight + Sector Sentiment,Sentiment fusion,Equal Weight + Sector Sentiment,Equity,True,0.004853420743355954,1.2890752178337492,-0.016583084002029236,2023-04-03
2023-04-18,Equity Equal Weight,Base,Equal Weight,Equity,False,0.0002871981836324554,1.2993204066421107,-0.014971502341280307,2023-04-03
2023-04-18,Equity Equal Weight + Sector Sentiment,Sentiment fusion,Equal Weight + Sector Sentiment,Equity,True,0.00020397911114682663,1.2893381622508844,-0.01638248749361726,2023-04-03
2023-04-19,Equity Equal Weight,Base,Equal Weight,Equity,False,0.0021720707585582417,1.3021426225033759,-0.012831950745169407,2023-04-03
2023-04-19,Equity Equal Weight + Sector Sentiment,Sentiment fusion,Equal Weight + Sector Sentiment,Equity,True,0.00216133092428337,1.2921248486928159,-0.014256564546170525,2023-04-03
2023-04-20,Equity Equal Weight,Base,Equal Weight,Equity,False,-0.007077377016030324,1.292926868235277,-0.019818511207924994,2023-04-03
2023-04-20,Equity Equal Weight + Sector Sentiment,Sentiment fusion,Equal Weight + Sector Sentiment,Equity,True,-0.0073446811223314805,1.2826346037089265,-0.02149653574801036,2023-04-03
2023-04-21,Equity Equal Weight,Base,Equal Weight,Equity,False,-0.0009659452215853707,1.291677971705046,-0.020765312833310068,2023-04-03
2023-04-21,Equity Equal Weight + Sector Sentiment,Sentiment fusion,Equal Weight + Sector Sentiment,Equity,True,-0.0008861126721253357,1.2814980449328734,-0.022363600067402678,2023-04-03
2023-04-24,Equity Equal Weight,Base,Equal Weight,Equity,False,0.0019529810196173476,1.2942005942672437,-0.0188528860755226,2023-04-03
2023-04-24,Equity Equal Weight + Sector Sentiment,Sentiment fusion,Equal Weight + Sector Sentiment,Equity,True,0.001756803192238221,1.2837493847890584,-0.020646085319152907,2023-04-03
2023-04-25,Equity Equal Weight,Base,Equal Weight,Equity,False,-0.014704495440667048,1.2751700275295323,-0.03328015933884876,2023-04-03
2023-04-25,Equity Equal Weight + Sector Sentiment,Sentiment fusion,Equal Weight + Sector Sentiment,Equity,True,-0.014375430287235237,1.2652949350017422,-0.03472471924617837,2023-04-03
2023-04-26,Equity Equal Weight,Base,Equal Weight,Equity,False,-0.012827861743642189,1.2588123227167471,-0.045681107799685816,2023-04-03
2023-04-26,Equity Equal Weight + Sector Sentiment,Sentiment fusion,Equal Weight + Sector Sentiment,Equity,True,-0.01287499158349769,1.2490042733629525,-0.04715263036164219,2023-04-03
2023-04-27,Equity Equal Weight,Base,Equal Weight,Equity,False,0.014347282786500574,1.276872859085896,-0.03198922478478794,2023-04-03
2023-04-27,Equity Equal Weight + Sector Sentiment,Sentiment fusion,Equal Weight + Sector Sentiment,Equity,True,0.01451750955729815,1.2671367048386055,-0.03331965956627081,2023-04-03
2023-04-28,Equity Equal Weight,Base,Equal Weight,Equity,False,0.00919889903356496,1.2886186835953266,-0.023084591400180154,2023-04-03
2023-04-28,Equity Equal Weight + Sector Sentiment,Sentiment fusion,Equal Weight + Sector Sentiment,Equity,True,0.009132198624563638,1.2787084489116667,-0.02449174269096921,2023-04-03
2023-05-01,Equity Equal Weight,Base,Equal Weight,Equity,False,-0.003422566579296094,1.2842083003553968,-0.026428149428453285,2023-05-01
2023-05-01,Equity Equal Weight + Sector Sentiment,Sentiment fusion,Equal Weight + Sector Sentiment,Equity,True,-0.0035405458617185775,1.274181123004528,-0.027945574414456997,2023-05-01
2023-05-02,Equity Equal Weight,Base,Equal Weight,Equity,False,-0.01662982905540295,1.2628521358489568,-0.04261848287661052,2023-05-01
2023-05-02,Equity Equal Weight + Sector Sentiment,Sentiment fusion,Equal Weight + Sector Sentiment,Equity,True,-0.016752525096364955,1.25283537176408,-0.04422994057411145,2023-05-01
2023-05-03,Equity Equal Weight,Base,Equal Weight,Equity,False,-0.012219442723836594,1.2474207865062759,-0.054317151489959525,2023-05-01
2023-05-03,Equity Equal Weight + Sector Sentiment,Sentiment fusion,Equal Weight + Sector Sentiment,Equity,True,-0.012369930917813122,1.2373378847639658,-0.05605275018252376,2023-05-01
2023-05-04,Equity Equal Weight,Base,Equal Weight,Equity,False,-0.005387040267944117,1.240700880498296,-0.05941158307558725,2023-05-01
2023-05-04,Equity Equal Weight + Sector Sentiment,Sentiment fusion,Equal Weight + Sector Sentiment,Equity,True,-0.005190571467043326,1.2309153940442183,-0.060952375843820294,2023-05-01
2023-05-05,Equity Equal Weight,Base,Equal Weight,Equity,False,0.017180999340013478,1.2620173615072912,-0.04325133410518467,2023-05-01
2023-05-05,Equity Equal Weight + Sector Sentiment,Sentiment fusion,Equal Weight + Sector Sentiment,Equity,True,0.017240695930155217,1.2521372320686819,-0.0447625412918089,2023-05-01
2023-05-08,Equity Equal Weight,Base,Equal Weight,Equity,False,-0.0005680833791005668,1.2613004304200826,-0.043794847120256164,2023-05-01
2023-05-08,Equity Equal Weight + Sector Sentiment,Sentiment fusion,Equal Weight + Sector Sentiment,Equity,True,-0.0005531761472882854,1.2514445796187699,-0.04529095586896259,2023-05-01
2023-05-09,Equity Equal Weight,Base,Equal Weight,Equity,False,-0.004328358042743128,1.2558410705577585,-0.0479336453842355,2023-05-01
2023-05-09,Equity Equal Weight + Sector Sentiment,Sentiment fusion,Equal Weight + Sector Sentiment,Equity,True,-0.00425870357670465,1.2461150481114998,-0.049356778689915726,2023-05-01
2023-05-10,Equity Equal Weight,Base,Equal Weight,Equity,False,-0.0016591148260532286,1.2537574860184297,-0.0495132327885649,2023-05-01
2023-05-10,Equity Equal Weight + Sector Sentiment,Sentiment fusion,Equal Weight + Sector Sentiment,Equity,True,-0.0017455656392347083,1.2439398725009831,-0.05101618883220593,2023-05-01
2023-05-11,Equity Equal Weight,Base,Equal Weight,Equity,False,-0.008963126949554982,1.2425198985072916,-0.058032566346953085,2023-05-01
2023-05-11,Equity Equal Weight + Sector Sentiment,Sentiment fusion,Equal Weight + Sector Sentiment,Equity,True,-0.00919497339053952,1.2325018784739055,-0.05974206972394658,2023-05-01
2023-05-12,Equity Equal Weight,Base,Equal Weight,Equity,False,-0.0008871261050615235,1.2414176266692674,-0.05886821024746458,2023-05-01
2023-05-12,Equity Equal Weight + Sector Sentiment,Sentiment fusion,Equal Weight + Sector Sentiment,Equity,True,-0.0008513235420728978,1.2314526206091116,-0.06054253343561122,2023-05-01
2023-05-15,Equity Equal Weight,Base,Equal Weight,Equity,False,0.004358360238366724,1.2468281718925502,-0.054766418875944245,2023-05-01
2023-05-15,Equity Equal Weight + Sector Sentiment,Sentiment fusion,Equal Weight + Sector Sentiment,Equity,True,0.004277031134950482,1.2367195818086731,-0.05652444460115369,2023-05-01
2023-05-16,Equity Equal Weight,Base,Equal Weight,Equity,False,-0.01569642800399219,1.2272574232590896,-0.06960320972901368,2023-05-01
2023-05-16,Equity Equal Weight + Sector Sentiment,Sentiment fusion,Equal Weight + Sector Sentiment,Equity,True,-0.015887091936771958,1.2170717041124726,-0.07151352748987216,2023-05-01
2023-05-17,Equity Equal Weight,Base,Equal Weight,Equity,False,0.012076639919893295,1.2420785692488057,-0.058367142710286535,2023-05-01
2023-05-17,Equity Equal Weight + Sector Sentiment,Sentiment fusion,Equal Weight + Sector Sentiment,Equity,True,0.012120513833115737,1.2318232385380616,-0.06025979435595219,2023-05-01
2023-05-18,Equity Equal Weight,Base,Equal Weight,Equity,False,0.006180413523317434,1.2497551284352137,-0.052547462265093214,2023-05-01
2023-05-18,Equity Equal Weight + Sector Sentiment,Sentiment fusion,Equal Weight + Sector Sentiment,Equity,True,0.006033100529262177,1.239254951970443,-0.05459024722391226,2023-05-01
2023-05-19,Equity Equal Weight,Base,Equal Weight,Equity,False,-0.0025869926868791896,1.246522021057562,-0.05499851505137854,2023-05-01
2023-05-19,Equity Equal Weight + Sector Sentiment,Sentiment fusion,Equal Weight + Sector Sentiment,Equity,True,-0.0025572003751869526,1.2360859287423118,-0.05700784939841663,2023-05-01
2023-05-22,Equity Equal Weight,Base,Equal Weight,Equity,False,0.000754043425948024,1.2474619527928401,-0.05428594289414179,2023-05-01
2023-05-22,Equity Equal Weight + Sector Sentiment,Sentiment fusion,Equal Weight + Sector Sentiment,Equity,True,0.0006393820267344505,1.2368762598686491,-0.05640491716597029,2023-05-01
2023-05-23,Equity Equal Weight,Base,Equal Weight,Equity,False,-0.0072094083254667565,1.2384684902046723,-0.06110398169095177,2023-05-01
2023-05-23,Equity Equal Weight + Sector Sentiment,Sentiment fusion,Equal Weight + Sector Sentiment,Equity,True,-0.007069370127887952,1.22813232378524,-0.06307554005737914,2023-05-01
2023-05-24,Equity Equal Weight,Base,Equal Weight,Equity,False,-0.009130113339869605,1.2271611325212466,-0.06967620875246561,2023-05-01
2023-05-24,Equity Equal Weight + Sector Sentiment,Sentiment fusion,Equal Weight + Sector Sentiment,Equity,True,-0.009103275511731441,1.21695229687696,-0.07160462154991698,2023-05-01
2023-05-25,Equity Equal Weight,Base,Equal Weight,Equity,False,0.0016355279500846927,1.2291681888527426,-0.06815463818925149,2023-05-01
2023-05-25,Equity Equal Weight + Sector Sentiment,Sentiment fusion,Equal Weight + Sector Sentiment,Equity,True,0.0015168256408010653,1.2187982013244947,-0.07019640763508261,2023-05-01
2023-05-26,Equity Equal Weight,Base,Equal Weight,Equity,False,0.00936154023655126,1.2406750963101763,-0.059431130340416694,2023-05-01
2023-05-26,Equity Equal Weight + Sector Sentiment,Sentiment fusion,Equal Weight + Sector Sentiment,Equity,True,0.009215987973686977,1.2300306308902527,-0.06162734890995658,2023-05-01
2023-05-30,Equity Equal Weight,Base,Equal Weight,Equity,False,-0.0016030583374567922,1.2386862217529613,-0.06093891710887667,2023-05-01
2023-05-30,Equity Equal Weight + Sector Sentiment,Sentiment fusion,Equal Weight + Sector Sentiment,Equity,True,-0.0016077671016742066,1.2280530281078557,-0.06313603358748998,2023-05-01
2023-05-31,Equity Equal Weight,Base,Equal Weight,Equity,False,-0.00580277765973624,1.2314984010179502,-0.06638807978180494,2023-05-01
2023-05-31,Equity Equal Weight + Sector Sentiment,Sentiment fusion,Equal Weight + Sector Sentiment,Equity,True,-0.005913888153451437,1.2207904598531185,-0.06867654229985243,2023-05-01
2023-06-01,Equity Equal Weight,Base,Equal Weight,Equity,False,0.005148317863618267,1.2378385462349282,-0.06158154885525868,2023-06-01
2023-06-01,Equity Equal Weight + Sector Sentiment,Sentiment fusion,Equal Weight + Sector Sentiment,Equity,True,0.004945104692047777,1.2268273964841452,-0.06407105029936533,2023-06-01
2023-06-02,Equity Equal Weight,Base,Equal Weight,Equity,False,0.019480527192096298,1.2619522936942826,-0.043300662700168746,2023-06-01
2023-06-02,Equity Equal Weight + Sector Sentiment,Sentiment fusion,Equal Weight + Sector Sentiment,Equity,True,0.019433799235321174,1.2506693138038096,-0.045882394992358355,2023-06-01
2023-06-05,Equity Equal Weight,Base,Equal Weight,Equity,False,-0.006075971611307451,1.254284707382972,-0.049113540714159076,2023-06-01
2023-06-05,Equity Equal Weight + Sector Sentiment,Sentiment fusion,Equal Weight + Sector Sentiment,Equity,True,-0.005899895198803922,1.2432904959240072,-0.051511588869237235,2023-06-01
2023-06-06,Equity Equal Weight,Base,Equal Weight,Equity,False,0.004443072471725295,1.2598575852380511,-0.04488868326316986,2023-06-01
2023-06-06,Equity Equal Weight + Sector Sentiment,Sentiment fusion,Equal Weight + Sector Sentiment,Equity,True,0.0043397032683948145,1.2486860077527326,-0.0473954306114186,2023-06-01
2023-06-07,Equity Equal Weight,Base,Equal Weight,Equity,False,0.008389084864273729,1.2704266374375122,-0.036876173372236365,2023-06-01
2023-06-07,Equity Equal Weight + Sector Sentiment,Sentiment fusion,Equal Weight + Sector Sentiment,Equity,True,0.008616408007846623,1.2594451958692192,-0.03918740097142759,2023-06-01
2023-06-08,Equity Equal Weight,Base,Equal Weight,Equity,False,0.0037940775738001405,1.2752467346517722,-0.03322200686083543,2023-06-01
2023-06-08,Equity Equal Weight + Sector Sentiment,Sentiment fusion,Equal Weight + Sector Sentiment,Equity,True,0.0037158894028441534,1.2641251549260126,-0.035617127616578204,2023-06-01
2023-06-09,Equity Equal Weight,Base,Equal Weight,Equity,False,-0.0028446315671238837,1.2716191275345101,-0.035972134058519734,2023-06-01
2023-06-09,Equity Equal Weight + Sector Sentiment,Sentiment fusion,Equal Weight + Sector Sentiment,Equity,True,-0.0029725075981180413,1.2603675332980229,-0.038483763032232776,2023-06-01
2023-06-12,Equity Equal Weight,Base,Equal Weight,Equity,False,0.005284171612457428,1.2783385812300858,-0.03087804537569383,2023-06-01
2023-06-12,Equity Equal Weight + Sector Sentiment,Sentiment fusion,Equal Weight + Sector Sentiment,Equity,True,0.005059008514660334,1.2667437433805788,-0.033619444202428905,2023-06-01
2023-06-13,Equity Equal Weight,Base,Equal Weight,Equity,False,0.007481329417958428,1.287902253263954,-0.023627724786973503,2023-06-01
2023-06-13,Equity Equal Weight + Sector Sentiment,Sentiment fusion,Equal Weight + Sector Sentiment,Equity,True,0.007351883382632016,1.2760566956575916,-0.026514727052961984,2023-06-01
2023-06-14,Equity Equal Weight,Base,Equal Weight,Equity,False,-2.6545413769155925e-06,1.2878988344741331,-0.023630316607577417,2023-06-01
2023-06-14,Equity Equal Weight + Sector Sentiment,Sentiment fusion,Equal Weight + Sector Sentiment,Equity,True,-6.461325521775962e-05,1.2759742454806426,-0.02657762710535372,2023-06-01
2023-06-15,Equity Equal Weight,Base,Equal Weight,Equity,False,0.009949952278302537,1.3007133664164323,-0.013915484851841353,2023-06-01
2023-06-15,Equity Equal Weight + Sector Sentiment,Sentiment fusion,Equal Weight + Sector Sentiment,Equity,True,0.009939327456368384,1.2886565713323674,-0.01690246338779866,2023-06-01
2023-06-16,Equity Equal Weight,Base,Equal Weight,Equity,False,0.0004959624312415149,1.3013584713799886,-0.01342642397829874,2023-06-01
2023-06-16,Equity Equal Weight + Sector Sentiment,Sentiment fusion,Equal Weight + Sector Sentiment,Equity,True,0.0005790575358785602,1.289402777631157,-0.016333193350719588,2023-06-01
2023-06-20,Equity Equal Weight,Base,Equal Weight,Equity,False,-0.012710568969964472,1.2848174647748658,-0.025966335460267054,2023-06-01
2023-06-20,Equity Equal Weight + Sector Sentiment,Sentiment fusion,Equal Weight + Sector Sentiment,Equity,True,-0.012699334129109459,1.273028220931017,-0.028825106800072886,2023-06-01
2023-06-21,Equity Equal Weight,Base,Equal Weight,Equity,False,-0.0033136857767980445,1.2805599834160597,-0.029193976960574797,2023-06-01
2023-06-21,Equity Equal Weight + Sector Sentiment,Sentiment fusion,Equal Weight + Sector Sentiment,Equity,True,-0.0030459058421139183,1.2691506968357074,-0.031783214080984945,2023-06-01
2023-06-22,Equity Equal Weight,Base,Equal Weight,Equity,False,-0.005672063010697706,1.2732965665011458,-0.03470044989441923,2023-06-01
2023-06-22,Equity Equal Weight + Sector Sentiment,Sentiment fusion,Equal Weight + Sector Sentiment,Equity,True,-0.005729201841367374,1.2618794763264236,-0.0373303234737149,2023-06-01
2023-06-23,Equity Equal Weight,Base,Equal Weight,Equity,False,-0.007193413999764749,1.264137217153824,-0.04164424919211529,2023-06-01
2023-06-23,Equity Equal Weight + Sector Sentiment,Sentiment fusion,Equal Weight + Sector Sentiment,Equity,True,-0.007283249854955673,1.2526888928134976,-0.044341687255645246,2023-06-01
2023-06-26,Equity Equal Weight,Base,Equal Weight,Equity,False,0.006585998076306901,1.2724628224341872,-0.03533252006087695,2023-06-01
2023-06-26,Equity Equal Weight + Sector Sentiment,Sentiment fusion,Equal Weight + Sector Sentiment,Equity,True,0.006757311003574179,1.2611537012529614,-0.037884006823280636,2023-06-01
2023-06-27,Equity Equal Weight,Base,Equal Weight,Equity,False,0.0073380631909609265,1.2818002350333577,-0.028253729134818606,2023-06-01
2023-06-27,Equity Equal Weight + Sector Sentiment,Sentiment fusion,Equal Weight + Sector Sentiment,Equity,True,0.007139466517168257,1.2701576658760598,-0.0310150119043634,2023-06-01
2023-06-28,Equity Equal Weight,Base,Equal Weight,Equity,False,-0.0017552509783702876,1.27955035391674,-0.02995938772748241,2023-06-01
2023-06-28,Equity Equal Weight + Sector Sentiment,Sentiment fusion,Equal Weight + Sector Sentiment,Equity,True,-0.0018318227098530556,1.2678309622186141,-0.03279002061106362,2023-06-01
2023-06-29,Equity Equal Weight,Base,Equal Weight,Equity,False,0.006317247231027994,1.2876335898469815,-0.02383140135561923,2023-06-01
2023-06-29,Equity Equal Weight + Sector Sentiment,Sentiment fusion,Equal Weight + Sector Sentiment,Equity,True,0.006238525146067476,1.2757403575573778,-0.026756056833118436,2023-06-01
2023-06-30,Equity Equal Weight,Base,Equal Weight,Equity,False,0.00829611201919494,1.2983159423480302,-0.015732997311644903,2023-06-01
2023-06-30,Equity Equal Weight + Sector Sentiment,Sentiment fusion,Equal Weight + Sector Sentiment,Equity,True,0.008310899575440761,1.286342907553374,-0.018667524159052484,2023-06-01
2023-07-03,Equity Equal Weight,Base,Equal Weight,Equity,False,0.005677130992006776,1.3056866520217505,-0.010145184606273339,2023-07-03
2023-07-03,Equity Equal Weight + Sector Sentiment,Sentiment fusion,Equal Weight + Sector Sentiment,Equity,True,0.0056852548225706494,1.2936560947720213,-0.013088398968232662,2023-07-03
2023-07-05,Equity Equal Weight,Base,Equal Weight,Equity,False,-0.004251848765599571,1.300135069842092,-0.014353897581227959,2023-07-03
2023-07-05,Equity Equal Weight + Sector Sentiment,Sentiment fusion,Equal Weight + Sector Sentiment,Equity,True,-0.004004543744953134,1.2884755923495814,-0.01704052964696612,2023-07-03
2023-07-06,Equity Equal Weight,Base,Equal Weight,Equity,False,-0.012072997639928931,1.2844385422122995,-0.02625360064953497,2023-07-03
2023-07-06,Equity Equal Weight + Sector Sentiment,Sentiment fusion,Equal Weight + Sector Sentiment,Equity,True,-0.012172234930706684,1.2727919647370207,-0.029005343247466397,2023-07-03
2023-07-07,Equity Equal Weight,Base,Equal Weight,Equity,False,0.0006215754590248516,1.2852369176887644,-0.025648343784384853,2023-07-03
2023-07-07,Equity Equal Weight + Sector Sentiment,Sentiment fusion,Equal Weight + Sector Sentiment,Equity,True,0.0005116479204091587,1.273443186098892,-0.028508535850610528,2023-07-03
2023-07-10,Equity Equal Weight,Base,Equal Weight,Equity,False,0.0046905240359458155,1.2912653523430684,-0.021078123921441927,2023-07-03
2023-07-10,Equity Equal Weight + Sector Sentiment,Sentiment fusion,Equal Weight + Sector Sentiment,Equity,True,0.004674132542813073,1.2793954283364604,-0.023967655982964686,2023-07-03
2023-07-11,Equity Equal Weight,Base,Equal Weight,Equity,False,0.014299911669048832,1.3097303328228773,-0.007079627562619151,2023-07-03
2023-07-11,Equity Equal Weight + Sector Sentiment,Sentiment fusion,Equal Weight + Sector Sentiment,Equity,True,0.014267975986805483,1.2976498115855937,-0.010041649936184172,2023-07-03
2023-07-12,Equity Equal Weight,Base,Equal Weight,Equity,False,0.00823172075425429,1.320511667186052,0.0,2023-07-03
2023-07-12,Equity Equal Weight + Sector Sentiment,Sentiment fusion,Equal Weight + Sector Sentiment,Equity,True,0.008177065415176304,1.3082607789809202,-0.0019466957494124193,2023-07-03
2023-07-13,Equity Equal Weight,Base,Equal Weight,Equity,False,0.00569737948560918,1.3280351232691854,0.0,2023-07-03
2023-07-13,Equity Equal Weight + Sector Sentiment,Sentiment fusion,Equal Weight + Sector Sentiment,Equity,True,0.00569922794193538,1.3157168553678265,0.0,2023-07-03
2023-07-14,Equity Equal Weight,Base,Equal Weight,Equity,False,-0.006642226951845118,1.31921401258041,-0.0066422269518450205,2023-07-03
2023-07-14,Equity Equal Weight + Sector Sentiment,Sentiment fusion,Equal Weight + Sector Sentiment,Equity,True,-0.0065540379583883595,1.3070935971552544,-0.00655403795838827,2023-07-03
2023-07-17,Equity Equal Weight,Base,Equal Weight,Equity,False,-0.003413289903032685,1.31471115271133,-0.010032845008689395,2023-07-03
2023-07-17,Equity Equal Weight + Sector Sentiment,Sentiment fusion,Equal Weight + Sector Sentiment,Equity,True,-0.003479401031583192,1.3025456943449367,-0.010010634863538037,2023-07-03
2023-07-18,Equity Equal Weight,Base,Equal Weight,Equity,False,0.006090662173107136,1.322718614197711,-0.004003289505165264,2023-07-03
2023-07-18,Equity Equal Weight + Sector Sentiment,Sentiment fusion,Equal Weight + Sector Sentiment,Equity,True,0.005887965340124192,1.3102150382471678,-0.004181611794522921,2023-07-03
2023-07-19,Equity Equal Weight,Base,Equal Weight,Equity,False,0.005788033210893857,1.3303745534653548,0.0,2023-07-03
2023-07-19,Equity Equal Weight + Sector Sentiment,Sentiment fusion,Equal Weight + Sector Sentiment,Equity,True,0.0058149148522701685,1.317833827132739,0.0,2023-07-03
2023-07-20,Equity Equal Weight,Base,Equal Weight,Equity,False,0.0015562615313983483,1.3324449642052643,0.0,2023-07-03
2023-07-20,Equity Equal Weight + Sector Sentiment,Sentiment fusion,Equal Weight + Sector Sentiment,Equity,True,0.0017683087903198852,1.3201641642734387,0.0,2023-07-03
2023-07-21,Equity Equal Weight,Base,Equal Weight,Equity,False,0.004182597164530412,1.338018044734442,0.0,2023-07-03
2023-07-21,Equity Equal Weight + Sector Sentiment,Sentiment fusion,Equal Weight + Sector Sentiment,Equity,True,0.004308374810727851,1.3258519263048198,0.0,2023-07-03
2023-07-24,Equity Equal Weight,Base,Equal Weight,Equity,False,0.005468579506111398,1.345335102792684,0.0,2023-07-03
2023-07-24,Equity Equal Weight + Sector Sentiment,Sentiment fusion,Equal Weight + Sector Sentiment,Equity,True,0.005410863412939491,1.333025929983838,0.0,2023-07-03
2023-07-25,Equity Equal Weight,Base,Equal Weight,Equity,False,0.003315568841762889,1.3497956539412335,0.0,2023-07-03
2023-07-25,Equity Equal Weight + Sector Sentiment,Sentiment fusion,Equal Weight + Sector Sentiment,Equity,True,0.0032369658812882738,1.3373408894380683,0.0,2023-07-03
2023-07-26,Equity Equal Weight,Base,Equal Weight,Equity,False,0.002150961114901359,1.352699011905924,0.0,2023-07-03
2023-07-26,Equity Equal Weight + Sector Sentiment,Sentiment fusion,Equal Weight + Sector Sentiment,Equity,True,0.002262476206471973,1.340366591380364,0.0,2023-07-03
2023-07-27,Equity Equal Weight,Base,Equal Weight,Equity,False,-0.004601791984464933,1.3464741724355416,-0.004601791984464976,2023-07-03
2023-07-27,Equity Equal Weight + Sector Sentiment,Sentiment fusion,Equal Weight + Sector Sentiment,Equity,True,-0.004687500584606425,1.3340836221996817,-0.004687500584606319,2023-07-03
2023-07-28,Equity Equal Weight,Base,Equal Weight,Equity,False,0.004367127240576106,1.352354396472717,-0.00025476135501967256,2023-07-03
2023-07-28,Equity Equal Weight + Sector Sentiment,Sentiment fusion,Equal Weight + Sector Sentiment,Equity,True,0.004363704206352584,1.3399051685135006,-0.00034425124427206466,2023-07-03
2023-07-31,Equity Equal Weight,Base,Equal Weight,Equity,False,0.00423355817747961,1.3580796674867543,0.0,2023-07-03
2023-07-31,Equity Equal Weight + Sector Sentiment,Sentiment fusion,Equal Weight + Sector Sentiment,Equity,True,0.0042076324928227,1.345542997037839,0.0,2023-07-03
2023-08-01,Equity Equal Weight,Base,Equal Weight,Equity,False,-0.003631701024004783,1.3531475281676626,-0.0036317010240047853,2023-08-01
2023-08-01,Equity Equal Weight + Sector Sentiment,Sentiment fusion,Equal Weight + Sector Sentiment,Equity,True,-0.00377030748493201,1.3404698862048094,-0.0037703074849319007,2023-08-01
2023-08-02,Equity Equal Weight,Base,Equal Weight,Equity,False,-0.013746221050211577,1.3345468631319224,-0.017327999909152236,2023-08-01
2023-08-02,Equity Equal Weight + Sector Sentiment,Sentiment fusion,Equal Weight + Sector Sentiment,Equity,True,-0.01366845470370576,1.3221477342835373,-0.017387227911561,2023-08-01
2023-08-03,Equity Equal Weight,Base,Equal Weight,Equity,False,-0.0049963286593417925,1.3278790283924218,-0.02223775218593882,2023-08-01
2023-08-03,Equity Equal Weight + Sector Sentiment,Sentiment fusion,Equal Weight + Sector Sentiment,Equity,True,-0.0052433897507993665,1.3152151984045524,-0.02253944964973409,2023-08-01
2023-08-04,Equity Equal Weight,Base,Equal Weight,Equity,False,-0.00225111844132205,1.3248898154237627,-0.024438810813221523,2023-08-01
2023-08-04,Equity Equal Weight + Sector Sentiment,Sentiment fusion,Equal Weight + Sector Sentiment,Equity,True,-0.0022739460488988136,1.3122244700006886,-0.024762142206157467,2023-08-01
2023-08-07,Equity Equal Weight,Base,Equal Weight,Equity,False,0.008185103574475567,1.335734175787774,-0.016453741436489144,2023-08-01
2023-08-07,Equity Equal Weight + Sector Sentiment,Sentiment fusion,Equal Weight + Sector Sentiment,Equity,True,0.008057621157646532,1.322797877653748,-0.016904045009459856,2023-08-01
2023-08-08,Equity Equal Weight,Base,Equal Weight,Equity,False,-0.003391373105570694,1.3312042028278157,-0.019789313765866234,2023-08-01
2023-08-08,Equity Equal Weight + Sector Sentiment,Sentiment fusion,Equal Weight + Sector Sentiment,Equity,True,-0.0032079961151631744,1.3185543472010886,-0.02005781301390208,2023-08-01
2023-08-09,Equity Equal Weight,Base,Equal Weight,Equity,False,-0.0018853746524701233,1.3286943841665426,-0.021637378147772224,2023-08-01
2023-08-09,Equity Equal Weight + Sector Sentiment,Sentiment fusion,Equal Weight + Sector Sentiment,Equity,True,-0.0017309285000848519,1.3162720239026073,-0.02175402287379191,2023-08-01
2023-08-10,Equity Equal Weight,Base,Equal Weight,Equity,False,0.0010105465767160126,1.330037091727964,-0.020648697149472484,2023-08-01
2023-08-10,Equity Equal Weight + Sector Sentiment,Sentiment fusion,Equal Weight + Sector Sentiment,Equity,True,0.0010034200300750862,1.3175927976164186,-0.020772431266003144,2023-08-01
2023-08-11,Equity Equal Weight,Base,Equal Weight,Equity,False,0.0017668655801793814,1.3323870884857,-0.01891831504156205,2023-08-01
2023-08-11,Equity Equal Weight + Sector Sentiment,Sentiment fusion,Equal Weight + Sector Sentiment,Equity,True,0.0019036550319400031,1.320101039775649,-0.018908319777368288,2023-08-01
2023-08-14,Equity Equal Weight,Base,Equal Weight,Equity,False,0.0014966100940485023,1.3343811524515077,-0.017450018288767133,2023-08-01
2023-08-14,Equity Equal Weight + Sector Sentiment,Sentiment fusion,Equal Weight + Sector Sentiment,Equity,True,0.001435242305563866,1.321995704635554,-0.017500215492275983,2023-08-01
2023-08-15,Equity Equal Weight,Base,Equal Weight,Equity,False,-0.013096050541263761,1.316906029437693,-0.0303175425085751,2023-08-01
2023-08-15,Equity Equal Weight + Sector Sentiment,Sentiment fusion,Equal Weight + Sector Sentiment,Equity,True,-0.013107016602188928,1.3046682849868734,-0.03037785647946567,2023-08-01
2023-08-16,Equity Equal Weight,Base,Equal Weight,Equity,False,-0.008241152819028787,1.3060532056007965,-0.03830884382669342,2023-08-01
2023-08-16,Equity Equal Weight + Sector Sentiment,Sentiment fusion,Equal Weight + Sector Sentiment,Equity,True,-0.0081961983751511,1.2939749649093528,-0.038325071916699205,2023-08-01
2023-08-17,Equity Equal Weight,Base,Equal Weight,Equity,False,-0.0046863438097912765,1.2999325912454711,-0.04281565922335728,2023-08-01
2023-08-17,Equity Equal Weight + Sector Sentiment,Sentiment fusion,Equal Weight + Sector Sentiment,Equity,True,-0.004553491283938333,1.2880828611850037,-0.042704050319708475,2023-08-01
2023-08-18,Equity Equal Weight,Base,Equal Weight,Equity,False,0.0017492224539475507,1.302206462522696,-0.04114133088190375,2023-08-01
2023-08-18,Equity Equal Weight + Sector Sentiment,Sentiment fusion,Equal Weight + Sector Sentiment,Equity,True,0.0018342702862770412,1.2904455533035382,-0.040948110804036486,2023-08-01
2023-08-21,Equity Equal Weight,Base,Equal Weight,Equity,False,-0.0006476406998453044,1.3013631006179645,-0.04176232678142433,2023-08-01
2023-08-21,Equity Equal Weight + Sector Sentiment,Sentiment fusion,Equal Weight + Sector Sentiment,Equity,True,-0.0006565019537582066,1.289598373276576,-0.041577730243049116,2023-08-01
2023-08-22,Equity Equal Weight,Base,Equal Weight,Equity,False,-0.004996775127307371,1.294860481845201,-0.04655042495301176,2023-08-01
2023-08-22,Equity Equal Weight + Sector Sentiment,Sentiment fusion,Equal Weight + Sector Sentiment,Equity,True,-0.0050047983171091145,1.2831441935082546,-0.046374440405808626,2023-08-01
2023-08-23,Equity Equal Weight,Base,Equal Weight,Equity,False,0.007182512046445334,1.30416083285452,-0.03970226189455872,2023-08-01
2023-08-23,Equity Equal Weight + Sector Sentiment,Sentiment fusion,Equal Weight + Sector Sentiment,Equity,True,0.007185104170197307,1.2923637182039953,-0.039522541420761614,2023-08-01
2023-08-24,Equity Equal Weight,Base,Equal Weight,Equity,False,-0.012235983019700804,1.2882031430487533,-0.05145244871187393,2023-08-01
2023-08-24,Equity Equal Weight + Sector Sentiment,Sentiment fusion,Equal Weight + Sector Sentiment,Equity,True,-0.012242581978016451,1.2765418494384688,-0.05128126544545475,2023-08-01
2023-08-25,Equity Equal Weight,Base,Equal Weight,Equity,False,0.0048601902001878545,1.29446405534045,-0.04684232719869119,2023-08-01
2023-08-25,Equity Equal Weight + Sector Sentiment,Sentiment fusion,Equal Weight + Sector Sentiment,Equity,True,0.004994166481675631,1.2829171119553908,-0.04654320614080454,2023-08-01
2023-08-28,Equity Equal Weight,Base,Equal Weight,Equity,False,0.008234120625703573,1.3051228285177607,-0.03899391194553037,2023-08-01
2023-08-28,Equity Equal Weight + Sector Sentiment,Sentiment fusion,Equal Weight + Sector Sentiment,Equity,True,0.008108027934538221,1.2933190397368222,-0.038812551821818975,2023-08-01
2023-08-29,Equity Equal Weight,Base,Equal Weight,Equity,False,0.011958259719208717,1.3207298262666445,-0.027501951552834192,2023-08-01
2023-08-29,Equity Equal Weight + Sector Sentiment,Sentiment fusion,Equal Weight + Sector Sentiment,Equity,True,0.011837503211581401,1.308628708023306,-0.027434492317078174,2023-08-01
2023-08-30,Equity Equal Weight,Base,Equal Weight,Equity,False,0.0016303783814023286,1.3228831156230627,-0.025916411758690083,2023-08-01
2023-08-30,Equity Equal Weight + Sector Sentiment,Sentiment fusion,Equal Weight + Sector Sentiment,Equity,True,0.0016756311579815073,1.3108214870606991,-0.0258048312492265,2023-08-01
2023-08-31,Equity Equal Weight,Base,Equal Weight,Equity,False,-0.0030476882857766578,1.3188513802481265,-0.02888511489994039,2023-08-01
2023-08-31,Equity Equal Weight + Sector Sentiment,Sentiment fusion,Equal Weight + Sector Sentiment,Equity,True,-0.0030688659872688184,1.3067987515836774,-0.02879450566756736,2023-08-01
2023-09-01,Equity Equal Weight,Base,Equal Weight,Equity,False,0.004049068438607958,1.3241914997471036,-0.02495300426841951,2023-09-01
2023-09-01,Equity Equal Weight + Sector Sentiment,Sentiment fusion,Equal Weight + Sector Sentiment,Equity,True,0.003905429005265901,1.3119023613321574,-0.025001531559927903,2023-09-01
2023-09-05,Equity Equal Weight,Base,Equal Weight,Equity,False,-0.00866072058290145,1.3127230471695408,-0.033397613853648145,2023-09-01
2023-09-05,Equity Equal Weight + Sector Sentiment,Sentiment fusion,Equal Weight + Sector Sentiment,Equity,True,-0.008825985957504247,1.300323529513423,-0.03360685435096822,2023-09-01
2023-09-06,Equity Equal Weight,Base,Equal Weight,Equity,False,-0.004177960672444923,1.3072385419046544,-0.03743604060885908,2023-09-01
2023-09-06,Equity Equal Weight + Sector Sentiment,Sentiment fusion,Equal Weight + Sector Sentiment,Equity,True,-0.0041563295414805855,1.294918956414224,-0.03762350273091364,2023-09-01
2023-09-07,Equity Equal Weight,Base,Equal Weight,Equity,False,-0.00022315741627431838,1.3069468219291887,-0.03765084389503559,2023-09-01
2023-09-07,Equity Equal Weight + Sector Sentiment,Sentiment fusion,Equal Weight + Sector Sentiment,Equity,True,-5.107500191473582e-05,1.2948528184260457,-0.037672656112354486,2023-09-01
2023-09-08,Equity Equal Weight,Base,Equal Weight,Equity,False,0.002637472926991828,1.310393858789045,-0.03511267404949536,2023-09-01
2023-09-08,Equity Equal Weight + Sector Sentiment,Sentiment fusion,Equal Weight + Sector Sentiment,Equity,True,0.0026072447276561483,1.2982288166099778,-0.035163633218723955,2023-09-01
2023-09-11,Equity Equal Weight,Base,Equal Weight,Equity,False,0.0028016683013838365,1.3140651477255423,-0.03240937981397274,2023-09-01
2023-09-11,Equity Equal Weight + Sector Sentiment,Sentiment fusion,Equal Weight + Sector Sentiment,Equity,True,0.0027809648551760466,1.3018391453229468,-0.032480457191709666,2023-09-01
2023-09-12,Equity Equal Weight,Base,Equal Weight,Equity,False,0.002392504547365609,1.3172090545670103,-0.030094414855189378,2023-09-01
2023-09-12,Equity Equal Weight + Sector Sentiment,Sentiment fusion,Equal Weight + Sector Sentiment,Equity,True,0.0022819013422170293,1.3048098138160098,-0.030272673048354237,2023-09-01
2023-09-13,Equity Equal Weight,Base,Equal Weight,Equity,False,-0.0010406922939882515,1.315838245254351,-0.03110378812354575,2023-09-01
2023-09-13,Equity Equal Weight + Sector Sentiment,Sentiment fusion,Equal Weight + Sector Sentiment,Equity,True,-0.0010472335003213341,1.3034433732674338,-0.03128820399131493,2023-09-01
2023-09-14,Equity Equal Weight,Base,Equal Weight,Equity,False,0.012318705031342738,1.3320476684665987,-0.019168241483454418,2023-09-01
2023-09-14,Equity Equal Weight + Sector Sentiment,Sentiment fusion,Equal Weight + Sector Sentiment,Equity,True,0.012378656846622427,1.3195782515041152,-0.0192968530852482,2023-09-01
2023-09-15,Equity Equal Weight,Base,Equal Weight,Equity,False,-0.010396618037459773,1.3181988776498628,-0.029365574635760838,2023-09-01
2023-09-15,Equity Equal Weight + Sector Sentiment,Sentiment fusion,Equal Weight + Sector Sentiment,Equity,True,-0.010304855081069507,1.3059801888542342,-0.029402856891753593,2023-09-01
2023-09-18,Equity Equal Weight,Base,Equal Weight,Equity,False,-0.0001755626192346401,1.3179674512022304,-0.029535981757797147,2023-09-01
2023-09-18,Equity Equal Weight + Sector Sentiment,Sentiment fusion,Equal Weight + Sector Sentiment,Equity,True,-0.00027182282260059204,1.3056251936330394,-0.029666687346801335,2023-09-01
2023-09-19,Equity Equal Weight,Base,Equal Weight,Equity,False,-0.004352956537590351,1.3122303961691884,-0.03376036945050076,2023-09-01
2023-09-19,Equity Equal Weight + Sector Sentiment,Sentiment fusion,Equal Weight + Sector Sentiment,Equity,True,-0.004340109423347957,1.2999586374267922,-0.03387804010083584,2023-09-01
2023-09-20,Equity Equal Weight,Base,Equal Weight,Equity,False,-0.005174190529454843,1.3054406660808668,-0.038759877396074005,2023-09-01
2023-09-20,Equity Equal Weight + Sector Sentiment,Sentiment fusion,Equal Weight + Sector Sentiment,Equity,True,-0.005013717886928087,1.2934410115540589,-0.0387219030521363,2023-09-01
2023-09-21,Equity Equal Weight,Base,Equal Weight,Equity,False,-0.018407271230023878,1.2814110656656132,-0.056453685050025904,2023-09-01
2023-09-21,Equity Equal Weight + Sector Sentiment,Sentiment fusion,Equal Weight + Sector Sentiment,Equity,True,-0.018521167355749733,1.269484974114276,-0.056525895561124306,2023-09-01
2023-09-22,Equity Equal Weight,Base,Equal Weight,Equity,False,-0.0033939441023224447,1.2770620281366467,-0.059656028500918445,2023-09-01
2023-09-22,Equity Equal Weight + Sector Sentiment,Sentiment fusion,Equal Weight + Sector Sentiment,Equity,True,-0.003404654578383708,1.2651628162849684,-0.05973809899038862,2023-09-01
2023-09-25,Equity Equal Weight,Base,Equal Weight,Equity,False,0.0020707034061604604,1.2797064448281874,-0.057708855036172846,2023-09-01
2023-09-25,Equity Equal Weight + Sector Sentiment,Sentiment fusion,Equal Weight + Sector Sentiment,Equity,True,0.00198333271752329,1.2676720550915004,-0.05787324679907546,2023-09-01
2023-09-26,Equity Equal Weight,Base,Equal Weight,Equity,False,-0.012000129160699128,1.26434980220247,-0.06901647048272197,2023-09-01
2023-09-26,Equity Equal Weight + Sector Sentiment,Sentiment fusion,Equal Weight + Sector Sentiment,Equity,True,-0.012015362758484877,1.2524405154907818,-0.06919324150325823,2023-09-01
2023-09-27,Equity Equal Weight,Base,Equal Weight,Equity,False,-0.0013670892214583273,1.262621323215726,-0.07028920803128025,2023-09-01
2023-09-27,Equity Equal Weight + Sector Sentiment,Sentiment fusion,Equal Weight + Sector Sentiment,Equity,True,-0.0015988624543974473,1.2504380353741975,-0.07068147348171805,2023-09-01
2023-09-28,Equity Equal Weight,Base,Equal Weight,Equity,False,0.003947234722531331,1.2676051859441315,-0.06661942131130927,2023-09-01
2023-09-28,Equity Equal Weight + Sector Sentiment,Sentiment fusion,Equal Weight + Sector Sentiment,Equity,True,0.003921514535837694,1.2553416463060818,-0.06703713737155337,2023-09-01
2023-09-29,Equity Equal Weight,Base,Equal Weight,Equity,False,-0.0015647446333802778,1.2656217075321805,-0.06807992356271364,2023-09-01
2023-09-29,Equity Equal Weight + Sector Sentiment,Sentiment fusion,Equal Weight + Sector Sentiment,Equity,True,-0.0014408437465277591,1.2535328951452458,-0.06838139107791419,2023-09-01
2023-10-02,Equity Equal Weight,Base,Equal Weight,Equity,False,-0.014277794548844161,1.2475514208154788,-0.08138568695002835,2023-10-02
2023-10-02,Equity Equal Weight + Sector Sentiment,Sentiment fusion,Equal Weight + Sector Sentiment,Equity,True,-0.014845922219058748,1.234923043284888,-0.08221212848379922,2023-10-02
2023-10-03,Equity Equal Weight,Base,Equal Weight,Equity,False,-0.008737447189766876,1.2366510061595848,-0.0894120309980665,2023-10-02
2023-10-03,Equity Equal Weight + Sector Sentiment,Sentiment fusion,Equal Weight + Sector Sentiment,Equity,True,-0.008485671147386282,1.224443892447243,-0.09000017454454523,2023-10-02
2023-10-04,Equity Equal Weight,Base,Equal Weight,Equity,False,0.001486190419519371,1.238488905037228,-0.08805872388240632,2023-10-02
2023-10-04,Equity Equal Weight + Sector Sentiment,Sentiment fusion,Equal Weight + Sector Sentiment,Equity,True,0.0012227601577901063,1.2259410936543769,-0.08888746301438233,2023-10-02
2023-10-05,Equity Equal Weight,Base,Equal Weight,Equity,False,-0.0017993164430961674,1.2362604715858023,-0.08969959481566292,2023-10-02
2023-10-05,Equity Equal Weight + Sector Sentiment,Sentiment fusion,Equal Weight + Sector Sentiment,Equity,True,-0.0019682201772427614,1.2235281716577353,-0.09068073309341629,2023-10-02
2023-10-06,Equity Equal Weight,Base,Equal Weight,Equity,False,0.010562235035083519,1.249318145251275,-0.08008478798357399,2023-10-02
2023-10-06,Equity Equal Weight + Sector Sentiment,Sentiment fusion,Equal Weight + Sector Sentiment,Equity,True,0.010483988516138819,1.2363556269585672,-0.08114744034166399,2023-10-02
2023-10-09,Equity Equal Weight,Base,Equal Weight,Equity,False,0.008618105599254036,1.2600849009541146,-0.07215686154405632,2023-10-02
2023-10-09,Equity Equal Weight + Sector Sentiment,Sentiment fusion,Equal Weight + Sector Sentiment,Equity,True,0.008875062309407208,1.2473283601844105,-0.07299256662153808,2023-10-02
2023-10-10,Equity Equal Weight,Base,Equal Weight,Equity,False,0.008175075293704533,1.2703861898958746,-0.06457167402643194,2023-10-02
2023-10-10,Equity Equal Weight + Sector Sentiment,Sentiment fusion,Equal Weight + Sector Sentiment,Equity,True,0.008323787075316402,1.2577108558675891,-0.06527635412886024,2023-10-02
2023-10-11,Equity Equal Weight,Base,Equal Weight,Equity,False,0.003405430597009822,1.2747124018969649,-0.06138613778385171,2023-10-02
2023-10-11,Equity Equal Weight + Sector Sentiment,Sentiment fusion,Equal Weight + Sector Sentiment,Equity,True,0.0034994637627079974,1.2621121694316622,-0.06200532260198788,2023-10-02
2023-10-12,Equity Equal Weight,Base,Equal Weight,Equity,False,-0.008177812077289359,1.2642880434216612,-0.06906194556219425,2023-10-02
2023-10-12,Equity Equal Weight + Sector Sentiment,Sentiment fusion,Equal Weight + Sector Sentiment,Equity,True,-0.008361551837571066,1.25155895310213,-0.06984841372041706,2023-10-02
2023-10-13,Equity Equal Weight,Base,Equal Weight,Equity,False,0.0008539952818469666,1.2653677394456389,-0.0682669288560126,2023-10-02
2023-10-13,Equity Equal Weight + Sector Sentiment,Sentiment fusion,Equal Weight + Sector Sentiment,Equity,True,0.0011896231076200462,1.253047836553289,-0.06874188389978941,2023-10-02
2023-10-16,Equity Equal Weight,Base,Equal Weight,Equity,False,0.010054401801848065,1.2780902551251214,-0.05889891018666116,2023-10-02
2023-10-16,Equity Equal Weight + Sector Sentiment,Sentiment fusion,Equal Weight + Sector Sentiment,Equity,True,0.009979234704101943,1.2655522950097216,-0.05944864058912558,2023-10-02
2023-10-17,Equity Equal Weight,Base,Equal Weight,Equity,False,0.002685309412875975,1.281522322917714,-0.0563717625717175,2023-10-02
2023-10-17,Equity Equal Weight + Sector Sentiment,Sentiment fusion,Equal Weight + Sector Sentiment,Equity,True,0.0026080529408155795,1.2688529223944778,-0.0569956328502258,2023-10-02
2023-10-18,Equity Equal Weight,Base,Equal Weight,Equity,False,-0.014230273413928558,1.263285909876542,-0.06979985039142544,2023-10-02
2023-10-18,Equity Equal Weight + Sector Sentiment,Sentiment fusion,Equal Weight + Sector Sentiment,Equity,True,-0.014178553658877564,1.2508624231490841,-0.0703660708704148,2023-10-02
2023-10-19,Equity Equal Weight,Base,Equal Weight,Equity,False,-0.009305594370400684,1.2515302836253885,-0.07845591566696875,2023-10-02
2023-10-19,Equity Equal Weight + Sector Sentiment,Sentiment fusion,Equal Weight + Sector Sentiment,Equity,True,-0.009242870335619633,1.2393008639642182,-0.07895855673695207,2023-10-02
2023-10-20,Equity Equal Weight,Base,Equal Weight,Equity,False,-0.009081863328990969,1.2401640566374095,-0.08682525309252154,2023-10-02
2023-10-20,Equity Equal Weight + Sector Sentiment,Sentiment fusion,Equal Weight + Sector Sentiment,Equity,True,-0.009017539932984313,1.228125418934439,-0.08726408473151004,2023-10-02
2023-10-23,Equity Equal Weight,Base,Equal Weight,Equity,False,-0.006638668904780638,1.231931018077784,-0.09288751788944716,2023-10-02
2023-10-23,Equity Equal Weight + Sector Sentiment,Sentiment fusion,Equal Weight + Sector Sentiment,Equity,True,-0.006646070277269506,1.2199632110908998,-0.09333019176897228,2023-10-02
2023-10-24,Equity Equal Weight,Base,Equal Weight,Equity,False,0.01067225634497537,1.2450785017020365,-0.08320658094663658,2023-10-02
2023-10-24,Equity Equal Weight + Sector Sentiment,Sentiment fusion,Equal Weight + Sector Sentiment,Equity,True,0.010961653310730502,1.2333360248627236,-0.08339159166383736,2023-10-02
2023-10-25,Equity Equal Weight,Base,Equal Weight,Equity,False,-0.012202086934438763,1.2298859455840674,-0.0943933739468471,2023-10-02
2023-10-25,Equity Equal Weight + Sector Sentiment,Sentiment fusion,Equal Weight + Sector Sentiment,Equity,True,-0.011771262119844533,1.2188181032322174,-0.09418122949961583,2023-10-02
2023-10-26,Equity Equal Weight,Base,Equal Weight,Equity,False,-0.0022385106114812744,1.2271328328439657,-0.09642058398909492,2023-10-02
2023-10-26,Equity Equal Weight + Sector Sentiment,Sentiment fusion,Equal Weight + Sector Sentiment,Equity,True,-0.0023265794663983527,1.2159824260599628,-0.09628868885134012,2023-10-02
2023-10-27,Equity Equal Weight,Base,Equal Weight,Equity,False,-0.010265573942721824,1.2145356100108642,-0.10569634529727634,2023-10-02
2023-10-27,Equity Equal Weight + Sector Sentiment,Sentiment fusion,Equal Weight + Sector Sentiment,Equity,True,-0.010598016782774694,1.20309542390102,-0.1058662364936771,2023-10-02
2023-10-30,Equity Equal Weight,Base,Equal Weight,Equity,False,0.009873107151553415,1.2265268502278788,-0.09686678948837046,2023-10-02
2023-10-30,Equity Equal Weight + Sector Sentiment,Sentiment fusion,Equal Weight + Sector Sentiment,Equity,True,0.009850557409680445,1.214946584443481,-0.09705852052432429,2023-10-02
2023-10-31,Equity Equal Weight,Base,Equal Weight,Equity,False,0.005956443679252162,1.2338325883323515,-0.0914873273850958,2023-10-02
2023-10-31,Equity Equal Weight + Sector Sentiment,Sentiment fusion,Equal Weight + Sector Sentiment,Equity,True,0.006184640865192652,1.2224605927386565,-0.09147415175148144,2023-10-02
2023-11-01,Equity Equal Weight,Base,Equal Weight,Equity,False,0.004883111660390648,1.2398575306314072,-0.08705095855983735,2023-11-01
2023-11-01,Equity Equal Weight + Sector Sentiment,Sentiment fusion,Equal Weight + Sector Sentiment,Equity,True,0.004989527631804921,1.2285600936449186,-0.08694103692743649,2023-11-01
2023-11-02,Equity Equal Weight,Base,Equal Weight,Equity,False,0.02571160574756406,1.2717362586421503,-0.06357757273871134,2023-11-01
2023-11-02,Equity Equal Weight + Sector Sentiment,Sentiment fusion,Equal Weight + Sector Sentiment,Equity,True,0.02577981252698878,1.2602321425372245,-0.063402548033339,2023-11-01
2023-11-03,Equity Equal Weight,Base,Equal Weight,Equity,False,0.012890217249610088,1.2881292153002541,-0.051506884213906035,2023-11-01
2023-11-03,Equity Equal Weight + Sector Sentiment,Sentiment fusion,Equal Weight + Sector Sentiment,Equity,True,0.01286128186537208,1.2764403433381977,-0.05135670420920635,2023-11-01
2023-11-06,Equity Equal Weight,Base,Equal Weight,Equity,False,-0.004416477626457303,1.2824402214408945,-0.05569588283862403,2023-11-01
2023-11-06,Equity Equal Weight + Sector Sentiment,Sentiment fusion,Equal Weight + Sector Sentiment,Equity,True,-0.004428832060329827,1.270787203422523,-0.05555808605142165,2023-11-01
2023-11-07,Equity Equal Weight,Base,Equal Weight,Equity,False,-0.003574772707582173,1.2778557891381819,-0.059071555424310085,2023-11-01
2023-11-07,Equity Equal Weight + Sector Sentiment,Sentiment fusion,Equal Weight + Sector Sentiment,Equity,True,-0.003501395571950226,1.2663376747355684,-0.05886495078688536,2023-11-01
2023-11-08,Equity Equal Weight,Base,Equal Weight,Equity,False,-0.0010367018021812317,1.2765310337386546,-0.06004701763852527,2023-11-01
2023-11-08,Equity Equal Weight + Sector Sentiment,Sentiment fusion,Equal Weight + Sector Sentiment,Equity,True,-0.0009953527778727353,1.2650772220132953,-0.0598017121724731,2023-11-01
2023-11-09,Equity Equal Weight,Base,Equal Weight,Equity,False,-0.008860343964443552,1.2652205296984433,-0.06837532437265259,2023-11-01
2023-11-09,Equity Equal Weight + Sector Sentiment,Sentiment fusion,Equal Weight + Sector Sentiment,Equity,True,-0.008809933033423579,1.2539319764052486,-0.06808479612637319,2023-11-01
2023-11-10,Equity Equal Weight,Base,Equal Weight,Equity,False,0.010826555111601258,1.278918509491553,-0.058289038478645416,2023-11-01
2023-11-10,Equity Equal Weight + Sector Sentiment,Sentiment fusion,Equal Weight + Sector Sentiment,Equity,True,0.010808025606995795,1.2674845053156674,-0.058012632739358305,2023-11-01
2023-11-13,Equity Equal Weight,Base,Equal Weight,Equity,False,-0.0012120591519519698,1.277368384607523,-0.05943044786805085,2023-11-01
2023-11-13,Equity Equal Weight + Sector Sentiment,Sentiment fusion,Equal Weight + Sector Sentiment,Equity,True,-0.0011877385858212975,1.2659790650617733,-0.05913146748281006,2023-11-01
2023-11-14,Equity Equal Weight,Base,Equal Weight,Equity,False,0.024687450084704528,1.3089033528423009,-0.03621018399860043,2023-11-01
2023-11-14,Equity Equal Weight + Sector Sentiment,Sentiment fusion,Equal Weight + Sector Sentiment,Equity,True,0.024650447899303284,1.2971860160466873,-0.03593863674190101,2023-11-01
2023-11-15,Equity Equal Weight,Base,Equal Weight,Equity,False,0.0053937813541817025,1.3159632913412878,-0.0310117124597018,2023-11-01
2023-11-15,Equity Equal Weight + Sector Sentiment,Sentiment fusion,Equal Weight + Sector Sentiment,Equity,True,0.005412510272984509,1.3042070486845119,-0.030720644709479106,2023-11-01
2023-11-16,Equity Equal Weight,Base,Equal Weight,Equity,False,0.001092174866344132,1.3174005533731223,-0.029953407806268317,2023-11-01
2023-11-16,Equity Equal Weight + Sector Sentiment,Sentiment fusion,Equal Weight + Sector Sentiment,Equity,True,0.0010764380657655693,1.3056109467973556,-0.0296772755150837,2023-11-01
2023-11-17,Equity Equal Weight,Base,Equal Weight,Equity,False,0.0029864047188403334,1.3213348446023188,-0.027056456085845948,2023-11-01
2023-11-17,Equity Equal Weight + Sector Sentiment,Sentiment fusion,Equal Weight + Sector Sentiment,Equity,True,0.0029495884453139415,1.3094619617601044,-0.02681522281871751,2023-11-01
2023-11-20,Equity Equal Weight,Base,Equal Weight,Equity,False,0.004563278235892128,1.3273644631410184,-0.022616643987150686,2023-11-01
2023-11-20,Equity Equal Weight + Sector Sentiment,Sentiment fusion,Equal Weight + Sector Sentiment,Equity,True,0.0045889384262486855,1.3154710020741365,-0.02234933779886994,2023-11-01
2023-11-21,Equity Equal Weight,Base,Equal Weight,Equity,False,-0.002656702442466501,1.3238380507297485,-0.02521326073629615,2023-11-01
2023-11-21,Equity Equal Weight + Sector Sentiment,Sentiment fusion,Equal Weight + Sector Sentiment,Equity,True,-0.0027058604567854376,1.3119115211075763,-0.024994724066270013,2023-11-01
2023-11-22,Equity Equal Weight,Base,Equal Weight,Equity,False,0.0017565054393906237,1.3261633794667276,-0.02350104252653351,2023-11-01
2023-11-22,Equity Equal Weight + Sector Sentiment,Sentiment fusion,Equal Weight + Sector Sentiment,Equity,True,0.0017502969516895596,1.3142077558438574,-0.0232881753039218,2023-11-01
2023-11-24,Equity Equal Weight,Base,Equal Weight,Equity,False,0.002425739986102712,1.3293803070044052,-0.021132309959002504,2023-11-01
2023-11-24,Equity Equal Weight + Sector Sentiment,Sentiment fusion,Equal Weight + Sector Sentiment,Equity,True,0.002428565428789408,1.3173993953659469,-0.020916166732575014,2023-11-01
2023-11-27,Equity Equal Weight,Base,Equal Weight,Equity,False,0.0005686227715852709,1.330136222919065,-0.020575703500076092,2023-11-01
2023-11-27,Equity Equal Weight + Sector Sentiment,Sentiment fusion,Equal Weight + Sector Sentiment,Equity,True,0.0005705580228236625,1.3181510481602359,-0.020357542596487366,2023-11-01
2023-11-28,Equity Equal Weight,Base,Equal Weight,Equity,False,0.0019367620270540817,1.3327123802464238,-0.018678791714240806,2023-11-01
2023-11-28,Equity Equal Weight + Sector Sentiment,Sentiment fusion,Equal Weight + Sector Sentiment,Equity,True,0.0018835170873431094,1.3206338081831448,-0.0185123692884811,2023-11-01
2023-11-29,Equity Equal Weight,Base,Equal Weight,Equity,False,0.004991001233244946,1.3393639493797946,-0.01378101635347706,2023-11-01
2023-11-29,Equity Equal Weight + Sector Sentiment,Sentiment fusion,Equal Weight + Sector Sentiment,Equity,True,0.004990170480888044,1.3272239960288033,-0.013614578686347634,2023-11-01
2023-11-30,Equity Equal Weight,Base,Equal Weight,Equity,False,0.006265115907290461,1.3477552197647054,-0.007602240110961445,2023-11-01
2023-11-30,Equity Equal Weight + Sector Sentiment,Sentiment fusion,Equal Weight + Sector Sentiment,Equity,True,0.00621909061959281,1.3354781223326047,-0.0074801583653526516,2023-11-01
2023-12-01,Equity Equal Weight,Base,Equal Weight,Equity,False,0.009225927380084264,1.3601895115483842,0.0,2023-12-01
2023-12-01,Equity Equal Weight + Sector Sentiment,Sentiment fusion,Equal Weight + Sector Sentiment,Equity,True,0.009252438277375508,1.3478345512302725,0.0,2023-12-01
2023-12-04,Equity Equal Weight,Base,Equal Weight,Equity,False,-0.0017582468630449508,1.3577979626065577,-0.0017582468630448211,2023-12-01
2023-12-04,Equity Equal Weight + Sector Sentiment,Sentiment fusion,Equal Weight + Sector Sentiment,Equity,True,-0.001779123583704816,1.3454365869932465,-0.0017791235837048003,2023-12-01
2023-12-05,Equity Equal Weight,Base,Equal Weight,Equity,False,-0.005279051190612242,1.3506300776554487,-0.007028016178461272,2023-12-01
2023-12-05,Equity Equal Weight + Sector Sentiment,Sentiment fusion,Equal Weight + Sector Sentiment,Equity,True,-0.005288919530737023,1.3383206811509298,-0.007058633472972309,2023-12-01
2023-12-06,Equity Equal Weight,Base,Equal Weight,Equity,False,-0.0006334092051961209,1.349774576131447,-0.007656973773515707,2023-12-01
2023-12-06,Equity Equal Weight + Sector Sentiment,Sentiment fusion,Equal Weight + Sector Sentiment,Equity,True,-0.0004549608629741944,1.3377117976188972,-0.007510382933970217,2023-12-01
2023-12-07,Equity Equal Weight,Base,Equal Weight,Equity,False,0.004791250836244425,1.3562416846980783,-0.0029024094192667826,2023-12-01
2023-12-07,Equity Equal Weight + Sector Sentiment,Sentiment fusion,Equal Weight + Sector Sentiment,Equity,True,0.004665289564505225,1.3439526105086441,-0.002880131480592407,2023-12-01
2023-12-08,Equity Equal Weight,Base,Equal Weight,Equity,False,0.0032232876811207145,1.360613241812988,0.0,2023-12-01
2023-12-08,Equity Equal Weight + Sector Sentiment,Sentiment fusion,Equal Weight + Sector Sentiment,Equity,True,0.0031890535811369275,1.348238547394065,0.0,2023-12-01
2023-12-11,Equity Equal Weight,Base,Equal Weight,Equity,False,0.006827058068376081,1.3699022274234465,0.0,2023-12-01
2023-12-11,Equity Equal Weight + Sector Sentiment,Sentiment fusion,Equal Weight + Sector Sentiment,Equity,True,0.00672462432745293,1.357304945129081,0.0,2023-12-01
2023-12-12,Equity Equal Weight,Base,Equal Weight,Equity,False,0.0009476746672545505,1.3712004490609913,0.0,2023-12-01
2023-12-12,Equity Equal Weight + Sector Sentiment,Sentiment fusion,Equal Weight + Sector Sentiment,Equity,True,0.000880777461069799,1.3585004287325493,0.0,2023-12-01
2023-12-13,Equity Equal Weight,Base,Equal Weight,Equity,False,0.02087639168672023,1.3998261667165952,0.0,2023-12-01
2023-12-13,Equity Equal Weight + Sector Sentiment,Sentiment fusion,Equal Weight + Sector Sentiment,Equity,True,0.021100104784067805,1.3871649301280071,0.0,2023-12-01
2023-12-14,Equity Equal Weight,Base,Equal Weight,Equity,False,0.014595779068877952,1.420257720180825,0.0,2023-12-01
2023-12-14,Equity Equal Weight + Sector Sentiment,Sentiment fusion,Equal Weight + Sector Sentiment,Equity,True,0.014489533597080776,1.407264302987789,0.0,2023-12-01
2023-12-15,Equity Equal Weight,Base,Equal Weight,Equity,False,-0.002987501014668089,1.4160146988006947,-0.002987501014668048,2023-12-01
2023-12-15,Equity Equal Weight + Sector Sentiment,Sentiment fusion,Equal Weight + Sector Sentiment,Equity,True,-0.003195804262756752,1.4027669617294751,-0.003195804262756785,2023-12-01
2023-12-18,Equity Equal Weight,Base,Equal Weight,Equity,False,-0.001664732526744826,1.4136574130732524,-0.0046472601513001255,2023-12-01
2023-12-18,Equity Equal Weight + Sector Sentiment,Sentiment fusion,Equal Weight + Sector Sentiment,Equity,True,-0.001681662450965612,1.4004079812024797,-0.004872092449693,2023-12-01
2023-12-19,Equity Equal Weight,Base,Equal Weight,Equity,False,0.008157793757598827,1.4251897386930046,0.0,2023-12-01
2023-12-19,Equity Equal Weight + Sector Sentiment,Sentiment fusion,Equal Weight + Sector Sentiment,Equity,True,0.008069019534751073,1.4117079005594237,0.0,2023-12-01
2023-12-20,Equity Equal Weight,Base,Equal Weight,Equity,False,-0.014850677593572906,1.4040247053740063,-0.014850677593572947,2023-12-01
2023-12-20,Equity Equal Weight + Sector Sentiment,Sentiment fusion,Equal Weight + Sector Sentiment,Equity,True,-0.01484130214261934,1.3907563170700985,-0.014841302142619361,2023-12-01
2023-12-21,Equity Equal Weight,Base,Equal Weight,Equity,False,0.008232135847797428,1.4155828274823088,-0.006740794541157724,2023-12-01
2023-12-21,Equity Equal Weight + Sector Sentiment,Sentiment fusion,Equal Weight + Sector Sentiment,Equity,True,0.008067377537924322,1.401976073343156,-0.006893654992234044,2023-12-01
2023-12-22,Equity Equal Weight,Base,Equal Weight,Equity,False,0.0017961345326030756,1.4181254046825096,-0.004956767382407246,2023-12-01
2023-12-22,Equity Equal Weight + Sector Sentiment,Sentiment fusion,Equal Weight + Sector Sentiment,Equity,True,0.0019041818066289854,1.4046456906753453,-0.005002599958022436,2023-12-01
2023-12-26,Equity Equal Weight,Base,Equal Weight,Equity,False,0.006694788903153798,1.4276194549050587,0.0,2023-12-01
2023-12-26,Equity Equal Weight + Sector Sentiment,Sentiment fusion,Equal Weight + Sector Sentiment,Equity,True,0.006631896968699388,1.4139611561734318,0.0,2023-12-01
2023-12-27,Equity Equal Weight,Base,Equal Weight,Equity,False,0.0016136326175488832,1.4299231082229409,0.0,2023-12-01
2023-12-27,Equity Equal Weight + Sector Sentiment,Sentiment fusion,Equal Weight + Sector Sentiment,Equity,True,0.0015440978703022202,1.4161444505833694,0.0,2023-12-01
2023-12-28,Equity Equal Weight,Base,Equal Weight,Equity,False,0.0012615334683205742,1.4317270040810892,0.0,2023-12-01
2023-12-28,Equity Equal Weight + Sector Sentiment,Sentiment fusion,Equal Weight + Sector Sentiment,Equity,True,0.0013009448611743107,1.4179867764290361,0.0,2023-12-01
2023-12-29,Equity Equal Weight,Base,Equal Weight,Equity,False,-0.0031501740577642113,1.4272168148150326,-0.003150174057764188,2023-12-01
2023-12-29,Equity Equal Weight + Sector Sentiment,Sentiment fusion,Equal Weight + Sector Sentiment,Equity,True,-0.0031237156124355797,1.4135573889972775,-0.003123715612435629,2023-12-01
