rebalance_date,strategy_name,variant,portfolio_method,asset_family,uses_sentiment,ticker,sector,holding_asset_class,target_weight,base_target_weight,sentiment_observation_date,lagged_sentiment_value,sentiment_available,tilt_multiplier,estimation_start_date,estimation_end_date,estimation_observations
2021-01-04,Equity Equal Weight,Base,Equal Weight,Equity,False,ABBV,Healthcare,equity,0.02,0.02,,,False,1.0,2020-01-03,2020-12-31,252
2021-01-04,Equity Equal Weight,Base,Equal Weight,Equity,False,ABT,Healthcare,equity,0.02,0.02,,,False,1.0,2020-01-03,2020-12-31,252
2021-01-04,Equity Equal Weight,Base,Equal Weight,Equity,False,ADBE,Tech,equity,0.02,0.02,,,False,1.0,2020-01-03,2020-12-31,252
2021-01-04,Equity Equal Weight,Base,Equal Weight,Equity,False,AEP,Utilities,equity,0.02,0.02,,,False,1.0,2020-01-03,2020-12-31,252
2021-01-04,Equity Equal Weight,Base,Equal Weight,Equity,False,AMD,Tech,equity,0.02,0.02,,,False,1.0,2020-01-03,2020-12-31,252
2021-01-04,Equity Equal Weight,Base,Equal Weight,Equity,False,AMGN,Healthcare,equity,0.02,0.02,,,False,1.0,2020-01-03,2020-12-31,252
2021-01-04,Equity Equal Weight,Base,Equal Weight,Equity,False,AMT,RealEstate,equity,0.02,0.02,,,False,1.0,2020-01-03,2020-12-31,252
2021-01-04,Equity Equal Weight,Base,Equal Weight,Equity,False,BA,Industrials,equity,0.02,0.02,,,False,1.0,2020-01-03,2020-12-31,252
2021-01-04,Equity Equal Weight,Base,Equal Weight,Equity,False,CAT,Industrials,equity,0.02,0.02,,,False,1.0,2020-01-03,2020-12-31,252
2021-01-04,Equity Equal Weight,Base,Equal Weight,Equity,False,CCI,RealEstate,equity,0.02,0.02,,,False,1.0,2020-01-03,2020-12-31,252
2021-01-04,Equity Equal Weight,Base,Equal Weight,Equity,False,CMCSA,Comm,equity,0.02,0.02,,,False,1.0,2020-01-03,2020-12-31,252
2021-01-04,Equity Equal Weight,Base,Equal Weight,Equity,False,COP,Energy,equity,0.02,0.02,,,False,1.0,2020-01-03,2020-12-31,252
2021-01-04,Equity Equal Weight,Base,Equal Weight,Equity,False,CVX,Energy,equity,0.02,0.02,,,False,1.0,2020-01-03,2020-12-31,252
2021-01-04,Equity Equal Weight,Base,Equal Weight,Equity,False,D,Utilities,equity,0.02,0.02,,,False,1.0,2020-01-03,2020-12-31,252
2021-01-04,Equity Equal Weight,Base,Equal Weight,Equity,False,DD,Materials,equity,0.02,0.02,,,False,1.0,2020-01-03,2020-12-31,252
2021-01-04,Equity Equal Weight,Base,Equal Weight,Equity,False,DIS,Consumer,equity,0.02,0.02,,,False,1.0,2020-01-03,2020-12-31,252
2021-01-04,Equity Equal Weight,Base,Equal Weight,Equity,False,DOW,Materials,equity,0.02,0.02,,,False,1.0,2020-01-03,2020-12-31,252
2021-01-04,Equity Equal Weight,Base,Equal Weight,Equity,False,DUK,Utilities,equity,0.02,0.02,,,False,1.0,2020-01-03,2020-12-31,252
2021-01-04,Equity Equal Weight,Base,Equal Weight,Equity,False,EA,Comm,equity,0.02,0.02,,,False,1.0,2020-01-03,2020-12-31,252
2021-01-04,Equity Equal Weight,Base,Equal Weight,Equity,False,GE,Industrials,equity,0.02,0.02,,,False,1.0,2020-01-03,2020-12-31,252
2021-01-04,Equity Equal Weight,Base,Equal Weight,Equity,False,GILD,Healthcare,equity,0.02,0.02,,,False,1.0,2020-01-03,2020-12-31,252
2021-01-04,Equity Equal Weight,Base,Equal Weight,Equity,False,GS,Financials,equity,0.02,0.02,,,False,1.0,2020-01-03,2020-12-31,252
2021-01-04,Equity Equal Weight,Base,Equal Weight,Equity,False,INTC,Tech,equity,0.02,0.02,,,False,1.0,2020-01-03,2020-12-31,252
2021-01-04,Equity Equal Weight,Base,Equal Weight,Equity,False,KO,Consumer,equity,0.02,0.02,,,False,1.0,2020-01-03,2020-12-31,252
2021-01-04,Equity Equal Weight,Base,Equal Weight,Equity,False,MMM,Industrials,equity,0.02,0.02,,,False,1.0,2020-01-03,2020-12-31,252
2021-01-04,Equity Equal Weight,Base,Equal Weight,Equity,False,MRK,Healthcare,equity,0.02,0.02,,,False,1.0,2020-01-03,2020-12-31,252
2021-01-04,Equity Equal Weight,Base,Equal Weight,Equity,False,MS,Financials,equity,0.02,0.02,,,False,1.0,2020-01-03,2020-12-31,252
2021-01-04,Equity Equal Weight,Base,Equal Weight,Equity,False,NEE,Utilities,equity,0.02,0.02,,,False,1.0,2020-01-03,2020-12-31,252
2021-01-04,Equity Equal Weight,Base,Equal Weight,Equity,False,NEM,Materials,equity,0.02,0.02,,,False,1.0,2020-01-03,2020-12-31,252
2021-01-04,Equity Equal Weight,Base,Equal Weight,Equity,False,NKE,Consumer,equity,0.02,0.02,,,False,1.0,2020-01-03,2020-12-31,252
2021-01-04,Equity Equal Weight,Base,Equal Weight,Equity,False,NUE,Materials,equity,0.02,0.02,,,False,1.0,2020-01-03,2020-12-31,252
2021-01-04,Equity Equal Weight,Base,Equal Weight,Equity,False,NVDA,Tech,equity,0.02,0.02,,,False,1.0,2020-01-03,2020-12-31,252
2021-01-04,Equity Equal Weight,Base,Equal Weight,Equity,False,O,RealEstate,equity,0.02,0.02,,,False,1.0,2020-01-03,2020-12-31,252
2021-01-04,Equity Equal Weight,Base,Equal Weight,Equity,False,OXY,Energy,equity,0.02,0.02,,,False,1.0,2020-01-03,2020-12-31,252
2021-01-04,Equity Equal Weight,Base,Equal Weight,Equity,False,PLD,RealEstate,equity,0.02,0.02,,,False,1.0,2020-01-03,2020-12-31,252
2021-01-04,Equity Equal Weight,Base,Equal Weight,Equity,False,PSA,RealEstate,equity,0.02,0.02,,,False,1.0,2020-01-03,2020-12-31,252
2021-01-04,Equity Equal Weight,Base,Equal Weight,Equity,False,QCOM,Tech,equity,0.02,0.02,,,False,1.0,2020-01-03,2020-12-31,252
2021-01-04,Equity Equal Weight,Base,Equal Weight,Equity,False,SBUX,Consumer,equity,0.02,0.02,,,False,1.0,2020-01-03,2020-12-31,252
2021-01-04,Equity Equal Weight,Base,Equal Weight,Equity,False,SHW,Materials,equity,0.02,0.02,,,False,1.0,2020-01-03,2020-12-31,252
2021-01-04,Equity Equal Weight,Base,Equal Weight,Equity,False,SLB,Energy,equity,0.02,0.02,,,False,1.0,2020-01-03,2020-12-31,252
2021-01-04,Equity Equal Weight,Base,Equal Weight,Equity,False,SO,Utilities,equity,0.02,0.02,,,False,1.0,2020-01-03,2020-12-31,252
2021-01-04,Equity Equal Weight,Base,Equal Weight,Equity,False,T,Comm,equity,0.02,0.02,,,False,1.0,2020-01-03,2020-12-31,252
2021-01-04,Equity Equal Weight,Base,Equal Weight,Equity,False,TMUS,Comm,equity,0.02,0.02,,,False,1.0,2020-01-03,2020-12-31,252
2021-01-04,Equity Equal Weight,Base,Equal Weight,Equity,False,TTWO,Comm,equity,0.02,0.02,,,False,1.0,2020-01-03,2020-12-31,252
2021-01-04,Equity Equal Weight,Base,Equal Weight,Equity,False,UPS,Industrials,equity,0.02,0.02,,,False,1.0,2020-01-03,2020-12-31,252
2021-01-04,Equity Equal Weight,Base,Equal Weight,Equity,False,USB,Financials,equity,0.02,0.02,,,False,1.0,2020-01-03,2020-12-31,252
2021-01-04,Equity Equal Weight,Base,Equal Weight,Equity,False,V,Financials,equity,0.02,0.02,,,False,1.0,2020-01-03,2020-12-31,252
2021-01-04,Equity Equal Weight,Base,Equal Weight,Equity,False,WFC,Financials,equity,0.02,0.02,,,False,1.0,2020-01-03,2020-12-31,252
2021-01-04,Equity Equal Weight,Base,Equal Weight,Equity,False,WMT,Consumer,equity,0.02,0.02,,,False,1.0,2020-01-03,2020-12-31,252
2021-01-04,Equity Equal Weight,Base,Equal Weight,Equity,False,XOM,Energy,equity,0.02,0.02,,,False,1.0,2020-01-03,2020-12-31,252
2021-01-04,Equity Equal Weight + Sector Sentiment,Sentiment fusion,Equal Weight + Sector Sentiment,Equity,True,ABBV,Healthcare,equity,0.019746318522420567,0.02,2020-12-31,0.2181611111111111,True,1.1090805555555556,2020-01-03,2020-12-31,252
2021-01-04,Equity Equal Weight + Sector Sentiment,Sentiment fusion,Equal Weight + Sector Sentiment,Equity,True,ABT,Healthcare,equity,0.019746318522420567,0.02,2020-12-31,0.2181611111111111,True,1.1090805555555556,2020-01-03,2020-12-31,252
2021-01-04,Equity Equal Weight + Sector Sentiment,Sentiment fusion,Equal Weight + Sector Sentiment,Equity,True,ADBE,Tech,equity,0.019623370465229203,0.02,2020-12-31,0.20435,True,1.102175,2020-01-03,2020-12-31,252
2021-01-04,Equity Equal Weight + Sector Sentiment,Sentiment fusion,Equal Weight + Sector Sentiment,Equity,True,AEP,Utilities,equity,0.021724713989768118,0.02,2020-12-31,0.4404,True,1.2202,2020-01-03,2020-12-31,252
2021-01-04,Equity Equal Weight + Sector Sentiment,Sentiment fusion,Equal Weight + Sector Sentiment,Equity,True,AMD,Tech,equity,0.019623370465229203,0.02,2020-12-31,0.20435,True,1.102175,2020-01-03,2020-12-31,252
2021-01-04,Equity Equal Weight + Sector Sentiment,Sentiment fusion,Equal Weight + Sector Sentiment,Equity,True,AMGN,Healthcare,equity,0.019746318522420567,0.02,2020-12-31,0.2181611111111111,True,1.1090805555555556,2020-01-03,2020-12-31,252
2021-01-04,Equity Equal Weight + Sector Sentiment,Sentiment fusion,Equal Weight + Sector Sentiment,Equity,True,AMT,RealEstate,equity,0.01961758409246517,0.02,2020-12-31,0.2037,True,1.10185,2020-01-03,2020-12-31,252
2021-01-04,Equity Equal Weight + Sector Sentiment,Sentiment fusion,Equal Weight + Sector Sentiment,Equity,True,BA,Industrials,equity,0.018966602319658073,0.02,2020-12-31,0.13057333333333332,True,1.0652866666666667,2020-01-03,2020-12-31,252
2021-01-04,Equity Equal Weight + Sector Sentiment,Sentiment fusion,Equal Weight + Sector Sentiment,Equity,True,CAT,Industrials,equity,0.018966602319658073,0.02,2020-12-31,0.13057333333333332,True,1.0652866666666667,2020-01-03,2020-12-31,252
2021-01-04,Equity Equal Weight + Sector Sentiment,Sentiment fusion,Equal Weight + Sector Sentiment,Equity,True,CCI,RealEstate,equity,0.01961758409246517,0.02,2020-12-31,0.2037,True,1.10185,2020-01-03,2020-12-31,252
2021-01-04,Equity Equal Weight + Sector Sentiment,Sentiment fusion,Equal Weight + Sector Sentiment,Equity,True,CMCSA,Comm,equity,0.01870005895769829,0.02,2020-12-31,0.10063174603174603,True,1.050315873015873,2020-01-03,2020-12-31,252
2021-01-04,Equity Equal Weight + Sector Sentiment,Sentiment fusion,Equal Weight + Sector Sentiment,Equity,True,COP,Energy,equity,0.018324033042638688,0.02,2020-12-31,0.058391666666666675,True,1.0291958333333333,2020-01-03,2020-12-31,252
2021-01-04,Equity Equal Weight + Sector Sentiment,Sentiment fusion,Equal Weight + Sector Sentiment,Equity,True,CVX,Energy,equity,0.018324033042638688,0.02,2020-12-31,0.058391666666666675,True,1.0291958333333333,2020-01-03,2020-12-31,252
2021-01-04,Equity Equal Weight + Sector Sentiment,Sentiment fusion,Equal Weight + Sector Sentiment,Equity,True,D,Utilities,equity,0.021724713989768118,0.02,2020-12-31,0.4404,True,1.2202,2020-01-03,2020-12-31,252
2021-01-04,Equity Equal Weight + Sector Sentiment,Sentiment fusion,Equal Weight + Sector Sentiment,Equity,True,DD,Materials,equity,0.021381982679898395,0.02,2020-12-31,0.4019,True,1.20095,2020-01-03,2020-12-31,252
2021-01-04,Equity Equal Weight + Sector Sentiment,Sentiment fusion,Equal Weight + Sector Sentiment,Equity,True,DIS,Consumer,equity,0.020701707024052045,0.02,2020-12-31,0.3254826666666667,True,1.1627413333333334,2020-01-03,2020-12-31,252
2021-01-04,Equity Equal Weight + Sector Sentiment,Sentiment fusion,Equal Weight + Sector Sentiment,Equity,True,DOW,Materials,equity,0.021381982679898395,0.02,2020-12-31,0.4019,True,1.20095,2020-01-03,2020-12-31,252
2021-01-04,Equity Equal Weight + Sector Sentiment,Sentiment fusion,Equal Weight + Sector Sentiment,Equity,True,DUK,Utilities,equity,0.021724713989768118,0.02,2020-12-31,0.4404,True,1.2202,2020-01-03,2020-12-31,252
2021-01-04,Equity Equal Weight + Sector Sentiment,Sentiment fusion,Equal Weight + Sector Sentiment,Equity,True,EA,Comm,equity,0.01870005895769829,0.02,2020-12-31,0.10063174603174603,True,1.050315873015873,2020-01-03,2020-12-31,252
2021-01-04,Equity Equal Weight + Sector Sentiment,Sentiment fusion,Equal Weight + Sector Sentiment,Equity,True,GE,Industrials,equity,0.018966602319658073,0.02,2020-12-31,0.13057333333333332,True,1.0652866666666667,2020-01-03,2020-12-31,252
2021-01-04,Equity Equal Weight + Sector Sentiment,Sentiment fusion,Equal Weight + Sector Sentiment,Equity,True,GILD,Healthcare,equity,0.019746318522420567,0.02,2020-12-31,0.2181611111111111,True,1.1090805555555556,2020-01-03,2020-12-31,252
2021-01-04,Equity Equal Weight + Sector Sentiment,Sentiment fusion,Equal Weight + Sector Sentiment,Equity,True,GS,Financials,equity,0.021213628906171483,0.02,2020-12-31,0.3829883333333333,True,1.1914941666666667,2020-01-03,2020-12-31,252
2021-01-04,Equity Equal Weight + Sector Sentiment,Sentiment fusion,Equal Weight + Sector Sentiment,Equity,True,INTC,Tech,equity,0.019623370465229203,0.02,2020-12-31,0.20435,True,1.102175,2020-01-03,2020-12-31,252
2021-01-04,Equity Equal Weight + Sector Sentiment,Sentiment fusion,Equal Weight + Sector Sentiment,Equity,True,KO,Consumer,equity,0.020701707024052045,0.02,2020-12-31,0.3254826666666667,True,1.1627413333333334,2020-01-03,2020-12-31,252
2021-01-04,Equity Equal Weight + Sector Sentiment,Sentiment fusion,Equal Weight + Sector Sentiment,Equity,True,MMM,Industrials,equity,0.018966602319658073,0.02,2020-12-31,0.13057333333333332,True,1.0652866666666667,2020-01-03,2020-12-31,252
2021-01-04,Equity Equal Weight + Sector Sentiment,Sentiment fusion,Equal Weight + Sector Sentiment,Equity,True,MRK,Healthcare,equity,0.019746318522420567,0.02,2020-12-31,0.2181611111111111,True,1.1090805555555556,2020-01-03,2020-12-31,252
2021-01-04,Equity Equal Weight + Sector Sentiment,Sentiment fusion,Equal Weight + Sector Sentiment,Equity,True,MS,Financials,equity,0.021213628906171483,0.02,2020-12-31,0.3829883333333333,True,1.1914941666666667,2020-01-03,2020-12-31,252
2021-01-04,Equity Equal Weight + Sector Sentiment,Sentiment fusion,Equal Weight + Sector Sentiment,Equity,True,NEE,Utilities,equity,0.021724713989768118,0.02,2020-12-31,0.4404,True,1.2202,2020-01-03,2020-12-31,252
2021-01-04,Equity Equal Weight + Sector Sentiment,Sentiment fusion,Equal Weight + Sector Sentiment,Equity,True,NEM,Materials,equity,0.021381982679898395,0.02,2020-12-31,0.4019,True,1.20095,2020-01-03,2020-12-31,252
2021-01-04,Equity Equal Weight + Sector Sentiment,Sentiment fusion,Equal Weight + Sector Sentiment,Equity,True,NKE,Consumer,equity,0.020701707024052045,0.02,2020-12-31,0.3254826666666667,True,1.1627413333333334,2020-01-03,2020-12-31,252
2021-01-04,Equity Equal Weight + Sector Sentiment,Sentiment fusion,Equal Weight + Sector Sentiment,Equity,True,NUE,Materials,equity,0.021381982679898395,0.02,2020-12-31,0.4019,True,1.20095,2020-01-03,2020-12-31,252
2021-01-04,Equity Equal Weight + Sector Sentiment,Sentiment fusion,Equal Weight + Sector Sentiment,Equity,True,NVDA,Tech,equity,0.019623370465229203,0.02,2020-12-31,0.20435,True,1.102175,2020-01-03,2020-12-31,252
2021-01-04,Equity Equal Weight + Sector Sentiment,Sentiment fusion,Equal Weight + Sector Sentiment,Equity,True,O,RealEstate,equity,0.01961758409246517,0.02,2020-12-31,0.2037,True,1.10185,2020-01-03,2020-12-31,252
2021-01-04,Equity Equal Weight + Sector Sentiment,Sentiment fusion,Equal Weight + Sector Sentiment,Equity,True,OXY,Energy,equity,0.018324033042638688,0.02,2020-12-31,0.058391666666666675,True,1.0291958333333333,2020-01-03,2020-12-31,252
2021-01-04,Equity Equal Weight + Sector Sentiment,Sentiment fusion,Equal Weight + Sector Sentiment,Equity,True,PLD,RealEstate,equity,0.01961758409246517,0.02,2020-12-31,0.2037,True,1.10185,2020-01-03,2020-12-31,252
2021-01-04,Equity Equal Weight + Sector Sentiment,Sentiment fusion,Equal Weight + Sector Sentiment,Equity,True,PSA,RealEstate,equity,0.01961758409246517,0.02,2020-12-31,0.2037,True,1.10185,2020-01-03,2020-12-31,252
2021-01-04,Equity Equal Weight + Sector Sentiment,Sentiment fusion,Equal Weight + Sector Sentiment,Equity,True,QCOM,Tech,equity,0.019623370465229203,0.02,2020-12-31,0.20435,True,1.102175,2020-01-03,2020-12-31,252
2021-01-04,Equity Equal Weight + Sector Sentiment,Sentiment fusion,Equal Weight + Sector Sentiment,Equity,True,SBUX,Consumer,equity,0.020701707024052045,0.02,2020-12-31,0.3254826666666667,True,1.1627413333333334,2020-01-03,2020-12-31,252
2021-01-04,Equity Equal Weight + Sector Sentiment,Sentiment fusion,Equal Weight + Sector Sentiment,Equity,True,SHW,Materials,equity,0.021381982679898395,0.02,2020-12-31,0.4019,True,1.20095,2020-01-03,2020-12-31,252
2021-01-04,Equity Equal Weight + Sector Sentiment,Sentiment fusion,Equal Weight + Sector Sentiment,Equity,True,SLB,Energy,equity,0.018324033042638688,0.02,2020-12-31,0.058391666666666675,True,1.0291958333333333,2020-01-03,2020-12-31,252
2021-01-04,Equity Equal Weight + Sector Sentiment,Sentiment fusion,Equal Weight + Sector Sentiment,Equity,True,SO,Utilities,equity,0.021724713989768118,0.02,2020-12-31,0.4404,True,1.2202,2020-01-03,2020-12-31,252
2021-01-04,Equity Equal Weight + Sector Sentiment,Sentiment fusion,Equal Weight + Sector Sentiment,Equity,True,T,Comm,equity,0.01870005895769829,0.02,2020-12-31,0.10063174603174603,True,1.050315873015873,2020-01-03,2020-12-31,252
2021-01-04,Equity Equal Weight + Sector Sentiment,Sentiment fusion,Equal Weight + Sector Sentiment,Equity,True,TMUS,Comm,equity,0.01870005895769829,0.02,2020-12-31,0.10063174603174603,True,1.050315873015873,2020-01-03,2020-12-31,252
2021-01-04,Equity Equal Weight + Sector Sentiment,Sentiment fusion,Equal Weight + Sector Sentiment,Equity,True,TTWO,Comm,equity,0.01870005895769829,0.02,2020-12-31,0.10063174603174603,True,1.050315873015873,2020-01-03,2020-12-31,252
2021-01-04,Equity Equal Weight + Sector Sentiment,Sentiment fusion,Equal Weight + Sector Sentiment,Equity,True,UPS,Industrials,equity,0.018966602319658073,0.02,2020-12-31,0.13057333333333332,True,1.0652866666666667,2020-01-03,2020-12-31,252
2021-01-04,Equity Equal Weight + Sector Sentiment,Sentiment fusion,Equal Weight + Sector Sentiment,Equity,True,USB,Financials,equity,0.021213628906171483,0.02,2020-12-31,0.3829883333333333,True,1.1914941666666667,2020-01-03,2020-12-31,252
2021-01-04,Equity Equal Weight + Sector Sentiment,Sentiment fusion,Equal Weight + Sector Sentiment,Equity,True,V,Financials,equity,0.021213628906171483,0.02,2020-12-31,0.3829883333333333,True,1.1914941666666667,2020-01-03,2020-12-31,252
2021-01-04,Equity Equal Weight + Sector Sentiment,Sentiment fusion,Equal Weight + Sector Sentiment,Equity,True,WFC,Financials,equity,0.021213628906171483,0.02,2020-12-31,0.3829883333333333,True,1.1914941666666667,2020-01-03,2020-12-31,252
2021-01-04,Equity Equal Weight + Sector Sentiment,Sentiment fusion,Equal Weight + Sector Sentiment,Equity,True,WMT,Consumer,equity,0.020701707024052045,0.02,2020-12-31,0.3254826666666667,True,1.1627413333333334,2020-01-03,2020-12-31,252
2021-01-04,Equity Equal Weight + Sector Sentiment,Sentiment fusion,Equal Weight + Sector Sentiment,Equity,True,XOM,Energy,equity,0.018324033042638688,0.02,2020-12-31,0.058391666666666675,True,1.0291958333333333,2020-01-03,2020-12-31,252
2021-02-01,Equity Equal Weight,Base,Equal Weight,Equity,False,ABBV,Healthcare,equity,0.02,0.02,,,False,1.0,2020-01-31,2021-01-29,252
2021-02-01,Equity Equal Weight,Base,Equal Weight,Equity,False,ABT,Healthcare,equity,0.02,0.02,,,False,1.0,2020-01-31,2021-01-29,252
2021-02-01,Equity Equal Weight,Base,Equal Weight,Equity,False,ADBE,Tech,equity,0.02,0.02,,,False,1.0,2020-01-31,2021-01-29,252
2021-02-01,Equity Equal Weight,Base,Equal Weight,Equity,False,AEP,Utilities,equity,0.02,0.02,,,False,1.0,2020-01-31,2021-01-29,252
2021-02-01,Equity Equal Weight,Base,Equal Weight,Equity,False,AMD,Tech,equity,0.02,0.02,,,False,1.0,2020-01-31,2021-01-29,252
2021-02-01,Equity Equal Weight,Base,Equal Weight,Equity,False,AMGN,Healthcare,equity,0.02,0.02,,,False,1.0,2020-01-31,2021-01-29,252
2021-02-01,Equity Equal Weight,Base,Equal Weight,Equity,False,AMT,RealEstate,equity,0.02,0.02,,,False,1.0,2020-01-31,2021-01-29,252
2021-02-01,Equity Equal Weight,Base,Equal Weight,Equity,False,BA,Industrials,equity,0.02,0.02,,,False,1.0,2020-01-31,2021-01-29,252
2021-02-01,Equity Equal Weight,Base,Equal Weight,Equity,False,CAT,Industrials,equity,0.02,0.02,,,False,1.0,2020-01-31,2021-01-29,252
2021-02-01,Equity Equal Weight,Base,Equal Weight,Equity,False,CCI,RealEstate,equity,0.02,0.02,,,False,1.0,2020-01-31,2021-01-29,252
2021-02-01,Equity Equal Weight,Base,Equal Weight,Equity,False,CMCSA,Comm,equity,0.02,0.02,,,False,1.0,2020-01-31,2021-01-29,252
2021-02-01,Equity Equal Weight,Base,Equal Weight,Equity,False,COP,Energy,equity,0.02,0.02,,,False,1.0,2020-01-31,2021-01-29,252
2021-02-01,Equity Equal Weight,Base,Equal Weight,Equity,False,CVX,Energy,equity,0.02,0.02,,,False,1.0,2020-01-31,2021-01-29,252
2021-02-01,Equity Equal Weight,Base,Equal Weight,Equity,False,D,Utilities,equity,0.02,0.02,,,False,1.0,2020-01-31,2021-01-29,252
2021-02-01,Equity Equal Weight,Base,Equal Weight,Equity,False,DD,Materials,equity,0.02,0.02,,,False,1.0,2020-01-31,2021-01-29,252
2021-02-01,Equity Equal Weight,Base,Equal Weight,Equity,False,DIS,Consumer,equity,0.02,0.02,,,False,1.0,2020-01-31,2021-01-29,252
2021-02-01,Equity Equal Weight,Base,Equal Weight,Equity,False,DOW,Materials,equity,0.02,0.02,,,False,1.0,2020-01-31,2021-01-29,252
2021-02-01,Equity Equal Weight,Base,Equal Weight,Equity,False,DUK,Utilities,equity,0.02,0.02,,,False,1.0,2020-01-31,2021-01-29,252
2021-02-01,Equity Equal Weight,Base,Equal Weight,Equity,False,EA,Comm,equity,0.02,0.02,,,False,1.0,2020-01-31,2021-01-29,252
2021-02-01,Equity Equal Weight,Base,Equal Weight,Equity,False,GE,Industrials,equity,0.02,0.02,,,False,1.0,2020-01-31,2021-01-29,252
2021-02-01,Equity Equal Weight,Base,Equal Weight,Equity,False,GILD,Healthcare,equity,0.02,0.02,,,False,1.0,2020-01-31,2021-01-29,252
2021-02-01,Equity Equal Weight,Base,Equal Weight,Equity,False,GS,Financials,equity,0.02,0.02,,,False,1.0,2020-01-31,2021-01-29,252
2021-02-01,Equity Equal Weight,Base,Equal Weight,Equity,False,INTC,Tech,equity,0.02,0.02,,,False,1.0,2020-01-31,2021-01-29,252
2021-02-01,Equity Equal Weight,Base,Equal Weight,Equity,False,KO,Consumer,equity,0.02,0.02,,,False,1.0,2020-01-31,2021-01-29,252
2021-02-01,Equity Equal Weight,Base,Equal Weight,Equity,False,MMM,Industrials,equity,0.02,0.02,,,False,1.0,2020-01-31,2021-01-29,252
2021-02-01,Equity Equal Weight,Base,Equal Weight,Equity,False,MRK,Healthcare,equity,0.02,0.02,,,False,1.0,2020-01-31,2021-01-29,252
2021-02-01,Equity Equal Weight,Base,Equal Weight,Equity,False,MS,Financials,equity,0.02,0.02,,,False,1.0,2020-01-31,2021-01-29,252
2021-02-01,Equity Equal Weight,Base,Equal Weight,Equity,False,NEE,Utilities,equity,0.02,0.02,,,False,1.0,2020-01-31,2021-01-29,252
2021-02-01,Equity Equal Weight,Base,Equal Weight,Equity,False,NEM,Materials,equity,0.02,0.02,,,False,1.0,2020-01-31,2021-01-29,252
2021-02-01,Equity Equal Weight,Base,Equal Weight,Equity,False,NKE,Consumer,equity,0.02,0.02,,,False,1.0,2020-01-31,2021-01-29,252
2021-02-01,Equity Equal Weight,Base,Equal Weight,Equity,False,NUE,Materials,equity,0.02,0.02,,,False,1.0,2020-01-31,2021-01-29,252
2021-02-01,Equity Equal Weight,Base,Equal Weight,Equity,False,NVDA,Tech,equity,0.02,0.02,,,False,1.0,2020-01-31,2021-01-29,252
2021-02-01,Equity Equal Weight,Base,Equal Weight,Equity,False,O,RealEstate,equity,0.02,0.02,,,False,1.0,2020-01-31,2021-01-29,252
2021-02-01,Equity Equal Weight,Base,Equal Weight,Equity,False,OXY,Energy,equity,0.02,0.02,,,False,1.0,2020-01-31,2021-01-29,252
2021-02-01,Equity Equal Weight,Base,Equal Weight,Equity,False,PLD,RealEstate,equity,0.02,0.02,,,False,1.0,2020-01-31,2021-01-29,252
2021-02-01,Equity Equal Weight,Base,Equal Weight,Equity,False,PSA,RealEstate,equity,0.02,0.02,,,False,1.0,2020-01-31,2021-01-29,252
2021-02-01,Equity Equal Weight,Base,Equal Weight,Equity,False,QCOM,Tech,equity,0.02,0.02,,,False,1.0,2020-01-31,2021-01-29,252
2021-02-01,Equity Equal Weight,Base,Equal Weight,Equity,False,SBUX,Consumer,equity,0.02,0.02,,,False,1.0,2020-01-31,2021-01-29,252
2021-02-01,Equity Equal Weight,Base,Equal Weight,Equity,False,SHW,Materials,equity,0.02,0.02,,,False,1.0,2020-01-31,2021-01-29,252
2021-02-01,Equity Equal Weight,Base,Equal Weight,Equity,False,SLB,Energy,equity,0.02,0.02,,,False,1.0,2020-01-31,2021-01-29,252
2021-02-01,Equity Equal Weight,Base,Equal Weight,Equity,False,SO,Utilities,equity,0.02,0.02,,,False,1.0,2020-01-31,2021-01-29,252
2021-02-01,Equity Equal Weight,Base,Equal Weight,Equity,False,T,Comm,equity,0.02,0.02,,,False,1.0,2020-01-31,2021-01-29,252
2021-02-01,Equity Equal Weight,Base,Equal Weight,Equity,False,TMUS,Comm,equity,0.02,0.02,,,False,1.0,2020-01-31,2021-01-29,252
2021-02-01,Equity Equal Weight,Base,Equal Weight,Equity,False,TTWO,Comm,equity,0.02,0.02,,,False,1.0,2020-01-31,2021-01-29,252
2021-02-01,Equity Equal Weight,Base,Equal Weight,Equity,False,UPS,Industrials,equity,0.02,0.02,,,False,1.0,2020-01-31,2021-01-29,252
2021-02-01,Equity Equal Weight,Base,Equal Weight,Equity,False,USB,Financials,equity,0.02,0.02,,,False,1.0,2020-01-31,2021-01-29,252
2021-02-01,Equity Equal Weight,Base,Equal Weight,Equity,False,V,Financials,equity,0.02,0.02,,,False,1.0,2020-01-31,2021-01-29,252
2021-02-01,Equity Equal Weight,Base,Equal Weight,Equity,False,WFC,Financials,equity,0.02,0.02,,,False,1.0,2020-01-31,2021-01-29,252
2021-02-01,Equity Equal Weight,Base,Equal Weight,Equity,False,WMT,Consumer,equity,0.02,0.02,,,False,1.0,2020-01-31,2021-01-29,252
2021-02-01,Equity Equal Weight,Base,Equal Weight,Equity,False,XOM,Energy,equity,0.02,0.02,,,False,1.0,2020-01-31,2021-01-29,252
2021-02-01,Equity Equal Weight + Sector Sentiment,Sentiment fusion,Equal Weight + Sector Sentiment,Equity,True,ABBV,Healthcare,equity,0.018813140315804312,0.02,2021-01-29,-0.07972499999999999,True,0.9601375,2020-01-31,2021-01-29,252
2021-02-01,Equity Equal Weight + Sector Sentiment,Sentiment fusion,Equal Weight + Sector Sentiment,Equity,True,ABT,Healthcare,equity,0.018813140315804312,0.02,2021-01-29,-0.07972499999999999,True,0.9601375,2020-01-31,2021-01-29,252
2021-02-01,Equity Equal Weight + Sector Sentiment,Sentiment fusion,Equal Weight + Sector Sentiment,Equity,True,ADBE,Tech,equity,0.020885044824487546,0.02,2021-01-29,0.13175625,True,1.065878125,2020-01-31,2021-01-29,252
2021-02-01,Equity Equal Weight + Sector Sentiment,Sentiment fusion,Equal Weight + Sector Sentiment,Equity,True,AEP,Utilities,equity,0.021448480550292637,0.02,2021-01-29,0.18926666666666667,True,1.0946333333333333,2020-01-31,2021-01-29,252
2021-02-01,Equity Equal Weight + Sector Sentiment,Sentiment fusion,Equal Weight + Sector Sentiment,Equity,True,AMD,Tech,equity,0.020885044824487546,0.02,2021-01-29,0.13175625,True,1.065878125,2020-01-31,2021-01-29,252
2021-02-01,Equity Equal Weight + Sector Sentiment,Sentiment fusion,Equal Weight + Sector Sentiment,Equity,True,AMGN,Healthcare,equity,0.018813140315804312,0.02,2021-01-29,-0.07972499999999999,True,0.9601375,2020-01-31,2021-01-29,252
2021-02-01,Equity Equal Weight + Sector Sentiment,Sentiment fusion,Equal Weight + Sector Sentiment,Equity,True,AMT,RealEstate,equity,0.01890327370342088,0.02,2021-01-29,-0.070525,True,0.9647375,2020-01-31,2021-01-29,252
2021-02-01,Equity Equal Weight + Sector Sentiment,Sentiment fusion,Equal Weight + Sector Sentiment,Equity,True,BA,Industrials,equity,0.020931254514153282,0.02,2021-01-29,0.13647291666666667,True,1.0682364583333332,2020-01-31,2021-01-29,252
2021-02-01,Equity Equal Weight + Sector Sentiment,Sentiment fusion,Equal Weight + Sector Sentiment,Equity,True,CAT,Industrials,equity,0.020931254514153282,0.02,2021-01-29,0.13647291666666667,True,1.0682364583333332,2020-01-31,2021-01-29,252
2021-02-01,Equity Equal Weight + Sector Sentiment,Sentiment fusion,Equal Weight + Sector Sentiment,Equity,True,CCI,RealEstate,equity,0.01890327370342088,0.02,2021-01-29,-0.070525,True,0.9647375,2020-01-31,2021-01-29,252
2021-02-01,Equity Equal Weight + Sector Sentiment,Sentiment fusion,Equal Weight + Sector Sentiment,Equity,True,CMCSA,Comm,equity,0.020170056012239854,0.02,2021-01-29,0.058776666666666665,True,1.0293883333333333,2020-01-31,2021-01-29,252
2021-02-01,Equity Equal Weight + Sector Sentiment,Sentiment fusion,Equal Weight + Sector Sentiment,Equity,True,COP,Energy,equity,0.016356243506014608,0.02,2021-01-29,-0.33050277777777776,True,0.8347486111111111,2020-01-31,2021-01-29,252
2021-02-01,Equity Equal Weight + Sector Sentiment,Sentiment fusion,Equal Weight + Sector Sentiment,Equity,True,CVX,Energy,equity,0.016356243506014608,0.02,2021-01-29,-0.33050277777777776,True,0.8347486111111111,2020-01-31,2021-01-29,252
2021-02-01,Equity Equal Weight + Sector Sentiment,Sentiment fusion,Equal Weight + Sector Sentiment,Equity,True,D,Utilities,equity,0.021448480550292637,0.02,2021-01-29,0.18926666666666667,True,1.0946333333333333,2020-01-31,2021-01-29,252
2021-02-01,Equity Equal Weight + Sector Sentiment,Sentiment fusion,Equal Weight + Sector Sentiment,Equity,True,DD,Materials,equity,0.020585192107668036,0.02,2021-01-29,0.10115,True,1.050575,2020-01-31,2021-01-29,252
2021-02-01,Equity Equal Weight + Sector Sentiment,Sentiment fusion,Equal Weight + Sector Sentiment,Equity,True,DIS,Consumer,equity,0.0211099292594421,0.02,2021-01-29,0.15471041666666668,True,1.0773552083333333,2020-01-31,2021-01-29,252
2021-02-01,Equity Equal Weight + Sector Sentiment,Sentiment fusion,Equal Weight + Sector Sentiment,Equity,True,DOW,Materials,equity,0.020585192107668036,0.02,2021-01-29,0.10115,True,1.050575,2020-01-31,2021-01-29,252
2021-02-01,Equity Equal Weight + Sector Sentiment,Sentiment fusion,Equal Weight + Sector Sentiment,Equity,True,DUK,Utilities,equity,0.021448480550292637,0.02,2021-01-29,0.18926666666666667,True,1.0946333333333333,2020-01-31,2021-01-29,252
2021-02-01,Equity Equal Weight + Sector Sentiment,Sentiment fusion,Equal Weight + Sector Sentiment,Equity,True,EA,Comm,equity,0.020170056012239854,0.02,2021-01-29,0.058776666666666665,True,1.0293883333333333,2020-01-31,2021-01-29,252
2021-02-01,Equity Equal Weight + Sector Sentiment,Sentiment fusion,Equal Weight + Sector Sentiment,Equity,True,GE,Industrials,equity,0.020931254514153282,0.02,2021-01-29,0.13647291666666667,True,1.0682364583333332,2020-01-31,2021-01-29,252
2021-02-01,Equity Equal Weight + Sector Sentiment,Sentiment fusion,Equal Weight + Sector Sentiment,Equity,True,GILD,Healthcare,equity,0.018813140315804312,0.02,2021-01-29,-0.07972499999999999,True,0.9601375,2020-01-31,2021-01-29,252
2021-02-01,Equity Equal Weight + Sector Sentiment,Sentiment fusion,Equal Weight + Sector Sentiment,Equity,True,GS,Financials,equity,0.020797385206476757,0.02,2021-01-29,0.12280875000000001,True,1.061404375,2020-01-31,2021-01-29,252
2021-02-01,Equity Equal Weight + Sector Sentiment,Sentiment fusion,Equal Weight + Sector Sentiment,Equity,True,INTC,Tech,equity,0.020885044824487546,0.02,2021-01-29,0.13175625,True,1.065878125,2020-01-31,2021-01-29,252
2021-02-01,Equity Equal Weight + Sector Sentiment,Sentiment fusion,Equal Weight + Sector Sentiment,Equity,True,KO,Consumer,equity,0.0211099292594421,0.02,2021-01-29,0.15471041666666668,True,1.0773552083333333,2020-01-31,2021-01-29,252
2021-02-01,Equity Equal Weight + Sector Sentiment,Sentiment fusion,Equal Weight + Sector Sentiment,Equity,True,MMM,Industrials,equity,0.020931254514153282,0.02,2021-01-29,0.13647291666666667,True,1.0682364583333332,2020-01-31,2021-01-29,252
2021-02-01,Equity Equal Weight + Sector Sentiment,Sentiment fusion,Equal Weight + Sector Sentiment,Equity,True,MRK,Healthcare,equity,0.018813140315804312,0.02,2021-01-29,-0.07972499999999999,True,0.9601375,2020-01-31,2021-01-29,252
2021-02-01,Equity Equal Weight + Sector Sentiment,Sentiment fusion,Equal Weight + Sector Sentiment,Equity,True,MS,Financials,equity,0.020797385206476757,0.02,2021-01-29,0.12280875000000001,True,1.061404375,2020-01-31,2021-01-29,252
2021-02-01,Equity Equal Weight + Sector Sentiment,Sentiment fusion,Equal Weight + Sector Sentiment,Equity,True,NEE,Utilities,equity,0.021448480550292637,0.02,2021-01-29,0.18926666666666667,True,1.0946333333333333,2020-01-31,2021-01-29,252
2021-02-01,Equity Equal Weight + Sector Sentiment,Sentiment fusion,Equal Weight + Sector Sentiment,Equity,True,NEM,Materials,equity,0.020585192107668036,0.02,2021-01-29,0.10115,True,1.050575,2020-01-31,2021-01-29,252
2021-02-01,Equity Equal Weight + Sector Sentiment,Sentiment fusion,Equal Weight + Sector Sentiment,Equity,True,NKE,Consumer,equity,0.0211099292594421,0.02,2021-01-29,0.15471041666666668,True,1.0773552083333333,2020-01-31,2021-01-29,252
2021-02-01,Equity Equal Weight + Sector Sentiment,Sentiment fusion,Equal Weight + Sector Sentiment,Equity,True,NUE,Materials,equity,0.020585192107668036,0.02,2021-01-29,0.10115,True,1.050575,2020-01-31,2021-01-29,252
2021-02-01,Equity Equal Weight + Sector Sentiment,Sentiment fusion,Equal Weight + Sector Sentiment,Equity,True,NVDA,Tech,equity,0.020885044824487546,0.02,2021-01-29,0.13175625,True,1.065878125,2020-01-31,2021-01-29,252
2021-02-01,Equity Equal Weight + Sector Sentiment,Sentiment fusion,Equal Weight + Sector Sentiment,Equity,True,O,RealEstate,equity,0.01890327370342088,0.02,2021-01-29,-0.070525,True,0.9647375,2020-01-31,2021-01-29,252
2021-02-01,Equity Equal Weight + Sector Sentiment,Sentiment fusion,Equal Weight + Sector Sentiment,Equity,True,OXY,Energy,equity,0.016356243506014608,0.02,2021-01-29,-0.33050277777777776,True,0.8347486111111111,2020-01-31,2021-01-29,252
2021-02-01,Equity Equal Weight + Sector Sentiment,Sentiment fusion,Equal Weight + Sector Sentiment,Equity,True,PLD,RealEstate,equity,0.01890327370342088,0.02,2021-01-29,-0.070525,True,0.9647375,2020-01-31,2021-01-29,252
2021-02-01,Equity Equal Weight + Sector Sentiment,Sentiment fusion,Equal Weight + Sector Sentiment,Equity,True,PSA,RealEstate,equity,0.01890327370342088,0.02,2021-01-29,-0.070525,True,0.9647375,2020-01-31,2021-01-29,252
2021-02-01,Equity Equal Weight + Sector Sentiment,Sentiment fusion,Equal Weight + Sector Sentiment,Equity,True,QCOM,Tech,equity,0.020885044824487546,0.02,2021-01-29,0.13175625,True,1.065878125,2020-01-31,2021-01-29,252
2021-02-01,Equity Equal Weight + Sector Sentiment,Sentiment fusion,Equal Weight + Sector Sentiment,Equity,True,SBUX,Consumer,equity,0.0211099292594421,0.02,2021-01-29,0.15471041666666668,True,1.0773552083333333,2020-01-31,2021-01-29,252
2021-02-01,Equity Equal Weight + Sector Sentiment,Sentiment fusion,Equal Weight + Sector Sentiment,Equity,True,SHW,Materials,equity,0.020585192107668036,0.02,2021-01-29,0.10115,True,1.050575,2020-01-31,2021-01-29,252
2021-02-01,Equity Equal Weight + Sector Sentiment,Sentiment fusion,Equal Weight + Sector Sentiment,Equity,True,SLB,Energy,equity,0.016356243506014608,0.02,2021-01-29,-0.33050277777777776,True,0.8347486111111111,2020-01-31,2021-01-29,252
2021-02-01,Equity Equal Weight + Sector Sentiment,Sentiment fusion,Equal Weight + Sector Sentiment,Equity,True,SO,Utilities,equity,0.021448480550292637,0.02,2021-01-29,0.18926666666666667,True,1.0946333333333333,2020-01-31,2021-01-29,252
2021-02-01,Equity Equal Weight + Sector Sentiment,Sentiment fusion,Equal Weight + Sector Sentiment,Equity,True,T,Comm,equity,0.020170056012239854,0.02,2021-01-29,0.058776666666666665,True,1.0293883333333333,2020-01-31,2021-01-29,252
2021-02-01,Equity Equal Weight + Sector Sentiment,Sentiment fusion,Equal Weight + Sector Sentiment,Equity,True,TMUS,Comm,equity,0.020170056012239854,0.02,2021-01-29,0.058776666666666665,True,1.0293883333333333,2020-01-31,2021-01-29,252
2021-02-01,Equity Equal Weight + Sector Sentiment,Sentiment fusion,Equal Weight + Sector Sentiment,Equity,True,TTWO,Comm,equity,0.020170056012239854,0.02,2021-01-29,0.058776666666666665,True,1.0293883333333333,2020-01-31,2021-01-29,252
2021-02-01,Equity Equal Weight + Sector Sentiment,Sentiment fusion,Equal Weight + Sector Sentiment,Equity,True,UPS,Industrials,equity,0.020931254514153282,0.02,2021-01-29,0.13647291666666667,True,1.0682364583333332,2020-01-31,2021-01-29,252
2021-02-01,Equity Equal Weight + Sector Sentiment,Sentiment fusion,Equal Weight + Sector Sentiment,Equity,True,USB,Financials,equity,0.020797385206476757,0.02,2021-01-29,0.12280875000000001,True,1.061404375,2020-01-31,2021-01-29,252
2021-02-01,Equity Equal Weight + Sector Sentiment,Sentiment fusion,Equal Weight + Sector Sentiment,Equity,True,V,Financials,equity,0.020797385206476757,0.02,2021-01-29,0.12280875000000001,True,1.061404375,2020-01-31,2021-01-29,252
2021-02-01,Equity Equal Weight + Sector Sentiment,Sentiment fusion,Equal Weight + Sector Sentiment,Equity,True,WFC,Financials,equity,0.020797385206476757,0.02,2021-01-29,0.12280875000000001,True,1.061404375,2020-01-31,2021-01-29,252
2021-02-01,Equity Equal Weight + Sector Sentiment,Sentiment fusion,Equal Weight + Sector Sentiment,Equity,True,WMT,Consumer,equity,0.0211099292594421,0.02,2021-01-29,0.15471041666666668,True,1.0773552083333333,2020-01-31,2021-01-29,252
2021-02-01,Equity Equal Weight + Sector Sentiment,Sentiment fusion,Equal Weight + Sector Sentiment,Equity,True,XOM,Energy,equity,0.016356243506014608,0.02,2021-01-29,-0.33050277777777776,True,0.8347486111111111,2020-01-31,2021-01-29,252
2021-03-01,Equity Equal Weight,Base,Equal Weight,Equity,False,ABBV,Healthcare,equity,0.02,0.02,,,False,1.0,2020-02-28,2021-02-26,252
2021-03-01,Equity Equal Weight,Base,Equal Weight,Equity,False,ABT,Healthcare,equity,0.02,0.02,,,False,1.0,2020-02-28,2021-02-26,252
2021-03-01,Equity Equal Weight,Base,Equal Weight,Equity,False,ADBE,Tech,equity,0.02,0.02,,,False,1.0,2020-02-28,2021-02-26,252
2021-03-01,Equity Equal Weight,Base,Equal Weight,Equity,False,AEP,Utilities,equity,0.02,0.02,,,False,1.0,2020-02-28,2021-02-26,252
2021-03-01,Equity Equal Weight,Base,Equal Weight,Equity,False,AMD,Tech,equity,0.02,0.02,,,False,1.0,2020-02-28,2021-02-26,252
2021-03-01,Equity Equal Weight,Base,Equal Weight,Equity,False,AMGN,Healthcare,equity,0.02,0.02,,,False,1.0,2020-02-28,2021-02-26,252
2021-03-01,Equity Equal Weight,Base,Equal Weight,Equity,False,AMT,RealEstate,equity,0.02,0.02,,,False,1.0,2020-02-28,2021-02-26,252
2021-03-01,Equity Equal Weight,Base,Equal Weight,Equity,False,BA,Industrials,equity,0.02,0.02,,,False,1.0,2020-02-28,2021-02-26,252
2021-03-01,Equity Equal Weight,Base,Equal Weight,Equity,False,CAT,Industrials,equity,0.02,0.02,,,False,1.0,2020-02-28,2021-02-26,252
2021-03-01,Equity Equal Weight,Base,Equal Weight,Equity,False,CCI,RealEstate,equity,0.02,0.02,,,False,1.0,2020-02-28,2021-02-26,252
2021-03-01,Equity Equal Weight,Base,Equal Weight,Equity,False,CMCSA,Comm,equity,0.02,0.02,,,False,1.0,2020-02-28,2021-02-26,252
2021-03-01,Equity Equal Weight,Base,Equal Weight,Equity,False,COP,Energy,equity,0.02,0.02,,,False,1.0,2020-02-28,2021-02-26,252
2021-03-01,Equity Equal Weight,Base,Equal Weight,Equity,False,CVX,Energy,equity,0.02,0.02,,,False,1.0,2020-02-28,2021-02-26,252
2021-03-01,Equity Equal Weight,Base,Equal Weight,Equity,False,D,Utilities,equity,0.02,0.02,,,False,1.0,2020-02-28,2021-02-26,252
2021-03-01,Equity Equal Weight,Base,Equal Weight,Equity,False,DD,Materials,equity,0.02,0.02,,,False,1.0,2020-02-28,2021-02-26,252
2021-03-01,Equity Equal Weight,Base,Equal Weight,Equity,False,DIS,Consumer,equity,0.02,0.02,,,False,1.0,2020-02-28,2021-02-26,252
2021-03-01,Equity Equal Weight,Base,Equal Weight,Equity,False,DOW,Materials,equity,0.02,0.02,,,False,1.0,2020-02-28,2021-02-26,252
2021-03-01,Equity Equal Weight,Base,Equal Weight,Equity,False,DUK,Utilities,equity,0.02,0.02,,,False,1.0,2020-02-28,2021-02-26,252
2021-03-01,Equity Equal Weight,Base,Equal Weight,Equity,False,EA,Comm,equity,0.02,0.02,,,False,1.0,2020-02-28,2021-02-26,252
2021-03-01,Equity Equal Weight,Base,Equal Weight,Equity,False,GE,Industrials,equity,0.02,0.02,,,False,1.0,2020-02-28,2021-02-26,252
2021-03-01,Equity Equal Weight,Base,Equal Weight,Equity,False,GILD,Healthcare,equity,0.02,0.02,,,False,1.0,2020-02-28,2021-02-26,252
2021-03-01,Equity Equal Weight,Base,Equal Weight,Equity,False,GS,Financials,equity,0.02,0.02,,,False,1.0,2020-02-28,2021-02-26,252
2021-03-01,Equity Equal Weight,Base,Equal Weight,Equity,False,INTC,Tech,equity,0.02,0.02,,,False,1.0,2020-02-28,2021-02-26,252
2021-03-01,Equity Equal Weight,Base,Equal Weight,Equity,False,KO,Consumer,equity,0.02,0.02,,,False,1.0,2020-02-28,2021-02-26,252
2021-03-01,Equity Equal Weight,Base,Equal Weight,Equity,False,MMM,Industrials,equity,0.02,0.02,,,False,1.0,2020-02-28,2021-02-26,252
2021-03-01,Equity Equal Weight,Base,Equal Weight,Equity,False,MRK,Healthcare,equity,0.02,0.02,,,False,1.0,2020-02-28,2021-02-26,252
2021-03-01,Equity Equal Weight,Base,Equal Weight,Equity,False,MS,Financials,equity,0.02,0.02,,,False,1.0,2020-02-28,2021-02-26,252
2021-03-01,Equity Equal Weight,Base,Equal Weight,Equity,False,NEE,Utilities,equity,0.02,0.02,,,False,1.0,2020-02-28,2021-02-26,252
2021-03-01,Equity Equal Weight,Base,Equal Weight,Equity,False,NEM,Materials,equity,0.02,0.02,,,False,1.0,2020-02-28,2021-02-26,252
2021-03-01,Equity Equal Weight,Base,Equal Weight,Equity,False,NKE,Consumer,equity,0.02,0.02,,,False,1.0,2020-02-28,2021-02-26,252
2021-03-01,Equity Equal Weight,Base,Equal Weight,Equity,False,NUE,Materials,equity,0.02,0.02,,,False,1.0,2020-02-28,2021-02-26,252
2021-03-01,Equity Equal Weight,Base,Equal Weight,Equity,False,NVDA,Tech,equity,0.02,0.02,,,False,1.0,2020-02-28,2021-02-26,252
2021-03-01,Equity Equal Weight,Base,Equal Weight,Equity,False,O,RealEstate,equity,0.02,0.02,,,False,1.0,2020-02-28,2021-02-26,252
2021-03-01,Equity Equal Weight,Base,Equal Weight,Equity,False,OXY,Energy,equity,0.02,0.02,,,False,1.0,2020-02-28,2021-02-26,252
2021-03-01,Equity Equal Weight,Base,Equal Weight,Equity,False,PLD,RealEstate,equity,0.02,0.02,,,False,1.0,2020-02-28,2021-02-26,252
2021-03-01,Equity Equal Weight,Base,Equal Weight,Equity,False,PSA,RealEstate,equity,0.02,0.02,,,False,1.0,2020-02-28,2021-02-26,252
2021-03-01,Equity Equal Weight,Base,Equal Weight,Equity,False,QCOM,Tech,equity,0.02,0.02,,,False,1.0,2020-02-28,2021-02-26,252
2021-03-01,Equity Equal Weight,Base,Equal Weight,Equity,False,SBUX,Consumer,equity,0.02,0.02,,,False,1.0,2020-02-28,2021-02-26,252
2021-03-01,Equity Equal Weight,Base,Equal Weight,Equity,False,SHW,Materials,equity,0.02,0.02,,,False,1.0,2020-02-28,2021-02-26,252
2021-03-01,Equity Equal Weight,Base,Equal Weight,Equity,False,SLB,Energy,equity,0.02,0.02,,,False,1.0,2020-02-28,2021-02-26,252
2021-03-01,Equity Equal Weight,Base,Equal Weight,Equity,False,SO,Utilities,equity,0.02,0.02,,,False,1.0,2020-02-28,2021-02-26,252
2021-03-01,Equity Equal Weight,Base,Equal Weight,Equity,False,T,Comm,equity,0.02,0.02,,,False,1.0,2020-02-28,2021-02-26,252
2021-03-01,Equity Equal Weight,Base,Equal Weight,Equity,False,TMUS,Comm,equity,0.02,0.02,,,False,1.0,2020-02-28,2021-02-26,252
2021-03-01,Equity Equal Weight,Base,Equal Weight,Equity,False,TTWO,Comm,equity,0.02,0.02,,,False,1.0,2020-02-28,2021-02-26,252
2021-03-01,Equity Equal Weight,Base,Equal Weight,Equity,False,UPS,Industrials,equity,0.02,0.02,,,False,1.0,2020-02-28,2021-02-26,252
2021-03-01,Equity Equal Weight,Base,Equal Weight,Equity,False,USB,Financials,equity,0.02,0.02,,,False,1.0,2020-02-28,2021-02-26,252
2021-03-01,Equity Equal Weight,Base,Equal Weight,Equity,False,V,Financials,equity,0.02,0.02,,,False,1.0,2020-02-28,2021-02-26,252
2021-03-01,Equity Equal Weight,Base,Equal Weight,Equity,False,WFC,Financials,equity,0.02,0.02,,,False,1.0,2020-02-28,2021-02-26,252
2021-03-01,Equity Equal Weight,Base,Equal Weight,Equity,False,WMT,Consumer,equity,0.02,0.02,,,False,1.0,2020-02-28,2021-02-26,252
2021-03-01,Equity Equal Weight,Base,Equal Weight,Equity,False,XOM,Energy,equity,0.02,0.02,,,False,1.0,2020-02-28,2021-02-26,252
2021-03-01,Equity Equal Weight + Sector Sentiment,Sentiment fusion,Equal Weight + Sector Sentiment,Equity,True,ABBV,Healthcare,equity,0.017712687931684304,0.02,2021-02-26,-0.18543333333333334,True,0.9072833333333333,2020-02-28,2021-02-26,252
2021-03-01,Equity Equal Weight + Sector Sentiment,Sentiment fusion,Equal Weight + Sector Sentiment,Equity,True,ABT,Healthcare,equity,0.017712687931684304,0.02,2021-02-26,-0.18543333333333334,True,0.9072833333333333,2020-02-28,2021-02-26,252
2021-03-01,Equity Equal Weight + Sector Sentiment,Sentiment fusion,Equal Weight + Sector Sentiment,Equity,True,ADBE,Tech,equity,0.021036792786239374,0.02,2021-02-26,0.15510277777777778,True,1.0775513888888888,2020-02-28,2021-02-26,252
2021-03-01,Equity Equal Weight + Sector Sentiment,Sentiment fusion,Equal Weight + Sector Sentiment,Equity,True,AEP,Utilities,equity,0.01855965096576359,0.02,2021-02-26,-0.09866666666666667,True,0.9506666666666667,2020-02-28,2021-02-26,252
2021-03-01,Equity Equal Weight + Sector Sentiment,Sentiment fusion,Equal Weight + Sector Sentiment,Equity,True,AMD,Tech,equity,0.021036792786239374,0.02,2021-02-26,0.15510277777777778,True,1.0775513888888888,2020-02-28,2021-02-26,252
2021-03-01,Equity Equal Weight + Sector Sentiment,Sentiment fusion,Equal Weight + Sector Sentiment,Equity,True,AMGN,Healthcare,equity,0.017712687931684304,0.02,2021-02-26,-0.18543333333333334,True,0.9072833333333333,2020-02-28,2021-02-26,252
2021-03-01,Equity Equal Weight + Sector Sentiment,Sentiment fusion,Equal Weight + Sector Sentiment,Equity,True,AMT,RealEstate,equity,0.02123931445679701,0.02,2021-02-26,0.17585,True,1.087925,2020-02-28,2021-02-26,252
2021-03-01,Equity Equal Weight + Sector Sentiment,Sentiment fusion,Equal Weight + Sector Sentiment,Equity,True,BA,Industrials,equity,0.019705990323932696,0.02,2021-02-26,0.01876944444444446,True,1.0093847222222223,2020-02-28,2021-02-26,252
2021-03-01,Equity Equal Weight + Sector Sentiment,Sentiment fusion,Equal Weight + Sector Sentiment,Equity,True,CAT,Industrials,equity,0.019705990323932696,0.02,2021-02-26,0.01876944444444446,True,1.0093847222222223,2020-02-28,2021-02-26,252
2021-03-01,Equity Equal Weight + Sector Sentiment,Sentiment fusion,Equal Weight + Sector Sentiment,Equity,True,CCI,RealEstate,equity,0.02123931445679701,0.02,2021-02-26,0.17585,True,1.087925,2020-02-28,2021-02-26,252
2021-03-01,Equity Equal Weight + Sector Sentiment,Sentiment fusion,Equal Weight + Sector Sentiment,Equity,True,CMCSA,Comm,equity,0.020482156185455284,0.02,2021-02-26,0.09828333333333333,True,1.0491416666666666,2020-02-28,2021-02-26,252
2021-03-01,Equity Equal Weight + Sector Sentiment,Sentiment fusion,Equal Weight + Sector Sentiment,Equity,True,COP,Energy,equity,0.019745008757984434,0.02,2021-02-26,0.022766666666666668,True,1.0113833333333333,2020-02-28,2021-02-26,252
2021-03-01,Equity Equal Weight + Sector Sentiment,Sentiment fusion,Equal Weight + Sector Sentiment,Equity,True,CVX,Energy,equity,0.019745008757984434,0.02,2021-02-26,0.022766666666666668,True,1.0113833333333333,2020-02-28,2021-02-26,252
2021-03-01,Equity Equal Weight + Sector Sentiment,Sentiment fusion,Equal Weight + Sector Sentiment,Equity,True,D,Utilities,equity,0.01855965096576359,0.02,2021-02-26,-0.09866666666666667,True,0.9506666666666667,2020-02-28,2021-02-26,252
2021-03-01,Equity Equal Weight + Sector Sentiment,Sentiment fusion,Equal Weight + Sector Sentiment,Equity,True,DD,Materials,equity,0.020004336279367912,0.02,2021-02-26,0.04933333333333333,True,1.0246666666666666,2020-02-28,2021-02-26,252
2021-03-01,Equity Equal Weight + Sector Sentiment,Sentiment fusion,Equal Weight + Sector Sentiment,Equity,True,DIS,Consumer,equity,0.0213004256217012,0.02,2021-02-26,0.1821105,True,1.09105525,2020-02-28,2021-02-26,252
2021-03-01,Equity Equal Weight + Sector Sentiment,Sentiment fusion,Equal Weight + Sector Sentiment,Equity,True,DOW,Materials,equity,0.020004336279367912,0.02,2021-02-26,0.04933333333333333,True,1.0246666666666666,2020-02-28,2021-02-26,252
2021-03-01,Equity Equal Weight + Sector Sentiment,Sentiment fusion,Equal Weight + Sector Sentiment,Equity,True,DUK,Utilities,equity,0.01855965096576359,0.02,2021-02-26,-0.09866666666666667,True,0.9506666666666667,2020-02-28,2021-02-26,252
2021-03-01,Equity Equal Weight + Sector Sentiment,Sentiment fusion,Equal Weight + Sector Sentiment,Equity,True,EA,Comm,equity,0.020482156185455284,0.02,2021-02-26,0.09828333333333333,True,1.0491416666666666,2020-02-28,2021-02-26,252
2021-03-01,Equity Equal Weight + Sector Sentiment,Sentiment fusion,Equal Weight + Sector Sentiment,Equity,True,GE,Industrials,equity,0.019705990323932696,0.02,2021-02-26,0.01876944444444446,True,1.0093847222222223,2020-02-28,2021-02-26,252
2021-03-01,Equity Equal Weight + Sector Sentiment,Sentiment fusion,Equal Weight + Sector Sentiment,Equity,True,GILD,Healthcare,equity,0.017712687931684304,0.02,2021-02-26,-0.18543333333333334,True,0.9072833333333333,2020-02-28,2021-02-26,252
2021-03-01,Equity Equal Weight + Sector Sentiment,Sentiment fusion,Equal Weight + Sector Sentiment,Equity,True,GS,Financials,equity,0.02021363669107421,0.02,2021-02-26,0.070775,True,1.0353875,2020-02-28,2021-02-26,252
2021-03-01,Equity Equal Weight + Sector Sentiment,Sentiment fusion,Equal Weight + Sector Sentiment,Equity,True,INTC,Tech,equity,0.021036792786239374,0.02,2021-02-26,0.15510277777777778,True,1.0775513888888888,2020-02-28,2021-02-26,252
2021-03-01,Equity Equal Weight + Sector Sentiment,Sentiment fusion,Equal Weight + Sector Sentiment,Equity,True,KO,Consumer,equity,0.0213004256217012,0.02,2021-02-26,0.1821105,True,1.09105525,2020-02-28,2021-02-26,252
2021-03-01,Equity Equal Weight + Sector Sentiment,Sentiment fusion,Equal Weight + Sector Sentiment,Equity,True,MMM,Industrials,equity,0.019705990323932696,0.02,2021-02-26,0.01876944444444446,True,1.0093847222222223,2020-02-28,2021-02-26,252
2021-03-01,Equity Equal Weight + Sector Sentiment,Sentiment fusion,Equal Weight + Sector Sentiment,Equity,True,MRK,Healthcare,equity,0.017712687931684304,0.02,2021-02-26,-0.18543333333333334,True,0.9072833333333333,2020-02-28,2021-02-26,252
2021-03-01,Equity Equal Weight + Sector Sentiment,Sentiment fusion,Equal Weight + Sector Sentiment,Equity,True,MS,Financials,equity,0.02021363669107421,0.02,2021-02-26,0.070775,True,1.0353875,2020-02-28,2021-02-26,252
2021-03-01,Equity Equal Weight + Sector Sentiment,Sentiment fusion,Equal Weight + Sector Sentiment,Equity,True,NEE,Utilities,equity,0.01855965096576359,0.02,2021-02-26,-0.09866666666666667,True,0.9506666666666667,2020-02-28,2021-02-26,252
2021-03-01,Equity Equal Weight + Sector Sentiment,Sentiment fusion,Equal Weight + Sector Sentiment,Equity,True,NEM,Materials,equity,0.020004336279367912,0.02,2021-02-26,0.04933333333333333,True,1.0246666666666666,2020-02-28,2021-02-26,252
2021-03-01,Equity Equal Weight + Sector Sentiment,Sentiment fusion,Equal Weight + Sector Sentiment,Equity,True,NKE,Consumer,equity,0.0213004256217012,0.02,2021-02-26,0.1821105,True,1.09105525,2020-02-28,2021-02-26,252
2021-03-01,Equity Equal Weight + Sector Sentiment,Sentiment fusion,Equal Weight + Sector Sentiment,Equity,True,NUE,Materials,equity,0.020004336279367912,0.02,2021-02-26,0.04933333333333333,True,1.0246666666666666,2020-02-28,2021-02-26,252
2021-03-01,Equity Equal Weight + Sector Sentiment,Sentiment fusion,Equal Weight + Sector Sentiment,Equity,True,NVDA,Tech,equity,0.021036792786239374,0.02,2021-02-26,0.15510277777777778,True,1.0775513888888888,2020-02-28,2021-02-26,252
2021-03-01,Equity Equal Weight + Sector Sentiment,Sentiment fusion,Equal Weight + Sector Sentiment,Equity,True,O,RealEstate,equity,0.02123931445679701,0.02,2021-02-26,0.17585,True,1.087925,2020-02-28,2021-02-26,252
2021-03-01,Equity Equal Weight + Sector Sentiment,Sentiment fusion,Equal Weight + Sector Sentiment,Equity,True,OXY,Energy,equity,0.019745008757984434,0.02,2021-02-26,0.022766666666666668,True,1.0113833333333333,2020-02-28,2021-02-26,252
2021-03-01,Equity Equal Weight + Sector Sentiment,Sentiment fusion,Equal Weight + Sector Sentiment,Equity,True,PLD,RealEstate,equity,0.02123931445679701,0.02,2021-02-26,0.17585,True,1.087925,2020-02-28,2021-02-26,252
2021-03-01,Equity Equal Weight + Sector Sentiment,Sentiment fusion,Equal Weight + Sector Sentiment,Equity,True,PSA,RealEstate,equity,0.02123931445679701,0.02,2021-02-26,0.17585,True,1.087925,2020-02-28,2021-02-26,252
2021-03-01,Equity Equal Weight + Sector Sentiment,Sentiment fusion,Equal Weight + Sector Sentiment,Equity,True,QCOM,Tech,equity,0.021036792786239374,0.02,2021-02-26,0.15510277777777778,True,1.0775513888888888,2020-02-28,2021-02-26,252
2021-03-01,Equity Equal Weight + Sector Sentiment,Sentiment fusion,Equal Weight + Sector Sentiment,Equity,True,SBUX,Consumer,equity,0.0213004256217012,0.02,2021-02-26,0.1821105,True,1.09105525,2020-02-28,2021-02-26,252
2021-03-01,Equity Equal Weight + Sector Sentiment,Sentiment fusion,Equal Weight + Sector Sentiment,Equity,True,SHW,Materials,equity,0.020004336279367912,0.02,2021-02-26,0.04933333333333333,True,1.0246666666666666,2020-02-28,2021-02-26,252
2021-03-01,Equity Equal Weight + Sector Sentiment,Sentiment fusion,Equal Weight + Sector Sentiment,Equity,True,SLB,Energy,equity,0.019745008757984434,0.02,2021-02-26,0.022766666666666668,True,1.0113833333333333,2020-02-28,2021-02-26,252
2021-03-01,Equity Equal Weight + Sector Sentiment,Sentiment fusion,Equal Weight + Sector Sentiment,Equity,True,SO,Utilities,equity,0.01855965096576359,0.02,2021-02-26,-0.09866666666666667,True,0.9506666666666667,2020-02-28,2021-02-26,252
2021-03-01,Equity Equal Weight + Sector Sentiment,Sentiment fusion,Equal Weight + Sector Sentiment,Equity,True,T,Comm,equity,0.020482156185455284,0.02,2021-02-26,0.09828333333333333,True,1.0491416666666666,2020-02-28,2021-02-26,252
2021-03-01,Equity Equal Weight + Sector Sentiment,Sentiment fusion,Equal Weight + Sector Sentiment,Equity,True,TMUS,Comm,equity,0.020482156185455284,0.02,2021-02-26,0.09828333333333333,True,1.0491416666666666,2020-02-28,2021-02-26,252
2021-03-01,Equity Equal Weight + Sector Sentiment,Sentiment fusion,Equal Weight + Sector Sentiment,Equity,True,TTWO,Comm,equity,0.020482156185455284,0.02,2021-02-26,0.09828333333333333,True,1.0491416666666666,2020-02-28,2021-02-26,252
2021-03-01,Equity Equal Weight + Sector Sentiment,Sentiment fusion,Equal Weight + Sector Sentiment,Equity,True,UPS,Industrials,equity,0.019705990323932696,0.02,2021-02-26,0.01876944444444446,True,1.0093847222222223,2020-02-28,2021-02-26,252
2021-03-01,Equity Equal Weight + Sector Sentiment,Sentiment fusion,Equal Weight + Sector Sentiment,Equity,True,USB,Financials,equity,0.02021363669107421,0.02,2021-02-26,0.070775,True,1.0353875,2020-02-28,2021-02-26,252
2021-03-01,Equity Equal Weight + Sector Sentiment,Sentiment fusion,Equal Weight + Sector Sentiment,Equity,True,V,Financials,equity,0.02021363669107421,0.02,2021-02-26,0.070775,True,1.0353875,2020-02-28,2021-02-26,252
2021-03-01,Equity Equal Weight + Sector Sentiment,Sentiment fusion,Equal Weight + Sector Sentiment,Equity,True,WFC,Financials,equity,0.02021363669107421,0.02,2021-02-26,0.070775,True,1.0353875,2020-02-28,2021-02-26,252
2021-03-01,Equity Equal Weight + Sector Sentiment,Sentiment fusion,Equal Weight + Sector Sentiment,Equity,True,WMT,Consumer,equity,0.0213004256217012,0.02,2021-02-26,0.1821105,True,1.09105525,2020-02-28,2021-02-26,252
2021-03-01,Equity Equal Weight + Sector Sentiment,Sentiment fusion,Equal Weight + Sector Sentiment,Equity,True,XOM,Energy,equity,0.019745008757984434,0.02,2021-02-26,0.022766666666666668,True,1.0113833333333333,2020-02-28,2021-02-26,252
2021-04-01,Equity Equal Weight,Base,Equal Weight,Equity,False,ABBV,Healthcare,equity,0.02,0.02,,,False,1.0,2020-04-01,2021-03-31,252
2021-04-01,Equity Equal Weight,Base,Equal Weight,Equity,False,ABT,Healthcare,equity,0.02,0.02,,,False,1.0,2020-04-01,2021-03-31,252
2021-04-01,Equity Equal Weight,Base,Equal Weight,Equity,False,ADBE,Tech,equity,0.02,0.02,,,False,1.0,2020-04-01,2021-03-31,252
2021-04-01,Equity Equal Weight,Base,Equal Weight,Equity,False,AEP,Utilities,equity,0.02,0.02,,,False,1.0,2020-04-01,2021-03-31,252
2021-04-01,Equity Equal Weight,Base,Equal Weight,Equity,False,AMD,Tech,equity,0.02,0.02,,,False,1.0,2020-04-01,2021-03-31,252
2021-04-01,Equity Equal Weight,Base,Equal Weight,Equity,False,AMGN,Healthcare,equity,0.02,0.02,,,False,1.0,2020-04-01,2021-03-31,252
2021-04-01,Equity Equal Weight,Base,Equal Weight,Equity,False,AMT,RealEstate,equity,0.02,0.02,,,False,1.0,2020-04-01,2021-03-31,252
2021-04-01,Equity Equal Weight,Base,Equal Weight,Equity,False,BA,Industrials,equity,0.02,0.02,,,False,1.0,2020-04-01,2021-03-31,252
2021-04-01,Equity Equal Weight,Base,Equal Weight,Equity,False,CAT,Industrials,equity,0.02,0.02,,,False,1.0,2020-04-01,2021-03-31,252
2021-04-01,Equity Equal Weight,Base,Equal Weight,Equity,False,CCI,RealEstate,equity,0.02,0.02,,,False,1.0,2020-04-01,2021-03-31,252
2021-04-01,Equity Equal Weight,Base,Equal Weight,Equity,False,CMCSA,Comm,equity,0.02,0.02,,,False,1.0,2020-04-01,2021-03-31,252
2021-04-01,Equity Equal Weight,Base,Equal Weight,Equity,False,COP,Energy,equity,0.02,0.02,,,False,1.0,2020-04-01,2021-03-31,252
2021-04-01,Equity Equal Weight,Base,Equal Weight,Equity,False,CVX,Energy,equity,0.02,0.02,,,False,1.0,2020-04-01,2021-03-31,252
2021-04-01,Equity Equal Weight,Base,Equal Weight,Equity,False,D,Utilities,equity,0.02,0.02,,,False,1.0,2020-04-01,2021-03-31,252
2021-04-01,Equity Equal Weight,Base,Equal Weight,Equity,False,DD,Materials,equity,0.02,0.02,,,False,1.0,2020-04-01,2021-03-31,252
2021-04-01,Equity Equal Weight,Base,Equal Weight,Equity,False,DIS,Consumer,equity,0.02,0.02,,,False,1.0,2020-04-01,2021-03-31,252
2021-04-01,Equity Equal Weight,Base,Equal Weight,Equity,False,DOW,Materials,equity,0.02,0.02,,,False,1.0,2020-04-01,2021-03-31,252
2021-04-01,Equity Equal Weight,Base,Equal Weight,Equity,False,DUK,Utilities,equity,0.02,0.02,,,False,1.0,2020-04-01,2021-03-31,252
2021-04-01,Equity Equal Weight,Base,Equal Weight,Equity,False,EA,Comm,equity,0.02,0.02,,,False,1.0,2020-04-01,2021-03-31,252
2021-04-01,Equity Equal Weight,Base,Equal Weight,Equity,False,GE,Industrials,equity,0.02,0.02,,,False,1.0,2020-04-01,2021-03-31,252
2021-04-01,Equity Equal Weight,Base,Equal Weight,Equity,False,GILD,Healthcare,equity,0.02,0.02,,,False,1.0,2020-04-01,2021-03-31,252
2021-04-01,Equity Equal Weight,Base,Equal Weight,Equity,False,GS,Financials,equity,0.02,0.02,,,False,1.0,2020-04-01,2021-03-31,252
2021-04-01,Equity Equal Weight,Base,Equal Weight,Equity,False,INTC,Tech,equity,0.02,0.02,,,False,1.0,2020-04-01,2021-03-31,252
2021-04-01,Equity Equal Weight,Base,Equal Weight,Equity,False,KO,Consumer,equity,0.02,0.02,,,False,1.0,2020-04-01,2021-03-31,252
2021-04-01,Equity Equal Weight,Base,Equal Weight,Equity,False,MMM,Industrials,equity,0.02,0.02,,,False,1.0,2020-04-01,2021-03-31,252
2021-04-01,Equity Equal Weight,Base,Equal Weight,Equity,False,MRK,Healthcare,equity,0.02,0.02,,,False,1.0,2020-04-01,2021-03-31,252
2021-04-01,Equity Equal Weight,Base,Equal Weight,Equity,False,MS,Financials,equity,0.02,0.02,,,False,1.0,2020-04-01,2021-03-31,252
2021-04-01,Equity Equal Weight,Base,Equal Weight,Equity,False,NEE,Utilities,equity,0.02,0.02,,,False,1.0,2020-04-01,2021-03-31,252
2021-04-01,Equity Equal Weight,Base,Equal Weight,Equity,False,NEM,Materials,equity,0.02,0.02,,,False,1.0,2020-04-01,2021-03-31,252
2021-04-01,Equity Equal Weight,Base,Equal Weight,Equity,False,NKE,Consumer,equity,0.02,0.02,,,False,1.0,2020-04-01,2021-03-31,252
2021-04-01,Equity Equal Weight,Base,Equal Weight,Equity,False,NUE,Materials,equity,0.02,0.02,,,False,1.0,2020-04-01,2021-03-31,252
2021-04-01,Equity Equal Weight,Base,Equal Weight,Equity,False,NVDA,Tech,equity,0.02,0.02,,,False,1.0,2020-04-01,2021-03-31,252
2021-04-01,Equity Equal Weight,Base,Equal Weight,Equity,False,O,RealEstate,equity,0.02,0.02,,,False,1.0,2020-04-01,2021-03-31,252
2021-04-01,Equity Equal Weight,Base,Equal Weight,Equity,False,OXY,Energy,equity,0.02,0.02,,,False,1.0,2020-04-01,2021-03-31,252
2021-04-01,Equity Equal Weight,Base,Equal Weight,Equity,False,PLD,RealEstate,equity,0.02,0.02,,,False,1.0,2020-04-01,2021-03-31,252
2021-04-01,Equity Equal Weight,Base,Equal Weight,Equity,False,PSA,RealEstate,equity,0.02,0.02,,,False,1.0,2020-04-01,2021-03-31,252
2021-04-01,Equity Equal Weight,Base,Equal Weight,Equity,False,QCOM,Tech,equity,0.02,0.02,,,False,1.0,2020-04-01,2021-03-31,252
2021-04-01,Equity Equal Weight,Base,Equal Weight,Equity,False,SBUX,Consumer,equity,0.02,0.02,,,False,1.0,2020-04-01,2021-03-31,252
2021-04-01,Equity Equal Weight,Base,Equal Weight,Equity,False,SHW,Materials,equity,0.02,0.02,,,False,1.0,2020-04-01,2021-03-31,252
2021-04-01,Equity Equal Weight,Base,Equal Weight,Equity,False,SLB,Energy,equity,0.02,0.02,,,False,1.0,2020-04-01,2021-03-31,252
2021-04-01,Equity Equal Weight,Base,Equal Weight,Equity,False,SO,Utilities,equity,0.02,0.02,,,False,1.0,2020-04-01,2021-03-31,252
2021-04-01,Equity Equal Weight,Base,Equal Weight,Equity,False,T,Comm,equity,0.02,0.02,,,False,1.0,2020-04-01,2021-03-31,252
2021-04-01,Equity Equal Weight,Base,Equal Weight,Equity,False,TMUS,Comm,equity,0.02,0.02,,,False,1.0,2020-04-01,2021-03-31,252
2021-04-01,Equity Equal Weight,Base,Equal Weight,Equity,False,TTWO,Comm,equity,0.02,0.02,,,False,1.0,2020-04-01,2021-03-31,252
2021-04-01,Equity Equal Weight,Base,Equal Weight,Equity,False,UPS,Industrials,equity,0.02,0.02,,,False,1.0,2020-04-01,2021-03-31,252
2021-04-01,Equity Equal Weight,Base,Equal Weight,Equity,False,USB,Financials,equity,0.02,0.02,,,False,1.0,2020-04-01,2021-03-31,252
2021-04-01,Equity Equal Weight,Base,Equal Weight,Equity,False,V,Financials,equity,0.02,0.02,,,False,1.0,2020-04-01,2021-03-31,252
2021-04-01,Equity Equal Weight,Base,Equal Weight,Equity,False,WFC,Financials,equity,0.02,0.02,,,False,1.0,2020-04-01,2021-03-31,252
2021-04-01,Equity Equal Weight,Base,Equal Weight,Equity,False,WMT,Consumer,equity,0.02,0.02,,,False,1.0,2020-04-01,2021-03-31,252
2021-04-01,Equity Equal Weight,Base,Equal Weight,Equity,False,XOM,Energy,equity,0.02,0.02,,,False,1.0,2020-04-01,2021-03-31,252
2021-04-01,Equity Equal Weight + Sector Sentiment,Sentiment fusion,Equal Weight + Sector Sentiment,Equity,True,ABBV,Healthcare,equity,0.019582998177513744,0.02,2021-03-31,0.050409999999999996,True,1.025205,2020-04-01,2021-03-31,252
2021-04-01,Equity Equal Weight + Sector Sentiment,Sentiment fusion,Equal Weight + Sector Sentiment,Equity,True,ABT,Healthcare,equity,0.019582998177513744,0.02,2021-03-31,0.050409999999999996,True,1.025205,2020-04-01,2021-03-31,252
2021-04-01,Equity Equal Weight + Sector Sentiment,Sentiment fusion,Equal Weight + Sector Sentiment,Equity,True,ADBE,Tech,equity,0.020003879470479203,0.02,2021-03-31,0.09447777777777777,True,1.0472388888888888,2020-04-01,2021-03-31,252
2021-04-01,Equity Equal Weight + Sector Sentiment,Sentiment fusion,Equal Weight + Sector Sentiment,Equity,True,AEP,Utilities,equity,0.020406179206147002,0.02,2021-03-31,0.1366,True,1.0683,2020-04-01,2021-03-31,252
2021-04-01,Equity Equal Weight + Sector Sentiment,Sentiment fusion,Equal Weight + Sector Sentiment,Equity,True,AMD,Tech,equity,0.020003879470479203,0.02,2021-03-31,0.09447777777777777,True,1.0472388888888888,2020-04-01,2021-03-31,252
2021-04-01,Equity Equal Weight + Sector Sentiment,Sentiment fusion,Equal Weight + Sector Sentiment,Equity,True,AMGN,Healthcare,equity,0.019582998177513744,0.02,2021-03-31,0.050409999999999996,True,1.025205,2020-04-01,2021-03-31,252
2021-04-01,Equity Equal Weight + Sector Sentiment,Sentiment fusion,Equal Weight + Sector Sentiment,Equity,True,AMT,RealEstate,equity,0.019101543766869795,0.02,2021-03-31,0.0,True,1.0,2020-04-01,2021-03-31,252
2021-04-01,Equity Equal Weight + Sector Sentiment,Sentiment fusion,Equal Weight + Sector Sentiment,Equity,True,BA,Industrials,equity,0.020172795483206513,0.02,2021-03-31,0.11216388888888888,True,1.0560819444444445,2020-04-01,2021-03-31,252
2021-04-01,Equity Equal Weight + Sector Sentiment,Sentiment fusion,Equal Weight + Sector Sentiment,Equity,True,CAT,Industrials,equity,0.020172795483206513,0.02,2021-03-31,0.11216388888888888,True,1.0560819444444445,2020-04-01,2021-03-31,252
2021-04-01,Equity Equal Weight + Sector Sentiment,Sentiment fusion,Equal Weight + Sector Sentiment,Equity,True,CCI,RealEstate,equity,0.019101543766869795,0.02,2021-03-31,0.0,True,1.0,2020-04-01,2021-03-31,252
2021-04-01,Equity Equal Weight + Sector Sentiment,Sentiment fusion,Equal Weight + Sector Sentiment,Equity,True,CMCSA,Comm,equity,0.019101543766869795,0.02,2021-03-31,0.0,True,1.0,2020-04-01,2021-03-31,252
2021-04-01,Equity Equal Weight + Sector Sentiment,Sentiment fusion,Equal Weight + Sector Sentiment,Equity,True,COP,Energy,equity,0.0211067681186798,0.02,2021-03-31,0.20995416666666666,True,1.1049770833333334,2020-04-01,2021-03-31,252
2021-04-01,Equity Equal Weight + Sector Sentiment,Sentiment fusion,Equal Weight + Sector Sentiment,Equity,True,CVX,Energy,equity,0.0211067681186798,0.02,2021-03-31,0.20995416666666666,True,1.1049770833333334,2020-04-01,2021-03-31,252
2021-04-01,Equity Equal Weight + Sector Sentiment,Sentiment fusion,Equal Weight + Sector Sentiment,Equity,True,D,Utilities,equity,0.020406179206147002,0.02,2021-03-31,0.1366,True,1.0683,2020-04-01,2021-03-31,252
2021-04-01,Equity Equal Weight + Sector Sentiment,Sentiment fusion,Equal Weight + Sector Sentiment,Equity,True,DD,Materials,equity,0.02051505800561816,0.02,2021-03-31,0.148,True,1.074,2020-04-01,2021-03-31,252
2021-04-01,Equity Equal Weight + Sector Sentiment,Sentiment fusion,Equal Weight + Sector Sentiment,Equity,True,DIS,Consumer,equity,0.020301932531039308,0.02,2021-03-31,0.125685,True,1.0628425,2020-04-01,2021-03-31,252
2021-04-01,Equity Equal Weight + Sector Sentiment,Sentiment fusion,Equal Weight + Sector Sentiment,Equity,True,DOW,Materials,equity,0.02051505800561816,0.02,2021-03-31,0.148,True,1.074,2020-04-01,2021-03-31,252
2021-04-01,Equity Equal Weight + Sector Sentiment,Sentiment fusion,Equal Weight + Sector Sentiment,Equity,True,DUK,Utilities,equity,0.020406179206147002,0.02,2021-03-31,0.1366,True,1.0683,2020-04-01,2021-03-31,252
2021-04-01,Equity Equal Weight + Sector Sentiment,Sentiment fusion,Equal Weight + Sector Sentiment,Equity,True,EA,Comm,equity,0.019101543766869795,0.02,2021-03-31,0.0,True,1.0,2020-04-01,2021-03-31,252
2021-04-01,Equity Equal Weight + Sector Sentiment,Sentiment fusion,Equal Weight + Sector Sentiment,Equity,True,GE,Industrials,equity,0.020172795483206513,0.02,2021-03-31,0.11216388888888888,True,1.0560819444444445,2020-04-01,2021-03-31,252
2021-04-01,Equity Equal Weight + Sector Sentiment,Sentiment fusion,Equal Weight + Sector Sentiment,Equity,True,GILD,Healthcare,equity,0.019582998177513744,0.02,2021-03-31,0.050409999999999996,True,1.025205,2020-04-01,2021-03-31,252
2021-04-01,Equity Equal Weight + Sector Sentiment,Sentiment fusion,Equal Weight + Sector Sentiment,Equity,True,GS,Financials,equity,0.019707301473576654,0.02,2021-03-31,0.063425,True,1.0317125,2020-04-01,2021-03-31,252
2021-04-01,Equity Equal Weight + Sector Sentiment,Sentiment fusion,Equal Weight + Sector Sentiment,Equity,True,INTC,Tech,equity,0.020003879470479203,0.02,2021-03-31,0.09447777777777777,True,1.0472388888888888,2020-04-01,2021-03-31,252
2021-04-01,Equity Equal Weight + Sector Sentiment,Sentiment fusion,Equal Weight + Sector Sentiment,Equity,True,KO,Consumer,equity,0.020301932531039308,0.02,2021-03-31,0.125685,True,1.0628425,2020-04-01,2021-03-31,252
2021-04-01,Equity Equal Weight + Sector Sentiment,Sentiment fusion,Equal Weight + Sector Sentiment,Equity,True,MMM,Industrials,equity,0.020172795483206513,0.02,2021-03-31,0.11216388888888888,True,1.0560819444444445,2020-04-01,2021-03-31,252
2021-04-01,Equity Equal Weight + Sector Sentiment,Sentiment fusion,Equal Weight + Sector Sentiment,Equity,True,MRK,Healthcare,equity,0.019582998177513744,0.02,2021-03-31,0.050409999999999996,True,1.025205,2020-04-01,2021-03-31,252
2021-04-01,Equity Equal Weight + Sector Sentiment,Sentiment fusion,Equal Weight + Sector Sentiment,Equity,True,MS,Financials,equity,0.019707301473576654,0.02,2021-03-31,0.063425,True,1.0317125,2020-04-01,2021-03-31,252
2021-04-01,Equity Equal Weight + Sector Sentiment,Sentiment fusion,Equal Weight + Sector Sentiment,Equity,True,NEE,Utilities,equity,0.020406179206147002,0.02,2021-03-31,0.1366,True,1.0683,2020-04-01,2021-03-31,252
2021-04-01,Equity Equal Weight + Sector Sentiment,Sentiment fusion,Equal Weight + Sector Sentiment,Equity,True,NEM,Materials,equity,0.02051505800561816,0.02,2021-03-31,0.148,True,1.074,2020-04-01,2021-03-31,252
2021-04-01,Equity Equal Weight + Sector Sentiment,Sentiment fusion,Equal Weight + Sector Sentiment,Equity,True,NKE,Consumer,equity,0.020301932531039308,0.02,2021-03-31,0.125685,True,1.0628425,2020-04-01,2021-03-31,252
2021-04-01,Equity Equal Weight + Sector Sentiment,Sentiment fusion,Equal Weight + Sector Sentiment,Equity,True,NUE,Materials,equity,0.02051505800561816,0.02,2021-03-31,0.148,True,1.074,2020-04-01,2021-03-31,252
2021-04-01,Equity Equal Weight + Sector Sentiment,Sentiment fusion,Equal Weight + Sector Sentiment,Equity,True,NVDA,Tech,equity,0.020003879470479203,0.02,2021-03-31,0.09447777777777777,True,1.0472388888888888,2020-04-01,2021-03-31,252
2021-04-01,Equity Equal Weight + Sector Sentiment,Sentiment fusion,Equal Weight + Sector Sentiment,Equity,True,O,RealEstate,equity,0.019101543766869795,0.02,2021-03-31,0.0,True,1.0,2020-04-01,2021-03-31,252
2021-04-01,Equity Equal Weight + Sector Sentiment,Sentiment fusion,Equal Weight + Sector Sentiment,Equity,True,OXY,Energy,equity,0.0211067681186798,0.02,2021-03-31,0.20995416666666666,True,1.1049770833333334,2020-04-01,2021-03-31,252
2021-04-01,Equity Equal Weight + Sector Sentiment,Sentiment fusion,Equal Weight + Sector Sentiment,Equity,True,PLD,RealEstate,equity,0.019101543766869795,0.02,2021-03-31,0.0,True,1.0,2020-04-01,2021-03-31,252
2021-04-01,Equity Equal Weight + Sector Sentiment,Sentiment fusion,Equal Weight + Sector Sentiment,Equity,True,PSA,RealEstate,equity,0.019101543766869795,0.02,2021-03-31,0.0,True,1.0,2020-04-01,2021-03-31,252
2021-04-01,Equity Equal Weight + Sector Sentiment,Sentiment fusion,Equal Weight + Sector Sentiment,Equity,True,QCOM,Tech,equity,0.020003879470479203,0.02,2021-03-31,0.09447777777777777,True,1.0472388888888888,2020-04-01,2021-03-31,252
2021-04-01,Equity Equal Weight + Sector Sentiment,Sentiment fusion,Equal Weight + Sector Sentiment,Equity,True,SBUX,Consumer,equity,0.020301932531039308,0.02,2021-03-31,0.125685,True,1.0628425,2020-04-01,2021-03-31,252
2021-04-01,Equity Equal Weight + Sector Sentiment,Sentiment fusion,Equal Weight + Sector Sentiment,Equity,True,SHW,Materials,equity,0.02051505800561816,0.02,2021-03-31,0.148,True,1.074,2020-04-01,2021-03-31,252
2021-04-01,Equity Equal Weight + Sector Sentiment,Sentiment fusion,Equal Weight + Sector Sentiment,Equity,True,SLB,Energy,equity,0.0211067681186798,0.02,2021-03-31,0.20995416666666666,True,1.1049770833333334,2020-04-01,2021-03-31,252
2021-04-01,Equity Equal Weight + Sector Sentiment,Sentiment fusion,Equal Weight + Sector Sentiment,Equity,True,SO,Utilities,equity,0.020406179206147002,0.02,2021-03-31,0.1366,True,1.0683,2020-04-01,2021-03-31,252
2021-04-01,Equity Equal Weight + Sector Sentiment,Sentiment fusion,Equal Weight + Sector Sentiment,Equity,True,T,Comm,equity,0.019101543766869795,0.02,2021-03-31,0.0,True,1.0,2020-04-01,2021-03-31,252
2021-04-01,Equity Equal Weight + Sector Sentiment,Sentiment fusion,Equal Weight + Sector Sentiment,Equity,True,TMUS,Comm,equity,0.019101543766869795,0.02,2021-03-31,0.0,True,1.0,2020-04-01,2021-03-31,252
2021-04-01,Equity Equal Weight + Sector Sentiment,Sentiment fusion,Equal Weight + Sector Sentiment,Equity,True,TTWO,Comm,equity,0.019101543766869795,0.02,2021-03-31,0.0,True,1.0,2020-04-01,2021-03-31,252
2021-04-01,Equity Equal Weight + Sector Sentiment,Sentiment fusion,Equal Weight + Sector Sentiment,Equity,True,UPS,Industrials,equity,0.020172795483206513,0.02,2021-03-31,0.11216388888888888,True,1.0560819444444445,2020-04-01,2021-03-31,252
2021-04-01,Equity Equal Weight + Sector Sentiment,Sentiment fusion,Equal Weight + Sector Sentiment,Equity,True,USB,Financials,equity,0.019707301473576654,0.02,2021-03-31,0.063425,True,1.0317125,2020-04-01,2021-03-31,252
2021-04-01,Equity Equal Weight + Sector Sentiment,Sentiment fusion,Equal Weight + Sector Sentiment,Equity,True,V,Financials,equity,0.019707301473576654,0.02,2021-03-31,0.063425,True,1.0317125,2020-04-01,2021-03-31,252
2021-04-01,Equity Equal Weight + Sector Sentiment,Sentiment fusion,Equal Weight + Sector Sentiment,Equity,True,WFC,Financials,equity,0.019707301473576654,0.02,2021-03-31,0.063425,True,1.0317125,2020-04-01,2021-03-31,252
2021-04-01,Equity Equal Weight + Sector Sentiment,Sentiment fusion,Equal Weight + Sector Sentiment,Equity,True,WMT,Consumer,equity,0.020301932531039308,0.02,2021-03-31,0.125685,True,1.0628425,2020-04-01,2021-03-31,252
2021-04-01,Equity Equal Weight + Sector Sentiment,Sentiment fusion,Equal Weight + Sector Sentiment,Equity,True,XOM,Energy,equity,0.0211067681186798,0.02,2021-03-31,0.20995416666666666,True,1.1049770833333334,2020-04-01,2021-03-31,252
2021-05-03,Equity Equal Weight,Base,Equal Weight,Equity,False,ABBV,Healthcare,equity,0.02,0.02,,,False,1.0,2020-05-01,2021-04-30,252
2021-05-03,Equity Equal Weight,Base,Equal Weight,Equity,False,ABT,Healthcare,equity,0.02,0.02,,,False,1.0,2020-05-01,2021-04-30,252
2021-05-03,Equity Equal Weight,Base,Equal Weight,Equity,False,ADBE,Tech,equity,0.02,0.02,,,False,1.0,2020-05-01,2021-04-30,252
2021-05-03,Equity Equal Weight,Base,Equal Weight,Equity,False,AEP,Utilities,equity,0.02,0.02,,,False,1.0,2020-05-01,2021-04-30,252
2021-05-03,Equity Equal Weight,Base,Equal Weight,Equity,False,AMD,Tech,equity,0.02,0.02,,,False,1.0,2020-05-01,2021-04-30,252
2021-05-03,Equity Equal Weight,Base,Equal Weight,Equity,False,AMGN,Healthcare,equity,0.02,0.02,,,False,1.0,2020-05-01,2021-04-30,252
2021-05-03,Equity Equal Weight,Base,Equal Weight,Equity,False,AMT,RealEstate,equity,0.02,0.02,,,False,1.0,2020-05-01,2021-04-30,252
2021-05-03,Equity Equal Weight,Base,Equal Weight,Equity,False,BA,Industrials,equity,0.02,0.02,,,False,1.0,2020-05-01,2021-04-30,252
2021-05-03,Equity Equal Weight,Base,Equal Weight,Equity,False,CAT,Industrials,equity,0.02,0.02,,,False,1.0,2020-05-01,2021-04-30,252
2021-05-03,Equity Equal Weight,Base,Equal Weight,Equity,False,CCI,RealEstate,equity,0.02,0.02,,,False,1.0,2020-05-01,2021-04-30,252
2021-05-03,Equity Equal Weight,Base,Equal Weight,Equity,False,CMCSA,Comm,equity,0.02,0.02,,,False,1.0,2020-05-01,2021-04-30,252
2021-05-03,Equity Equal Weight,Base,Equal Weight,Equity,False,COP,Energy,equity,0.02,0.02,,,False,1.0,2020-05-01,2021-04-30,252
2021-05-03,Equity Equal Weight,Base,Equal Weight,Equity,False,CVX,Energy,equity,0.02,0.02,,,False,1.0,2020-05-01,2021-04-30,252
2021-05-03,Equity Equal Weight,Base,Equal Weight,Equity,False,D,Utilities,equity,0.02,0.02,,,False,1.0,2020-05-01,2021-04-30,252
2021-05-03,Equity Equal Weight,Base,Equal Weight,Equity,False,DD,Materials,equity,0.02,0.02,,,False,1.0,2020-05-01,2021-04-30,252
2021-05-03,Equity Equal Weight,Base,Equal Weight,Equity,False,DIS,Consumer,equity,0.02,0.02,,,False,1.0,2020-05-01,2021-04-30,252
2021-05-03,Equity Equal Weight,Base,Equal Weight,Equity,False,DOW,Materials,equity,0.02,0.02,,,False,1.0,2020-05-01,2021-04-30,252
2021-05-03,Equity Equal Weight,Base,Equal Weight,Equity,False,DUK,Utilities,equity,0.02,0.02,,,False,1.0,2020-05-01,2021-04-30,252
2021-05-03,Equity Equal Weight,Base,Equal Weight,Equity,False,EA,Comm,equity,0.02,0.02,,,False,1.0,2020-05-01,2021-04-30,252
2021-05-03,Equity Equal Weight,Base,Equal Weight,Equity,False,GE,Industrials,equity,0.02,0.02,,,False,1.0,2020-05-01,2021-04-30,252
2021-05-03,Equity Equal Weight,Base,Equal Weight,Equity,False,GILD,Healthcare,equity,0.02,0.02,,,False,1.0,2020-05-01,2021-04-30,252
2021-05-03,Equity Equal Weight,Base,Equal Weight,Equity,False,GS,Financials,equity,0.02,0.02,,,False,1.0,2020-05-01,2021-04-30,252
2021-05-03,Equity Equal Weight,Base,Equal Weight,Equity,False,INTC,Tech,equity,0.02,0.02,,,False,1.0,2020-05-01,2021-04-30,252
2021-05-03,Equity Equal Weight,Base,Equal Weight,Equity,False,KO,Consumer,equity,0.02,0.02,,,False,1.0,2020-05-01,2021-04-30,252
2021-05-03,Equity Equal Weight,Base,Equal Weight,Equity,False,MMM,Industrials,equity,0.02,0.02,,,False,1.0,2020-05-01,2021-04-30,252
2021-05-03,Equity Equal Weight,Base,Equal Weight,Equity,False,MRK,Healthcare,equity,0.02,0.02,,,False,1.0,2020-05-01,2021-04-30,252
2021-05-03,Equity Equal Weight,Base,Equal Weight,Equity,False,MS,Financials,equity,0.02,0.02,,,False,1.0,2020-05-01,2021-04-30,252
2021-05-03,Equity Equal Weight,Base,Equal Weight,Equity,False,NEE,Utilities,equity,0.02,0.02,,,False,1.0,2020-05-01,2021-04-30,252
2021-05-03,Equity Equal Weight,Base,Equal Weight,Equity,False,NEM,Materials,equity,0.02,0.02,,,False,1.0,2020-05-01,2021-04-30,252
2021-05-03,Equity Equal Weight,Base,Equal Weight,Equity,False,NKE,Consumer,equity,0.02,0.02,,,False,1.0,2020-05-01,2021-04-30,252
2021-05-03,Equity Equal Weight,Base,Equal Weight,Equity,False,NUE,Materials,equity,0.02,0.02,,,False,1.0,2020-05-01,2021-04-30,252
2021-05-03,Equity Equal Weight,Base,Equal Weight,Equity,False,NVDA,Tech,equity,0.02,0.02,,,False,1.0,2020-05-01,2021-04-30,252
2021-05-03,Equity Equal Weight,Base,Equal Weight,Equity,False,O,RealEstate,equity,0.02,0.02,,,False,1.0,2020-05-01,2021-04-30,252
2021-05-03,Equity Equal Weight,Base,Equal Weight,Equity,False,OXY,Energy,equity,0.02,0.02,,,False,1.0,2020-05-01,2021-04-30,252
2021-05-03,Equity Equal Weight,Base,Equal Weight,Equity,False,PLD,RealEstate,equity,0.02,0.02,,,False,1.0,2020-05-01,2021-04-30,252
2021-05-03,Equity Equal Weight,Base,Equal Weight,Equity,False,PSA,RealEstate,equity,0.02,0.02,,,False,1.0,2020-05-01,2021-04-30,252
2021-05-03,Equity Equal Weight,Base,Equal Weight,Equity,False,QCOM,Tech,equity,0.02,0.02,,,False,1.0,2020-05-01,2021-04-30,252
2021-05-03,Equity Equal Weight,Base,Equal Weight,Equity,False,SBUX,Consumer,equity,0.02,0.02,,,False,1.0,2020-05-01,2021-04-30,252
2021-05-03,Equity Equal Weight,Base,Equal Weight,Equity,False,SHW,Materials,equity,0.02,0.02,,,False,1.0,2020-05-01,2021-04-30,252
2021-05-03,Equity Equal Weight,Base,Equal Weight,Equity,False,SLB,Energy,equity,0.02,0.02,,,False,1.0,2020-05-01,2021-04-30,252
2021-05-03,Equity Equal Weight,Base,Equal Weight,Equity,False,SO,Utilities,equity,0.02,0.02,,,False,1.0,2020-05-01,2021-04-30,252
2021-05-03,Equity Equal Weight,Base,Equal Weight,Equity,False,T,Comm,equity,0.02,0.02,,,False,1.0,2020-05-01,2021-04-30,252
2021-05-03,Equity Equal Weight,Base,Equal Weight,Equity,False,TMUS,Comm,equity,0.02,0.02,,,False,1.0,2020-05-01,2021-04-30,252
2021-05-03,Equity Equal Weight,Base,Equal Weight,Equity,False,TTWO,Comm,equity,0.02,0.02,,,False,1.0,2020-05-01,2021-04-30,252
2021-05-03,Equity Equal Weight,Base,Equal Weight,Equity,False,UPS,Industrials,equity,0.02,0.02,,,False,1.0,2020-05-01,2021-04-30,252
2021-05-03,Equity Equal Weight,Base,Equal Weight,Equity,False,USB,Financials,equity,0.02,0.02,,,False,1.0,2020-05-01,2021-04-30,252
2021-05-03,Equity Equal Weight,Base,Equal Weight,Equity,False,V,Financials,equity,0.02,0.02,,,False,1.0,2020-05-01,2021-04-30,252
2021-05-03,Equity Equal Weight,Base,Equal Weight,Equity,False,WFC,Financials,equity,0.02,0.02,,,False,1.0,2020-05-01,2021-04-30,252
2021-05-03,Equity Equal Weight,Base,Equal Weight,Equity,False,WMT,Consumer,equity,0.02,0.02,,,False,1.0,2020-05-01,2021-04-30,252
2021-05-03,Equity Equal Weight,Base,Equal Weight,Equity,False,XOM,Energy,equity,0.02,0.02,,,False,1.0,2020-05-01,2021-04-30,252
2021-05-03,Equity Equal Weight + Sector Sentiment,Sentiment fusion,Equal Weight + Sector Sentiment,Equity,True,ABBV,Healthcare,equity,0.020481559118522508,0.02,2021-04-30,0.15298984615384617,True,1.0764949230769232,2020-05-01,2021-04-30,252
2021-05-03,Equity Equal Weight + Sector Sentiment,Sentiment fusion,Equal Weight + Sector Sentiment,Equity,True,ABT,Healthcare,equity,0.020481559118522508,0.02,2021-04-30,0.15298984615384617,True,1.0764949230769232,2020-05-01,2021-04-30,252
2021-05-03,Equity Equal Weight + Sector Sentiment,Sentiment fusion,Equal Weight + Sector Sentiment,Equity,True,ADBE,Tech,equity,0.01891144300691609,0.02,2021-04-30,-0.012058333333333338,True,0.9939708333333334,2020-05-01,2021-04-30,252
2021-05-03,Equity Equal Weight + Sector Sentiment,Sentiment fusion,Equal Weight + Sector Sentiment,Equity,True,AEP,Utilities,equity,0.020904083916251287,0.02,2021-04-30,0.197405,True,1.0987025,2020-05-01,2021-04-30,252
2021-05-03,Equity Equal Weight + Sector Sentiment,Sentiment fusion,Equal Weight + Sector Sentiment,Equity,True,AMD,Tech,equity,0.01891144300691609,0.02,2021-04-30,-0.012058333333333338,True,0.9939708333333334,2020-05-01,2021-04-30,252
2021-05-03,Equity Equal Weight + Sector Sentiment,Sentiment fusion,Equal Weight + Sector Sentiment,Equity,True,AMGN,Healthcare,equity,0.020481559118522508,0.02,2021-04-30,0.15298984615384617,True,1.0764949230769232,2020-05-01,2021-04-30,252
2021-05-03,Equity Equal Weight + Sector Sentiment,Sentiment fusion,Equal Weight + Sector Sentiment,Equity,True,AMT,RealEstate,equity,0.02171835577911295,0.02,2021-04-30,0.28300000000000003,True,1.1415,2020-05-01,2021-04-30,252
2021-05-03,Equity Equal Weight + Sector Sentiment,Sentiment fusion,Equal Weight + Sector Sentiment,Equity,True,BA,Industrials,equity,0.01953791086612496,0.02,2021-04-30,0.053795,True,1.0268975,2020-05-01,2021-04-30,252
2021-05-03,Equity Equal Weight + Sector Sentiment,Sentiment fusion,Equal Weight + Sector Sentiment,Equity,True,CAT,Industrials,equity,0.01953791086612496,0.02,2021-04-30,0.053795,True,1.0268975,2020-05-01,2021-04-30,252
2021-05-03,Equity Equal Weight + Sector Sentiment,Sentiment fusion,Equal Weight + Sector Sentiment,Equity,True,CCI,RealEstate,equity,0.02171835577911295,0.02,2021-04-30,0.28300000000000003,True,1.1415,2020-05-01,2021-04-30,252
2021-05-03,Equity Equal Weight + Sector Sentiment,Sentiment fusion,Equal Weight + Sector Sentiment,Equity,True,CMCSA,Comm,equity,0.02073671188890697,0.02,2021-04-30,0.17981111111111112,True,1.0899055555555555,2020-05-01,2021-04-30,252
2021-05-03,Equity Equal Weight + Sector Sentiment,Sentiment fusion,Equal Weight + Sector Sentiment,Equity,True,COP,Energy,equity,0.02096658483498487,0.02,2021-04-30,0.20397500000000002,True,1.1019875,2020-05-01,2021-04-30,252
2021-05-03,Equity Equal Weight + Sector Sentiment,Sentiment fusion,Equal Weight + Sector Sentiment,Equity,True,CVX,Energy,equity,0.02096658483498487,0.02,2021-04-30,0.20397500000000002,True,1.1019875,2020-05-01,2021-04-30,252
2021-05-03,Equity Equal Weight + Sector Sentiment,Sentiment fusion,Equal Weight + Sector Sentiment,Equity,True,D,Utilities,equity,0.020904083916251287,0.02,2021-04-30,0.197405,True,1.0987025,2020-05-01,2021-04-30,252
2021-05-03,Equity Equal Weight + Sector Sentiment,Sentiment fusion,Equal Weight + Sector Sentiment,Equity,True,DD,Materials,equity,0.016873345442581095,0.02,2021-04-30,-0.2263,True,0.88685,2020-05-01,2021-04-30,252
2021-05-03,Equity Equal Weight + Sector Sentiment,Sentiment fusion,Equal Weight + Sector Sentiment,Equity,True,DIS,Consumer,equity,0.020006081116851815,0.02,2021-04-30,0.10300833333333333,True,1.0515041666666667,2020-05-01,2021-04-30,252
2021-05-03,Equity Equal Weight + Sector Sentiment,Sentiment fusion,Equal Weight + Sector Sentiment,Equity,True,DOW,Materials,equity,0.016873345442581095,0.02,2021-04-30,-0.2263,True,0.88685,2020-05-01,2021-04-30,252
2021-05-03,Equity Equal Weight + Sector Sentiment,Sentiment fusion,Equal Weight + Sector Sentiment,Equity,True,DUK,Utilities,equity,0.020904083916251287,0.02,2021-04-30,0.197405,True,1.0987025,2020-05-01,2021-04-30,252
2021-05-03,Equity Equal Weight + Sector Sentiment,Sentiment fusion,Equal Weight + Sector Sentiment,Equity,True,EA,Comm,equity,0.02073671188890697,0.02,2021-04-30,0.17981111111111112,True,1.0899055555555555,2020-05-01,2021-04-30,252
2021-05-03,Equity Equal Weight + Sector Sentiment,Sentiment fusion,Equal Weight + Sector Sentiment,Equity,True,GE,Industrials,equity,0.01953791086612496,0.02,2021-04-30,0.053795,True,1.0268975,2020-05-01,2021-04-30,252
2021-05-03,Equity Equal Weight + Sector Sentiment,Sentiment fusion,Equal Weight + Sector Sentiment,Equity,True,GILD,Healthcare,equity,0.020481559118522508,0.02,2021-04-30,0.15298984615384617,True,1.0764949230769232,2020-05-01,2021-04-30,252
2021-05-03,Equity Equal Weight + Sector Sentiment,Sentiment fusion,Equal Weight + Sector Sentiment,Equity,True,GS,Financials,equity,0.01986392402974747,0.02,2021-04-30,0.088065,True,1.0440325,2020-05-01,2021-04-30,252
2021-05-03,Equity Equal Weight + Sector Sentiment,Sentiment fusion,Equal Weight + Sector Sentiment,Equity,True,INTC,Tech,equity,0.01891144300691609,0.02,2021-04-30,-0.012058333333333338,True,0.9939708333333334,2020-05-01,2021-04-30,252
2021-05-03,Equity Equal Weight + Sector Sentiment,Sentiment fusion,Equal Weight + Sector Sentiment,Equity,True,KO,Consumer,equity,0.020006081116851815,0.02,2021-04-30,0.10300833333333333,True,1.0515041666666667,2020-05-01,2021-04-30,252
2021-05-03,Equity Equal Weight + Sector Sentiment,Sentiment fusion,Equal Weight + Sector Sentiment,Equity,True,MMM,Industrials,equity,0.01953791086612496,0.02,2021-04-30,0.053795,True,1.0268975,2020-05-01,2021-04-30,252
2021-05-03,Equity Equal Weight + Sector Sentiment,Sentiment fusion,Equal Weight + Sector Sentiment,Equity,True,MRK,Healthcare,equity,0.020481559118522508,0.02,2021-04-30,0.15298984615384617,True,1.0764949230769232,2020-05-01,2021-04-30,252
2021-05-03,Equity Equal Weight + Sector Sentiment,Sentiment fusion,Equal Weight + Sector Sentiment,Equity,True,MS,Financials,equity,0.01986392402974747,0.02,2021-04-30,0.088065,True,1.0440325,2020-05-01,2021-04-30,252
2021-05-03,Equity Equal Weight + Sector Sentiment,Sentiment fusion,Equal Weight + Sector Sentiment,Equity,True,NEE,Utilities,equity,0.020904083916251287,0.02,2021-04-30,0.197405,True,1.0987025,2020-05-01,2021-04-30,252
2021-05-03,Equity Equal Weight + Sector Sentiment,Sentiment fusion,Equal Weight + Sector Sentiment,Equity,True,NEM,Materials,equity,0.016873345442581095,0.02,2021-04-30,-0.2263,True,0.88685,2020-05-01,2021-04-30,252
2021-05-03,Equity Equal Weight + Sector Sentiment,Sentiment fusion,Equal Weight + Sector Sentiment,Equity,True,NKE,Consumer,equity,0.020006081116851815,0.02,2021-04-30,0.10300833333333333,True,1.0515041666666667,2020-05-01,2021-04-30,252
2021-05-03,Equity Equal Weight + Sector Sentiment,Sentiment fusion,Equal Weight + Sector Sentiment,Equity,True,NUE,Materials,equity,0.016873345442581095,0.02,2021-04-30,-0.2263,True,0.88685,2020-05-01,2021-04-30,252
2021-05-03,Equity Equal Weight + Sector Sentiment,Sentiment fusion,Equal Weight + Sector Sentiment,Equity,True,NVDA,Tech,equity,0.01891144300691609,0.02,2021-04-30,-0.012058333333333338,True,0.9939708333333334,2020-05-01,2021-04-30,252
2021-05-03,Equity Equal Weight + Sector Sentiment,Sentiment fusion,Equal Weight + Sector Sentiment,Equity,True,O,RealEstate,equity,0.02171835577911295,0.02,2021-04-30,0.28300000000000003,True,1.1415,2020-05-01,2021-04-30,252
2021-05-03,Equity Equal Weight + Sector Sentiment,Sentiment fusion,Equal Weight + Sector Sentiment,Equity,True,OXY,Energy,equity,0.02096658483498487,0.02,2021-04-30,0.20397500000000002,True,1.1019875,2020-05-01,2021-04-30,252
2021-05-03,Equity Equal Weight + Sector Sentiment,Sentiment fusion,Equal Weight + Sector Sentiment,Equity,True,PLD,RealEstate,equity,0.02171835577911295,0.02,2021-04-30,0.28300000000000003,True,1.1415,2020-05-01,2021-04-30,252
2021-05-03,Equity Equal Weight + Sector Sentiment,Sentiment fusion,Equal Weight + Sector Sentiment,Equity,True,PSA,RealEstate,equity,0.02171835577911295,0.02,2021-04-30,0.28300000000000003,True,1.1415,2020-05-01,2021-04-30,252
2021-05-03,Equity Equal Weight + Sector Sentiment,Sentiment fusion,Equal Weight + Sector Sentiment,Equity,True,QCOM,Tech,equity,0.01891144300691609,0.02,2021-04-30,-0.012058333333333338,True,0.9939708333333334,2020-05-01,2021-04-30,252
2021-05-03,Equity Equal Weight + Sector Sentiment,Sentiment fusion,Equal Weight + Sector Sentiment,Equity,True,SBUX,Consumer,equity,0.020006081116851815,0.02,2021-04-30,0.10300833333333333,True,1.0515041666666667,2020-05-01,2021-04-30,252
2021-05-03,Equity Equal Weight + Sector Sentiment,Sentiment fusion,Equal Weight + Sector Sentiment,Equity,True,SHW,Materials,equity,0.016873345442581095,0.02,2021-04-30,-0.2263,True,0.88685,2020-05-01,2021-04-30,252
2021-05-03,Equity Equal Weight + Sector Sentiment,Sentiment fusion,Equal Weight + Sector Sentiment,Equity,True,SLB,Energy,equity,0.02096658483498487,0.02,2021-04-30,0.20397500000000002,True,1.1019875,2020-05-01,2021-04-30,252
2021-05-03,Equity Equal Weight + Sector Sentiment,Sentiment fusion,Equal Weight + Sector Sentiment,Equity,True,SO,Utilities,equity,0.020904083916251287,0.02,2021-04-30,0.197405,True,1.0987025,2020-05-01,2021-04-30,252
2021-05-03,Equity Equal Weight + Sector Sentiment,Sentiment fusion,Equal Weight + Sector Sentiment,Equity,True,T,Comm,equity,0.02073671188890697,0.02,2021-04-30,0.17981111111111112,True,1.0899055555555555,2020-05-01,2021-04-30,252
2021-05-03,Equity Equal Weight + Sector Sentiment,Sentiment fusion,Equal Weight + Sector Sentiment,Equity,True,TMUS,Comm,equity,0.02073671188890697,0.02,2021-04-30,0.17981111111111112,True,1.0899055555555555,2020-05-01,2021-04-30,252
2021-05-03,Equity Equal Weight + Sector Sentiment,Sentiment fusion,Equal Weight + Sector Sentiment,Equity,True,TTWO,Comm,equity,0.02073671188890697,0.02,2021-04-30,0.17981111111111112,True,1.0899055555555555,2020-05-01,2021-04-30,252
2021-05-03,Equity Equal Weight + Sector Sentiment,Sentiment fusion,Equal Weight + Sector Sentiment,Equity,True,UPS,Industrials,equity,0.01953791086612496,0.02,2021-04-30,0.053795,True,1.0268975,2020-05-01,2021-04-30,252
2021-05-03,Equity Equal Weight + Sector Sentiment,Sentiment fusion,Equal Weight + Sector Sentiment,Equity,True,USB,Financials,equity,0.01986392402974747,0.02,2021-04-30,0.088065,True,1.0440325,2020-05-01,2021-04-30,252
2021-05-03,Equity Equal Weight + Sector Sentiment,Sentiment fusion,Equal Weight + Sector Sentiment,Equity,True,V,Financials,equity,0.01986392402974747,0.02,2021-04-30,0.088065,True,1.0440325,2020-05-01,2021-04-30,252
2021-05-03,Equity Equal Weight + Sector Sentiment,Sentiment fusion,Equal Weight + Sector Sentiment,Equity,True,WFC,Financials,equity,0.01986392402974747,0.02,2021-04-30,0.088065,True,1.0440325,2020-05-01,2021-04-30,252
2021-05-03,Equity Equal Weight + Sector Sentiment,Sentiment fusion,Equal Weight + Sector Sentiment,Equity,True,WMT,Consumer,equity,0.020006081116851815,0.02,2021-04-30,0.10300833333333333,True,1.0515041666666667,2020-05-01,2021-04-30,252
2021-05-03,Equity Equal Weight + Sector Sentiment,Sentiment fusion,Equal Weight + Sector Sentiment,Equity,True,XOM,Energy,equity,0.02096658483498487,0.02,2021-04-30,0.20397500000000002,True,1.1019875,2020-05-01,2021-04-30,252
2021-06-01,Equity Equal Weight,Base,Equal Weight,Equity,False,ABBV,Healthcare,equity,0.02,0.02,,,False,1.0,2020-06-01,2021-05-28,252
2021-06-01,Equity Equal Weight,Base,Equal Weight,Equity,False,ABT,Healthcare,equity,0.02,0.02,,,False,1.0,2020-06-01,2021-05-28,252
2021-06-01,Equity Equal Weight,Base,Equal Weight,Equity,False,ADBE,Tech,equity,0.02,0.02,,,False,1.0,2020-06-01,2021-05-28,252
2021-06-01,Equity Equal Weight,Base,Equal Weight,Equity,False,AEP,Utilities,equity,0.02,0.02,,,False,1.0,2020-06-01,2021-05-28,252
2021-06-01,Equity Equal Weight,Base,Equal Weight,Equity,False,AMD,Tech,equity,0.02,0.02,,,False,1.0,2020-06-01,2021-05-28,252
2021-06-01,Equity Equal Weight,Base,Equal Weight,Equity,False,AMGN,Healthcare,equity,0.02,0.02,,,False,1.0,2020-06-01,2021-05-28,252
2021-06-01,Equity Equal Weight,Base,Equal Weight,Equity,False,AMT,RealEstate,equity,0.02,0.02,,,False,1.0,2020-06-01,2021-05-28,252
2021-06-01,Equity Equal Weight,Base,Equal Weight,Equity,False,BA,Industrials,equity,0.02,0.02,,,False,1.0,2020-06-01,2021-05-28,252
2021-06-01,Equity Equal Weight,Base,Equal Weight,Equity,False,CAT,Industrials,equity,0.02,0.02,,,False,1.0,2020-06-01,2021-05-28,252
2021-06-01,Equity Equal Weight,Base,Equal Weight,Equity,False,CCI,RealEstate,equity,0.02,0.02,,,False,1.0,2020-06-01,2021-05-28,252
2021-06-01,Equity Equal Weight,Base,Equal Weight,Equity,False,CMCSA,Comm,equity,0.02,0.02,,,False,1.0,2020-06-01,2021-05-28,252
2021-06-01,Equity Equal Weight,Base,Equal Weight,Equity,False,COP,Energy,equity,0.02,0.02,,,False,1.0,2020-06-01,2021-05-28,252
2021-06-01,Equity Equal Weight,Base,Equal Weight,Equity,False,CVX,Energy,equity,0.02,0.02,,,False,1.0,2020-06-01,2021-05-28,252
2021-06-01,Equity Equal Weight,Base,Equal Weight,Equity,False,D,Utilities,equity,0.02,0.02,,,False,1.0,2020-06-01,2021-05-28,252
2021-06-01,Equity Equal Weight,Base,Equal Weight,Equity,False,DD,Materials,equity,0.02,0.02,,,False,1.0,2020-06-01,2021-05-28,252
2021-06-01,Equity Equal Weight,Base,Equal Weight,Equity,False,DIS,Consumer,equity,0.02,0.02,,,False,1.0,2020-06-01,2021-05-28,252
2021-06-01,Equity Equal Weight,Base,Equal Weight,Equity,False,DOW,Materials,equity,0.02,0.02,,,False,1.0,2020-06-01,2021-05-28,252
2021-06-01,Equity Equal Weight,Base,Equal Weight,Equity,False,DUK,Utilities,equity,0.02,0.02,,,False,1.0,2020-06-01,2021-05-28,252
2021-06-01,Equity Equal Weight,Base,Equal Weight,Equity,False,EA,Comm,equity,0.02,0.02,,,False,1.0,2020-06-01,2021-05-28,252
2021-06-01,Equity Equal Weight,Base,Equal Weight,Equity,False,GE,Industrials,equity,0.02,0.02,,,False,1.0,2020-06-01,2021-05-28,252
2021-06-01,Equity Equal Weight,Base,Equal Weight,Equity,False,GILD,Healthcare,equity,0.02,0.02,,,False,1.0,2020-06-01,2021-05-28,252
2021-06-01,Equity Equal Weight,Base,Equal Weight,Equity,False,GS,Financials,equity,0.02,0.02,,,False,1.0,2020-06-01,2021-05-28,252
2021-06-01,Equity Equal Weight,Base,Equal Weight,Equity,False,INTC,Tech,equity,0.02,0.02,,,False,1.0,2020-06-01,2021-05-28,252
2021-06-01,Equity Equal Weight,Base,Equal Weight,Equity,False,KO,Consumer,equity,0.02,0.02,,,False,1.0,2020-06-01,2021-05-28,252
2021-06-01,Equity Equal Weight,Base,Equal Weight,Equity,False,MMM,Industrials,equity,0.02,0.02,,,False,1.0,2020-06-01,2021-05-28,252
2021-06-01,Equity Equal Weight,Base,Equal Weight,Equity,False,MRK,Healthcare,equity,0.02,0.02,,,False,1.0,2020-06-01,2021-05-28,252
2021-06-01,Equity Equal Weight,Base,Equal Weight,Equity,False,MS,Financials,equity,0.02,0.02,,,False,1.0,2020-06-01,2021-05-28,252
2021-06-01,Equity Equal Weight,Base,Equal Weight,Equity,False,NEE,Utilities,equity,0.02,0.02,,,False,1.0,2020-06-01,2021-05-28,252
2021-06-01,Equity Equal Weight,Base,Equal Weight,Equity,False,NEM,Materials,equity,0.02,0.02,,,False,1.0,2020-06-01,2021-05-28,252
2021-06-01,Equity Equal Weight,Base,Equal Weight,Equity,False,NKE,Consumer,equity,0.02,0.02,,,False,1.0,2020-06-01,2021-05-28,252
2021-06-01,Equity Equal Weight,Base,Equal Weight,Equity,False,NUE,Materials,equity,0.02,0.02,,,False,1.0,2020-06-01,2021-05-28,252
2021-06-01,Equity Equal Weight,Base,Equal Weight,Equity,False,NVDA,Tech,equity,0.02,0.02,,,False,1.0,2020-06-01,2021-05-28,252
2021-06-01,Equity Equal Weight,Base,Equal Weight,Equity,False,O,RealEstate,equity,0.02,0.02,,,False,1.0,2020-06-01,2021-05-28,252
2021-06-01,Equity Equal Weight,Base,Equal Weight,Equity,False,OXY,Energy,equity,0.02,0.02,,,False,1.0,2020-06-01,2021-05-28,252
2021-06-01,Equity Equal Weight,Base,Equal Weight,Equity,False,PLD,RealEstate,equity,0.02,0.02,,,False,1.0,2020-06-01,2021-05-28,252
2021-06-01,Equity Equal Weight,Base,Equal Weight,Equity,False,PSA,RealEstate,equity,0.02,0.02,,,False,1.0,2020-06-01,2021-05-28,252
2021-06-01,Equity Equal Weight,Base,Equal Weight,Equity,False,QCOM,Tech,equity,0.02,0.02,,,False,1.0,2020-06-01,2021-05-28,252
2021-06-01,Equity Equal Weight,Base,Equal Weight,Equity,False,SBUX,Consumer,equity,0.02,0.02,,,False,1.0,2020-06-01,2021-05-28,252
2021-06-01,Equity Equal Weight,Base,Equal Weight,Equity,False,SHW,Materials,equity,0.02,0.02,,,False,1.0,2020-06-01,2021-05-28,252
2021-06-01,Equity Equal Weight,Base,Equal Weight,Equity,False,SLB,Energy,equity,0.02,0.02,,,False,1.0,2020-06-01,2021-05-28,252
2021-06-01,Equity Equal Weight,Base,Equal Weight,Equity,False,SO,Utilities,equity,0.02,0.02,,,False,1.0,2020-06-01,2021-05-28,252
2021-06-01,Equity Equal Weight,Base,Equal Weight,Equity,False,T,Comm,equity,0.02,0.02,,,False,1.0,2020-06-01,2021-05-28,252
2021-06-01,Equity Equal Weight,Base,Equal Weight,Equity,False,TMUS,Comm,equity,0.02,0.02,,,False,1.0,2020-06-01,2021-05-28,252
2021-06-01,Equity Equal Weight,Base,Equal Weight,Equity,False,TTWO,Comm,equity,0.02,0.02,,,False,1.0,2020-06-01,2021-05-28,252
2021-06-01,Equity Equal Weight,Base,Equal Weight,Equity,False,UPS,Industrials,equity,0.02,0.02,,,False,1.0,2020-06-01,2021-05-28,252
2021-06-01,Equity Equal Weight,Base,Equal Weight,Equity,False,USB,Financials,equity,0.02,0.02,,,False,1.0,2020-06-01,2021-05-28,252
2021-06-01,Equity Equal Weight,Base,Equal Weight,Equity,False,V,Financials,equity,0.02,0.02,,,False,1.0,2020-06-01,2021-05-28,252
2021-06-01,Equity Equal Weight,Base,Equal Weight,Equity,False,WFC,Financials,equity,0.02,0.02,,,False,1.0,2020-06-01,2021-05-28,252
2021-06-01,Equity Equal Weight,Base,Equal Weight,Equity,False,WMT,Consumer,equity,0.02,0.02,,,False,1.0,2020-06-01,2021-05-28,252
2021-06-01,Equity Equal Weight,Base,Equal Weight,Equity,False,XOM,Energy,equity,0.02,0.02,,,False,1.0,2020-06-01,2021-05-28,252
2021-06-01,Equity Equal Weight + Sector Sentiment,Sentiment fusion,Equal Weight + Sector Sentiment,Equity,True,ABBV,Healthcare,equity,0.019444924599815953,0.02,2021-05-28,0.16181666666666666,True,1.0809083333333334,2020-06-01,2021-05-28,252
2021-06-01,Equity Equal Weight + Sector Sentiment,Sentiment fusion,Equal Weight + Sector Sentiment,Equity,True,ABT,Healthcare,equity,0.019444924599815953,0.02,2021-05-28,0.16181666666666666,True,1.0809083333333334,2020-06-01,2021-05-28,252
2021-06-01,Equity Equal Weight + Sector Sentiment,Sentiment fusion,Equal Weight + Sector Sentiment,Equity,True,ADBE,Tech,equity,0.01929737379734759,0.02,2021-05-28,0.1454125,True,1.07270625,2020-06-01,2021-05-28,252
2021-06-01,Equity Equal Weight + Sector Sentiment,Sentiment fusion,Equal Weight + Sector Sentiment,Equity,True,AEP,Utilities,equity,0.020446785928641017,0.02,2021-05-28,0.2732,True,1.1366,2020-06-01,2021-05-28,252
2021-06-01,Equity Equal Weight + Sector Sentiment,Sentiment fusion,Equal Weight + Sector Sentiment,Equity,True,AMD,Tech,equity,0.01929737379734759,0.02,2021-05-28,0.1454125,True,1.07270625,2020-06-01,2021-05-28,252
2021-06-01,Equity Equal Weight + Sector Sentiment,Sentiment fusion,Equal Weight + Sector Sentiment,Equity,True,AMGN,Healthcare,equity,0.019444924599815953,0.02,2021-05-28,0.16181666666666666,True,1.0809083333333334,2020-06-01,2021-05-28,252
2021-06-01,Equity Equal Weight + Sector Sentiment,Sentiment fusion,Equal Weight + Sector Sentiment,Equity,True,AMT,RealEstate,equity,0.022511972471495133,0.02,2021-05-28,0.5028,True,1.2514,2020-06-01,2021-05-28,252
2021-06-01,Equity Equal Weight + Sector Sentiment,Sentiment fusion,Equal Weight + Sector Sentiment,Equity,True,BA,Industrials,equity,0.018801652571985888,0.02,2021-05-28,0.0903,True,1.04515,2020-06-01,2021-05-28,252
2021-06-01,Equity Equal Weight + Sector Sentiment,Sentiment fusion,Equal Weight + Sector Sentiment,Equity,True,CAT,Industrials,equity,0.018801652571985888,0.02,2021-05-28,0.0903,True,1.04515,2020-06-01,2021-05-28,252
2021-06-01,Equity Equal Weight + Sector Sentiment,Sentiment fusion,Equal Weight + Sector Sentiment,Equity,True,CCI,RealEstate,equity,0.022511972471495133,0.02,2021-05-28,0.5028,True,1.2514,2020-06-01,2021-05-28,252
2021-06-01,Equity Equal Weight + Sector Sentiment,Sentiment fusion,Equal Weight + Sector Sentiment,Equity,True,CMCSA,Comm,equity,0.02160461861220739,0.02,2021-05-28,0.4019236666666666,True,1.2009618333333334,2020-06-01,2021-05-28,252
2021-06-01,Equity Equal Weight + Sector Sentiment,Sentiment fusion,Equal Weight + Sector Sentiment,Equity,True,COP,Energy,equity,0.017698990471426278,0.02,2021-05-28,-0.032290000000000006,True,0.983855,2020-06-01,2021-05-28,252
2021-06-01,Equity Equal Weight + Sector Sentiment,Sentiment fusion,Equal Weight + Sector Sentiment,Equity,True,CVX,Energy,equity,0.017698990471426278,0.02,2021-05-28,-0.032290000000000006,True,0.983855,2020-06-01,2021-05-28,252
2021-06-01,Equity Equal Weight + Sector Sentiment,Sentiment fusion,Equal Weight + Sector Sentiment,Equity,True,D,Utilities,equity,0.020446785928641017,0.02,2021-05-28,0.2732,True,1.1366,2020-06-01,2021-05-28,252
2021-06-01,Equity Equal Weight + Sector Sentiment,Sentiment fusion,Equal Weight + Sector Sentiment,Equity,True,DD,Materials,equity,0.01933174110389153,0.02,2021-05-28,0.14923333333333333,True,1.0746166666666666,2020-06-01,2021-05-28,252
2021-06-01,Equity Equal Weight + Sector Sentiment,Sentiment fusion,Equal Weight + Sector Sentiment,Equity,True,DIS,Consumer,equity,0.02105848650714435,0.02,2021-05-28,0.34120666666666666,True,1.1706033333333332,2020-06-01,2021-05-28,252
2021-06-01,Equity Equal Weight + Sector Sentiment,Sentiment fusion,Equal Weight + Sector Sentiment,Equity,True,DOW,Materials,equity,0.01933174110389153,0.02,2021-05-28,0.14923333333333333,True,1.0746166666666666,2020-06-01,2021-05-28,252
2021-06-01,Equity Equal Weight + Sector Sentiment,Sentiment fusion,Equal Weight + Sector Sentiment,Equity,True,DUK,Utilities,equity,0.020446785928641017,0.02,2021-05-28,0.2732,True,1.1366,2020-06-01,2021-05-28,252
2021-06-01,Equity Equal Weight + Sector Sentiment,Sentiment fusion,Equal Weight + Sector Sentiment,Equity,True,EA,Comm,equity,0.02160461861220739,0.02,2021-05-28,0.4019236666666666,True,1.2009618333333334,2020-06-01,2021-05-28,252
2021-06-01,Equity Equal Weight + Sector Sentiment,Sentiment fusion,Equal Weight + Sector Sentiment,Equity,True,GE,Industrials,equity,0.018801652571985888,0.02,2021-05-28,0.0903,True,1.04515,2020-06-01,2021-05-28,252
2021-06-01,Equity Equal Weight + Sector Sentiment,Sentiment fusion,Equal Weight + Sector Sentiment,Equity,True,GILD,Healthcare,equity,0.019444924599815953,0.02,2021-05-28,0.16181666666666666,True,1.0809083333333334,2020-06-01,2021-05-28,252
2021-06-01,Equity Equal Weight + Sector Sentiment,Sentiment fusion,Equal Weight + Sector Sentiment,Equity,True,GS,Financials,equity,0.019803453936044896,0.02,2021-05-28,0.20167666666666667,True,1.1008383333333334,2020-06-01,2021-05-28,252
2021-06-01,Equity Equal Weight + Sector Sentiment,Sentiment fusion,Equal Weight + Sector Sentiment,Equity,True,INTC,Tech,equity,0.01929737379734759,0.02,2021-05-28,0.1454125,True,1.07270625,2020-06-01,2021-05-28,252
2021-06-01,Equity Equal Weight + Sector Sentiment,Sentiment fusion,Equal Weight + Sector Sentiment,Equity,True,KO,Consumer,equity,0.02105848650714435,0.02,2021-05-28,0.34120666666666666,True,1.1706033333333332,2020-06-01,2021-05-28,252
2021-06-01,Equity Equal Weight + Sector Sentiment,Sentiment fusion,Equal Weight + Sector Sentiment,Equity,True,MMM,Industrials,equity,0.018801652571985888,0.02,2021-05-28,0.0903,True,1.04515,2020-06-01,2021-05-28,252
2021-06-01,Equity Equal Weight + Sector Sentiment,Sentiment fusion,Equal Weight + Sector Sentiment,Equity,True,MRK,Healthcare,equity,0.019444924599815953,0.02,2021-05-28,0.16181666666666666,True,1.0809083333333334,2020-06-01,2021-05-28,252
2021-06-01,Equity Equal Weight + Sector Sentiment,Sentiment fusion,Equal Weight + Sector Sentiment,Equity,True,MS,Financials,equity,0.019803453936044896,0.02,2021-05-28,0.20167666666666667,True,1.1008383333333334,2020-06-01,2021-05-28,252
2021-06-01,Equity Equal Weight + Sector Sentiment,Sentiment fusion,Equal Weight + Sector Sentiment,Equity,True,NEE,Utilities,equity,0.020446785928641017,0.02,2021-05-28,0.2732,True,1.1366,2020-06-01,2021-05-28,252
2021-06-01,Equity Equal Weight + Sector Sentiment,Sentiment fusion,Equal Weight + Sector Sentiment,Equity,True,NEM,Materials,equity,0.01933174110389153,0.02,2021-05-28,0.14923333333333333,True,1.0746166666666666,2020-06-01,2021-05-28,252
2021-06-01,Equity Equal Weight + Sector Sentiment,Sentiment fusion,Equal Weight + Sector Sentiment,Equity,True,NKE,Consumer,equity,0.02105848650714435,0.02,2021-05-28,0.34120666666666666,True,1.1706033333333332,2020-06-01,2021-05-28,252
2021-06-01,Equity Equal Weight + Sector Sentiment,Sentiment fusion,Equal Weight + Sector Sentiment,Equity,True,NUE,Materials,equity,0.01933174110389153,0.02,2021-05-28,0.14923333333333333,True,1.0746166666666666,2020-06-01,2021-05-28,252
2021-06-01,Equity Equal Weight + Sector Sentiment,Sentiment fusion,Equal Weight + Sector Sentiment,Equity,True,NVDA,Tech,equity,0.01929737379734759,0.02,2021-05-28,0.1454125,True,1.07270625,2020-06-01,2021-05-28,252
2021-06-01,Equity Equal Weight + Sector Sentiment,Sentiment fusion,Equal Weight + Sector Sentiment,Equity,True,O,RealEstate,equity,0.022511972471495133,0.02,2021-05-28,0.5028,True,1.2514,2020-06-01,2021-05-28,252
2021-06-01,Equity Equal Weight + Sector Sentiment,Sentiment fusion,Equal Weight + Sector Sentiment,Equity,True,OXY,Energy,equity,0.017698990471426278,0.02,2021-05-28,-0.032290000000000006,True,0.983855,2020-06-01,2021-05-28,252
2021-06-01,Equity Equal Weight + Sector Sentiment,Sentiment fusion,Equal Weight + Sector Sentiment,Equity,True,PLD,RealEstate,equity,0.022511972471495133,0.02,2021-05-28,0.5028,True,1.2514,2020-06-01,2021-05-28,252
2021-06-01,Equity Equal Weight + Sector Sentiment,Sentiment fusion,Equal Weight + Sector Sentiment,Equity,True,PSA,RealEstate,equity,0.022511972471495133,0.02,2021-05-28,0.5028,True,1.2514,2020-06-01,2021-05-28,252
2021-06-01,Equity Equal Weight + Sector Sentiment,Sentiment fusion,Equal Weight + Sector Sentiment,Equity,True,QCOM,Tech,equity,0.01929737379734759,0.02,2021-05-28,0.1454125,True,1.07270625,2020-06-01,2021-05-28,252
2021-06-01,Equity Equal Weight + Sector Sentiment,Sentiment fusion,Equal Weight + Sector Sentiment,Equity,True,SBUX,Consumer,equity,0.02105848650714435,0.02,2021-05-28,0.34120666666666666,True,1.1706033333333332,2020-06-01,2021-05-28,252
2021-06-01,Equity Equal Weight + Sector Sentiment,Sentiment fusion,Equal Weight + Sector Sentiment,Equity,True,SHW,Materials,equity,0.01933174110389153,0.02,2021-05-28,0.14923333333333333,True,1.0746166666666666,2020-06-01,2021-05-28,252
2021-06-01,Equity Equal Weight + Sector Sentiment,Sentiment fusion,Equal Weight + Sector Sentiment,Equity,True,SLB,Energy,equity,0.017698990471426278,0.02,2021-05-28,-0.032290000000000006,True,0.983855,2020-06-01,2021-05-28,252
2021-06-01,Equity Equal Weight + Sector Sentiment,Sentiment fusion,Equal Weight + Sector Sentiment,Equity,True,SO,Utilities,equity,0.020446785928641017,0.02,2021-05-28,0.2732,True,1.1366,2020-06-01,2021-05-28,252
2021-06-01,Equity Equal Weight + Sector Sentiment,Sentiment fusion,Equal Weight + Sector Sentiment,Equity,True,T,Comm,equity,0.02160461861220739,0.02,2021-05-28,0.4019236666666666,True,1.2009618333333334,2020-06-01,2021-05-28,252
2021-06-01,Equity Equal Weight + Sector Sentiment,Sentiment fusion,Equal Weight + Sector Sentiment,Equity,True,TMUS,Comm,equity,0.02160461861220739,0.02,2021-05-28,0.4019236666666666,True,1.2009618333333334,2020-06-01,2021-05-28,252
2021-06-01,Equity Equal Weight + Sector Sentiment,Sentiment fusion,Equal Weight + Sector Sentiment,Equity,True,TTWO,Comm,equity,0.02160461861220739,0.02,2021-05-28,0.4019236666666666,True,1.2009618333333334,2020-06-01,2021-05-28,252
2021-06-01,Equity Equal Weight + Sector Sentiment,Sentiment fusion,Equal Weight + Sector Sentiment,Equity,True,UPS,Industrials,equity,0.018801652571985888,0.02,2021-05-28,0.0903,True,1.04515,2020-06-01,2021-05-28,252
2021-06-01,Equity Equal Weight + Sector Sentiment,Sentiment fusion,Equal Weight + Sector Sentiment,Equity,True,USB,Financials,equity,0.019803453936044896,0.02,2021-05-28,0.20167666666666667,True,1.1008383333333334,2020-06-01,2021-05-28,252
2021-06-01,Equity Equal Weight + Sector Sentiment,Sentiment fusion,Equal Weight + Sector Sentiment,Equity,True,V,Financials,equity,0.019803453936044896,0.02,2021-05-28,0.20167666666666667,True,1.1008383333333334,2020-06-01,2021-05-28,252
2021-06-01,Equity Equal Weight + Sector Sentiment,Sentiment fusion,Equal Weight + Sector Sentiment,Equity,True,WFC,Financials,equity,0.019803453936044896,0.02,2021-05-28,0.20167666666666667,True,1.1008383333333334,2020-06-01,2021-05-28,252
2021-06-01,Equity Equal Weight + Sector Sentiment,Sentiment fusion,Equal Weight + Sector Sentiment,Equity,True,WMT,Consumer,equity,0.02105848650714435,0.02,2021-05-28,0.34120666666666666,True,1.1706033333333332,2020-06-01,2021-05-28,252
2021-06-01,Equity Equal Weight + Sector Sentiment,Sentiment fusion,Equal Weight + Sector Sentiment,Equity,True,XOM,Energy,equity,0.017698990471426278,0.02,2021-05-28,-0.032290000000000006,True,0.983855,2020-06-01,2021-05-28,252
2021-07-01,Equity Equal Weight,Base,Equal Weight,Equity,False,ABBV,Healthcare,equity,0.02,0.02,,,False,1.0,2020-07-01,2021-06-30,252
2021-07-01,Equity Equal Weight,Base,Equal Weight,Equity,False,ABT,Healthcare,equity,0.02,0.02,,,False,1.0,2020-07-01,2021-06-30,252
2021-07-01,Equity Equal Weight,Base,Equal Weight,Equity,False,ADBE,Tech,equity,0.02,0.02,,,False,1.0,2020-07-01,2021-06-30,252
2021-07-01,Equity Equal Weight,Base,Equal Weight,Equity,False,AEP,Utilities,equity,0.02,0.02,,,False,1.0,2020-07-01,2021-06-30,252
2021-07-01,Equity Equal Weight,Base,Equal Weight,Equity,False,AMD,Tech,equity,0.02,0.02,,,False,1.0,2020-07-01,2021-06-30,252
2021-07-01,Equity Equal Weight,Base,Equal Weight,Equity,False,AMGN,Healthcare,equity,0.02,0.02,,,False,1.0,2020-07-01,2021-06-30,252
2021-07-01,Equity Equal Weight,Base,Equal Weight,Equity,False,AMT,RealEstate,equity,0.02,0.02,,,False,1.0,2020-07-01,2021-06-30,252
2021-07-01,Equity Equal Weight,Base,Equal Weight,Equity,False,BA,Industrials,equity,0.02,0.02,,,False,1.0,2020-07-01,2021-06-30,252
2021-07-01,Equity Equal Weight,Base,Equal Weight,Equity,False,CAT,Industrials,equity,0.02,0.02,,,False,1.0,2020-07-01,2021-06-30,252
2021-07-01,Equity Equal Weight,Base,Equal Weight,Equity,False,CCI,RealEstate,equity,0.02,0.02,,,False,1.0,2020-07-01,2021-06-30,252
2021-07-01,Equity Equal Weight,Base,Equal Weight,Equity,False,CMCSA,Comm,equity,0.02,0.02,,,False,1.0,2020-07-01,2021-06-30,252
2021-07-01,Equity Equal Weight,Base,Equal Weight,Equity,False,COP,Energy,equity,0.02,0.02,,,False,1.0,2020-07-01,2021-06-30,252
2021-07-01,Equity Equal Weight,Base,Equal Weight,Equity,False,CVX,Energy,equity,0.02,0.02,,,False,1.0,2020-07-01,2021-06-30,252
2021-07-01,Equity Equal Weight,Base,Equal Weight,Equity,False,D,Utilities,equity,0.02,0.02,,,False,1.0,2020-07-01,2021-06-30,252
2021-07-01,Equity Equal Weight,Base,Equal Weight,Equity,False,DD,Materials,equity,0.02,0.02,,,False,1.0,2020-07-01,2021-06-30,252
2021-07-01,Equity Equal Weight,Base,Equal Weight,Equity,False,DIS,Consumer,equity,0.02,0.02,,,False,1.0,2020-07-01,2021-06-30,252
2021-07-01,Equity Equal Weight,Base,Equal Weight,Equity,False,DOW,Materials,equity,0.02,0.02,,,False,1.0,2020-07-01,2021-06-30,252
2021-07-01,Equity Equal Weight,Base,Equal Weight,Equity,False,DUK,Utilities,equity,0.02,0.02,,,False,1.0,2020-07-01,2021-06-30,252
2021-07-01,Equity Equal Weight,Base,Equal Weight,Equity,False,EA,Comm,equity,0.02,0.02,,,False,1.0,2020-07-01,2021-06-30,252
2021-07-01,Equity Equal Weight,Base,Equal Weight,Equity,False,GE,Industrials,equity,0.02,0.02,,,False,1.0,2020-07-01,2021-06-30,252
2021-07-01,Equity Equal Weight,Base,Equal Weight,Equity,False,GILD,Healthcare,equity,0.02,0.02,,,False,1.0,2020-07-01,2021-06-30,252
2021-07-01,Equity Equal Weight,Base,Equal Weight,Equity,False,GS,Financials,equity,0.02,0.02,,,False,1.0,2020-07-01,2021-06-30,252
2021-07-01,Equity Equal Weight,Base,Equal Weight,Equity,False,INTC,Tech,equity,0.02,0.02,,,False,1.0,2020-07-01,2021-06-30,252
2021-07-01,Equity Equal Weight,Base,Equal Weight,Equity,False,KO,Consumer,equity,0.02,0.02,,,False,1.0,2020-07-01,2021-06-30,252
2021-07-01,Equity Equal Weight,Base,Equal Weight,Equity,False,MMM,Industrials,equity,0.02,0.02,,,False,1.0,2020-07-01,2021-06-30,252
2021-07-01,Equity Equal Weight,Base,Equal Weight,Equity,False,MRK,Healthcare,equity,0.02,0.02,,,False,1.0,2020-07-01,2021-06-30,252
2021-07-01,Equity Equal Weight,Base,Equal Weight,Equity,False,MS,Financials,equity,0.02,0.02,,,False,1.0,2020-07-01,2021-06-30,252
2021-07-01,Equity Equal Weight,Base,Equal Weight,Equity,False,NEE,Utilities,equity,0.02,0.02,,,False,1.0,2020-07-01,2021-06-30,252
2021-07-01,Equity Equal Weight,Base,Equal Weight,Equity,False,NEM,Materials,equity,0.02,0.02,,,False,1.0,2020-07-01,2021-06-30,252
2021-07-01,Equity Equal Weight,Base,Equal Weight,Equity,False,NKE,Consumer,equity,0.02,0.02,,,False,1.0,2020-07-01,2021-06-30,252
2021-07-01,Equity Equal Weight,Base,Equal Weight,Equity,False,NUE,Materials,equity,0.02,0.02,,,False,1.0,2020-07-01,2021-06-30,252
2021-07-01,Equity Equal Weight,Base,Equal Weight,Equity,False,NVDA,Tech,equity,0.02,0.02,,,False,1.0,2020-07-01,2021-06-30,252
2021-07-01,Equity Equal Weight,Base,Equal Weight,Equity,False,O,RealEstate,equity,0.02,0.02,,,False,1.0,2020-07-01,2021-06-30,252
2021-07-01,Equity Equal Weight,Base,Equal Weight,Equity,False,OXY,Energy,equity,0.02,0.02,,,False,1.0,2020-07-01,2021-06-30,252
2021-07-01,Equity Equal Weight,Base,Equal Weight,Equity,False,PLD,RealEstate,equity,0.02,0.02,,,False,1.0,2020-07-01,2021-06-30,252
2021-07-01,Equity Equal Weight,Base,Equal Weight,Equity,False,PSA,RealEstate,equity,0.02,0.02,,,False,1.0,2020-07-01,2021-06-30,252
2021-07-01,Equity Equal Weight,Base,Equal Weight,Equity,False,QCOM,Tech,equity,0.02,0.02,,,False,1.0,2020-07-01,2021-06-30,252
2021-07-01,Equity Equal Weight,Base,Equal Weight,Equity,False,SBUX,Consumer,equity,0.02,0.02,,,False,1.0,2020-07-01,2021-06-30,252
2021-07-01,Equity Equal Weight,Base,Equal Weight,Equity,False,SHW,Materials,equity,0.02,0.02,,,False,1.0,2020-07-01,2021-06-30,252
2021-07-01,Equity Equal Weight,Base,Equal Weight,Equity,False,SLB,Energy,equity,0.02,0.02,,,False,1.0,2020-07-01,2021-06-30,252
2021-07-01,Equity Equal Weight,Base,Equal Weight,Equity,False,SO,Utilities,equity,0.02,0.02,,,False,1.0,2020-07-01,2021-06-30,252
2021-07-01,Equity Equal Weight,Base,Equal Weight,Equity,False,T,Comm,equity,0.02,0.02,,,False,1.0,2020-07-01,2021-06-30,252
2021-07-01,Equity Equal Weight,Base,Equal Weight,Equity,False,TMUS,Comm,equity,0.02,0.02,,,False,1.0,2020-07-01,2021-06-30,252
2021-07-01,Equity Equal Weight,Base,Equal Weight,Equity,False,TTWO,Comm,equity,0.02,0.02,,,False,1.0,2020-07-01,2021-06-30,252
2021-07-01,Equity Equal Weight,Base,Equal Weight,Equity,False,UPS,Industrials,equity,0.02,0.02,,,False,1.0,2020-07-01,2021-06-30,252
2021-07-01,Equity Equal Weight,Base,Equal Weight,Equity,False,USB,Financials,equity,0.02,0.02,,,False,1.0,2020-07-01,2021-06-30,252
2021-07-01,Equity Equal Weight,Base,Equal Weight,Equity,False,V,Financials,equity,0.02,0.02,,,False,1.0,2020-07-01,2021-06-30,252
2021-07-01,Equity Equal Weight,Base,Equal Weight,Equity,False,WFC,Financials,equity,0.02,0.02,,,False,1.0,2020-07-01,2021-06-30,252
2021-07-01,Equity Equal Weight,Base,Equal Weight,Equity,False,WMT,Consumer,equity,0.02,0.02,,,False,1.0,2020-07-01,2021-06-30,252
2021-07-01,Equity Equal Weight,Base,Equal Weight,Equity,False,XOM,Energy,equity,0.02,0.02,,,False,1.0,2020-07-01,2021-06-30,252
2021-07-01,Equity Equal Weight + Sector Sentiment,Sentiment fusion,Equal Weight + Sector Sentiment,Equity,True,ABBV,Healthcare,equity,0.020161115056932924,0.02,2021-06-30,0.107525,True,1.0537625,2020-07-01,2021-06-30,252
2021-07-01,Equity Equal Weight + Sector Sentiment,Sentiment fusion,Equal Weight + Sector Sentiment,Equity,True,ABT,Healthcare,equity,0.020161115056932924,0.02,2021-06-30,0.107525,True,1.0537625,2020-07-01,2021-06-30,252
2021-07-01,Equity Equal Weight + Sector Sentiment,Sentiment fusion,Equal Weight + Sector Sentiment,Equity,True,ADBE,Tech,equity,0.02012227075959333,0.02,2021-06-30,0.10346444444444446,True,1.0517322222222223,2020-07-01,2021-06-30,252
2021-07-01,Equity Equal Weight + Sector Sentiment,Sentiment fusion,Equal Weight + Sector Sentiment,Equity,True,AEP,Utilities,equity,0.021494889729505192,0.02,2021-06-30,0.24695,True,1.123475,2020-07-01,2021-06-30,252
2021-07-01,Equity Equal Weight + Sector Sentiment,Sentiment fusion,Equal Weight + Sector Sentiment,Equity,True,AMD,Tech,equity,0.02012227075959333,0.02,2021-06-30,0.10346444444444446,True,1.0517322222222223,2020-07-01,2021-06-30,252
2021-07-01,Equity Equal Weight + Sector Sentiment,Sentiment fusion,Equal Weight + Sector Sentiment,Equity,True,AMGN,Healthcare,equity,0.020161115056932924,0.02,2021-06-30,0.107525,True,1.0537625,2020-07-01,2021-06-30,252
2021-07-01,Equity Equal Weight + Sector Sentiment,Sentiment fusion,Equal Weight + Sector Sentiment,Equity,True,AMT,RealEstate,equity,0.01913250382029435,0.02,2021-06-30,0.0,True,1.0,2020-07-01,2021-06-30,252
2021-07-01,Equity Equal Weight + Sector Sentiment,Sentiment fusion,Equal Weight + Sector Sentiment,Equity,True,BA,Industrials,equity,0.019618894584081385,0.02,2021-06-30,0.05084444444444444,True,1.0254222222222222,2020-07-01,2021-06-30,252
2021-07-01,Equity Equal Weight + Sector Sentiment,Sentiment fusion,Equal Weight + Sector Sentiment,Equity,True,CAT,Industrials,equity,0.019618894584081385,0.02,2021-06-30,0.05084444444444444,True,1.0254222222222222,2020-07-01,2021-06-30,252
2021-07-01,Equity Equal Weight + Sector Sentiment,Sentiment fusion,Equal Weight + Sector Sentiment,Equity,True,CCI,RealEstate,equity,0.01913250382029435,0.02,2021-06-30,0.0,True,1.0,2020-07-01,2021-06-30,252
2021-07-01,Equity Equal Weight + Sector Sentiment,Sentiment fusion,Equal Weight + Sector Sentiment,Equity,True,CMCSA,Comm,equity,0.021788080856230126,0.02,2021-06-30,0.27759848484848487,True,1.1387992424242424,2020-07-01,2021-06-30,252
2021-07-01,Equity Equal Weight + Sector Sentiment,Sentiment fusion,Equal Weight + Sector Sentiment,Equity,True,COP,Energy,equity,0.020158285040742838,0.02,2021-06-30,0.10722916666666667,True,1.0536145833333332,2020-07-01,2021-06-30,252
2021-07-01,Equity Equal Weight + Sector Sentiment,Sentiment fusion,Equal Weight + Sector Sentiment,Equity,True,CVX,Energy,equity,0.020158285040742838,0.02,2021-06-30,0.10722916666666667,True,1.0536145833333332,2020-07-01,2021-06-30,252
2021-07-01,Equity Equal Weight + Sector Sentiment,Sentiment fusion,Equal Weight + Sector Sentiment,Equity,True,D,Utilities,equity,0.021494889729505192,0.02,2021-06-30,0.24695,True,1.123475,2020-07-01,2021-06-30,252
2021-07-01,Equity Equal Weight + Sector Sentiment,Sentiment fusion,Equal Weight + Sector Sentiment,Equity,True,DD,Materials,equity,0.01913250382029435,0.02,2021-06-30,,False,1.0,2020-07-01,2021-06-30,252
2021-07-01,Equity Equal Weight + Sector Sentiment,Sentiment fusion,Equal Weight + Sector Sentiment,Equity,True,DIS,Consumer,equity,0.018864933476688505,0.02,2021-06-30,-0.027970238095238083,True,0.986014880952381,2020-07-01,2021-06-30,252
2021-07-01,Equity Equal Weight + Sector Sentiment,Sentiment fusion,Equal Weight + Sector Sentiment,Equity,True,DOW,Materials,equity,0.01913250382029435,0.02,2021-06-30,,False,1.0,2020-07-01,2021-06-30,252
2021-07-01,Equity Equal Weight + Sector Sentiment,Sentiment fusion,Equal Weight + Sector Sentiment,Equity,True,DUK,Utilities,equity,0.021494889729505192,0.02,2021-06-30,0.24695,True,1.123475,2020-07-01,2021-06-30,252
2021-07-01,Equity Equal Weight + Sector Sentiment,Sentiment fusion,Equal Weight + Sector Sentiment,Equity,True,EA,Comm,equity,0.021788080856230126,0.02,2021-06-30,0.27759848484848487,True,1.1387992424242424,2020-07-01,2021-06-30,252
2021-07-01,Equity Equal Weight + Sector Sentiment,Sentiment fusion,Equal Weight + Sector Sentiment,Equity,True,GE,Industrials,equity,0.019618894584081385,0.02,2021-06-30,0.05084444444444444,True,1.0254222222222222,2020-07-01,2021-06-30,252
2021-07-01,Equity Equal Weight + Sector Sentiment,Sentiment fusion,Equal Weight + Sector Sentiment,Equity,True,GILD,Healthcare,equity,0.020161115056932924,0.02,2021-06-30,0.107525,True,1.0537625,2020-07-01,2021-06-30,252
2021-07-01,Equity Equal Weight + Sector Sentiment,Sentiment fusion,Equal Weight + Sector Sentiment,Equity,True,GS,Financials,equity,0.019526522855637007,0.02,2021-06-30,0.04118844444444446,True,1.0205942222222222,2020-07-01,2021-06-30,252
2021-07-01,Equity Equal Weight + Sector Sentiment,Sentiment fusion,Equal Weight + Sector Sentiment,Equity,True,INTC,Tech,equity,0.02012227075959333,0.02,2021-06-30,0.10346444444444446,True,1.0517322222222223,2020-07-01,2021-06-30,252
2021-07-01,Equity Equal Weight + Sector Sentiment,Sentiment fusion,Equal Weight + Sector Sentiment,Equity,True,KO,Consumer,equity,0.018864933476688505,0.02,2021-06-30,-0.027970238095238083,True,0.986014880952381,2020-07-01,2021-06-30,252
2021-07-01,Equity Equal Weight + Sector Sentiment,Sentiment fusion,Equal Weight + Sector Sentiment,Equity,True,MMM,Industrials,equity,0.019618894584081385,0.02,2021-06-30,0.05084444444444444,True,1.0254222222222222,2020-07-01,2021-06-30,252
2021-07-01,Equity Equal Weight + Sector Sentiment,Sentiment fusion,Equal Weight + Sector Sentiment,Equity,True,MRK,Healthcare,equity,0.020161115056932924,0.02,2021-06-30,0.107525,True,1.0537625,2020-07-01,2021-06-30,252
2021-07-01,Equity Equal Weight + Sector Sentiment,Sentiment fusion,Equal Weight + Sector Sentiment,Equity,True,MS,Financials,equity,0.019526522855637007,0.02,2021-06-30,0.04118844444444446,True,1.0205942222222222,2020-07-01,2021-06-30,252
2021-07-01,Equity Equal Weight + Sector Sentiment,Sentiment fusion,Equal Weight + Sector Sentiment,Equity,True,NEE,Utilities,equity,0.021494889729505192,0.02,2021-06-30,0.24695,True,1.123475,2020-07-01,2021-06-30,252
2021-07-01,Equity Equal Weight + Sector Sentiment,Sentiment fusion,Equal Weight + Sector Sentiment,Equity,True,NEM,Materials,equity,0.01913250382029435,0.02,2021-06-30,,False,1.0,2020-07-01,2021-06-30,252
2021-07-01,Equity Equal Weight + Sector Sentiment,Sentiment fusion,Equal Weight + Sector Sentiment,Equity,True,NKE,Consumer,equity,0.018864933476688505,0.02,2021-06-30,-0.027970238095238083,True,0.986014880952381,2020-07-01,2021-06-30,252
2021-07-01,Equity Equal Weight + Sector Sentiment,Sentiment fusion,Equal Weight + Sector Sentiment,Equity,True,NUE,Materials,equity,0.01913250382029435,0.02,2021-06-30,,False,1.0,2020-07-01,2021-06-30,252
2021-07-01,Equity Equal Weight + Sector Sentiment,Sentiment fusion,Equal Weight + Sector Sentiment,Equity,True,NVDA,Tech,equity,0.02012227075959333,0.02,2021-06-30,0.10346444444444446,True,1.0517322222222223,2020-07-01,2021-06-30,252
2021-07-01,Equity Equal Weight + Sector Sentiment,Sentiment fusion,Equal Weight + Sector Sentiment,Equity,True,O,RealEstate,equity,0.01913250382029435,0.02,2021-06-30,0.0,True,1.0,2020-07-01,2021-06-30,252
2021-07-01,Equity Equal Weight + Sector Sentiment,Sentiment fusion,Equal Weight + Sector Sentiment,Equity,True,OXY,Energy,equity,0.020158285040742838,0.02,2021-06-30,0.10722916666666667,True,1.0536145833333332,2020-07-01,2021-06-30,252
2021-07-01,Equity Equal Weight + Sector Sentiment,Sentiment fusion,Equal Weight + Sector Sentiment,Equity,True,PLD,RealEstate,equity,0.01913250382029435,0.02,2021-06-30,0.0,True,1.0,2020-07-01,2021-06-30,252
2021-07-01,Equity Equal Weight + Sector Sentiment,Sentiment fusion,Equal Weight + Sector Sentiment,Equity,True,PSA,RealEstate,equity,0.01913250382029435,0.02,2021-06-30,0.0,True,1.0,2020-07-01,2021-06-30,252
2021-07-01,Equity Equal Weight + Sector Sentiment,Sentiment fusion,Equal Weight + Sector Sentiment,Equity,True,QCOM,Tech,equity,0.02012227075959333,0.02,2021-06-30,0.10346444444444446,True,1.0517322222222223,2020-07-01,2021-06-30,252
2021-07-01,Equity Equal Weight + Sector Sentiment,Sentiment fusion,Equal Weight + Sector Sentiment,Equity,True,SBUX,Consumer,equity,0.018864933476688505,0.02,2021-06-30,-0.027970238095238083,True,0.986014880952381,2020-07-01,2021-06-30,252
2021-07-01,Equity Equal Weight + Sector Sentiment,Sentiment fusion,Equal Weight + Sector Sentiment,Equity,True,SHW,Materials,equity,0.01913250382029435,0.02,2021-06-30,,False,1.0,2020-07-01,2021-06-30,252
2021-07-01,Equity Equal Weight + Sector Sentiment,Sentiment fusion,Equal Weight + Sector Sentiment,Equity,True,SLB,Energy,equity,0.020158285040742838,0.02,2021-06-30,0.10722916666666667,True,1.0536145833333332,2020-07-01,2021-06-30,252
2021-07-01,Equity Equal Weight + Sector Sentiment,Sentiment fusion,Equal Weight + Sector Sentiment,Equity,True,SO,Utilities,equity,0.021494889729505192,0.02,2021-06-30,0.24695,True,1.123475,2020-07-01,2021-06-30,252
2021-07-01,Equity Equal Weight + Sector Sentiment,Sentiment fusion,Equal Weight + Sector Sentiment,Equity,True,T,Comm,equity,0.021788080856230126,0.02,2021-06-30,0.27759848484848487,True,1.1387992424242424,2020-07-01,2021-06-30,252
2021-07-01,Equity Equal Weight + Sector Sentiment,Sentiment fusion,Equal Weight + Sector Sentiment,Equity,True,TMUS,Comm,equity,0.021788080856230126,0.02,2021-06-30,0.27759848484848487,True,1.1387992424242424,2020-07-01,2021-06-30,252
2021-07-01,Equity Equal Weight + Sector Sentiment,Sentiment fusion,Equal Weight + Sector Sentiment,Equity,True,TTWO,Comm,equity,0.021788080856230126,0.02,2021-06-30,0.27759848484848487,True,1.1387992424242424,2020-07-01,2021-06-30,252
2021-07-01,Equity Equal Weight + Sector Sentiment,Sentiment fusion,Equal Weight + Sector Sentiment,Equity,True,UPS,Industrials,equity,0.019618894584081385,0.02,2021-06-30,0.05084444444444444,True,1.0254222222222222,2020-07-01,2021-06-30,252
2021-07-01,Equity Equal Weight + Sector Sentiment,Sentiment fusion,Equal Weight + Sector Sentiment,Equity,True,USB,Financials,equity,0.019526522855637007,0.02,2021-06-30,0.04118844444444446,True,1.0205942222222222,2020-07-01,2021-06-30,252
2021-07-01,Equity Equal Weight + Sector Sentiment,Sentiment fusion,Equal Weight + Sector Sentiment,Equity,True,V,Financials,equity,0.019526522855637007,0.02,2021-06-30,0.04118844444444446,True,1.0205942222222222,2020-07-01,2021-06-30,252
2021-07-01,Equity Equal Weight + Sector Sentiment,Sentiment fusion,Equal Weight + Sector Sentiment,Equity,True,WFC,Financials,equity,0.019526522855637007,0.02,2021-06-30,0.04118844444444446,True,1.0205942222222222,2020-07-01,2021-06-30,252
2021-07-01,Equity Equal Weight + Sector Sentiment,Sentiment fusion,Equal Weight + Sector Sentiment,Equity,True,WMT,Consumer,equity,0.018864933476688505,0.02,2021-06-30,-0.027970238095238083,True,0.986014880952381,2020-07-01,2021-06-30,252
2021-07-01,Equity Equal Weight + Sector Sentiment,Sentiment fusion,Equal Weight + Sector Sentiment,Equity,True,XOM,Energy,equity,0.020158285040742838,0.02,2021-06-30,0.10722916666666667,True,1.0536145833333332,2020-07-01,2021-06-30,252
2021-08-02,Equity Equal Weight,Base,Equal Weight,Equity,False,ABBV,Healthcare,equity,0.02,0.02,,,False,1.0,2020-07-31,2021-07-30,252
2021-08-02,Equity Equal Weight,Base,Equal Weight,Equity,False,ABT,Healthcare,equity,0.02,0.02,,,False,1.0,2020-07-31,2021-07-30,252
2021-08-02,Equity Equal Weight,Base,Equal Weight,Equity,False,ADBE,Tech,equity,0.02,0.02,,,False,1.0,2020-07-31,2021-07-30,252
2021-08-02,Equity Equal Weight,Base,Equal Weight,Equity,False,AEP,Utilities,equity,0.02,0.02,,,False,1.0,2020-07-31,2021-07-30,252
2021-08-02,Equity Equal Weight,Base,Equal Weight,Equity,False,AMD,Tech,equity,0.02,0.02,,,False,1.0,2020-07-31,2021-07-30,252
2021-08-02,Equity Equal Weight,Base,Equal Weight,Equity,False,AMGN,Healthcare,equity,0.02,0.02,,,False,1.0,2020-07-31,2021-07-30,252
2021-08-02,Equity Equal Weight,Base,Equal Weight,Equity,False,AMT,RealEstate,equity,0.02,0.02,,,False,1.0,2020-07-31,2021-07-30,252
2021-08-02,Equity Equal Weight,Base,Equal Weight,Equity,False,BA,Industrials,equity,0.02,0.02,,,False,1.0,2020-07-31,2021-07-30,252
2021-08-02,Equity Equal Weight,Base,Equal Weight,Equity,False,CAT,Industrials,equity,0.02,0.02,,,False,1.0,2020-07-31,2021-07-30,252
2021-08-02,Equity Equal Weight,Base,Equal Weight,Equity,False,CCI,RealEstate,equity,0.02,0.02,,,False,1.0,2020-07-31,2021-07-30,252
2021-08-02,Equity Equal Weight,Base,Equal Weight,Equity,False,CMCSA,Comm,equity,0.02,0.02,,,False,1.0,2020-07-31,2021-07-30,252
2021-08-02,Equity Equal Weight,Base,Equal Weight,Equity,False,COP,Energy,equity,0.02,0.02,,,False,1.0,2020-07-31,2021-07-30,252
2021-08-02,Equity Equal Weight,Base,Equal Weight,Equity,False,CVX,Energy,equity,0.02,0.02,,,False,1.0,2020-07-31,2021-07-30,252
2021-08-02,Equity Equal Weight,Base,Equal Weight,Equity,False,D,Utilities,equity,0.02,0.02,,,False,1.0,2020-07-31,2021-07-30,252
2021-08-02,Equity Equal Weight,Base,Equal Weight,Equity,False,DD,Materials,equity,0.02,0.02,,,False,1.0,2020-07-31,2021-07-30,252
2021-08-02,Equity Equal Weight,Base,Equal Weight,Equity,False,DIS,Consumer,equity,0.02,0.02,,,False,1.0,2020-07-31,2021-07-30,252
2021-08-02,Equity Equal Weight,Base,Equal Weight,Equity,False,DOW,Materials,equity,0.02,0.02,,,False,1.0,2020-07-31,2021-07-30,252
2021-08-02,Equity Equal Weight,Base,Equal Weight,Equity,False,DUK,Utilities,equity,0.02,0.02,,,False,1.0,2020-07-31,2021-07-30,252
2021-08-02,Equity Equal Weight,Base,Equal Weight,Equity,False,EA,Comm,equity,0.02,0.02,,,False,1.0,2020-07-31,2021-07-30,252
2021-08-02,Equity Equal Weight,Base,Equal Weight,Equity,False,GE,Industrials,equity,0.02,0.02,,,False,1.0,2020-07-31,2021-07-30,252
2021-08-02,Equity Equal Weight,Base,Equal Weight,Equity,False,GILD,Healthcare,equity,0.02,0.02,,,False,1.0,2020-07-31,2021-07-30,252
2021-08-02,Equity Equal Weight,Base,Equal Weight,Equity,False,GS,Financials,equity,0.02,0.02,,,False,1.0,2020-07-31,2021-07-30,252
2021-08-02,Equity Equal Weight,Base,Equal Weight,Equity,False,INTC,Tech,equity,0.02,0.02,,,False,1.0,2020-07-31,2021-07-30,252
2021-08-02,Equity Equal Weight,Base,Equal Weight,Equity,False,KO,Consumer,equity,0.02,0.02,,,False,1.0,2020-07-31,2021-07-30,252
2021-08-02,Equity Equal Weight,Base,Equal Weight,Equity,False,MMM,Industrials,equity,0.02,0.02,,,False,1.0,2020-07-31,2021-07-30,252
2021-08-02,Equity Equal Weight,Base,Equal Weight,Equity,False,MRK,Healthcare,equity,0.02,0.02,,,False,1.0,2020-07-31,2021-07-30,252
2021-08-02,Equity Equal Weight,Base,Equal Weight,Equity,False,MS,Financials,equity,0.02,0.02,,,False,1.0,2020-07-31,2021-07-30,252
2021-08-02,Equity Equal Weight,Base,Equal Weight,Equity,False,NEE,Utilities,equity,0.02,0.02,,,False,1.0,2020-07-31,2021-07-30,252
2021-08-02,Equity Equal Weight,Base,Equal Weight,Equity,False,NEM,Materials,equity,0.02,0.02,,,False,1.0,2020-07-31,2021-07-30,252
2021-08-02,Equity Equal Weight,Base,Equal Weight,Equity,False,NKE,Consumer,equity,0.02,0.02,,,False,1.0,2020-07-31,2021-07-30,252
2021-08-02,Equity Equal Weight,Base,Equal Weight,Equity,False,NUE,Materials,equity,0.02,0.02,,,False,1.0,2020-07-31,2021-07-30,252
2021-08-02,Equity Equal Weight,Base,Equal Weight,Equity,False,NVDA,Tech,equity,0.02,0.02,,,False,1.0,2020-07-31,2021-07-30,252
2021-08-02,Equity Equal Weight,Base,Equal Weight,Equity,False,O,RealEstate,equity,0.02,0.02,,,False,1.0,2020-07-31,2021-07-30,252
2021-08-02,Equity Equal Weight,Base,Equal Weight,Equity,False,OXY,Energy,equity,0.02,0.02,,,False,1.0,2020-07-31,2021-07-30,252
2021-08-02,Equity Equal Weight,Base,Equal Weight,Equity,False,PLD,RealEstate,equity,0.02,0.02,,,False,1.0,2020-07-31,2021-07-30,252
2021-08-02,Equity Equal Weight,Base,Equal Weight,Equity,False,PSA,RealEstate,equity,0.02,0.02,,,False,1.0,2020-07-31,2021-07-30,252
2021-08-02,Equity Equal Weight,Base,Equal Weight,Equity,False,QCOM,Tech,equity,0.02,0.02,,,False,1.0,2020-07-31,2021-07-30,252
2021-08-02,Equity Equal Weight,Base,Equal Weight,Equity,False,SBUX,Consumer,equity,0.02,0.02,,,False,1.0,2020-07-31,2021-07-30,252
2021-08-02,Equity Equal Weight,Base,Equal Weight,Equity,False,SHW,Materials,equity,0.02,0.02,,,False,1.0,2020-07-31,2021-07-30,252
2021-08-02,Equity Equal Weight,Base,Equal Weight,Equity,False,SLB,Energy,equity,0.02,0.02,,,False,1.0,2020-07-31,2021-07-30,252
2021-08-02,Equity Equal Weight,Base,Equal Weight,Equity,False,SO,Utilities,equity,0.02,0.02,,,False,1.0,2020-07-31,2021-07-30,252
2021-08-02,Equity Equal Weight,Base,Equal Weight,Equity,False,T,Comm,equity,0.02,0.02,,,False,1.0,2020-07-31,2021-07-30,252
2021-08-02,Equity Equal Weight,Base,Equal Weight,Equity,False,TMUS,Comm,equity,0.02,0.02,,,False,1.0,2020-07-31,2021-07-30,252
2021-08-02,Equity Equal Weight,Base,Equal Weight,Equity,False,TTWO,Comm,equity,0.02,0.02,,,False,1.0,2020-07-31,2021-07-30,252
2021-08-02,Equity Equal Weight,Base,Equal Weight,Equity,False,UPS,Industrials,equity,0.02,0.02,,,False,1.0,2020-07-31,2021-07-30,252
2021-08-02,Equity Equal Weight,Base,Equal Weight,Equity,False,USB,Financials,equity,0.02,0.02,,,False,1.0,2020-07-31,2021-07-30,252
2021-08-02,Equity Equal Weight,Base,Equal Weight,Equity,False,V,Financials,equity,0.02,0.02,,,False,1.0,2020-07-31,2021-07-30,252
2021-08-02,Equity Equal Weight,Base,Equal Weight,Equity,False,WFC,Financials,equity,0.02,0.02,,,False,1.0,2020-07-31,2021-07-30,252
2021-08-02,Equity Equal Weight,Base,Equal Weight,Equity,False,WMT,Consumer,equity,0.02,0.02,,,False,1.0,2020-07-31,2021-07-30,252
2021-08-02,Equity Equal Weight,Base,Equal Weight,Equity,False,XOM,Energy,equity,0.02,0.02,,,False,1.0,2020-07-31,2021-07-30,252
2021-08-02,Equity Equal Weight + Sector Sentiment,Sentiment fusion,Equal Weight + Sector Sentiment,Equity,True,ABBV,Healthcare,equity,0.019759785914368267,0.02,2021-07-30,0.08495333333333333,True,1.0424766666666667,2020-07-31,2021-07-30,252
2021-08-02,Equity Equal Weight + Sector Sentiment,Sentiment fusion,Equal Weight + Sector Sentiment,Equity,True,ABT,Healthcare,equity,0.019759785914368267,0.02,2021-07-30,0.08495333333333333,True,1.0424766666666667,2020-07-31,2021-07-30,252
2021-08-02,Equity Equal Weight + Sector Sentiment,Sentiment fusion,Equal Weight + Sector Sentiment,Equity,True,ADBE,Tech,equity,0.0223951622148058,0.02,2021-07-30,0.363025,True,1.1815125,2020-07-31,2021-07-30,252
2021-08-02,Equity Equal Weight + Sector Sentiment,Sentiment fusion,Equal Weight + Sector Sentiment,Equity,True,AEP,Utilities,equity,0.018954655337802863,0.02,2021-07-30,0.0,True,1.0,2020-07-31,2021-07-30,252
2021-08-02,Equity Equal Weight + Sector Sentiment,Sentiment fusion,Equal Weight + Sector Sentiment,Equity,True,AMD,Tech,equity,0.0223951622148058,0.02,2021-07-30,0.363025,True,1.1815125,2020-07-31,2021-07-30,252
2021-08-02,Equity Equal Weight + Sector Sentiment,Sentiment fusion,Equal Weight + Sector Sentiment,Equity,True,AMGN,Healthcare,equity,0.019759785914368267,0.02,2021-07-30,0.08495333333333333,True,1.0424766666666667,2020-07-31,2021-07-30,252
2021-08-02,Equity Equal Weight + Sector Sentiment,Sentiment fusion,Equal Weight + Sector Sentiment,Equity,True,AMT,RealEstate,equity,0.018954655337802863,0.02,2021-07-30,0.0,True,1.0,2020-07-31,2021-07-30,252
2021-08-02,Equity Equal Weight + Sector Sentiment,Sentiment fusion,Equal Weight + Sector Sentiment,Equity,True,BA,Industrials,equity,0.02008470029795044,0.02,2021-07-30,0.11923666666666667,True,1.0596183333333333,2020-07-31,2021-07-30,252
2021-08-02,Equity Equal Weight + Sector Sentiment,Sentiment fusion,Equal Weight + Sector Sentiment,Equity,True,CAT,Industrials,equity,0.02008470029795044,0.02,2021-07-30,0.11923666666666667,True,1.0596183333333333,2020-07-31,2021-07-30,252
2021-08-02,Equity Equal Weight + Sector Sentiment,Sentiment fusion,Equal Weight + Sector Sentiment,Equity,True,CCI,RealEstate,equity,0.018954655337802863,0.02,2021-07-30,0.0,True,1.0,2020-07-31,2021-07-30,252
2021-08-02,Equity Equal Weight + Sector Sentiment,Sentiment fusion,Equal Weight + Sector Sentiment,Equity,True,CMCSA,Comm,equity,0.019312108546381594,0.02,2021-07-30,0.03771666666666667,True,1.0188583333333334,2020-07-31,2021-07-30,252
2021-08-02,Equity Equal Weight + Sector Sentiment,Sentiment fusion,Equal Weight + Sector Sentiment,Equity,True,COP,Energy,equity,0.021025489127374692,0.02,2021-07-30,0.21850397727272727,True,1.1092519886363637,2020-07-31,2021-07-30,252
2021-08-02,Equity Equal Weight + Sector Sentiment,Sentiment fusion,Equal Weight + Sector Sentiment,Equity,True,CVX,Energy,equity,0.021025489127374692,0.02,2021-07-30,0.21850397727272727,True,1.1092519886363637,2020-07-31,2021-07-30,252
2021-08-02,Equity Equal Weight + Sector Sentiment,Sentiment fusion,Equal Weight + Sector Sentiment,Equity,True,D,Utilities,equity,0.018954655337802863,0.02,2021-07-30,0.0,True,1.0,2020-07-31,2021-07-30,252
2021-08-02,Equity Equal Weight + Sector Sentiment,Sentiment fusion,Equal Weight + Sector Sentiment,Equity,True,DD,Materials,equity,0.02175994432779768,0.02,2021-07-30,0.296,True,1.148,2020-07-31,2021-07-30,252
2021-08-02,Equity Equal Weight + Sector Sentiment,Sentiment fusion,Equal Weight + Sector Sentiment,Equity,True,DIS,Consumer,equity,0.01934758082994234,0.02,2021-07-30,0.04145952380952381,True,1.020729761904762,2020-07-31,2021-07-30,252
2021-08-02,Equity Equal Weight + Sector Sentiment,Sentiment fusion,Equal Weight + Sector Sentiment,Equity,True,DOW,Materials,equity,0.02175994432779768,0.02,2021-07-30,0.296,True,1.148,2020-07-31,2021-07-30,252
2021-08-02,Equity Equal Weight + Sector Sentiment,Sentiment fusion,Equal Weight + Sector Sentiment,Equity,True,DUK,Utilities,equity,0.018954655337802863,0.02,2021-07-30,0.0,True,1.0,2020-07-31,2021-07-30,252
2021-08-02,Equity Equal Weight + Sector Sentiment,Sentiment fusion,Equal Weight + Sector Sentiment,Equity,True,EA,Comm,equity,0.019312108546381594,0.02,2021-07-30,0.03771666666666667,True,1.0188583333333334,2020-07-31,2021-07-30,252
2021-08-02,Equity Equal Weight + Sector Sentiment,Sentiment fusion,Equal Weight + Sector Sentiment,Equity,True,GE,Industrials,equity,0.02008470029795044,0.02,2021-07-30,0.11923666666666667,True,1.0596183333333333,2020-07-31,2021-07-30,252
2021-08-02,Equity Equal Weight + Sector Sentiment,Sentiment fusion,Equal Weight + Sector Sentiment,Equity,True,GILD,Healthcare,equity,0.019759785914368267,0.02,2021-07-30,0.08495333333333333,True,1.0424766666666667,2020-07-31,2021-07-30,252
2021-08-02,Equity Equal Weight + Sector Sentiment,Sentiment fusion,Equal Weight + Sector Sentiment,Equity,True,GS,Financials,equity,0.01840591806577347,0.02,2021-07-30,-0.05790000000000001,True,0.97105,2020-07-31,2021-07-30,252
2021-08-02,Equity Equal Weight + Sector Sentiment,Sentiment fusion,Equal Weight + Sector Sentiment,Equity,True,INTC,Tech,equity,0.0223951622148058,0.02,2021-07-30,0.363025,True,1.1815125,2020-07-31,2021-07-30,252
2021-08-02,Equity Equal Weight + Sector Sentiment,Sentiment fusion,Equal Weight + Sector Sentiment,Equity,True,KO,Consumer,equity,0.01934758082994234,0.02,2021-07-30,0.04145952380952381,True,1.020729761904762,2020-07-31,2021-07-30,252
2021-08-02,Equity Equal Weight + Sector Sentiment,Sentiment fusion,Equal Weight + Sector Sentiment,Equity,True,MMM,Industrials,equity,0.02008470029795044,0.02,2021-07-30,0.11923666666666667,True,1.0596183333333333,2020-07-31,2021-07-30,252
2021-08-02,Equity Equal Weight + Sector Sentiment,Sentiment fusion,Equal Weight + Sector Sentiment,Equity,True,MRK,Healthcare,equity,0.019759785914368267,0.02,2021-07-30,0.08495333333333333,True,1.0424766666666667,2020-07-31,2021-07-30,252
2021-08-02,Equity Equal Weight + Sector Sentiment,Sentiment fusion,Equal Weight + Sector Sentiment,Equity,True,MS,Financials,equity,0.01840591806577347,0.02,2021-07-30,-0.05790000000000001,True,0.97105,2020-07-31,2021-07-30,252
2021-08-02,Equity Equal Weight + Sector Sentiment,Sentiment fusion,Equal Weight + Sector Sentiment,Equity,True,NEE,Utilities,equity,0.018954655337802863,0.02,2021-07-30,0.0,True,1.0,2020-07-31,2021-07-30,252
2021-08-02,Equity Equal Weight + Sector Sentiment,Sentiment fusion,Equal Weight + Sector Sentiment,Equity,True,NEM,Materials,equity,0.02175994432779768,0.02,2021-07-30,0.296,True,1.148,2020-07-31,2021-07-30,252
2021-08-02,Equity Equal Weight + Sector Sentiment,Sentiment fusion,Equal Weight + Sector Sentiment,Equity,True,NKE,Consumer,equity,0.01934758082994234,0.02,2021-07-30,0.04145952380952381,True,1.020729761904762,2020-07-31,2021-07-30,252
2021-08-02,Equity Equal Weight + Sector Sentiment,Sentiment fusion,Equal Weight + Sector Sentiment,Equity,True,NUE,Materials,equity,0.02175994432779768,0.02,2021-07-30,0.296,True,1.148,2020-07-31,2021-07-30,252
2021-08-02,Equity Equal Weight + Sector Sentiment,Sentiment fusion,Equal Weight + Sector Sentiment,Equity,True,NVDA,Tech,equity,0.0223951622148058,0.02,2021-07-30,0.363025,True,1.1815125,2020-07-31,2021-07-30,252
2021-08-02,Equity Equal Weight + Sector Sentiment,Sentiment fusion,Equal Weight + Sector Sentiment,Equity,True,O,RealEstate,equity,0.018954655337802863,0.02,2021-07-30,0.0,True,1.0,2020-07-31,2021-07-30,252
2021-08-02,Equity Equal Weight + Sector Sentiment,Sentiment fusion,Equal Weight + Sector Sentiment,Equity,True,OXY,Energy,equity,0.021025489127374692,0.02,2021-07-30,0.21850397727272727,True,1.1092519886363637,2020-07-31,2021-07-30,252
2021-08-02,Equity Equal Weight + Sector Sentiment,Sentiment fusion,Equal Weight + Sector Sentiment,Equity,True,PLD,RealEstate,equity,0.018954655337802863,0.02,2021-07-30,0.0,True,1.0,2020-07-31,2021-07-30,252
2021-08-02,Equity Equal Weight + Sector Sentiment,Sentiment fusion,Equal Weight + Sector Sentiment,Equity,True,PSA,RealEstate,equity,0.018954655337802863,0.02,2021-07-30,0.0,True,1.0,2020-07-31,2021-07-30,252
2021-08-02,Equity Equal Weight + Sector Sentiment,Sentiment fusion,Equal Weight + Sector Sentiment,Equity,True,QCOM,Tech,equity,0.0223951622148058,0.02,2021-07-30,0.363025,True,1.1815125,2020-07-31,2021-07-30,252
2021-08-02,Equity Equal Weight + Sector Sentiment,Sentiment fusion,Equal Weight + Sector Sentiment,Equity,True,SBUX,Consumer,equity,0.01934758082994234,0.02,2021-07-30,0.04145952380952381,True,1.020729761904762,2020-07-31,2021-07-30,252
2021-08-02,Equity Equal Weight + Sector Sentiment,Sentiment fusion,Equal Weight + Sector Sentiment,Equity,True,SHW,Materials,equity,0.02175994432779768,0.02,2021-07-30,0.296,True,1.148,2020-07-31,2021-07-30,252
2021-08-02,Equity Equal Weight + Sector Sentiment,Sentiment fusion,Equal Weight + Sector Sentiment,Equity,True,SLB,Energy,equity,0.021025489127374692,0.02,2021-07-30,0.21850397727272727,True,1.1092519886363637,2020-07-31,2021-07-30,252
2021-08-02,Equity Equal Weight + Sector Sentiment,Sentiment fusion,Equal Weight + Sector Sentiment,Equity,True,SO,Utilities,equity,0.018954655337802863,0.02,2021-07-30,0.0,True,1.0,2020-07-31,2021-07-30,252
2021-08-02,Equity Equal Weight + Sector Sentiment,Sentiment fusion,Equal Weight + Sector Sentiment,Equity,True,T,Comm,equity,0.019312108546381594,0.02,2021-07-30,0.03771666666666667,True,1.0188583333333334,2020-07-31,2021-07-30,252
2021-08-02,Equity Equal Weight + Sector Sentiment,Sentiment fusion,Equal Weight + Sector Sentiment,Equity,True,TMUS,Comm,equity,0.019312108546381594,0.02,2021-07-30,0.03771666666666667,True,1.0188583333333334,2020-07-31,2021-07-30,252
2021-08-02,Equity Equal Weight + Sector Sentiment,Sentiment fusion,Equal Weight + Sector Sentiment,Equity,True,TTWO,Comm,equity,0.019312108546381594,0.02,2021-07-30,0.03771666666666667,True,1.0188583333333334,2020-07-31,2021-07-30,252
2021-08-02,Equity Equal Weight + Sector Sentiment,Sentiment fusion,Equal Weight + Sector Sentiment,Equity,True,UPS,Industrials,equity,0.02008470029795044,0.02,2021-07-30,0.11923666666666667,True,1.0596183333333333,2020-07-31,2021-07-30,252
2021-08-02,Equity Equal Weight + Sector Sentiment,Sentiment fusion,Equal Weight + Sector Sentiment,Equity,True,USB,Financials,equity,0.01840591806577347,0.02,2021-07-30,-0.05790000000000001,True,0.97105,2020-07-31,2021-07-30,252
2021-08-02,Equity Equal Weight + Sector Sentiment,Sentiment fusion,Equal Weight + Sector Sentiment,Equity,True,V,Financials,equity,0.01840591806577347,0.02,2021-07-30,-0.05790000000000001,True,0.97105,2020-07-31,2021-07-30,252
2021-08-02,Equity Equal Weight + Sector Sentiment,Sentiment fusion,Equal Weight + Sector Sentiment,Equity,True,WFC,Financials,equity,0.01840591806577347,0.02,2021-07-30,-0.05790000000000001,True,0.97105,2020-07-31,2021-07-30,252
2021-08-02,Equity Equal Weight + Sector Sentiment,Sentiment fusion,Equal Weight + Sector Sentiment,Equity,True,WMT,Consumer,equity,0.01934758082994234,0.02,2021-07-30,0.04145952380952381,True,1.020729761904762,2020-07-31,2021-07-30,252
2021-08-02,Equity Equal Weight + Sector Sentiment,Sentiment fusion,Equal Weight + Sector Sentiment,Equity,True,XOM,Energy,equity,0.021025489127374692,0.02,2021-07-30,0.21850397727272727,True,1.1092519886363637,2020-07-31,2021-07-30,252
2021-09-01,Equity Equal Weight,Base,Equal Weight,Equity,False,ABBV,Healthcare,equity,0.02,0.02,,,False,1.0,2020-09-01,2021-08-31,252
2021-09-01,Equity Equal Weight,Base,Equal Weight,Equity,False,ABT,Healthcare,equity,0.02,0.02,,,False,1.0,2020-09-01,2021-08-31,252
2021-09-01,Equity Equal Weight,Base,Equal Weight,Equity,False,ADBE,Tech,equity,0.02,0.02,,,False,1.0,2020-09-01,2021-08-31,252
2021-09-01,Equity Equal Weight,Base,Equal Weight,Equity,False,AEP,Utilities,equity,0.02,0.02,,,False,1.0,2020-09-01,2021-08-31,252
2021-09-01,Equity Equal Weight,Base,Equal Weight,Equity,False,AMD,Tech,equity,0.02,0.02,,,False,1.0,2020-09-01,2021-08-31,252
2021-09-01,Equity Equal Weight,Base,Equal Weight,Equity,False,AMGN,Healthcare,equity,0.02,0.02,,,False,1.0,2020-09-01,2021-08-31,252
2021-09-01,Equity Equal Weight,Base,Equal Weight,Equity,False,AMT,RealEstate,equity,0.02,0.02,,,False,1.0,2020-09-01,2021-08-31,252
2021-09-01,Equity Equal Weight,Base,Equal Weight,Equity,False,BA,Industrials,equity,0.02,0.02,,,False,1.0,2020-09-01,2021-08-31,252
2021-09-01,Equity Equal Weight,Base,Equal Weight,Equity,False,CAT,Industrials,equity,0.02,0.02,,,False,1.0,2020-09-01,2021-08-31,252
2021-09-01,Equity Equal Weight,Base,Equal Weight,Equity,False,CCI,RealEstate,equity,0.02,0.02,,,False,1.0,2020-09-01,2021-08-31,252
2021-09-01,Equity Equal Weight,Base,Equal Weight,Equity,False,CMCSA,Comm,equity,0.02,0.02,,,False,1.0,2020-09-01,2021-08-31,252
2021-09-01,Equity Equal Weight,Base,Equal Weight,Equity,False,COP,Energy,equity,0.02,0.02,,,False,1.0,2020-09-01,2021-08-31,252
2021-09-01,Equity Equal Weight,Base,Equal Weight,Equity,False,CVX,Energy,equity,0.02,0.02,,,False,1.0,2020-09-01,2021-08-31,252
2021-09-01,Equity Equal Weight,Base,Equal Weight,Equity,False,D,Utilities,equity,0.02,0.02,,,False,1.0,2020-09-01,2021-08-31,252
2021-09-01,Equity Equal Weight,Base,Equal Weight,Equity,False,DD,Materials,equity,0.02,0.02,,,False,1.0,2020-09-01,2021-08-31,252
2021-09-01,Equity Equal Weight,Base,Equal Weight,Equity,False,DIS,Consumer,equity,0.02,0.02,,,False,1.0,2020-09-01,2021-08-31,252
2021-09-01,Equity Equal Weight,Base,Equal Weight,Equity,False,DOW,Materials,equity,0.02,0.02,,,False,1.0,2020-09-01,2021-08-31,252
2021-09-01,Equity Equal Weight,Base,Equal Weight,Equity,False,DUK,Utilities,equity,0.02,0.02,,,False,1.0,2020-09-01,2021-08-31,252
2021-09-01,Equity Equal Weight,Base,Equal Weight,Equity,False,EA,Comm,equity,0.02,0.02,,,False,1.0,2020-09-01,2021-08-31,252
2021-09-01,Equity Equal Weight,Base,Equal Weight,Equity,False,GE,Industrials,equity,0.02,0.02,,,False,1.0,2020-09-01,2021-08-31,252
2021-09-01,Equity Equal Weight,Base,Equal Weight,Equity,False,GILD,Healthcare,equity,0.02,0.02,,,False,1.0,2020-09-01,2021-08-31,252
2021-09-01,Equity Equal Weight,Base,Equal Weight,Equity,False,GS,Financials,equity,0.02,0.02,,,False,1.0,2020-09-01,2021-08-31,252
2021-09-01,Equity Equal Weight,Base,Equal Weight,Equity,False,INTC,Tech,equity,0.02,0.02,,,False,1.0,2020-09-01,2021-08-31,252
2021-09-01,Equity Equal Weight,Base,Equal Weight,Equity,False,KO,Consumer,equity,0.02,0.02,,,False,1.0,2020-09-01,2021-08-31,252
2021-09-01,Equity Equal Weight,Base,Equal Weight,Equity,False,MMM,Industrials,equity,0.02,0.02,,,False,1.0,2020-09-01,2021-08-31,252
2021-09-01,Equity Equal Weight,Base,Equal Weight,Equity,False,MRK,Healthcare,equity,0.02,0.02,,,False,1.0,2020-09-01,2021-08-31,252
2021-09-01,Equity Equal Weight,Base,Equal Weight,Equity,False,MS,Financials,equity,0.02,0.02,,,False,1.0,2020-09-01,2021-08-31,252
2021-09-01,Equity Equal Weight,Base,Equal Weight,Equity,False,NEE,Utilities,equity,0.02,0.02,,,False,1.0,2020-09-01,2021-08-31,252
2021-09-01,Equity Equal Weight,Base,Equal Weight,Equity,False,NEM,Materials,equity,0.02,0.02,,,False,1.0,2020-09-01,2021-08-31,252
2021-09-01,Equity Equal Weight,Base,Equal Weight,Equity,False,NKE,Consumer,equity,0.02,0.02,,,False,1.0,2020-09-01,2021-08-31,252
2021-09-01,Equity Equal Weight,Base,Equal Weight,Equity,False,NUE,Materials,equity,0.02,0.02,,,False,1.0,2020-09-01,2021-08-31,252
2021-09-01,Equity Equal Weight,Base,Equal Weight,Equity,False,NVDA,Tech,equity,0.02,0.02,,,False,1.0,2020-09-01,2021-08-31,252
2021-09-01,Equity Equal Weight,Base,Equal Weight,Equity,False,O,RealEstate,equity,0.02,0.02,,,False,1.0,2020-09-01,2021-08-31,252
2021-09-01,Equity Equal Weight,Base,Equal Weight,Equity,False,OXY,Energy,equity,0.02,0.02,,,False,1.0,2020-09-01,2021-08-31,252
2021-09-01,Equity Equal Weight,Base,Equal Weight,Equity,False,PLD,RealEstate,equity,0.02,0.02,,,False,1.0,2020-09-01,2021-08-31,252
2021-09-01,Equity Equal Weight,Base,Equal Weight,Equity,False,PSA,RealEstate,equity,0.02,0.02,,,False,1.0,2020-09-01,2021-08-31,252
2021-09-01,Equity Equal Weight,Base,Equal Weight,Equity,False,QCOM,Tech,equity,0.02,0.02,,,False,1.0,2020-09-01,2021-08-31,252
2021-09-01,Equity Equal Weight,Base,Equal Weight,Equity,False,SBUX,Consumer,equity,0.02,0.02,,,False,1.0,2020-09-01,2021-08-31,252
2021-09-01,Equity Equal Weight,Base,Equal Weight,Equity,False,SHW,Materials,equity,0.02,0.02,,,False,1.0,2020-09-01,2021-08-31,252
2021-09-01,Equity Equal Weight,Base,Equal Weight,Equity,False,SLB,Energy,equity,0.02,0.02,,,False,1.0,2020-09-01,2021-08-31,252
2021-09-01,Equity Equal Weight,Base,Equal Weight,Equity,False,SO,Utilities,equity,0.02,0.02,,,False,1.0,2020-09-01,2021-08-31,252
2021-09-01,Equity Equal Weight,Base,Equal Weight,Equity,False,T,Comm,equity,0.02,0.02,,,False,1.0,2020-09-01,2021-08-31,252
2021-09-01,Equity Equal Weight,Base,Equal Weight,Equity,False,TMUS,Comm,equity,0.02,0.02,,,False,1.0,2020-09-01,2021-08-31,252
2021-09-01,Equity Equal Weight,Base,Equal Weight,Equity,False,TTWO,Comm,equity,0.02,0.02,,,False,1.0,2020-09-01,2021-08-31,252
2021-09-01,Equity Equal Weight,Base,Equal Weight,Equity,False,UPS,Industrials,equity,0.02,0.02,,,False,1.0,2020-09-01,2021-08-31,252
2021-09-01,Equity Equal Weight,Base,Equal Weight,Equity,False,USB,Financials,equity,0.02,0.02,,,False,1.0,2020-09-01,2021-08-31,252
2021-09-01,Equity Equal Weight,Base,Equal Weight,Equity,False,V,Financials,equity,0.02,0.02,,,False,1.0,2020-09-01,2021-08-31,252
2021-09-01,Equity Equal Weight,Base,Equal Weight,Equity,False,WFC,Financials,equity,0.02,0.02,,,False,1.0,2020-09-01,2021-08-31,252
2021-09-01,Equity Equal Weight,Base,Equal Weight,Equity,False,WMT,Consumer,equity,0.02,0.02,,,False,1.0,2020-09-01,2021-08-31,252
2021-09-01,Equity Equal Weight,Base,Equal Weight,Equity,False,XOM,Energy,equity,0.02,0.02,,,False,1.0,2020-09-01,2021-08-31,252
2021-09-01,Equity Equal Weight + Sector Sentiment,Sentiment fusion,Equal Weight + Sector Sentiment,Equity,True,ABBV,Healthcare,equity,0.019219084782085907,0.02,2021-08-31,-0.01909,True,0.990455,2020-09-01,2021-08-31,252
2021-09-01,Equity Equal Weight + Sector Sentiment,Sentiment fusion,Equal Weight + Sector Sentiment,Equity,True,ABT,Healthcare,equity,0.019219084782085907,0.02,2021-08-31,-0.01909,True,0.990455,2020-09-01,2021-08-31,252
2021-09-01,Equity Equal Weight + Sector Sentiment,Sentiment fusion,Equal Weight + Sector Sentiment,Equity,True,ADBE,Tech,equity,0.019152932293378267,0.02,2021-08-31,-0.02590833333333334,True,0.9870458333333333,2020-09-01,2021-08-31,252
2021-09-01,Equity Equal Weight + Sector Sentiment,Sentiment fusion,Equal Weight + Sector Sentiment,Equity,True,AEP,Utilities,equity,0.018078985205253587,0.02,2021-08-31,-0.1366,True,0.9317,2020-09-01,2021-08-31,252
2021-09-01,Equity Equal Weight + Sector Sentiment,Sentiment fusion,Equal Weight + Sector Sentiment,Equity,True,AMD,Tech,equity,0.019152932293378267,0.02,2021-08-31,-0.02590833333333334,True,0.9870458333333333,2020-09-01,2021-08-31,252
2021-09-01,Equity Equal Weight + Sector Sentiment,Sentiment fusion,Equal Weight + Sector Sentiment,Equity,True,AMGN,Healthcare,equity,0.019219084782085907,0.02,2021-08-31,-0.01909,True,0.990455,2020-09-01,2021-08-31,252
2021-09-01,Equity Equal Weight + Sector Sentiment,Sentiment fusion,Equal Weight + Sector Sentiment,Equity,True,AMT,RealEstate,equity,0.019404298814268098,0.02,2021-08-31,0.0,True,1.0,2020-09-01,2021-08-31,252
2021-09-01,Equity Equal Weight + Sector Sentiment,Sentiment fusion,Equal Weight + Sector Sentiment,Equity,True,BA,Industrials,equity,0.022478667407653703,0.02,2021-08-31,0.316875,True,1.1584375,2020-09-01,2021-08-31,252
2021-09-01,Equity Equal Weight + Sector Sentiment,Sentiment fusion,Equal Weight + Sector Sentiment,Equity,True,CAT,Industrials,equity,0.022478667407653703,0.02,2021-08-31,0.316875,True,1.1584375,2020-09-01,2021-08-31,252
2021-09-01,Equity Equal Weight + Sector Sentiment,Sentiment fusion,Equal Weight + Sector Sentiment,Equity,True,CCI,RealEstate,equity,0.019404298814268098,0.02,2021-08-31,0.0,True,1.0,2020-09-01,2021-08-31,252
2021-09-01,Equity Equal Weight + Sector Sentiment,Sentiment fusion,Equal Weight + Sector Sentiment,Equity,True,CMCSA,Comm,equity,0.020193245263558212,0.02,2021-08-31,0.08131666666666666,True,1.0406583333333332,2020-09-01,2021-08-31,252
2021-09-01,Equity Equal Weight + Sector Sentiment,Sentiment fusion,Equal Weight + Sector Sentiment,Equity,True,COP,Energy,equity,0.02018190021685147,0.02,2021-08-31,0.08014733333333332,True,1.0400736666666666,2020-09-01,2021-08-31,252
2021-09-01,Equity Equal Weight + Sector Sentiment,Sentiment fusion,Equal Weight + Sector Sentiment,Equity,True,CVX,Energy,equity,0.02018190021685147,0.02,2021-08-31,0.08014733333333332,True,1.0400736666666666,2020-09-01,2021-08-31,252
2021-09-01,Equity Equal Weight + Sector Sentiment,Sentiment fusion,Equal Weight + Sector Sentiment,Equity,True,D,Utilities,equity,0.018078985205253587,0.02,2021-08-31,-0.1366,True,0.9317,2020-09-01,2021-08-31,252
2021-09-01,Equity Equal Weight + Sector Sentiment,Sentiment fusion,Equal Weight + Sector Sentiment,Equity,True,DD,Materials,equity,0.019954087280672363,0.02,2021-08-31,0.05666666666666667,True,1.0283333333333333,2020-09-01,2021-08-31,252
2021-09-01,Equity Equal Weight + Sector Sentiment,Sentiment fusion,Equal Weight + Sector Sentiment,Equity,True,DIS,Consumer,equity,0.019998463064032135,0.02,2021-08-31,0.06124047619047619,True,1.030620238095238,2020-09-01,2021-08-31,252
2021-09-01,Equity Equal Weight + Sector Sentiment,Sentiment fusion,Equal Weight + Sector Sentiment,Equity,True,DOW,Materials,equity,0.019954087280672363,0.02,2021-08-31,0.05666666666666667,True,1.0283333333333333,2020-09-01,2021-08-31,252
2021-09-01,Equity Equal Weight + Sector Sentiment,Sentiment fusion,Equal Weight + Sector Sentiment,Equity,True,DUK,Utilities,equity,0.018078985205253587,0.02,2021-08-31,-0.1366,True,0.9317,2020-09-01,2021-08-31,252
2021-09-01,Equity Equal Weight + Sector Sentiment,Sentiment fusion,Equal Weight + Sector Sentiment,Equity,True,EA,Comm,equity,0.020193245263558212,0.02,2021-08-31,0.08131666666666666,True,1.0406583333333332,2020-09-01,2021-08-31,252
2021-09-01,Equity Equal Weight + Sector Sentiment,Sentiment fusion,Equal Weight + Sector Sentiment,Equity,True,GE,Industrials,equity,0.022478667407653703,0.02,2021-08-31,0.316875,True,1.1584375,2020-09-01,2021-08-31,252
2021-09-01,Equity Equal Weight + Sector Sentiment,Sentiment fusion,Equal Weight + Sector Sentiment,Equity,True,GILD,Healthcare,equity,0.019219084782085907,0.02,2021-08-31,-0.01909,True,0.990455,2020-09-01,2021-08-31,252
2021-09-01,Equity Equal Weight + Sector Sentiment,Sentiment fusion,Equal Weight + Sector Sentiment,Equity,True,GS,Financials,equity,0.02133833567224628,0.02,2021-08-31,0.19934107142857144,True,1.0996705357142857,2020-09-01,2021-08-31,252
2021-09-01,Equity Equal Weight + Sector Sentiment,Sentiment fusion,Equal Weight + Sector Sentiment,Equity,True,INTC,Tech,equity,0.019152932293378267,0.02,2021-08-31,-0.02590833333333334,True,0.9870458333333333,2020-09-01,2021-08-31,252
2021-09-01,Equity Equal Weight + Sector Sentiment,Sentiment fusion,Equal Weight + Sector Sentiment,Equity,True,KO,Consumer,equity,0.019998463064032135,0.02,2021-08-31,0.06124047619047619,True,1.030620238095238,2020-09-01,2021-08-31,252
2021-09-01,Equity Equal Weight + Sector Sentiment,Sentiment fusion,Equal Weight + Sector Sentiment,Equity,True,MMM,Industrials,equity,0.022478667407653703,0.02,2021-08-31,0.316875,True,1.1584375,2020-09-01,2021-08-31,252
2021-09-01,Equity Equal Weight + Sector Sentiment,Sentiment fusion,Equal Weight + Sector Sentiment,Equity,True,MRK,Healthcare,equity,0.019219084782085907,0.02,2021-08-31,-0.01909,True,0.990455,2020-09-01,2021-08-31,252
2021-09-01,Equity Equal Weight + Sector Sentiment,Sentiment fusion,Equal Weight + Sector Sentiment,Equity,True,MS,Financials,equity,0.02133833567224628,0.02,2021-08-31,0.19934107142857144,True,1.0996705357142857,2020-09-01,2021-08-31,252
2021-09-01,Equity Equal Weight + Sector Sentiment,Sentiment fusion,Equal Weight + Sector Sentiment,Equity,True,NEE,Utilities,equity,0.018078985205253587,0.02,2021-08-31,-0.1366,True,0.9317,2020-09-01,2021-08-31,252
2021-09-01,Equity Equal Weight + Sector Sentiment,Sentiment fusion,Equal Weight + Sector Sentiment,Equity,True,NEM,Materials,equity,0.019954087280672363,0.02,2021-08-31,0.05666666666666667,True,1.0283333333333333,2020-09-01,2021-08-31,252
2021-09-01,Equity Equal Weight + Sector Sentiment,Sentiment fusion,Equal Weight + Sector Sentiment,Equity,True,NKE,Consumer,equity,0.019998463064032135,0.02,2021-08-31,0.06124047619047619,True,1.030620238095238,2020-09-01,2021-08-31,252
2021-09-01,Equity Equal Weight + Sector Sentiment,Sentiment fusion,Equal Weight + Sector Sentiment,Equity,True,NUE,Materials,equity,0.019954087280672363,0.02,2021-08-31,0.05666666666666667,True,1.0283333333333333,2020-09-01,2021-08-31,252
2021-09-01,Equity Equal Weight + Sector Sentiment,Sentiment fusion,Equal Weight + Sector Sentiment,Equity,True,NVDA,Tech,equity,0.019152932293378267,0.02,2021-08-31,-0.02590833333333334,True,0.9870458333333333,2020-09-01,2021-08-31,252
2021-09-01,Equity Equal Weight + Sector Sentiment,Sentiment fusion,Equal Weight + Sector Sentiment,Equity,True,O,RealEstate,equity,0.019404298814268098,0.02,2021-08-31,0.0,True,1.0,2020-09-01,2021-08-31,252
2021-09-01,Equity Equal Weight + Sector Sentiment,Sentiment fusion,Equal Weight + Sector Sentiment,Equity,True,OXY,Energy,equity,0.02018190021685147,0.02,2021-08-31,0.08014733333333332,True,1.0400736666666666,2020-09-01,2021-08-31,252
2021-09-01,Equity Equal Weight + Sector Sentiment,Sentiment fusion,Equal Weight + Sector Sentiment,Equity,True,PLD,RealEstate,equity,0.019404298814268098,0.02,2021-08-31,0.0,True,1.0,2020-09-01,2021-08-31,252
2021-09-01,Equity Equal Weight + Sector Sentiment,Sentiment fusion,Equal Weight + Sector Sentiment,Equity,True,PSA,RealEstate,equity,0.019404298814268098,0.02,2021-08-31,0.0,True,1.0,2020-09-01,2021-08-31,252
2021-09-01,Equity Equal Weight + Sector Sentiment,Sentiment fusion,Equal Weight + Sector Sentiment,Equity,True,QCOM,Tech,equity,0.019152932293378267,0.02,2021-08-31,-0.02590833333333334,True,0.9870458333333333,2020-09-01,2021-08-31,252
2021-09-01,Equity Equal Weight + Sector Sentiment,Sentiment fusion,Equal Weight + Sector Sentiment,Equity,True,SBUX,Consumer,equity,0.019998463064032135,0.02,2021-08-31,0.06124047619047619,True,1.030620238095238,2020-09-01,2021-08-31,252
2021-09-01,Equity Equal Weight + Sector Sentiment,Sentiment fusion,Equal Weight + Sector Sentiment,Equity,True,SHW,Materials,equity,0.019954087280672363,0.02,2021-08-31,0.05666666666666667,True,1.0283333333333333,2020-09-01,2021-08-31,252
2021-09-01,Equity Equal Weight + Sector Sentiment,Sentiment fusion,Equal Weight + Sector Sentiment,Equity,True,SLB,Energy,equity,0.02018190021685147,0.02,2021-08-31,0.08014733333333332,True,1.0400736666666666,2020-09-01,2021-08-31,252
2021-09-01,Equity Equal Weight + Sector Sentiment,Sentiment fusion,Equal Weight + Sector Sentiment,Equity,True,SO,Utilities,equity,0.018078985205253587,0.02,2021-08-31,-0.1366,True,0.9317,2020-09-01,2021-08-31,252
2021-09-01,Equity Equal Weight + Sector Sentiment,Sentiment fusion,Equal Weight + Sector Sentiment,Equity,True,T,Comm,equity,0.020193245263558212,0.02,2021-08-31,0.08131666666666666,True,1.0406583333333332,2020-09-01,2021-08-31,252
2021-09-01,Equity Equal Weight + Sector Sentiment,Sentiment fusion,Equal Weight + Sector Sentiment,Equity,True,TMUS,Comm,equity,0.020193245263558212,0.02,2021-08-31,0.08131666666666666,True,1.0406583333333332,2020-09-01,2021-08-31,252
2021-09-01,Equity Equal Weight + Sector Sentiment,Sentiment fusion,Equal Weight + Sector Sentiment,Equity,True,TTWO,Comm,equity,0.020193245263558212,0.02,2021-08-31,0.08131666666666666,True,1.0406583333333332,2020-09-01,2021-08-31,252
2021-09-01,Equity Equal Weight + Sector Sentiment,Sentiment fusion,Equal Weight + Sector Sentiment,Equity,True,UPS,Industrials,equity,0.022478667407653703,0.02,2021-08-31,0.316875,True,1.1584375,2020-09-01,2021-08-31,252
2021-09-01,Equity Equal Weight + Sector Sentiment,Sentiment fusion,Equal Weight + Sector Sentiment,Equity,True,USB,Financials,equity,0.02133833567224628,0.02,2021-08-31,0.19934107142857144,True,1.0996705357142857,2020-09-01,2021-08-31,252
2021-09-01,Equity Equal Weight + Sector Sentiment,Sentiment fusion,Equal Weight + Sector Sentiment,Equity,True,V,Financials,equity,0.02133833567224628,0.02,2021-08-31,0.19934107142857144,True,1.0996705357142857,2020-09-01,2021-08-31,252
2021-09-01,Equity Equal Weight + Sector Sentiment,Sentiment fusion,Equal Weight + Sector Sentiment,Equity,True,WFC,Financials,equity,0.02133833567224628,0.02,2021-08-31,0.19934107142857144,True,1.0996705357142857,2020-09-01,2021-08-31,252
2021-09-01,Equity Equal Weight + Sector Sentiment,Sentiment fusion,Equal Weight + Sector Sentiment,Equity,True,WMT,Consumer,equity,0.019998463064032135,0.02,2021-08-31,0.06124047619047619,True,1.030620238095238,2020-09-01,2021-08-31,252
2021-09-01,Equity Equal Weight + Sector Sentiment,Sentiment fusion,Equal Weight + Sector Sentiment,Equity,True,XOM,Energy,equity,0.02018190021685147,0.02,2021-08-31,0.08014733333333332,True,1.0400736666666666,2020-09-01,2021-08-31,252
2021-10-01,Equity Equal Weight,Base,Equal Weight,Equity,False,ABBV,Healthcare,equity,0.02,0.02,,,False,1.0,2020-10-01,2021-09-30,252
2021-10-01,Equity Equal Weight,Base,Equal Weight,Equity,False,ABT,Healthcare,equity,0.02,0.02,,,False,1.0,2020-10-01,2021-09-30,252
2021-10-01,Equity Equal Weight,Base,Equal Weight,Equity,False,ADBE,Tech,equity,0.02,0.02,,,False,1.0,2020-10-01,2021-09-30,252
2021-10-01,Equity Equal Weight,Base,Equal Weight,Equity,False,AEP,Utilities,equity,0.02,0.02,,,False,1.0,2020-10-01,2021-09-30,252
2021-10-01,Equity Equal Weight,Base,Equal Weight,Equity,False,AMD,Tech,equity,0.02,0.02,,,False,1.0,2020-10-01,2021-09-30,252
2021-10-01,Equity Equal Weight,Base,Equal Weight,Equity,False,AMGN,Healthcare,equity,0.02,0.02,,,False,1.0,2020-10-01,2021-09-30,252
2021-10-01,Equity Equal Weight,Base,Equal Weight,Equity,False,AMT,RealEstate,equity,0.02,0.02,,,False,1.0,2020-10-01,2021-09-30,252
2021-10-01,Equity Equal Weight,Base,Equal Weight,Equity,False,BA,Industrials,equity,0.02,0.02,,,False,1.0,2020-10-01,2021-09-30,252
2021-10-01,Equity Equal Weight,Base,Equal Weight,Equity,False,CAT,Industrials,equity,0.02,0.02,,,False,1.0,2020-10-01,2021-09-30,252
2021-10-01,Equity Equal Weight,Base,Equal Weight,Equity,False,CCI,RealEstate,equity,0.02,0.02,,,False,1.0,2020-10-01,2021-09-30,252
2021-10-01,Equity Equal Weight,Base,Equal Weight,Equity,False,CMCSA,Comm,equity,0.02,0.02,,,False,1.0,2020-10-01,2021-09-30,252
2021-10-01,Equity Equal Weight,Base,Equal Weight,Equity,False,COP,Energy,equity,0.02,0.02,,,False,1.0,2020-10-01,2021-09-30,252
2021-10-01,Equity Equal Weight,Base,Equal Weight,Equity,False,CVX,Energy,equity,0.02,0.02,,,False,1.0,2020-10-01,2021-09-30,252
2021-10-01,Equity Equal Weight,Base,Equal Weight,Equity,False,D,Utilities,equity,0.02,0.02,,,False,1.0,2020-10-01,2021-09-30,252
2021-10-01,Equity Equal Weight,Base,Equal Weight,Equity,False,DD,Materials,equity,0.02,0.02,,,False,1.0,2020-10-01,2021-09-30,252
2021-10-01,Equity Equal Weight,Base,Equal Weight,Equity,False,DIS,Consumer,equity,0.02,0.02,,,False,1.0,2020-10-01,2021-09-30,252
2021-10-01,Equity Equal Weight,Base,Equal Weight,Equity,False,DOW,Materials,equity,0.02,0.02,,,False,1.0,2020-10-01,2021-09-30,252
2021-10-01,Equity Equal Weight,Base,Equal Weight,Equity,False,DUK,Utilities,equity,0.02,0.02,,,False,1.0,2020-10-01,2021-09-30,252
2021-10-01,Equity Equal Weight,Base,Equal Weight,Equity,False,EA,Comm,equity,0.02,0.02,,,False,1.0,2020-10-01,2021-09-30,252
2021-10-01,Equity Equal Weight,Base,Equal Weight,Equity,False,GE,Industrials,equity,0.02,0.02,,,False,1.0,2020-10-01,2021-09-30,252
2021-10-01,Equity Equal Weight,Base,Equal Weight,Equity,False,GILD,Healthcare,equity,0.02,0.02,,,False,1.0,2020-10-01,2021-09-30,252
2021-10-01,Equity Equal Weight,Base,Equal Weight,Equity,False,GS,Financials,equity,0.02,0.02,,,False,1.0,2020-10-01,2021-09-30,252
2021-10-01,Equity Equal Weight,Base,Equal Weight,Equity,False,INTC,Tech,equity,0.02,0.02,,,False,1.0,2020-10-01,2021-09-30,252
2021-10-01,Equity Equal Weight,Base,Equal Weight,Equity,False,KO,Consumer,equity,0.02,0.02,,,False,1.0,2020-10-01,2021-09-30,252
2021-10-01,Equity Equal Weight,Base,Equal Weight,Equity,False,MMM,Industrials,equity,0.02,0.02,,,False,1.0,2020-10-01,2021-09-30,252
2021-10-01,Equity Equal Weight,Base,Equal Weight,Equity,False,MRK,Healthcare,equity,0.02,0.02,,,False,1.0,2020-10-01,2021-09-30,252
2021-10-01,Equity Equal Weight,Base,Equal Weight,Equity,False,MS,Financials,equity,0.02,0.02,,,False,1.0,2020-10-01,2021-09-30,252
2021-10-01,Equity Equal Weight,Base,Equal Weight,Equity,False,NEE,Utilities,equity,0.02,0.02,,,False,1.0,2020-10-01,2021-09-30,252
2021-10-01,Equity Equal Weight,Base,Equal Weight,Equity,False,NEM,Materials,equity,0.02,0.02,,,False,1.0,2020-10-01,2021-09-30,252
2021-10-01,Equity Equal Weight,Base,Equal Weight,Equity,False,NKE,Consumer,equity,0.02,0.02,,,False,1.0,2020-10-01,2021-09-30,252
2021-10-01,Equity Equal Weight,Base,Equal Weight,Equity,False,NUE,Materials,equity,0.02,0.02,,,False,1.0,2020-10-01,2021-09-30,252
2021-10-01,Equity Equal Weight,Base,Equal Weight,Equity,False,NVDA,Tech,equity,0.02,0.02,,,False,1.0,2020-10-01,2021-09-30,252
2021-10-01,Equity Equal Weight,Base,Equal Weight,Equity,False,O,RealEstate,equity,0.02,0.02,,,False,1.0,2020-10-01,2021-09-30,252
2021-10-01,Equity Equal Weight,Base,Equal Weight,Equity,False,OXY,Energy,equity,0.02,0.02,,,False,1.0,2020-10-01,2021-09-30,252
2021-10-01,Equity Equal Weight,Base,Equal Weight,Equity,False,PLD,RealEstate,equity,0.02,0.02,,,False,1.0,2020-10-01,2021-09-30,252
2021-10-01,Equity Equal Weight,Base,Equal Weight,Equity,False,PSA,RealEstate,equity,0.02,0.02,,,False,1.0,2020-10-01,2021-09-30,252
2021-10-01,Equity Equal Weight,Base,Equal Weight,Equity,False,QCOM,Tech,equity,0.02,0.02,,,False,1.0,2020-10-01,2021-09-30,252
2021-10-01,Equity Equal Weight,Base,Equal Weight,Equity,False,SBUX,Consumer,equity,0.02,0.02,,,False,1.0,2020-10-01,2021-09-30,252
2021-10-01,Equity Equal Weight,Base,Equal Weight,Equity,False,SHW,Materials,equity,0.02,0.02,,,False,1.0,2020-10-01,2021-09-30,252
2021-10-01,Equity Equal Weight,Base,Equal Weight,Equity,False,SLB,Energy,equity,0.02,0.02,,,False,1.0,2020-10-01,2021-09-30,252
2021-10-01,Equity Equal Weight,Base,Equal Weight,Equity,False,SO,Utilities,equity,0.02,0.02,,,False,1.0,2020-10-01,2021-09-30,252
2021-10-01,Equity Equal Weight,Base,Equal Weight,Equity,False,T,Comm,equity,0.02,0.02,,,False,1.0,2020-10-01,2021-09-30,252
2021-10-01,Equity Equal Weight,Base,Equal Weight,Equity,False,TMUS,Comm,equity,0.02,0.02,,,False,1.0,2020-10-01,2021-09-30,252
2021-10-01,Equity Equal Weight,Base,Equal Weight,Equity,False,TTWO,Comm,equity,0.02,0.02,,,False,1.0,2020-10-01,2021-09-30,252
2021-10-01,Equity Equal Weight,Base,Equal Weight,Equity,False,UPS,Industrials,equity,0.02,0.02,,,False,1.0,2020-10-01,2021-09-30,252
2021-10-01,Equity Equal Weight,Base,Equal Weight,Equity,False,USB,Financials,equity,0.02,0.02,,,False,1.0,2020-10-01,2021-09-30,252
2021-10-01,Equity Equal Weight,Base,Equal Weight,Equity,False,V,Financials,equity,0.02,0.02,,,False,1.0,2020-10-01,2021-09-30,252
2021-10-01,Equity Equal Weight,Base,Equal Weight,Equity,False,WFC,Financials,equity,0.02,0.02,,,False,1.0,2020-10-01,2021-09-30,252
2021-10-01,Equity Equal Weight,Base,Equal Weight,Equity,False,WMT,Consumer,equity,0.02,0.02,,,False,1.0,2020-10-01,2021-09-30,252
2021-10-01,Equity Equal Weight,Base,Equal Weight,Equity,False,XOM,Energy,equity,0.02,0.02,,,False,1.0,2020-10-01,2021-09-30,252
2021-10-01,Equity Equal Weight + Sector Sentiment,Sentiment fusion,Equal Weight + Sector Sentiment,Equity,True,ABBV,Healthcare,equity,0.019008923568037718,0.02,2021-09-30,0.0044874999999999984,True,1.00224375,2020-10-01,2021-09-30,252
2021-10-01,Equity Equal Weight + Sector Sentiment,Sentiment fusion,Equal Weight + Sector Sentiment,Equity,True,ABT,Healthcare,equity,0.019008923568037718,0.02,2021-09-30,0.0044874999999999984,True,1.00224375,2020-10-01,2021-09-30,252
2021-10-01,Equity Equal Weight + Sector Sentiment,Sentiment fusion,Equal Weight + Sector Sentiment,Equity,True,ADBE,Tech,equity,0.02057444707789241,0.02,2021-09-30,0.16957166666666665,True,1.0847858333333333,2020-10-01,2021-09-30,252
2021-10-01,Equity Equal Weight + Sector Sentiment,Sentiment fusion,Equal Weight + Sector Sentiment,Equity,True,AEP,Utilities,equity,0.01770489358551883,0.02,2021-09-30,-0.13302222222222224,True,0.9334888888888889,2020-10-01,2021-09-30,252
2021-10-01,Equity Equal Weight + Sector Sentiment,Sentiment fusion,Equal Weight + Sector Sentiment,Equity,True,AMD,Tech,equity,0.02057444707789241,0.02,2021-09-30,0.16957166666666665,True,1.0847858333333333,2020-10-01,2021-09-30,252
2021-10-01,Equity Equal Weight + Sector Sentiment,Sentiment fusion,Equal Weight + Sector Sentiment,Equity,True,AMGN,Healthcare,equity,0.019008923568037718,0.02,2021-09-30,0.0044874999999999984,True,1.00224375,2020-10-01,2021-09-30,252
2021-10-01,Equity Equal Weight + Sector Sentiment,Sentiment fusion,Equal Weight + Sector Sentiment,Equity,True,AMT,RealEstate,equity,0.021831237633549536,0.02,2021-09-30,0.3021,True,1.15105,2020-10-01,2021-09-30,252
2021-10-01,Equity Equal Weight + Sector Sentiment,Sentiment fusion,Equal Weight + Sector Sentiment,Equity,True,BA,Industrials,equity,0.020617943281335302,0.02,2021-09-30,0.17415833333333333,True,1.0870791666666666,2020-10-01,2021-09-30,252
2021-10-01,Equity Equal Weight + Sector Sentiment,Sentiment fusion,Equal Weight + Sector Sentiment,Equity,True,CAT,Industrials,equity,0.020617943281335302,0.02,2021-09-30,0.17415833333333333,True,1.0870791666666666,2020-10-01,2021-09-30,252
2021-10-01,Equity Equal Weight + Sector Sentiment,Sentiment fusion,Equal Weight + Sector Sentiment,Equity,True,CCI,RealEstate,equity,0.021831237633549536,0.02,2021-09-30,0.3021,True,1.15105,2020-10-01,2021-09-30,252
2021-10-01,Equity Equal Weight + Sector Sentiment,Sentiment fusion,Equal Weight + Sector Sentiment,Equity,True,CMCSA,Comm,equity,0.019947181879477426,0.02,2021-09-30,0.10342666666666667,True,1.0517133333333333,2020-10-01,2021-09-30,252
2021-10-01,Equity Equal Weight + Sector Sentiment,Sentiment fusion,Equal Weight + Sector Sentiment,Equity,True,COP,Energy,equity,0.019907605392042473,0.02,2021-09-30,0.09925333333333333,True,1.0496266666666667,2020-10-01,2021-09-30,252
2021-10-01,Equity Equal Weight + Sector Sentiment,Sentiment fusion,Equal Weight + Sector Sentiment,Equity,True,CVX,Energy,equity,0.019907605392042473,0.02,2021-09-30,0.09925333333333333,True,1.0496266666666667,2020-10-01,2021-09-30,252
2021-10-01,Equity Equal Weight + Sector Sentiment,Sentiment fusion,Equal Weight + Sector Sentiment,Equity,True,D,Utilities,equity,0.01770489358551883,0.02,2021-09-30,-0.13302222222222224,True,0.9334888888888889,2020-10-01,2021-09-30,252
2021-10-01,Equity Equal Weight + Sector Sentiment,Sentiment fusion,Equal Weight + Sector Sentiment,Equity,True,DD,Materials,equity,0.020941714984652027,0.02,2021-09-30,0.2083,True,1.10415,2020-10-01,2021-09-30,252
2021-10-01,Equity Equal Weight + Sector Sentiment,Sentiment fusion,Equal Weight + Sector Sentiment,Equity,True,DIS,Consumer,equity,0.01977724322416567,0.02,2021-09-30,0.08550666666666666,True,1.0427533333333334,2020-10-01,2021-09-30,252
2021-10-01,Equity Equal Weight + Sector Sentiment,Sentiment fusion,Equal Weight + Sector Sentiment,Equity,True,DOW,Materials,equity,0.020941714984652027,0.02,2021-09-30,0.2083,True,1.10415,2020-10-01,2021-09-30,252
2021-10-01,Equity Equal Weight + Sector Sentiment,Sentiment fusion,Equal Weight + Sector Sentiment,Equity,True,DUK,Utilities,equity,0.01770489358551883,0.02,2021-09-30,-0.13302222222222224,True,0.9334888888888889,2020-10-01,2021-09-30,252
2021-10-01,Equity Equal Weight + Sector Sentiment,Sentiment fusion,Equal Weight + Sector Sentiment,Equity,True,EA,Comm,equity,0.019947181879477426,0.02,2021-09-30,0.10342666666666667,True,1.0517133333333333,2020-10-01,2021-09-30,252
2021-10-01,Equity Equal Weight + Sector Sentiment,Sentiment fusion,Equal Weight + Sector Sentiment,Equity,True,GE,Industrials,equity,0.020617943281335302,0.02,2021-09-30,0.17415833333333333,True,1.0870791666666666,2020-10-01,2021-09-30,252
2021-10-01,Equity Equal Weight + Sector Sentiment,Sentiment fusion,Equal Weight + Sector Sentiment,Equity,True,GILD,Healthcare,equity,0.019008923568037718,0.02,2021-09-30,0.0044874999999999984,True,1.00224375,2020-10-01,2021-09-30,252
2021-10-01,Equity Equal Weight + Sector Sentiment,Sentiment fusion,Equal Weight + Sector Sentiment,Equity,True,GS,Financials,equity,0.019688809373328578,0.02,2021-09-30,0.07618133333333332,True,1.0380906666666667,2020-10-01,2021-09-30,252
2021-10-01,Equity Equal Weight + Sector Sentiment,Sentiment fusion,Equal Weight + Sector Sentiment,Equity,True,INTC,Tech,equity,0.02057444707789241,0.02,2021-09-30,0.16957166666666665,True,1.0847858333333333,2020-10-01,2021-09-30,252
2021-10-01,Equity Equal Weight + Sector Sentiment,Sentiment fusion,Equal Weight + Sector Sentiment,Equity,True,KO,Consumer,equity,0.01977724322416567,0.02,2021-09-30,0.08550666666666666,True,1.0427533333333334,2020-10-01,2021-09-30,252
2021-10-01,Equity Equal Weight + Sector Sentiment,Sentiment fusion,Equal Weight + Sector Sentiment,Equity,True,MMM,Industrials,equity,0.020617943281335302,0.02,2021-09-30,0.17415833333333333,True,1.0870791666666666,2020-10-01,2021-09-30,252
2021-10-01,Equity Equal Weight + Sector Sentiment,Sentiment fusion,Equal Weight + Sector Sentiment,Equity,True,MRK,Healthcare,equity,0.019008923568037718,0.02,2021-09-30,0.0044874999999999984,True,1.00224375,2020-10-01,2021-09-30,252
2021-10-01,Equity Equal Weight + Sector Sentiment,Sentiment fusion,Equal Weight + Sector Sentiment,Equity,True,MS,Financials,equity,0.019688809373328578,0.02,2021-09-30,0.07618133333333332,True,1.0380906666666667,2020-10-01,2021-09-30,252
2021-10-01,Equity Equal Weight + Sector Sentiment,Sentiment fusion,Equal Weight + Sector Sentiment,Equity,True,NEE,Utilities,equity,0.01770489358551883,0.02,2021-09-30,-0.13302222222222224,True,0.9334888888888889,2020-10-01,2021-09-30,252
2021-10-01,Equity Equal Weight + Sector Sentiment,Sentiment fusion,Equal Weight + Sector Sentiment,Equity,True,NEM,Materials,equity,0.020941714984652027,0.02,2021-09-30,0.2083,True,1.10415,2020-10-01,2021-09-30,252
2021-10-01,Equity Equal Weight + Sector Sentiment,Sentiment fusion,Equal Weight + Sector Sentiment,Equity,True,NKE,Consumer,equity,0.01977724322416567,0.02,2021-09-30,0.08550666666666666,True,1.0427533333333334,2020-10-01,2021-09-30,252
2021-10-01,Equity Equal Weight + Sector Sentiment,Sentiment fusion,Equal Weight + Sector Sentiment,Equity,True,NUE,Materials,equity,0.020941714984652027,0.02,2021-09-30,0.2083,True,1.10415,2020-10-01,2021-09-30,252
2021-10-01,Equity Equal Weight + Sector Sentiment,Sentiment fusion,Equal Weight + Sector Sentiment,Equity,True,NVDA,Tech,equity,0.02057444707789241,0.02,2021-09-30,0.16957166666666665,True,1.0847858333333333,2020-10-01,2021-09-30,252
2021-10-01,Equity Equal Weight + Sector Sentiment,Sentiment fusion,Equal Weight + Sector Sentiment,Equity,True,O,RealEstate,equity,0.021831237633549536,0.02,2021-09-30,0.3021,True,1.15105,2020-10-01,2021-09-30,252
2021-10-01,Equity Equal Weight + Sector Sentiment,Sentiment fusion,Equal Weight + Sector Sentiment,Equity,True,OXY,Energy,equity,0.019907605392042473,0.02,2021-09-30,0.09925333333333333,True,1.0496266666666667,2020-10-01,2021-09-30,252
2021-10-01,Equity Equal Weight + Sector Sentiment,Sentiment fusion,Equal Weight + Sector Sentiment,Equity,True,PLD,RealEstate,equity,0.021831237633549536,0.02,2021-09-30,0.3021,True,1.15105,2020-10-01,2021-09-30,252
2021-10-01,Equity Equal Weight + Sector Sentiment,Sentiment fusion,Equal Weight + Sector Sentiment,Equity,True,PSA,RealEstate,equity,0.021831237633549536,0.02,2021-09-30,0.3021,True,1.15105,2020-10-01,2021-09-30,252
2021-10-01,Equity Equal Weight + Sector Sentiment,Sentiment fusion,Equal Weight + Sector Sentiment,Equity,True,QCOM,Tech,equity,0.02057444707789241,0.02,2021-09-30,0.16957166666666665,True,1.0847858333333333,2020-10-01,2021-09-30,252
2021-10-01,Equity Equal Weight + Sector Sentiment,Sentiment fusion,Equal Weight + Sector Sentiment,Equity,True,SBUX,Consumer,equity,0.01977724322416567,0.02,2021-09-30,0.08550666666666666,True,1.0427533333333334,2020-10-01,2021-09-30,252
2021-10-01,Equity Equal Weight + Sector Sentiment,Sentiment fusion,Equal Weight + Sector Sentiment,Equity,True,SHW,Materials,equity,0.020941714984652027,0.02,2021-09-30,0.2083,True,1.10415,2020-10-01,2021-09-30,252
2021-10-01,Equity Equal Weight + Sector Sentiment,Sentiment fusion,Equal Weight + Sector Sentiment,Equity,True,SLB,Energy,equity,0.019907605392042473,0.02,2021-09-30,0.09925333333333333,True,1.0496266666666667,2020-10-01,2021-09-30,252
2021-10-01,Equity Equal Weight + Sector Sentiment,Sentiment fusion,Equal Weight + Sector Sentiment,Equity,True,SO,Utilities,equity,0.01770489358551883,0.02,2021-09-30,-0.13302222222222224,True,0.9334888888888889,2020-10-01,2021-09-30,252
2021-10-01,Equity Equal Weight + Sector Sentiment,Sentiment fusion,Equal Weight + Sector Sentiment,Equity,True,T,Comm,equity,0.019947181879477426,0.02,2021-09-30,0.10342666666666667,True,1.0517133333333333,2020-10-01,2021-09-30,252
2021-10-01,Equity Equal Weight + Sector Sentiment,Sentiment fusion,Equal Weight + Sector Sentiment,Equity,True,TMUS,Comm,equity,0.019947181879477426,0.02,2021-09-30,0.10342666666666667,True,1.0517133333333333,2020-10-01,2021-09-30,252
2021-10-01,Equity Equal Weight + Sector Sentiment,Sentiment fusion,Equal Weight + Sector Sentiment,Equity,True,TTWO,Comm,equity,0.019947181879477426,0.02,2021-09-30,0.10342666666666667,True,1.0517133333333333,2020-10-01,2021-09-30,252
2021-10-01,Equity Equal Weight + Sector Sentiment,Sentiment fusion,Equal Weight + Sector Sentiment,Equity,True,UPS,Industrials,equity,0.020617943281335302,0.02,2021-09-30,0.17415833333333333,True,1.0870791666666666,2020-10-01,2021-09-30,252
2021-10-01,Equity Equal Weight + Sector Sentiment,Sentiment fusion,Equal Weight + Sector Sentiment,Equity,True,USB,Financials,equity,0.019688809373328578,0.02,2021-09-30,0.07618133333333332,True,1.0380906666666667,2020-10-01,2021-09-30,252
2021-10-01,Equity Equal Weight + Sector Sentiment,Sentiment fusion,Equal Weight + Sector Sentiment,Equity,True,V,Financials,equity,0.019688809373328578,0.02,2021-09-30,0.07618133333333332,True,1.0380906666666667,2020-10-01,2021-09-30,252
2021-10-01,Equity Equal Weight + Sector Sentiment,Sentiment fusion,Equal Weight + Sector Sentiment,Equity,True,WFC,Financials,equity,0.019688809373328578,0.02,2021-09-30,0.07618133333333332,True,1.0380906666666667,2020-10-01,2021-09-30,252
2021-10-01,Equity Equal Weight + Sector Sentiment,Sentiment fusion,Equal Weight + Sector Sentiment,Equity,True,WMT,Consumer,equity,0.01977724322416567,0.02,2021-09-30,0.08550666666666666,True,1.0427533333333334,2020-10-01,2021-09-30,252
2021-10-01,Equity Equal Weight + Sector Sentiment,Sentiment fusion,Equal Weight + Sector Sentiment,Equity,True,XOM,Energy,equity,0.019907605392042473,0.02,2021-09-30,0.09925333333333333,True,1.0496266666666667,2020-10-01,2021-09-30,252
2021-11-01,Equity Equal Weight,Base,Equal Weight,Equity,False,ABBV,Healthcare,equity,0.02,0.02,,,False,1.0,2020-10-30,2021-10-29,252
2021-11-01,Equity Equal Weight,Base,Equal Weight,Equity,False,ABT,Healthcare,equity,0.02,0.02,,,False,1.0,2020-10-30,2021-10-29,252
2021-11-01,Equity Equal Weight,Base,Equal Weight,Equity,False,ADBE,Tech,equity,0.02,0.02,,,False,1.0,2020-10-30,2021-10-29,252
2021-11-01,Equity Equal Weight,Base,Equal Weight,Equity,False,AEP,Utilities,equity,0.02,0.02,,,False,1.0,2020-10-30,2021-10-29,252
2021-11-01,Equity Equal Weight,Base,Equal Weight,Equity,False,AMD,Tech,equity,0.02,0.02,,,False,1.0,2020-10-30,2021-10-29,252
2021-11-01,Equity Equal Weight,Base,Equal Weight,Equity,False,AMGN,Healthcare,equity,0.02,0.02,,,False,1.0,2020-10-30,2021-10-29,252
2021-11-01,Equity Equal Weight,Base,Equal Weight,Equity,False,AMT,RealEstate,equity,0.02,0.02,,,False,1.0,2020-10-30,2021-10-29,252
2021-11-01,Equity Equal Weight,Base,Equal Weight,Equity,False,BA,Industrials,equity,0.02,0.02,,,False,1.0,2020-10-30,2021-10-29,252
2021-11-01,Equity Equal Weight,Base,Equal Weight,Equity,False,CAT,Industrials,equity,0.02,0.02,,,False,1.0,2020-10-30,2021-10-29,252
2021-11-01,Equity Equal Weight,Base,Equal Weight,Equity,False,CCI,RealEstate,equity,0.02,0.02,,,False,1.0,2020-10-30,2021-10-29,252
2021-11-01,Equity Equal Weight,Base,Equal Weight,Equity,False,CMCSA,Comm,equity,0.02,0.02,,,False,1.0,2020-10-30,2021-10-29,252
2021-11-01,Equity Equal Weight,Base,Equal Weight,Equity,False,COP,Energy,equity,0.02,0.02,,,False,1.0,2020-10-30,2021-10-29,252
2021-11-01,Equity Equal Weight,Base,Equal Weight,Equity,False,CVX,Energy,equity,0.02,0.02,,,False,1.0,2020-10-30,2021-10-29,252
2021-11-01,Equity Equal Weight,Base,Equal Weight,Equity,False,D,Utilities,equity,0.02,0.02,,,False,1.0,2020-10-30,2021-10-29,252
2021-11-01,Equity Equal Weight,Base,Equal Weight,Equity,False,DD,Materials,equity,0.02,0.02,,,False,1.0,2020-10-30,2021-10-29,252
2021-11-01,Equity Equal Weight,Base,Equal Weight,Equity,False,DIS,Consumer,equity,0.02,0.02,,,False,1.0,2020-10-30,2021-10-29,252
2021-11-01,Equity Equal Weight,Base,Equal Weight,Equity,False,DOW,Materials,equity,0.02,0.02,,,False,1.0,2020-10-30,2021-10-29,252
2021-11-01,Equity Equal Weight,Base,Equal Weight,Equity,False,DUK,Utilities,equity,0.02,0.02,,,False,1.0,2020-10-30,2021-10-29,252
2021-11-01,Equity Equal Weight,Base,Equal Weight,Equity,False,EA,Comm,equity,0.02,0.02,,,False,1.0,2020-10-30,2021-10-29,252
2021-11-01,Equity Equal Weight,Base,Equal Weight,Equity,False,GE,Industrials,equity,0.02,0.02,,,False,1.0,2020-10-30,2021-10-29,252
2021-11-01,Equity Equal Weight,Base,Equal Weight,Equity,False,GILD,Healthcare,equity,0.02,0.02,,,False,1.0,2020-10-30,2021-10-29,252
2021-11-01,Equity Equal Weight,Base,Equal Weight,Equity,False,GS,Financials,equity,0.02,0.02,,,False,1.0,2020-10-30,2021-10-29,252
2021-11-01,Equity Equal Weight,Base,Equal Weight,Equity,False,INTC,Tech,equity,0.02,0.02,,,False,1.0,2020-10-30,2021-10-29,252
2021-11-01,Equity Equal Weight,Base,Equal Weight,Equity,False,KO,Consumer,equity,0.02,0.02,,,False,1.0,2020-10-30,2021-10-29,252
2021-11-01,Equity Equal Weight,Base,Equal Weight,Equity,False,MMM,Industrials,equity,0.02,0.02,,,False,1.0,2020-10-30,2021-10-29,252
2021-11-01,Equity Equal Weight,Base,Equal Weight,Equity,False,MRK,Healthcare,equity,0.02,0.02,,,False,1.0,2020-10-30,2021-10-29,252
2021-11-01,Equity Equal Weight,Base,Equal Weight,Equity,False,MS,Financials,equity,0.02,0.02,,,False,1.0,2020-10-30,2021-10-29,252
2021-11-01,Equity Equal Weight,Base,Equal Weight,Equity,False,NEE,Utilities,equity,0.02,0.02,,,False,1.0,2020-10-30,2021-10-29,252
2021-11-01,Equity Equal Weight,Base,Equal Weight,Equity,False,NEM,Materials,equity,0.02,0.02,,,False,1.0,2020-10-30,2021-10-29,252
2021-11-01,Equity Equal Weight,Base,Equal Weight,Equity,False,NKE,Consumer,equity,0.02,0.02,,,False,1.0,2020-10-30,2021-10-29,252
2021-11-01,Equity Equal Weight,Base,Equal Weight,Equity,False,NUE,Materials,equity,0.02,0.02,,,False,1.0,2020-10-30,2021-10-29,252
2021-11-01,Equity Equal Weight,Base,Equal Weight,Equity,False,NVDA,Tech,equity,0.02,0.02,,,False,1.0,2020-10-30,2021-10-29,252
2021-11-01,Equity Equal Weight,Base,Equal Weight,Equity,False,O,RealEstate,equity,0.02,0.02,,,False,1.0,2020-10-30,2021-10-29,252
2021-11-01,Equity Equal Weight,Base,Equal Weight,Equity,False,OXY,Energy,equity,0.02,0.02,,,False,1.0,2020-10-30,2021-10-29,252
2021-11-01,Equity Equal Weight,Base,Equal Weight,Equity,False,PLD,RealEstate,equity,0.02,0.02,,,False,1.0,2020-10-30,2021-10-29,252
2021-11-01,Equity Equal Weight,Base,Equal Weight,Equity,False,PSA,RealEstate,equity,0.02,0.02,,,False,1.0,2020-10-30,2021-10-29,252
2021-11-01,Equity Equal Weight,Base,Equal Weight,Equity,False,QCOM,Tech,equity,0.02,0.02,,,False,1.0,2020-10-30,2021-10-29,252
2021-11-01,Equity Equal Weight,Base,Equal Weight,Equity,False,SBUX,Consumer,equity,0.02,0.02,,,False,1.0,2020-10-30,2021-10-29,252
2021-11-01,Equity Equal Weight,Base,Equal Weight,Equity,False,SHW,Materials,equity,0.02,0.02,,,False,1.0,2020-10-30,2021-10-29,252
2021-11-01,Equity Equal Weight,Base,Equal Weight,Equity,False,SLB,Energy,equity,0.02,0.02,,,False,1.0,2020-10-30,2021-10-29,252
2021-11-01,Equity Equal Weight,Base,Equal Weight,Equity,False,SO,Utilities,equity,0.02,0.02,,,False,1.0,2020-10-30,2021-10-29,252
2021-11-01,Equity Equal Weight,Base,Equal Weight,Equity,False,T,Comm,equity,0.02,0.02,,,False,1.0,2020-10-30,2021-10-29,252
2021-11-01,Equity Equal Weight,Base,Equal Weight,Equity,False,TMUS,Comm,equity,0.02,0.02,,,False,1.0,2020-10-30,2021-10-29,252
2021-11-01,Equity Equal Weight,Base,Equal Weight,Equity,False,TTWO,Comm,equity,0.02,0.02,,,False,1.0,2020-10-30,2021-10-29,252
2021-11-01,Equity Equal Weight,Base,Equal Weight,Equity,False,UPS,Industrials,equity,0.02,0.02,,,False,1.0,2020-10-30,2021-10-29,252
2021-11-01,Equity Equal Weight,Base,Equal Weight,Equity,False,USB,Financials,equity,0.02,0.02,,,False,1.0,2020-10-30,2021-10-29,252
2021-11-01,Equity Equal Weight,Base,Equal Weight,Equity,False,V,Financials,equity,0.02,0.02,,,False,1.0,2020-10-30,2021-10-29,252
2021-11-01,Equity Equal Weight,Base,Equal Weight,Equity,False,WFC,Financials,equity,0.02,0.02,,,False,1.0,2020-10-30,2021-10-29,252
2021-11-01,Equity Equal Weight,Base,Equal Weight,Equity,False,WMT,Consumer,equity,0.02,0.02,,,False,1.0,2020-10-30,2021-10-29,252
2021-11-01,Equity Equal Weight,Base,Equal Weight,Equity,False,XOM,Energy,equity,0.02,0.02,,,False,1.0,2020-10-30,2021-10-29,252
2021-11-01,Equity Equal Weight + Sector Sentiment,Sentiment fusion,Equal Weight + Sector Sentiment,Equity,True,ABBV,Healthcare,equity,0.01878232757244228,0.02,2021-10-29,0.01112578781512605,True,1.005562893907563,2020-10-30,2021-10-29,252
2021-11-01,Equity Equal Weight + Sector Sentiment,Sentiment fusion,Equal Weight + Sector Sentiment,Equity,True,ABT,Healthcare,equity,0.01878232757244228,0.02,2021-10-29,0.01112578781512605,True,1.005562893907563,2020-10-30,2021-10-29,252
2021-11-01,Equity Equal Weight + Sector Sentiment,Sentiment fusion,Equal Weight + Sector Sentiment,Equity,True,ADBE,Tech,equity,0.019385259660739174,0.02,2021-10-29,0.075685,True,1.0378425,2020-10-30,2021-10-29,252
2021-11-01,Equity Equal Weight + Sector Sentiment,Sentiment fusion,Equal Weight + Sector Sentiment,Equity,True,AEP,Utilities,equity,0.021229893871561576,0.02,2021-10-29,0.2732,True,1.1366,2020-10-30,2021-10-29,252
2021-11-01,Equity Equal Weight + Sector Sentiment,Sentiment fusion,Equal Weight + Sector Sentiment,Equity,True,AMD,Tech,equity,0.019385259660739174,0.02,2021-10-29,0.075685,True,1.0378425,2020-10-30,2021-10-29,252
2021-11-01,Equity Equal Weight + Sector Sentiment,Sentiment fusion,Equal Weight + Sector Sentiment,Equity,True,AMGN,Healthcare,equity,0.01878232757244228,0.02,2021-10-29,0.01112578781512605,True,1.005562893907563,2020-10-30,2021-10-29,252
2021-11-01,Equity Equal Weight + Sector Sentiment,Sentiment fusion,Equal Weight + Sector Sentiment,Equity,True,AMT,RealEstate,equity,0.02025602172859813,0.02,2021-10-29,0.16892222222222222,True,1.084461111111111,2020-10-30,2021-10-29,252
2021-11-01,Equity Equal Weight + Sector Sentiment,Sentiment fusion,Equal Weight + Sector Sentiment,Equity,True,BA,Industrials,equity,0.018874700574516307,0.02,2021-10-29,0.021016666666666666,True,1.0105083333333333,2020-10-30,2021-10-29,252
2021-11-01,Equity Equal Weight + Sector Sentiment,Sentiment fusion,Equal Weight + Sector Sentiment,Equity,True,CAT,Industrials,equity,0.018874700574516307,0.02,2021-10-29,0.021016666666666666,True,1.0105083333333333,2020-10-30,2021-10-29,252
2021-11-01,Equity Equal Weight + Sector Sentiment,Sentiment fusion,Equal Weight + Sector Sentiment,Equity,True,CCI,RealEstate,equity,0.02025602172859813,0.02,2021-10-29,0.16892222222222222,True,1.084461111111111,2020-10-30,2021-10-29,252
2021-11-01,Equity Equal Weight + Sector Sentiment,Sentiment fusion,Equal Weight + Sector Sentiment,Equity,True,CMCSA,Comm,equity,0.020829475210756013,0.02,2021-10-29,0.230325,True,1.1151625,2020-10-30,2021-10-29,252
2021-11-01,Equity Equal Weight + Sector Sentiment,Sentiment fusion,Equal Weight + Sector Sentiment,Equity,True,COP,Energy,equity,0.021871938668210546,0.02,2021-10-29,0.34194722222222224,True,1.170973611111111,2020-10-30,2021-10-29,252
2021-11-01,Equity Equal Weight + Sector Sentiment,Sentiment fusion,Equal Weight + Sector Sentiment,Equity,True,CVX,Energy,equity,0.021871938668210546,0.02,2021-10-29,0.34194722222222224,True,1.170973611111111,2020-10-30,2021-10-29,252
2021-11-01,Equity Equal Weight + Sector Sentiment,Sentiment fusion,Equal Weight + Sector Sentiment,Equity,True,D,Utilities,equity,0.021229893871561576,0.02,2021-10-29,0.2732,True,1.1366,2020-10-30,2021-10-29,252
2021-11-01,Equity Equal Weight + Sector Sentiment,Sentiment fusion,Equal Weight + Sector Sentiment,Equity,True,DD,Materials,equity,0.018678421495303164,0.02,2021-10-29,0.0,True,1.0,2020-10-30,2021-10-29,252
2021-11-01,Equity Equal Weight + Sector Sentiment,Sentiment fusion,Equal Weight + Sector Sentiment,Equity,True,DIS,Consumer,equity,0.019376572249074953,0.02,2021-10-29,0.07475479166666667,True,1.0373773958333334,2020-10-30,2021-10-29,252
2021-11-01,Equity Equal Weight + Sector Sentiment,Sentiment fusion,Equal Weight + Sector Sentiment,Equity,True,DOW,Materials,equity,0.018678421495303164,0.02,2021-10-29,0.0,True,1.0,2020-10-30,2021-10-29,252
2021-11-01,Equity Equal Weight + Sector Sentiment,Sentiment fusion,Equal Weight + Sector Sentiment,Equity,True,DUK,Utilities,equity,0.021229893871561576,0.02,2021-10-29,0.2732,True,1.1366,2020-10-30,2021-10-29,252
2021-11-01,Equity Equal Weight + Sector Sentiment,Sentiment fusion,Equal Weight + Sector Sentiment,Equity,True,EA,Comm,equity,0.020829475210756013,0.02,2021-10-29,0.230325,True,1.1151625,2020-10-30,2021-10-29,252
2021-11-01,Equity Equal Weight + Sector Sentiment,Sentiment fusion,Equal Weight + Sector Sentiment,Equity,True,GE,Industrials,equity,0.018874700574516307,0.02,2021-10-29,0.021016666666666666,True,1.0105083333333333,2020-10-30,2021-10-29,252
2021-11-01,Equity Equal Weight + Sector Sentiment,Sentiment fusion,Equal Weight + Sector Sentiment,Equity,True,GILD,Healthcare,equity,0.01878232757244228,0.02,2021-10-29,0.01112578781512605,True,1.005562893907563,2020-10-30,2021-10-29,252
2021-11-01,Equity Equal Weight + Sector Sentiment,Sentiment fusion,Equal Weight + Sector Sentiment,Equity,True,GS,Financials,equity,0.020715388968797828,0.02,2021-10-29,0.21810916666666666,True,1.1090545833333334,2020-10-30,2021-10-29,252
2021-11-01,Equity Equal Weight + Sector Sentiment,Sentiment fusion,Equal Weight + Sector Sentiment,Equity,True,INTC,Tech,equity,0.019385259660739174,0.02,2021-10-29,0.075685,True,1.0378425,2020-10-30,2021-10-29,252
2021-11-01,Equity Equal Weight + Sector Sentiment,Sentiment fusion,Equal Weight + Sector Sentiment,Equity,True,KO,Consumer,equity,0.019376572249074953,0.02,2021-10-29,0.07475479166666667,True,1.0373773958333334,2020-10-30,2021-10-29,252
2021-11-01,Equity Equal Weight + Sector Sentiment,Sentiment fusion,Equal Weight + Sector Sentiment,Equity,True,MMM,Industrials,equity,0.018874700574516307,0.02,2021-10-29,0.021016666666666666,True,1.0105083333333333,2020-10-30,2021-10-29,252
2021-11-01,Equity Equal Weight + Sector Sentiment,Sentiment fusion,Equal Weight + Sector Sentiment,Equity,True,MRK,Healthcare,equity,0.01878232757244228,0.02,2021-10-29,0.01112578781512605,True,1.005562893907563,2020-10-30,2021-10-29,252
2021-11-01,Equity Equal Weight + Sector Sentiment,Sentiment fusion,Equal Weight + Sector Sentiment,Equity,True,MS,Financials,equity,0.020715388968797828,0.02,2021-10-29,0.21810916666666666,True,1.1090545833333334,2020-10-30,2021-10-29,252
2021-11-01,Equity Equal Weight + Sector Sentiment,Sentiment fusion,Equal Weight + Sector Sentiment,Equity,True,NEE,Utilities,equity,0.021229893871561576,0.02,2021-10-29,0.2732,True,1.1366,2020-10-30,2021-10-29,252
2021-11-01,Equity Equal Weight + Sector Sentiment,Sentiment fusion,Equal Weight + Sector Sentiment,Equity,True,NEM,Materials,equity,0.018678421495303164,0.02,2021-10-29,0.0,True,1.0,2020-10-30,2021-10-29,252
2021-11-01,Equity Equal Weight + Sector Sentiment,Sentiment fusion,Equal Weight + Sector Sentiment,Equity,True,NKE,Consumer,equity,0.019376572249074953,0.02,2021-10-29,0.07475479166666667,True,1.0373773958333334,2020-10-30,2021-10-29,252
2021-11-01,Equity Equal Weight + Sector Sentiment,Sentiment fusion,Equal Weight + Sector Sentiment,Equity,True,NUE,Materials,equity,0.018678421495303164,0.02,2021-10-29,0.0,True,1.0,2020-10-30,2021-10-29,252
2021-11-01,Equity Equal Weight + Sector Sentiment,Sentiment fusion,Equal Weight + Sector Sentiment,Equity,True,NVDA,Tech,equity,0.019385259660739174,0.02,2021-10-29,0.075685,True,1.0378425,2020-10-30,2021-10-29,252
2021-11-01,Equity Equal Weight + Sector Sentiment,Sentiment fusion,Equal Weight + Sector Sentiment,Equity,True,O,RealEstate,equity,0.02025602172859813,0.02,2021-10-29,0.16892222222222222,True,1.084461111111111,2020-10-30,2021-10-29,252
2021-11-01,Equity Equal Weight + Sector Sentiment,Sentiment fusion,Equal Weight + Sector Sentiment,Equity,True,OXY,Energy,equity,0.021871938668210546,0.02,2021-10-29,0.34194722222222224,True,1.170973611111111,2020-10-30,2021-10-29,252
2021-11-01,Equity Equal Weight + Sector Sentiment,Sentiment fusion,Equal Weight + Sector Sentiment,Equity,True,PLD,RealEstate,equity,0.02025602172859813,0.02,2021-10-29,0.16892222222222222,True,1.084461111111111,2020-10-30,2021-10-29,252
2021-11-01,Equity Equal Weight + Sector Sentiment,Sentiment fusion,Equal Weight + Sector Sentiment,Equity,True,PSA,RealEstate,equity,0.02025602172859813,0.02,2021-10-29,0.16892222222222222,True,1.084461111111111,2020-10-30,2021-10-29,252
2021-11-01,Equity Equal Weight + Sector Sentiment,Sentiment fusion,Equal Weight + Sector Sentiment,Equity,True,QCOM,Tech,equity,0.019385259660739174,0.02,2021-10-29,0.075685,True,1.0378425,2020-10-30,2021-10-29,252
2021-11-01,Equity Equal Weight + Sector Sentiment,Sentiment fusion,Equal Weight + Sector Sentiment,Equity,True,SBUX,Consumer,equity,0.019376572249074953,0.02,2021-10-29,0.07475479166666667,True,1.0373773958333334,2020-10-30,2021-10-29,252
2021-11-01,Equity Equal Weight + Sector Sentiment,Sentiment fusion,Equal Weight + Sector Sentiment,Equity,True,SHW,Materials,equity,0.018678421495303164,0.02,2021-10-29,0.0,True,1.0,2020-10-30,2021-10-29,252
2021-11-01,Equity Equal Weight + Sector Sentiment,Sentiment fusion,Equal Weight + Sector Sentiment,Equity,True,SLB,Energy,equity,0.021871938668210546,0.02,2021-10-29,0.34194722222222224,True,1.170973611111111,2020-10-30,2021-10-29,252
2021-11-01,Equity Equal Weight + Sector Sentiment,Sentiment fusion,Equal Weight + Sector Sentiment,Equity,True,SO,Utilities,equity,0.021229893871561576,0.02,2021-10-29,0.2732,True,1.1366,2020-10-30,2021-10-29,252
2021-11-01,Equity Equal Weight + Sector Sentiment,Sentiment fusion,Equal Weight + Sector Sentiment,Equity,True,T,Comm,equity,0.020829475210756013,0.02,2021-10-29,0.230325,True,1.1151625,2020-10-30,2021-10-29,252
2021-11-01,Equity Equal Weight + Sector Sentiment,Sentiment fusion,Equal Weight + Sector Sentiment,Equity,True,TMUS,Comm,equity,0.020829475210756013,0.02,2021-10-29,0.230325,True,1.1151625,2020-10-30,2021-10-29,252
2021-11-01,Equity Equal Weight + Sector Sentiment,Sentiment fusion,Equal Weight + Sector Sentiment,Equity,True,TTWO,Comm,equity,0.020829475210756013,0.02,2021-10-29,0.230325,True,1.1151625,2020-10-30,2021-10-29,252
2021-11-01,Equity Equal Weight + Sector Sentiment,Sentiment fusion,Equal Weight + Sector Sentiment,Equity,True,UPS,Industrials,equity,0.018874700574516307,0.02,2021-10-29,0.021016666666666666,True,1.0105083333333333,2020-10-30,2021-10-29,252
2021-11-01,Equity Equal Weight + Sector Sentiment,Sentiment fusion,Equal Weight + Sector Sentiment,Equity,True,USB,Financials,equity,0.020715388968797828,0.02,2021-10-29,0.21810916666666666,True,1.1090545833333334,2020-10-30,2021-10-29,252
2021-11-01,Equity Equal Weight + Sector Sentiment,Sentiment fusion,Equal Weight + Sector Sentiment,Equity,True,V,Financials,equity,0.020715388968797828,0.02,2021-10-29,0.21810916666666666,True,1.1090545833333334,2020-10-30,2021-10-29,252
2021-11-01,Equity Equal Weight + Sector Sentiment,Sentiment fusion,Equal Weight + Sector Sentiment,Equity,True,WFC,Financials,equity,0.020715388968797828,0.02,2021-10-29,0.21810916666666666,True,1.1090545833333334,2020-10-30,2021-10-29,252
2021-11-01,Equity Equal Weight + Sector Sentiment,Sentiment fusion,Equal Weight + Sector Sentiment,Equity,True,WMT,Consumer,equity,0.019376572249074953,0.02,2021-10-29,0.07475479166666667,True,1.0373773958333334,2020-10-30,2021-10-29,252
2021-11-01,Equity Equal Weight + Sector Sentiment,Sentiment fusion,Equal Weight + Sector Sentiment,Equity,True,XOM,Energy,equity,0.021871938668210546,0.02,2021-10-29,0.34194722222222224,True,1.170973611111111,2020-10-30,2021-10-29,252
2021-12-01,Equity Equal Weight,Base,Equal Weight,Equity,False,ABBV,Healthcare,equity,0.02,0.02,,,False,1.0,2020-12-01,2021-11-30,252
2021-12-01,Equity Equal Weight,Base,Equal Weight,Equity,False,ABT,Healthcare,equity,0.02,0.02,,,False,1.0,2020-12-01,2021-11-30,252
2021-12-01,Equity Equal Weight,Base,Equal Weight,Equity,False,ADBE,Tech,equity,0.02,0.02,,,False,1.0,2020-12-01,2021-11-30,252
2021-12-01,Equity Equal Weight,Base,Equal Weight,Equity,False,AEP,Utilities,equity,0.02,0.02,,,False,1.0,2020-12-01,2021-11-30,252
2021-12-01,Equity Equal Weight,Base,Equal Weight,Equity,False,AMD,Tech,equity,0.02,0.02,,,False,1.0,2020-12-01,2021-11-30,252
2021-12-01,Equity Equal Weight,Base,Equal Weight,Equity,False,AMGN,Healthcare,equity,0.02,0.02,,,False,1.0,2020-12-01,2021-11-30,252
2021-12-01,Equity Equal Weight,Base,Equal Weight,Equity,False,AMT,RealEstate,equity,0.02,0.02,,,False,1.0,2020-12-01,2021-11-30,252
2021-12-01,Equity Equal Weight,Base,Equal Weight,Equity,False,BA,Industrials,equity,0.02,0.02,,,False,1.0,2020-12-01,2021-11-30,252
2021-12-01,Equity Equal Weight,Base,Equal Weight,Equity,False,CAT,Industrials,equity,0.02,0.02,,,False,1.0,2020-12-01,2021-11-30,252
2021-12-01,Equity Equal Weight,Base,Equal Weight,Equity,False,CCI,RealEstate,equity,0.02,0.02,,,False,1.0,2020-12-01,2021-11-30,252
2021-12-01,Equity Equal Weight,Base,Equal Weight,Equity,False,CMCSA,Comm,equity,0.02,0.02,,,False,1.0,2020-12-01,2021-11-30,252
2021-12-01,Equity Equal Weight,Base,Equal Weight,Equity,False,COP,Energy,equity,0.02,0.02,,,False,1.0,2020-12-01,2021-11-30,252
2021-12-01,Equity Equal Weight,Base,Equal Weight,Equity,False,CVX,Energy,equity,0.02,0.02,,,False,1.0,2020-12-01,2021-11-30,252
2021-12-01,Equity Equal Weight,Base,Equal Weight,Equity,False,D,Utilities,equity,0.02,0.02,,,False,1.0,2020-12-01,2021-11-30,252
2021-12-01,Equity Equal Weight,Base,Equal Weight,Equity,False,DD,Materials,equity,0.02,0.02,,,False,1.0,2020-12-01,2021-11-30,252
2021-12-01,Equity Equal Weight,Base,Equal Weight,Equity,False,DIS,Consumer,equity,0.02,0.02,,,False,1.0,2020-12-01,2021-11-30,252
2021-12-01,Equity Equal Weight,Base,Equal Weight,Equity,False,DOW,Materials,equity,0.02,0.02,,,False,1.0,2020-12-01,2021-11-30,252
2021-12-01,Equity Equal Weight,Base,Equal Weight,Equity,False,DUK,Utilities,equity,0.02,0.02,,,False,1.0,2020-12-01,2021-11-30,252
2021-12-01,Equity Equal Weight,Base,Equal Weight,Equity,False,EA,Comm,equity,0.02,0.02,,,False,1.0,2020-12-01,2021-11-30,252
2021-12-01,Equity Equal Weight,Base,Equal Weight,Equity,False,GE,Industrials,equity,0.02,0.02,,,False,1.0,2020-12-01,2021-11-30,252
2021-12-01,Equity Equal Weight,Base,Equal Weight,Equity,False,GILD,Healthcare,equity,0.02,0.02,,,False,1.0,2020-12-01,2021-11-30,252
2021-12-01,Equity Equal Weight,Base,Equal Weight,Equity,False,GS,Financials,equity,0.02,0.02,,,False,1.0,2020-12-01,2021-11-30,252
2021-12-01,Equity Equal Weight,Base,Equal Weight,Equity,False,INTC,Tech,equity,0.02,0.02,,,False,1.0,2020-12-01,2021-11-30,252
2021-12-01,Equity Equal Weight,Base,Equal Weight,Equity,False,KO,Consumer,equity,0.02,0.02,,,False,1.0,2020-12-01,2021-11-30,252
2021-12-01,Equity Equal Weight,Base,Equal Weight,Equity,False,MMM,Industrials,equity,0.02,0.02,,,False,1.0,2020-12-01,2021-11-30,252
2021-12-01,Equity Equal Weight,Base,Equal Weight,Equity,False,MRK,Healthcare,equity,0.02,0.02,,,False,1.0,2020-12-01,2021-11-30,252
2021-12-01,Equity Equal Weight,Base,Equal Weight,Equity,False,MS,Financials,equity,0.02,0.02,,,False,1.0,2020-12-01,2021-11-30,252
2021-12-01,Equity Equal Weight,Base,Equal Weight,Equity,False,NEE,Utilities,equity,0.02,0.02,,,False,1.0,2020-12-01,2021-11-30,252
2021-12-01,Equity Equal Weight,Base,Equal Weight,Equity,False,NEM,Materials,equity,0.02,0.02,,,False,1.0,2020-12-01,2021-11-30,252
2021-12-01,Equity Equal Weight,Base,Equal Weight,Equity,False,NKE,Consumer,equity,0.02,0.02,,,False,1.0,2020-12-01,2021-11-30,252
2021-12-01,Equity Equal Weight,Base,Equal Weight,Equity,False,NUE,Materials,equity,0.02,0.02,,,False,1.0,2020-12-01,2021-11-30,252
2021-12-01,Equity Equal Weight,Base,Equal Weight,Equity,False,NVDA,Tech,equity,0.02,0.02,,,False,1.0,2020-12-01,2021-11-30,252
2021-12-01,Equity Equal Weight,Base,Equal Weight,Equity,False,O,RealEstate,equity,0.02,0.02,,,False,1.0,2020-12-01,2021-11-30,252
2021-12-01,Equity Equal Weight,Base,Equal Weight,Equity,False,OXY,Energy,equity,0.02,0.02,,,False,1.0,2020-12-01,2021-11-30,252
2021-12-01,Equity Equal Weight,Base,Equal Weight,Equity,False,PLD,RealEstate,equity,0.02,0.02,,,False,1.0,2020-12-01,2021-11-30,252
2021-12-01,Equity Equal Weight,Base,Equal Weight,Equity,False,PSA,RealEstate,equity,0.02,0.02,,,False,1.0,2020-12-01,2021-11-30,252
2021-12-01,Equity Equal Weight,Base,Equal Weight,Equity,False,QCOM,Tech,equity,0.02,0.02,,,False,1.0,2020-12-01,2021-11-30,252
2021-12-01,Equity Equal Weight,Base,Equal Weight,Equity,False,SBUX,Consumer,equity,0.02,0.02,,,False,1.0,2020-12-01,2021-11-30,252
2021-12-01,Equity Equal Weight,Base,Equal Weight,Equity,False,SHW,Materials,equity,0.02,0.02,,,False,1.0,2020-12-01,2021-11-30,252
2021-12-01,Equity Equal Weight,Base,Equal Weight,Equity,False,SLB,Energy,equity,0.02,0.02,,,False,1.0,2020-12-01,2021-11-30,252
2021-12-01,Equity Equal Weight,Base,Equal Weight,Equity,False,SO,Utilities,equity,0.02,0.02,,,False,1.0,2020-12-01,2021-11-30,252
2021-12-01,Equity Equal Weight,Base,Equal Weight,Equity,False,T,Comm,equity,0.02,0.02,,,False,1.0,2020-12-01,2021-11-30,252
2021-12-01,Equity Equal Weight,Base,Equal Weight,Equity,False,TMUS,Comm,equity,0.02,0.02,,,False,1.0,2020-12-01,2021-11-30,252
2021-12-01,Equity Equal Weight,Base,Equal Weight,Equity,False,TTWO,Comm,equity,0.02,0.02,,,False,1.0,2020-12-01,2021-11-30,252
2021-12-01,Equity Equal Weight,Base,Equal Weight,Equity,False,UPS,Industrials,equity,0.02,0.02,,,False,1.0,2020-12-01,2021-11-30,252
2021-12-01,Equity Equal Weight,Base,Equal Weight,Equity,False,USB,Financials,equity,0.02,0.02,,,False,1.0,2020-12-01,2021-11-30,252
2021-12-01,Equity Equal Weight,Base,Equal Weight,Equity,False,V,Financials,equity,0.02,0.02,,,False,1.0,2020-12-01,2021-11-30,252
2021-12-01,Equity Equal Weight,Base,Equal Weight,Equity,False,WFC,Financials,equity,0.02,0.02,,,False,1.0,2020-12-01,2021-11-30,252
2021-12-01,Equity Equal Weight,Base,Equal Weight,Equity,False,WMT,Consumer,equity,0.02,0.02,,,False,1.0,2020-12-01,2021-11-30,252
2021-12-01,Equity Equal Weight,Base,Equal Weight,Equity,False,XOM,Energy,equity,0.02,0.02,,,False,1.0,2020-12-01,2021-11-30,252
2021-12-01,Equity Equal Weight + Sector Sentiment,Sentiment fusion,Equal Weight + Sector Sentiment,Equity,True,ABBV,Healthcare,equity,0.01976343808907569,0.02,2021-11-30,0.09612380952380954,True,1.0480619047619049,2020-12-01,2021-11-30,252
2021-12-01,Equity Equal Weight + Sector Sentiment,Sentiment fusion,Equal Weight + Sector Sentiment,Equity,True,ABT,Healthcare,equity,0.01976343808907569,0.02,2021-11-30,0.09612380952380954,True,1.0480619047619049,2020-12-01,2021-11-30,252
2021-12-01,Equity Equal Weight + Sector Sentiment,Sentiment fusion,Equal Weight + Sector Sentiment,Equity,True,ADBE,Tech,equity,0.019059062228130495,0.02,2021-11-30,0.02141722222222222,True,1.0107086111111112,2020-12-01,2021-11-30,252
2021-12-01,Equity Equal Weight + Sector Sentiment,Sentiment fusion,Equal Weight + Sector Sentiment,Equity,True,AEP,Utilities,equity,0.02161804790857238,0.02,2021-11-30,0.292825,True,1.1464125,2020-12-01,2021-11-30,252
2021-12-01,Equity Equal Weight + Sector Sentiment,Sentiment fusion,Equal Weight + Sector Sentiment,Equity,True,AMD,Tech,equity,0.019059062228130495,0.02,2021-11-30,0.02141722222222222,True,1.0107086111111112,2020-12-01,2021-11-30,252
2021-12-01,Equity Equal Weight + Sector Sentiment,Sentiment fusion,Equal Weight + Sector Sentiment,Equity,True,AMGN,Healthcare,equity,0.01976343808907569,0.02,2021-11-30,0.09612380952380954,True,1.0480619047619049,2020-12-01,2021-11-30,252
2021-12-01,Equity Equal Weight + Sector Sentiment,Sentiment fusion,Equal Weight + Sector Sentiment,Equity,True,AMT,RealEstate,equity,0.018857128571585165,0.02,2021-11-30,0.0,True,1.0,2020-12-01,2021-11-30,252
2021-12-01,Equity Equal Weight + Sector Sentiment,Sentiment fusion,Equal Weight + Sector Sentiment,Equity,True,BA,Industrials,equity,0.019867084949331648,0.02,2021-11-30,0.10711666666666668,True,1.0535583333333334,2020-12-01,2021-11-30,252
2021-12-01,Equity Equal Weight + Sector Sentiment,Sentiment fusion,Equal Weight + Sector Sentiment,Equity,True,CAT,Industrials,equity,0.019867084949331648,0.02,2021-11-30,0.10711666666666668,True,1.0535583333333334,2020-12-01,2021-11-30,252
2021-12-01,Equity Equal Weight + Sector Sentiment,Sentiment fusion,Equal Weight + Sector Sentiment,Equity,True,CCI,RealEstate,equity,0.018857128571585165,0.02,2021-11-30,0.0,True,1.0,2020-12-01,2021-11-30,252
2021-12-01,Equity Equal Weight + Sector Sentiment,Sentiment fusion,Equal Weight + Sector Sentiment,Equity,True,CMCSA,Comm,equity,0.019804856425045415,0.02,2021-11-30,0.10051666666666666,True,1.0502583333333333,2020-12-01,2021-11-30,252
2021-12-01,Equity Equal Weight + Sector Sentiment,Sentiment fusion,Equal Weight + Sector Sentiment,Equity,True,COP,Energy,equity,0.018577276997877486,0.02,2021-11-30,-0.029681250000000034,True,0.985159375,2020-12-01,2021-11-30,252
2021-12-01,Equity Equal Weight + Sector Sentiment,Sentiment fusion,Equal Weight + Sector Sentiment,Equity,True,CVX,Energy,equity,0.018577276997877486,0.02,2021-11-30,-0.029681250000000034,True,0.985159375,2020-12-01,2021-11-30,252
2021-12-01,Equity Equal Weight + Sector Sentiment,Sentiment fusion,Equal Weight + Sector Sentiment,Equity,True,D,Utilities,equity,0.02161804790857238,0.02,2021-11-30,0.292825,True,1.1464125,2020-12-01,2021-11-30,252
2021-12-01,Equity Equal Weight + Sector Sentiment,Sentiment fusion,Equal Weight + Sector Sentiment,Equity,True,DD,Materials,equity,0.020758162845708097,0.02,2021-11-30,0.201625,True,1.1008125,2020-12-01,2021-11-30,252
2021-12-01,Equity Equal Weight + Sector Sentiment,Sentiment fusion,Equal Weight + Sector Sentiment,Equity,True,DIS,Consumer,equity,0.02110325615570501,0.02,2021-11-30,0.23822583333333333,True,1.1191129166666667,2020-12-01,2021-11-30,252
2021-12-01,Equity Equal Weight + Sector Sentiment,Sentiment fusion,Equal Weight + Sector Sentiment,Equity,True,DOW,Materials,equity,0.020758162845708097,0.02,2021-11-30,0.201625,True,1.1008125,2020-12-01,2021-11-30,252
2021-12-01,Equity Equal Weight + Sector Sentiment,Sentiment fusion,Equal Weight + Sector Sentiment,Equity,True,DUK,Utilities,equity,0.02161804790857238,0.02,2021-11-30,0.292825,True,1.1464125,2020-12-01,2021-11-30,252
2021-12-01,Equity Equal Weight + Sector Sentiment,Sentiment fusion,Equal Weight + Sector Sentiment,Equity,True,EA,Comm,equity,0.019804856425045415,0.02,2021-11-30,0.10051666666666666,True,1.0502583333333333,2020-12-01,2021-11-30,252
2021-12-01,Equity Equal Weight + Sector Sentiment,Sentiment fusion,Equal Weight + Sector Sentiment,Equity,True,GE,Industrials,equity,0.019867084949331648,0.02,2021-11-30,0.10711666666666668,True,1.0535583333333334,2020-12-01,2021-11-30,252
2021-12-01,Equity Equal Weight + Sector Sentiment,Sentiment fusion,Equal Weight + Sector Sentiment,Equity,True,GILD,Healthcare,equity,0.01976343808907569,0.02,2021-11-30,0.09612380952380954,True,1.0480619047619049,2020-12-01,2021-11-30,252
2021-12-01,Equity Equal Weight + Sector Sentiment,Sentiment fusion,Equal Weight + Sector Sentiment,Equity,True,GS,Financials,equity,0.020591685828968618,0.02,2021-11-30,0.18396833333333334,True,1.0919841666666668,2020-12-01,2021-11-30,252
2021-12-01,Equity Equal Weight + Sector Sentiment,Sentiment fusion,Equal Weight + Sector Sentiment,Equity,True,INTC,Tech,equity,0.019059062228130495,0.02,2021-11-30,0.02141722222222222,True,1.0107086111111112,2020-12-01,2021-11-30,252
2021-12-01,Equity Equal Weight + Sector Sentiment,Sentiment fusion,Equal Weight + Sector Sentiment,Equity,True,KO,Consumer,equity,0.02110325615570501,0.02,2021-11-30,0.23822583333333333,True,1.1191129166666667,2020-12-01,2021-11-30,252
2021-12-01,Equity Equal Weight + Sector Sentiment,Sentiment fusion,Equal Weight + Sector Sentiment,Equity,True,MMM,Industrials,equity,0.019867084949331648,0.02,2021-11-30,0.10711666666666668,True,1.0535583333333334,2020-12-01,2021-11-30,252
2021-12-01,Equity Equal Weight + Sector Sentiment,Sentiment fusion,Equal Weight + Sector Sentiment,Equity,True,MRK,Healthcare,equity,0.01976343808907569,0.02,2021-11-30,0.09612380952380954,True,1.0480619047619049,2020-12-01,2021-11-30,252
2021-12-01,Equity Equal Weight + Sector Sentiment,Sentiment fusion,Equal Weight + Sector Sentiment,Equity,True,MS,Financials,equity,0.020591685828968618,0.02,2021-11-30,0.18396833333333334,True,1.0919841666666668,2020-12-01,2021-11-30,252
2021-12-01,Equity Equal Weight + Sector Sentiment,Sentiment fusion,Equal Weight + Sector Sentiment,Equity,True,NEE,Utilities,equity,0.02161804790857238,0.02,2021-11-30,0.292825,True,1.1464125,2020-12-01,2021-11-30,252
2021-12-01,Equity Equal Weight + Sector Sentiment,Sentiment fusion,Equal Weight + Sector Sentiment,Equity,True,NEM,Materials,equity,0.020758162845708097,0.02,2021-11-30,0.201625,True,1.1008125,2020-12-01,2021-11-30,252
2021-12-01,Equity Equal Weight + Sector Sentiment,Sentiment fusion,Equal Weight + Sector Sentiment,Equity,True,NKE,Consumer,equity,0.02110325615570501,0.02,2021-11-30,0.23822583333333333,True,1.1191129166666667,2020-12-01,2021-11-30,252
2021-12-01,Equity Equal Weight + Sector Sentiment,Sentiment fusion,Equal Weight + Sector Sentiment,Equity,True,NUE,Materials,equity,0.020758162845708097,0.02,2021-11-30,0.201625,True,1.1008125,2020-12-01,2021-11-30,252
2021-12-01,Equity Equal Weight + Sector Sentiment,Sentiment fusion,Equal Weight + Sector Sentiment,Equity,True,NVDA,Tech,equity,0.019059062228130495,0.02,2021-11-30,0.02141722222222222,True,1.0107086111111112,2020-12-01,2021-11-30,252
2021-12-01,Equity Equal Weight + Sector Sentiment,Sentiment fusion,Equal Weight + Sector Sentiment,Equity,True,O,RealEstate,equity,0.018857128571585165,0.02,2021-11-30,0.0,True,1.0,2020-12-01,2021-11-30,252
2021-12-01,Equity Equal Weight + Sector Sentiment,Sentiment fusion,Equal Weight + Sector Sentiment,Equity,True,OXY,Energy,equity,0.018577276997877486,0.02,2021-11-30,-0.029681250000000034,True,0.985159375,2020-12-01,2021-11-30,252
2021-12-01,Equity Equal Weight + Sector Sentiment,Sentiment fusion,Equal Weight + Sector Sentiment,Equity,True,PLD,RealEstate,equity,0.018857128571585165,0.02,2021-11-30,0.0,True,1.0,2020-12-01,2021-11-30,252
2021-12-01,Equity Equal Weight + Sector Sentiment,Sentiment fusion,Equal Weight + Sector Sentiment,Equity,True,PSA,RealEstate,equity,0.018857128571585165,0.02,2021-11-30,0.0,True,1.0,2020-12-01,2021-11-30,252
2021-12-01,Equity Equal Weight + Sector Sentiment,Sentiment fusion,Equal Weight + Sector Sentiment,Equity,True,QCOM,Tech,equity,0.019059062228130495,0.02,2021-11-30,0.02141722222222222,True,1.0107086111111112,2020-12-01,2021-11-30,252
2021-12-01,Equity Equal Weight + Sector Sentiment,Sentiment fusion,Equal Weight + Sector Sentiment,Equity,True,SBUX,Consumer,equity,0.02110325615570501,0.02,2021-11-30,0.23822583333333333,True,1.1191129166666667,2020-12-01,2021-11-30,252
2021-12-01,Equity Equal Weight + Sector Sentiment,Sentiment fusion,Equal Weight + Sector Sentiment,Equity,True,SHW,Materials,equity,0.020758162845708097,0.02,2021-11-30,0.201625,True,1.1008125,2020-12-01,2021-11-30,252
2021-12-01,Equity Equal Weight + Sector Sentiment,Sentiment fusion,Equal Weight + Sector Sentiment,Equity,True,SLB,Energy,equity,0.018577276997877486,0.02,2021-11-30,-0.029681250000000034,True,0.985159375,2020-12-01,2021-11-30,252
2021-12-01,Equity Equal Weight + Sector Sentiment,Sentiment fusion,Equal Weight + Sector Sentiment,Equity,True,SO,Utilities,equity,0.02161804790857238,0.02,2021-11-30,0.292825,True,1.1464125,2020-12-01,2021-11-30,252
2021-12-01,Equity Equal Weight + Sector Sentiment,Sentiment fusion,Equal Weight + Sector Sentiment,Equity,True,T,Comm,equity,0.019804856425045415,0.02,2021-11-30,0.10051666666666666,True,1.0502583333333333,2020-12-01,2021-11-30,252
2021-12-01,Equity Equal Weight + Sector Sentiment,Sentiment fusion,Equal Weight + Sector Sentiment,Equity,True,TMUS,Comm,equity,0.019804856425045415,0.02,2021-11-30,0.10051666666666666,True,1.0502583333333333,2020-12-01,2021-11-30,252
2021-12-01,Equity Equal Weight + Sector Sentiment,Sentiment fusion,Equal Weight + Sector Sentiment,Equity,True,TTWO,Comm,equity,0.019804856425045415,0.02,2021-11-30,0.10051666666666666,True,1.0502583333333333,2020-12-01,2021-11-30,252
2021-12-01,Equity Equal Weight + Sector Sentiment,Sentiment fusion,Equal Weight + Sector Sentiment,Equity,True,UPS,Industrials,equity,0.019867084949331648,0.02,2021-11-30,0.10711666666666668,True,1.0535583333333334,2020-12-01,2021-11-30,252
2021-12-01,Equity Equal Weight + Sector Sentiment,Sentiment fusion,Equal Weight + Sector Sentiment,Equity,True,USB,Financials,equity,0.020591685828968618,0.02,2021-11-30,0.18396833333333334,True,1.0919841666666668,2020-12-01,2021-11-30,252
2021-12-01,Equity Equal Weight + Sector Sentiment,Sentiment fusion,Equal Weight + Sector Sentiment,Equity,True,V,Financials,equity,0.020591685828968618,0.02,2021-11-30,0.18396833333333334,True,1.0919841666666668,2020-12-01,2021-11-30,252
2021-12-01,Equity Equal Weight + Sector Sentiment,Sentiment fusion,Equal Weight + Sector Sentiment,Equity,True,WFC,Financials,equity,0.020591685828968618,0.02,2021-11-30,0.18396833333333334,True,1.0919841666666668,2020-12-01,2021-11-30,252
2021-12-01,Equity Equal Weight + Sector Sentiment,Sentiment fusion,Equal Weight + Sector Sentiment,Equity,True,WMT,Consumer,equity,0.02110325615570501,0.02,2021-11-30,0.23822583333333333,True,1.1191129166666667,2020-12-01,2021-11-30,252
2021-12-01,Equity Equal Weight + Sector Sentiment,Sentiment fusion,Equal Weight + Sector Sentiment,Equity,True,XOM,Energy,equity,0.018577276997877486,0.02,2021-11-30,-0.029681250000000034,True,0.985159375,2020-12-01,2021-11-30,252
2022-01-03,Equity Equal Weight,Base,Equal Weight,Equity,False,ABBV,Healthcare,equity,0.02,0.02,,,False,1.0,2021-01-04,2021-12-31,252
2022-01-03,Equity Equal Weight,Base,Equal Weight,Equity,False,ABT,Healthcare,equity,0.02,0.02,,,False,1.0,2021-01-04,2021-12-31,252
2022-01-03,Equity Equal Weight,Base,Equal Weight,Equity,False,ADBE,Tech,equity,0.02,0.02,,,False,1.0,2021-01-04,2021-12-31,252
2022-01-03,Equity Equal Weight,Base,Equal Weight,Equity,False,AEP,Utilities,equity,0.02,0.02,,,False,1.0,2021-01-04,2021-12-31,252
2022-01-03,Equity Equal Weight,Base,Equal Weight,Equity,False,AMD,Tech,equity,0.02,0.02,,,False,1.0,2021-01-04,2021-12-31,252
2022-01-03,Equity Equal Weight,Base,Equal Weight,Equity,False,AMGN,Healthcare,equity,0.02,0.02,,,False,1.0,2021-01-04,2021-12-31,252
2022-01-03,Equity Equal Weight,Base,Equal Weight,Equity,False,AMT,RealEstate,equity,0.02,0.02,,,False,1.0,2021-01-04,2021-12-31,252
2022-01-03,Equity Equal Weight,Base,Equal Weight,Equity,False,BA,Industrials,equity,0.02,0.02,,,False,1.0,2021-01-04,2021-12-31,252
2022-01-03,Equity Equal Weight,Base,Equal Weight,Equity,False,CAT,Industrials,equity,0.02,0.02,,,False,1.0,2021-01-04,2021-12-31,252
2022-01-03,Equity Equal Weight,Base,Equal Weight,Equity,False,CCI,RealEstate,equity,0.02,0.02,,,False,1.0,2021-01-04,2021-12-31,252
2022-01-03,Equity Equal Weight,Base,Equal Weight,Equity,False,CMCSA,Comm,equity,0.02,0.02,,,False,1.0,2021-01-04,2021-12-31,252
2022-01-03,Equity Equal Weight,Base,Equal Weight,Equity,False,COP,Energy,equity,0.02,0.02,,,False,1.0,2021-01-04,2021-12-31,252
2022-01-03,Equity Equal Weight,Base,Equal Weight,Equity,False,CVX,Energy,equity,0.02,0.02,,,False,1.0,2021-01-04,2021-12-31,252
2022-01-03,Equity Equal Weight,Base,Equal Weight,Equity,False,D,Utilities,equity,0.02,0.02,,,False,1.0,2021-01-04,2021-12-31,252
2022-01-03,Equity Equal Weight,Base,Equal Weight,Equity,False,DD,Materials,equity,0.02,0.02,,,False,1.0,2021-01-04,2021-12-31,252
2022-01-03,Equity Equal Weight,Base,Equal Weight,Equity,False,DIS,Consumer,equity,0.02,0.02,,,False,1.0,2021-01-04,2021-12-31,252
2022-01-03,Equity Equal Weight,Base,Equal Weight,Equity,False,DOW,Materials,equity,0.02,0.02,,,False,1.0,2021-01-04,2021-12-31,252
2022-01-03,Equity Equal Weight,Base,Equal Weight,Equity,False,DUK,Utilities,equity,0.02,0.02,,,False,1.0,2021-01-04,2021-12-31,252
2022-01-03,Equity Equal Weight,Base,Equal Weight,Equity,False,EA,Comm,equity,0.02,0.02,,,False,1.0,2021-01-04,2021-12-31,252
2022-01-03,Equity Equal Weight,Base,Equal Weight,Equity,False,GE,Industrials,equity,0.02,0.02,,,False,1.0,2021-01-04,2021-12-31,252
2022-01-03,Equity Equal Weight,Base,Equal Weight,Equity,False,GILD,Healthcare,equity,0.02,0.02,,,False,1.0,2021-01-04,2021-12-31,252
2022-01-03,Equity Equal Weight,Base,Equal Weight,Equity,False,GS,Financials,equity,0.02,0.02,,,False,1.0,2021-01-04,2021-12-31,252
2022-01-03,Equity Equal Weight,Base,Equal Weight,Equity,False,INTC,Tech,equity,0.02,0.02,,,False,1.0,2021-01-04,2021-12-31,252
2022-01-03,Equity Equal Weight,Base,Equal Weight,Equity,False,KO,Consumer,equity,0.02,0.02,,,False,1.0,2021-01-04,2021-12-31,252
2022-01-03,Equity Equal Weight,Base,Equal Weight,Equity,False,MMM,Industrials,equity,0.02,0.02,,,False,1.0,2021-01-04,2021-12-31,252
2022-01-03,Equity Equal Weight,Base,Equal Weight,Equity,False,MRK,Healthcare,equity,0.02,0.02,,,False,1.0,2021-01-04,2021-12-31,252
2022-01-03,Equity Equal Weight,Base,Equal Weight,Equity,False,MS,Financials,equity,0.02,0.02,,,False,1.0,2021-01-04,2021-12-31,252
2022-01-03,Equity Equal Weight,Base,Equal Weight,Equity,False,NEE,Utilities,equity,0.02,0.02,,,False,1.0,2021-01-04,2021-12-31,252
2022-01-03,Equity Equal Weight,Base,Equal Weight,Equity,False,NEM,Materials,equity,0.02,0.02,,,False,1.0,2021-01-04,2021-12-31,252
2022-01-03,Equity Equal Weight,Base,Equal Weight,Equity,False,NKE,Consumer,equity,0.02,0.02,,,False,1.0,2021-01-04,2021-12-31,252
2022-01-03,Equity Equal Weight,Base,Equal Weight,Equity,False,NUE,Materials,equity,0.02,0.02,,,False,1.0,2021-01-04,2021-12-31,252
2022-01-03,Equity Equal Weight,Base,Equal Weight,Equity,False,NVDA,Tech,equity,0.02,0.02,,,False,1.0,2021-01-04,2021-12-31,252
2022-01-03,Equity Equal Weight,Base,Equal Weight,Equity,False,O,RealEstate,equity,0.02,0.02,,,False,1.0,2021-01-04,2021-12-31,252
2022-01-03,Equity Equal Weight,Base,Equal Weight,Equity,False,OXY,Energy,equity,0.02,0.02,,,False,1.0,2021-01-04,2021-12-31,252
2022-01-03,Equity Equal Weight,Base,Equal Weight,Equity,False,PLD,RealEstate,equity,0.02,0.02,,,False,1.0,2021-01-04,2021-12-31,252
2022-01-03,Equity Equal Weight,Base,Equal Weight,Equity,False,PSA,RealEstate,equity,0.02,0.02,,,False,1.0,2021-01-04,2021-12-31,252
2022-01-03,Equity Equal Weight,Base,Equal Weight,Equity,False,QCOM,Tech,equity,0.02,0.02,,,False,1.0,2021-01-04,2021-12-31,252
2022-01-03,Equity Equal Weight,Base,Equal Weight,Equity,False,SBUX,Consumer,equity,0.02,0.02,,,False,1.0,2021-01-04,2021-12-31,252
2022-01-03,Equity Equal Weight,Base,Equal Weight,Equity,False,SHW,Materials,equity,0.02,0.02,,,False,1.0,2021-01-04,2021-12-31,252
2022-01-03,Equity Equal Weight,Base,Equal Weight,Equity,False,SLB,Energy,equity,0.02,0.02,,,False,1.0,2021-01-04,2021-12-31,252
2022-01-03,Equity Equal Weight,Base,Equal Weight,Equity,False,SO,Utilities,equity,0.02,0.02,,,False,1.0,2021-01-04,2021-12-31,252
2022-01-03,Equity Equal Weight,Base,Equal Weight,Equity,False,T,Comm,equity,0.02,0.02,,,False,1.0,2021-01-04,2021-12-31,252
2022-01-03,Equity Equal Weight,Base,Equal Weight,Equity,False,TMUS,Comm,equity,0.02,0.02,,,False,1.0,2021-01-04,2021-12-31,252
2022-01-03,Equity Equal Weight,Base,Equal Weight,Equity,False,TTWO,Comm,equity,0.02,0.02,,,False,1.0,2021-01-04,2021-12-31,252
2022-01-03,Equity Equal Weight,Base,Equal Weight,Equity,False,UPS,Industrials,equity,0.02,0.02,,,False,1.0,2021-01-04,2021-12-31,252
2022-01-03,Equity Equal Weight,Base,Equal Weight,Equity,False,USB,Financials,equity,0.02,0.02,,,False,1.0,2021-01-04,2021-12-31,252
2022-01-03,Equity Equal Weight,Base,Equal Weight,Equity,False,V,Financials,equity,0.02,0.02,,,False,1.0,2021-01-04,2021-12-31,252
2022-01-03,Equity Equal Weight,Base,Equal Weight,Equity,False,WFC,Financials,equity,0.02,0.02,,,False,1.0,2021-01-04,2021-12-31,252
2022-01-03,Equity Equal Weight,Base,Equal Weight,Equity,False,WMT,Consumer,equity,0.02,0.02,,,False,1.0,2021-01-04,2021-12-31,252
2022-01-03,Equity Equal Weight,Base,Equal Weight,Equity,False,XOM,Energy,equity,0.02,0.02,,,False,1.0,2021-01-04,2021-12-31,252
2022-01-03,Equity Equal Weight + Sector Sentiment,Sentiment fusion,Equal Weight + Sector Sentiment,Equity,True,ABBV,Healthcare,equity,0.02041237094390708,0.02,2021-12-31,0.15055,True,1.075275,2021-01-04,2021-12-31,252
2022-01-03,Equity Equal Weight + Sector Sentiment,Sentiment fusion,Equal Weight + Sector Sentiment,Equity,True,ABT,Healthcare,equity,0.02041237094390708,0.02,2021-12-31,0.15055,True,1.075275,2021-01-04,2021-12-31,252
2022-01-03,Equity Equal Weight + Sector Sentiment,Sentiment fusion,Equal Weight + Sector Sentiment,Equity,True,ADBE,Tech,equity,0.02120322328177661,0.02,2021-12-31,0.2338704285714286,True,1.1169352142857143,2021-01-04,2021-12-31,252
2022-01-03,Equity Equal Weight + Sector Sentiment,Sentiment fusion,Equal Weight + Sector Sentiment,Equity,True,AEP,Utilities,equity,0.02027996175803951,0.02,2021-12-31,0.1366,True,1.0683,2021-01-04,2021-12-31,252
2022-01-03,Equity Equal Weight + Sector Sentiment,Sentiment fusion,Equal Weight + Sector Sentiment,Equity,True,AMD,Tech,equity,0.02120322328177661,0.02,2021-12-31,0.2338704285714286,True,1.1169352142857143,2021-01-04,2021-12-31,252
2022-01-03,Equity Equal Weight + Sector Sentiment,Sentiment fusion,Equal Weight + Sector Sentiment,Equity,True,AMGN,Healthcare,equity,0.02041237094390708,0.02,2021-12-31,0.15055,True,1.075275,2021-01-04,2021-12-31,252
2022-01-03,Equity Equal Weight + Sector Sentiment,Sentiment fusion,Equal Weight + Sector Sentiment,Equity,True,AMT,RealEstate,equity,0.019428081870468582,0.02,2021-12-31,0.04684999999999999,True,1.023425,2021-01-04,2021-12-31,252
2022-01-03,Equity Equal Weight + Sector Sentiment,Sentiment fusion,Equal Weight + Sector Sentiment,Equity,True,BA,Industrials,equity,0.018983395823307603,0.02,2021-12-31,0.0,True,1.0,2021-01-04,2021-12-31,252
2022-01-03,Equity Equal Weight + Sector Sentiment,Sentiment fusion,Equal Weight + Sector Sentiment,Equity,True,CAT,Industrials,equity,0.018983395823307603,0.02,2021-12-31,0.0,True,1.0,2021-01-04,2021-12-31,252
2022-01-03,Equity Equal Weight + Sector Sentiment,Sentiment fusion,Equal Weight + Sector Sentiment,Equity,True,CCI,RealEstate,equity,0.019428081870468582,0.02,2021-12-31,0.04684999999999999,True,1.023425,2021-01-04,2021-12-31,252
2022-01-03,Equity Equal Weight + Sector Sentiment,Sentiment fusion,Equal Weight + Sector Sentiment,Equity,True,CMCSA,Comm,equity,0.019192107714053858,0.02,2021-12-31,0.02198888888888889,True,1.0109944444444445,2021-01-04,2021-12-31,252
2022-01-03,Equity Equal Weight + Sector Sentiment,Sentiment fusion,Equal Weight + Sector Sentiment,Equity,True,COP,Energy,equity,0.022257557017932576,0.02,2021-12-31,0.34495000000000003,True,1.172475,2021-01-04,2021-12-31,252
2022-01-03,Equity Equal Weight + Sector Sentiment,Sentiment fusion,Equal Weight + Sector Sentiment,Equity,True,CVX,Energy,equity,0.022257557017932576,0.02,2021-12-31,0.34495000000000003,True,1.172475,2021-01-04,2021-12-31,252
2022-01-03,Equity Equal Weight + Sector Sentiment,Sentiment fusion,Equal Weight + Sector Sentiment,Equity,True,D,Utilities,equity,0.02027996175803951,0.02,2021-12-31,0.1366,True,1.0683,2021-01-04,2021-12-31,252
2022-01-03,Equity Equal Weight + Sector Sentiment,Sentiment fusion,Equal Weight + Sector Sentiment,Equity,True,DD,Materials,equity,0.018983395823307603,0.02,2021-12-31,,False,1.0,2021-01-04,2021-12-31,252
2022-01-03,Equity Equal Weight + Sector Sentiment,Sentiment fusion,Equal Weight + Sector Sentiment,Equity,True,DIS,Consumer,equity,0.019510786198272127,0.02,2021-12-31,0.05556333333333334,True,1.0277816666666666,2021-01-04,2021-12-31,252
2022-01-03,Equity Equal Weight + Sector Sentiment,Sentiment fusion,Equal Weight + Sector Sentiment,Equity,True,DOW,Materials,equity,0.018983395823307603,0.02,2021-12-31,,False,1.0,2021-01-04,2021-12-31,252
2022-01-03,Equity Equal Weight + Sector Sentiment,Sentiment fusion,Equal Weight + Sector Sentiment,Equity,True,DUK,Utilities,equity,0.02027996175803951,0.02,2021-12-31,0.1366,True,1.0683,2021-01-04,2021-12-31,252
2022-01-03,Equity Equal Weight + Sector Sentiment,Sentiment fusion,Equal Weight + Sector Sentiment,Equity,True,EA,Comm,equity,0.019192107714053858,0.02,2021-12-31,0.02198888888888889,True,1.0109944444444445,2021-01-04,2021-12-31,252
2022-01-03,Equity Equal Weight + Sector Sentiment,Sentiment fusion,Equal Weight + Sector Sentiment,Equity,True,GE,Industrials,equity,0.018983395823307603,0.02,2021-12-31,0.0,True,1.0,2021-01-04,2021-12-31,252
2022-01-03,Equity Equal Weight + Sector Sentiment,Sentiment fusion,Equal Weight + Sector Sentiment,Equity,True,GILD,Healthcare,equity,0.02041237094390708,0.02,2021-12-31,0.15055,True,1.075275,2021-01-04,2021-12-31,252
2022-01-03,Equity Equal Weight + Sector Sentiment,Sentiment fusion,Equal Weight + Sector Sentiment,Equity,True,GS,Financials,equity,0.019749119568934447,0.02,2021-12-31,0.080673,True,1.0403365,2021-01-04,2021-12-31,252
2022-01-03,Equity Equal Weight + Sector Sentiment,Sentiment fusion,Equal Weight + Sector Sentiment,Equity,True,INTC,Tech,equity,0.02120322328177661,0.02,2021-12-31,0.2338704285714286,True,1.1169352142857143,2021-01-04,2021-12-31,252
2022-01-03,Equity Equal Weight + Sector Sentiment,Sentiment fusion,Equal Weight + Sector Sentiment,Equity,True,KO,Consumer,equity,0.019510786198272127,0.02,2021-12-31,0.05556333333333334,True,1.0277816666666666,2021-01-04,2021-12-31,252
2022-01-03,Equity Equal Weight + Sector Sentiment,Sentiment fusion,Equal Weight + Sector Sentiment,Equity,True,MMM,Industrials,equity,0.018983395823307603,0.02,2021-12-31,0.0,True,1.0,2021-01-04,2021-12-31,252
2022-01-03,Equity Equal Weight + Sector Sentiment,Sentiment fusion,Equal Weight + Sector Sentiment,Equity,True,MRK,Healthcare,equity,0.02041237094390708,0.02,2021-12-31,0.15055,True,1.075275,2021-01-04,2021-12-31,252
2022-01-03,Equity Equal Weight + Sector Sentiment,Sentiment fusion,Equal Weight + Sector Sentiment,Equity,True,MS,Financials,equity,0.019749119568934447,0.02,2021-12-31,0.080673,True,1.0403365,2021-01-04,2021-12-31,252
2022-01-03,Equity Equal Weight + Sector Sentiment,Sentiment fusion,Equal Weight + Sector Sentiment,Equity,True,NEE,Utilities,equity,0.02027996175803951,0.02,2021-12-31,0.1366,True,1.0683,2021-01-04,2021-12-31,252
2022-01-03,Equity Equal Weight + Sector Sentiment,Sentiment fusion,Equal Weight + Sector Sentiment,Equity,True,NEM,Materials,equity,0.018983395823307603,0.02,2021-12-31,,False,1.0,2021-01-04,2021-12-31,252
2022-01-03,Equity Equal Weight + Sector Sentiment,Sentiment fusion,Equal Weight + Sector Sentiment,Equity,True,NKE,Consumer,equity,0.019510786198272127,0.02,2021-12-31,0.05556333333333334,True,1.0277816666666666,2021-01-04,2021-12-31,252
2022-01-03,Equity Equal Weight + Sector Sentiment,Sentiment fusion,Equal Weight + Sector Sentiment,Equity,True,NUE,Materials,equity,0.018983395823307603,0.02,2021-12-31,,False,1.0,2021-01-04,2021-12-31,252
2022-01-03,Equity Equal Weight + Sector Sentiment,Sentiment fusion,Equal Weight + Sector Sentiment,Equity,True,NVDA,Tech,equity,0.02120322328177661,0.02,2021-12-31,0.2338704285714286,True,1.1169352142857143,2021-01-04,2021-12-31,252
2022-01-03,Equity Equal Weight + Sector Sentiment,Sentiment fusion,Equal Weight + Sector Sentiment,Equity,True,O,RealEstate,equity,0.019428081870468582,0.02,2021-12-31,0.04684999999999999,True,1.023425,2021-01-04,2021-12-31,252
2022-01-03,Equity Equal Weight + Sector Sentiment,Sentiment fusion,Equal Weight + Sector Sentiment,Equity,True,OXY,Energy,equity,0.022257557017932576,0.02,2021-12-31,0.34495000000000003,True,1.172475,2021-01-04,2021-12-31,252
2022-01-03,Equity Equal Weight + Sector Sentiment,Sentiment fusion,Equal Weight + Sector Sentiment,Equity,True,PLD,RealEstate,equity,0.019428081870468582,0.02,2021-12-31,0.04684999999999999,True,1.023425,2021-01-04,2021-12-31,252
2022-01-03,Equity Equal Weight + Sector Sentiment,Sentiment fusion,Equal Weight + Sector Sentiment,Equity,True,PSA,RealEstate,equity,0.019428081870468582,0.02,2021-12-31,0.04684999999999999,True,1.023425,2021-01-04,2021-12-31,252
2022-01-03,Equity Equal Weight + Sector Sentiment,Sentiment fusion,Equal Weight + Sector Sentiment,Equity,True,QCOM,Tech,equity,0.02120322328177661,0.02,2021-12-31,0.2338704285714286,True,1.1169352142857143,2021-01-04,2021-12-31,252
2022-01-03,Equity Equal Weight + Sector Sentiment,Sentiment fusion,Equal Weight + Sector Sentiment,Equity,True,SBUX,Consumer,equity,0.019510786198272127,0.02,2021-12-31,0.05556333333333334,True,1.0277816666666666,2021-01-04,2021-12-31,252
2022-01-03,Equity Equal Weight + Sector Sentiment,Sentiment fusion,Equal Weight + Sector Sentiment,Equity,True,SHW,Materials,equity,0.018983395823307603,0.02,2021-12-31,,False,1.0,2021-01-04,2021-12-31,252
2022-01-03,Equity Equal Weight + Sector Sentiment,Sentiment fusion,Equal Weight + Sector Sentiment,Equity,True,SLB,Energy,equity,0.022257557017932576,0.02,2021-12-31,0.34495000000000003,True,1.172475,2021-01-04,2021-12-31,252
2022-01-03,Equity Equal Weight + Sector Sentiment,Sentiment fusion,Equal Weight + Sector Sentiment,Equity,True,SO,Utilities,equity,0.02027996175803951,0.02,2021-12-31,0.1366,True,1.0683,2021-01-04,2021-12-31,252
2022-01-03,Equity Equal Weight + Sector Sentiment,Sentiment fusion,Equal Weight + Sector Sentiment,Equity,True,T,Comm,equity,0.019192107714053858,0.02,2021-12-31,0.02198888888888889,True,1.0109944444444445,2021-01-04,2021-12-31,252
2022-01-03,Equity Equal Weight + Sector Sentiment,Sentiment fusion,Equal Weight + Sector Sentiment,Equity,True,TMUS,Comm,equity,0.019192107714053858,0.02,2021-12-31,0.02198888888888889,True,1.0109944444444445,2021-01-04,2021-12-31,252
2022-01-03,Equity Equal Weight + Sector Sentiment,Sentiment fusion,Equal Weight + Sector Sentiment,Equity,True,TTWO,Comm,equity,0.019192107714053858,0.02,2021-12-31,0.02198888888888889,True,1.0109944444444445,2021-01-04,2021-12-31,252
2022-01-03,Equity Equal Weight + Sector Sentiment,Sentiment fusion,Equal Weight + Sector Sentiment,Equity,True,UPS,Industrials,equity,0.018983395823307603,0.02,2021-12-31,0.0,True,1.0,2021-01-04,2021-12-31,252
2022-01-03,Equity Equal Weight + Sector Sentiment,Sentiment fusion,Equal Weight + Sector Sentiment,Equity,True,USB,Financials,equity,0.019749119568934447,0.02,2021-12-31,0.080673,True,1.0403365,2021-01-04,2021-12-31,252
2022-01-03,Equity Equal Weight + Sector Sentiment,Sentiment fusion,Equal Weight + Sector Sentiment,Equity,True,V,Financials,equity,0.019749119568934447,0.02,2021-12-31,0.080673,True,1.0403365,2021-01-04,2021-12-31,252
2022-01-03,Equity Equal Weight + Sector Sentiment,Sentiment fusion,Equal Weight + Sector Sentiment,Equity,True,WFC,Financials,equity,0.019749119568934447,0.02,2021-12-31,0.080673,True,1.0403365,2021-01-04,2021-12-31,252
2022-01-03,Equity Equal Weight + Sector Sentiment,Sentiment fusion,Equal Weight + Sector Sentiment,Equity,True,WMT,Consumer,equity,0.019510786198272127,0.02,2021-12-31,0.05556333333333334,True,1.0277816666666666,2021-01-04,2021-12-31,252
2022-01-03,Equity Equal Weight + Sector Sentiment,Sentiment fusion,Equal Weight + Sector Sentiment,Equity,True,XOM,Energy,equity,0.022257557017932576,0.02,2021-12-31,0.34495000000000003,True,1.172475,2021-01-04,2021-12-31,252
2022-02-01,Equity Equal Weight,Base,Equal Weight,Equity,False,ABBV,Healthcare,equity,0.02,0.02,,,False,1.0,2021-02-02,2022-01-31,252
2022-02-01,Equity Equal Weight,Base,Equal Weight,Equity,False,ABT,Healthcare,equity,0.02,0.02,,,False,1.0,2021-02-02,2022-01-31,252
2022-02-01,Equity Equal Weight,Base,Equal Weight,Equity,False,ADBE,Tech,equity,0.02,0.02,,,False,1.0,2021-02-02,2022-01-31,252
2022-02-01,Equity Equal Weight,Base,Equal Weight,Equity,False,AEP,Utilities,equity,0.02,0.02,,,False,1.0,2021-02-02,2022-01-31,252
2022-02-01,Equity Equal Weight,Base,Equal Weight,Equity,False,AMD,Tech,equity,0.02,0.02,,,False,1.0,2021-02-02,2022-01-31,252
2022-02-01,Equity Equal Weight,Base,Equal Weight,Equity,False,AMGN,Healthcare,equity,0.02,0.02,,,False,1.0,2021-02-02,2022-01-31,252
2022-02-01,Equity Equal Weight,Base,Equal Weight,Equity,False,AMT,RealEstate,equity,0.02,0.02,,,False,1.0,2021-02-02,2022-01-31,252
2022-02-01,Equity Equal Weight,Base,Equal Weight,Equity,False,BA,Industrials,equity,0.02,0.02,,,False,1.0,2021-02-02,2022-01-31,252
2022-02-01,Equity Equal Weight,Base,Equal Weight,Equity,False,CAT,Industrials,equity,0.02,0.02,,,False,1.0,2021-02-02,2022-01-31,252
2022-02-01,Equity Equal Weight,Base,Equal Weight,Equity,False,CCI,RealEstate,equity,0.02,0.02,,,False,1.0,2021-02-02,2022-01-31,252
2022-02-01,Equity Equal Weight,Base,Equal Weight,Equity,False,CMCSA,Comm,equity,0.02,0.02,,,False,1.0,2021-02-02,2022-01-31,252
2022-02-01,Equity Equal Weight,Base,Equal Weight,Equity,False,COP,Energy,equity,0.02,0.02,,,False,1.0,2021-02-02,2022-01-31,252
2022-02-01,Equity Equal Weight,Base,Equal Weight,Equity,False,CVX,Energy,equity,0.02,0.02,,,False,1.0,2021-02-02,2022-01-31,252
2022-02-01,Equity Equal Weight,Base,Equal Weight,Equity,False,D,Utilities,equity,0.02,0.02,,,False,1.0,2021-02-02,2022-01-31,252
2022-02-01,Equity Equal Weight,Base,Equal Weight,Equity,False,DD,Materials,equity,0.02,0.02,,,False,1.0,2021-02-02,2022-01-31,252
2022-02-01,Equity Equal Weight,Base,Equal Weight,Equity,False,DIS,Consumer,equity,0.02,0.02,,,False,1.0,2021-02-02,2022-01-31,252
2022-02-01,Equity Equal Weight,Base,Equal Weight,Equity,False,DOW,Materials,equity,0.02,0.02,,,False,1.0,2021-02-02,2022-01-31,252
2022-02-01,Equity Equal Weight,Base,Equal Weight,Equity,False,DUK,Utilities,equity,0.02,0.02,,,False,1.0,2021-02-02,2022-01-31,252
2022-02-01,Equity Equal Weight,Base,Equal Weight,Equity,False,EA,Comm,equity,0.02,0.02,,,False,1.0,2021-02-02,2022-01-31,252
2022-02-01,Equity Equal Weight,Base,Equal Weight,Equity,False,GE,Industrials,equity,0.02,0.02,,,False,1.0,2021-02-02,2022-01-31,252
2022-02-01,Equity Equal Weight,Base,Equal Weight,Equity,False,GILD,Healthcare,equity,0.02,0.02,,,False,1.0,2021-02-02,2022-01-31,252
2022-02-01,Equity Equal Weight,Base,Equal Weight,Equity,False,GS,Financials,equity,0.02,0.02,,,False,1.0,2021-02-02,2022-01-31,252
2022-02-01,Equity Equal Weight,Base,Equal Weight,Equity,False,INTC,Tech,equity,0.02,0.02,,,False,1.0,2021-02-02,2022-01-31,252
2022-02-01,Equity Equal Weight,Base,Equal Weight,Equity,False,KO,Consumer,equity,0.02,0.02,,,False,1.0,2021-02-02,2022-01-31,252
2022-02-01,Equity Equal Weight,Base,Equal Weight,Equity,False,MMM,Industrials,equity,0.02,0.02,,,False,1.0,2021-02-02,2022-01-31,252
2022-02-01,Equity Equal Weight,Base,Equal Weight,Equity,False,MRK,Healthcare,equity,0.02,0.02,,,False,1.0,2021-02-02,2022-01-31,252
2022-02-01,Equity Equal Weight,Base,Equal Weight,Equity,False,MS,Financials,equity,0.02,0.02,,,False,1.0,2021-02-02,2022-01-31,252
2022-02-01,Equity Equal Weight,Base,Equal Weight,Equity,False,NEE,Utilities,equity,0.02,0.02,,,False,1.0,2021-02-02,2022-01-31,252
2022-02-01,Equity Equal Weight,Base,Equal Weight,Equity,False,NEM,Materials,equity,0.02,0.02,,,False,1.0,2021-02-02,2022-01-31,252
2022-02-01,Equity Equal Weight,Base,Equal Weight,Equity,False,NKE,Consumer,equity,0.02,0.02,,,False,1.0,2021-02-02,2022-01-31,252
2022-02-01,Equity Equal Weight,Base,Equal Weight,Equity,False,NUE,Materials,equity,0.02,0.02,,,False,1.0,2021-02-02,2022-01-31,252
2022-02-01,Equity Equal Weight,Base,Equal Weight,Equity,False,NVDA,Tech,equity,0.02,0.02,,,False,1.0,2021-02-02,2022-01-31,252
2022-02-01,Equity Equal Weight,Base,Equal Weight,Equity,False,O,RealEstate,equity,0.02,0.02,,,False,1.0,2021-02-02,2022-01-31,252
2022-02-01,Equity Equal Weight,Base,Equal Weight,Equity,False,OXY,Energy,equity,0.02,0.02,,,False,1.0,2021-02-02,2022-01-31,252
2022-02-01,Equity Equal Weight,Base,Equal Weight,Equity,False,PLD,RealEstate,equity,0.02,0.02,,,False,1.0,2021-02-02,2022-01-31,252
2022-02-01,Equity Equal Weight,Base,Equal Weight,Equity,False,PSA,RealEstate,equity,0.02,0.02,,,False,1.0,2021-02-02,2022-01-31,252
2022-02-01,Equity Equal Weight,Base,Equal Weight,Equity,False,QCOM,Tech,equity,0.02,0.02,,,False,1.0,2021-02-02,2022-01-31,252
2022-02-01,Equity Equal Weight,Base,Equal Weight,Equity,False,SBUX,Consumer,equity,0.02,0.02,,,False,1.0,2021-02-02,2022-01-31,252
2022-02-01,Equity Equal Weight,Base,Equal Weight,Equity,False,SHW,Materials,equity,0.02,0.02,,,False,1.0,2021-02-02,2022-01-31,252
2022-02-01,Equity Equal Weight,Base,Equal Weight,Equity,False,SLB,Energy,equity,0.02,0.02,,,False,1.0,2021-02-02,2022-01-31,252
2022-02-01,Equity Equal Weight,Base,Equal Weight,Equity,False,SO,Utilities,equity,0.02,0.02,,,False,1.0,2021-02-02,2022-01-31,252
2022-02-01,Equity Equal Weight,Base,Equal Weight,Equity,False,T,Comm,equity,0.02,0.02,,,False,1.0,2021-02-02,2022-01-31,252
2022-02-01,Equity Equal Weight,Base,Equal Weight,Equity,False,TMUS,Comm,equity,0.02,0.02,,,False,1.0,2021-02-02,2022-01-31,252
2022-02-01,Equity Equal Weight,Base,Equal Weight,Equity,False,TTWO,Comm,equity,0.02,0.02,,,False,1.0,2021-02-02,2022-01-31,252
2022-02-01,Equity Equal Weight,Base,Equal Weight,Equity,False,UPS,Industrials,equity,0.02,0.02,,,False,1.0,2021-02-02,2022-01-31,252
2022-02-01,Equity Equal Weight,Base,Equal Weight,Equity,False,USB,Financials,equity,0.02,0.02,,,False,1.0,2021-02-02,2022-01-31,252
2022-02-01,Equity Equal Weight,Base,Equal Weight,Equity,False,V,Financials,equity,0.02,0.02,,,False,1.0,2021-02-02,2022-01-31,252
2022-02-01,Equity Equal Weight,Base,Equal Weight,Equity,False,WFC,Financials,equity,0.02,0.02,,,False,1.0,2021-02-02,2022-01-31,252
2022-02-01,Equity Equal Weight,Base,Equal Weight,Equity,False,WMT,Consumer,equity,0.02,0.02,,,False,1.0,2021-02-02,2022-01-31,252
2022-02-01,Equity Equal Weight,Base,Equal Weight,Equity,False,XOM,Energy,equity,0.02,0.02,,,False,1.0,2021-02-02,2022-01-31,252
2022-02-01,Equity Equal Weight + Sector Sentiment,Sentiment fusion,Equal Weight + Sector Sentiment,Equity,True,ABBV,Healthcare,equity,0.020014444473475636,0.02,2022-01-31,0.13813385714285714,True,1.0690669285714285,2021-02-02,2022-01-31,252
2022-02-01,Equity Equal Weight + Sector Sentiment,Sentiment fusion,Equal Weight + Sector Sentiment,Equity,True,ABT,Healthcare,equity,0.020014444473475636,0.02,2022-01-31,0.13813385714285714,True,1.0690669285714285,2021-02-02,2022-01-31,252
2022-02-01,Equity Equal Weight + Sector Sentiment,Sentiment fusion,Equal Weight + Sector Sentiment,Equity,True,ADBE,Tech,equity,0.019626684765459843,0.02,2022-01-31,0.09670966666666667,True,1.0483548333333332,2021-02-02,2022-01-31,252
2022-02-01,Equity Equal Weight + Sector Sentiment,Sentiment fusion,Equal Weight + Sector Sentiment,Equity,True,AEP,Utilities,equity,0.020365388075278063,0.02,2022-01-31,0.17562499999999998,True,1.0878125,2021-02-02,2022-01-31,252
2022-02-01,Equity Equal Weight + Sector Sentiment,Sentiment fusion,Equal Weight + Sector Sentiment,Equity,True,AMD,Tech,equity,0.019626684765459843,0.02,2022-01-31,0.09670966666666667,True,1.0483548333333332,2021-02-02,2022-01-31,252
2022-02-01,Equity Equal Weight + Sector Sentiment,Sentiment fusion,Equal Weight + Sector Sentiment,Equity,True,AMGN,Healthcare,equity,0.020014444473475636,0.02,2022-01-31,0.13813385714285714,True,1.0690669285714285,2021-02-02,2022-01-31,252
2022-02-01,Equity Equal Weight + Sector Sentiment,Sentiment fusion,Equal Weight + Sector Sentiment,Equity,True,AMT,RealEstate,equity,0.02265693594210642,0.02,2022-01-31,0.42042999999999997,True,1.210215,2021-02-02,2022-01-31,252
2022-02-01,Equity Equal Weight + Sector Sentiment,Sentiment fusion,Equal Weight + Sector Sentiment,Equity,True,BA,Industrials,equity,0.020228444832778573,0.02,2022-01-31,0.16099541666666667,True,1.0804977083333334,2021-02-02,2022-01-31,252
2022-02-01,Equity Equal Weight + Sector Sentiment,Sentiment fusion,Equal Weight + Sector Sentiment,Equity,True,CAT,Industrials,equity,0.020228444832778573,0.02,2022-01-31,0.16099541666666667,True,1.0804977083333334,2021-02-02,2022-01-31,252
2022-02-01,Equity Equal Weight + Sector Sentiment,Sentiment fusion,Equal Weight + Sector Sentiment,Equity,True,CCI,RealEstate,equity,0.02265693594210642,0.02,2022-01-31,0.42042999999999997,True,1.210215,2021-02-02,2022-01-31,252
2022-02-01,Equity Equal Weight + Sector Sentiment,Sentiment fusion,Equal Weight + Sector Sentiment,Equity,True,CMCSA,Comm,equity,0.019598493436338304,0.02,2022-01-31,0.093698,True,1.046849,2021-02-02,2022-01-31,252
2022-02-01,Equity Equal Weight + Sector Sentiment,Sentiment fusion,Equal Weight + Sector Sentiment,Equity,True,COP,Energy,equity,0.02008016733427089,0.02,2022-01-31,0.145155,True,1.0725775,2021-02-02,2022-01-31,252
2022-02-01,Equity Equal Weight + Sector Sentiment,Sentiment fusion,Equal Weight + Sector Sentiment,Equity,True,CVX,Energy,equity,0.02008016733427089,0.02,2022-01-31,0.145155,True,1.0725775,2021-02-02,2022-01-31,252
2022-02-01,Equity Equal Weight + Sector Sentiment,Sentiment fusion,Equal Weight + Sector Sentiment,Equity,True,D,Utilities,equity,0.020365388075278063,0.02,2022-01-31,0.17562499999999998,True,1.0878125,2021-02-02,2022-01-31,252
2022-02-01,Equity Equal Weight + Sector Sentiment,Sentiment fusion,Equal Weight + Sector Sentiment,Equity,True,DD,Materials,equity,0.018193158019806387,0.02,2022-01-31,-0.05643333333333333,True,0.9717833333333333,2021-02-02,2022-01-31,252
2022-02-01,Equity Equal Weight + Sector Sentiment,Sentiment fusion,Equal Weight + Sector Sentiment,Equity,True,DIS,Consumer,equity,0.019972853069469894,0.02,2022-01-31,0.13369066666666668,True,1.0668453333333334,2021-02-02,2022-01-31,252
2022-02-01,Equity Equal Weight + Sector Sentiment,Sentiment fusion,Equal Weight + Sector Sentiment,Equity,True,DOW,Materials,equity,0.018193158019806387,0.02,2022-01-31,-0.05643333333333333,True,0.9717833333333333,2021-02-02,2022-01-31,252
2022-02-01,Equity Equal Weight + Sector Sentiment,Sentiment fusion,Equal Weight + Sector Sentiment,Equity,True,DUK,Utilities,equity,0.020365388075278063,0.02,2022-01-31,0.17562499999999998,True,1.0878125,2021-02-02,2022-01-31,252
2022-02-01,Equity Equal Weight + Sector Sentiment,Sentiment fusion,Equal Weight + Sector Sentiment,Equity,True,EA,Comm,equity,0.019598493436338304,0.02,2022-01-31,0.093698,True,1.046849,2021-02-02,2022-01-31,252
2022-02-01,Equity Equal Weight + Sector Sentiment,Sentiment fusion,Equal Weight + Sector Sentiment,Equity,True,GE,Industrials,equity,0.020228444832778573,0.02,2022-01-31,0.16099541666666667,True,1.0804977083333334,2021-02-02,2022-01-31,252
2022-02-01,Equity Equal Weight + Sector Sentiment,Sentiment fusion,Equal Weight + Sector Sentiment,Equity,True,GILD,Healthcare,equity,0.020014444473475636,0.02,2022-01-31,0.13813385714285714,True,1.0690669285714285,2021-02-02,2022-01-31,252
2022-02-01,Equity Equal Weight + Sector Sentiment,Sentiment fusion,Equal Weight + Sector Sentiment,Equity,True,GS,Financials,equity,0.01926343005101598,0.02,2022-01-31,0.05790333333333333,True,1.0289516666666667,2021-02-02,2022-01-31,252
2022-02-01,Equity Equal Weight + Sector Sentiment,Sentiment fusion,Equal Weight + Sector Sentiment,Equity,True,INTC,Tech,equity,0.019626684765459843,0.02,2022-01-31,0.09670966666666667,True,1.0483548333333332,2021-02-02,2022-01-31,252
2022-02-01,Equity Equal Weight + Sector Sentiment,Sentiment fusion,Equal Weight + Sector Sentiment,Equity,True,KO,Consumer,equity,0.019972853069469894,0.02,2022-01-31,0.13369066666666668,True,1.0668453333333334,2021-02-02,2022-01-31,252
2022-02-01,Equity Equal Weight + Sector Sentiment,Sentiment fusion,Equal Weight + Sector Sentiment,Equity,True,MMM,Industrials,equity,0.020228444832778573,0.02,2022-01-31,0.16099541666666667,True,1.0804977083333334,2021-02-02,2022-01-31,252
2022-02-01,Equity Equal Weight + Sector Sentiment,Sentiment fusion,Equal Weight + Sector Sentiment,Equity,True,MRK,Healthcare,equity,0.020014444473475636,0.02,2022-01-31,0.13813385714285714,True,1.0690669285714285,2021-02-02,2022-01-31,252
2022-02-01,Equity Equal Weight + Sector Sentiment,Sentiment fusion,Equal Weight + Sector Sentiment,Equity,True,MS,Financials,equity,0.01926343005101598,0.02,2022-01-31,0.05790333333333333,True,1.0289516666666667,2021-02-02,2022-01-31,252
2022-02-01,Equity Equal Weight + Sector Sentiment,Sentiment fusion,Equal Weight + Sector Sentiment,Equity,True,NEE,Utilities,equity,0.020365388075278063,0.02,2022-01-31,0.17562499999999998,True,1.0878125,2021-02-02,2022-01-31,252
2022-02-01,Equity Equal Weight + Sector Sentiment,Sentiment fusion,Equal Weight + Sector Sentiment,Equity,True,NEM,Materials,equity,0.018193158019806387,0.02,2022-01-31,-0.05643333333333333,True,0.9717833333333333,2021-02-02,2022-01-31,252
2022-02-01,Equity Equal Weight + Sector Sentiment,Sentiment fusion,Equal Weight + Sector Sentiment,Equity,True,NKE,Consumer,equity,0.019972853069469894,0.02,2022-01-31,0.13369066666666668,True,1.0668453333333334,2021-02-02,2022-01-31,252
2022-02-01,Equity Equal Weight + Sector Sentiment,Sentiment fusion,Equal Weight + Sector Sentiment,Equity,True,NUE,Materials,equity,0.018193158019806387,0.02,2022-01-31,-0.05643333333333333,True,0.9717833333333333,2021-02-02,2022-01-31,252
2022-02-01,Equity Equal Weight + Sector Sentiment,Sentiment fusion,Equal Weight + Sector Sentiment,Equity,True,NVDA,Tech,equity,0.019626684765459843,0.02,2022-01-31,0.09670966666666667,True,1.0483548333333332,2021-02-02,2022-01-31,252
2022-02-01,Equity Equal Weight + Sector Sentiment,Sentiment fusion,Equal Weight + Sector Sentiment,Equity,True,O,RealEstate,equity,0.02265693594210642,0.02,2022-01-31,0.42042999999999997,True,1.210215,2021-02-02,2022-01-31,252
2022-02-01,Equity Equal Weight + Sector Sentiment,Sentiment fusion,Equal Weight + Sector Sentiment,Equity,True,OXY,Energy,equity,0.02008016733427089,0.02,2022-01-31,0.145155,True,1.0725775,2021-02-02,2022-01-31,252
2022-02-01,Equity Equal Weight + Sector Sentiment,Sentiment fusion,Equal Weight + Sector Sentiment,Equity,True,PLD,RealEstate,equity,0.02265693594210642,0.02,2022-01-31,0.42042999999999997,True,1.210215,2021-02-02,2022-01-31,252
2022-02-01,Equity Equal Weight + Sector Sentiment,Sentiment fusion,Equal Weight + Sector Sentiment,Equity,True,PSA,RealEstate,equity,0.02265693594210642,0.02,2022-01-31,0.42042999999999997,True,1.210215,2021-02-02,2022-01-31,252
2022-02-01,Equity Equal Weight + Sector Sentiment,Sentiment fusion,Equal Weight + Sector Sentiment,Equity,True,QCOM,Tech,equity,0.019626684765459843,0.02,2022-01-31,0.09670966666666667,True,1.0483548333333332,2021-02-02,2022-01-31,252
2022-02-01,Equity Equal Weight + Sector Sentiment,Sentiment fusion,Equal Weight + Sector Sentiment,Equity,True,SBUX,Consumer,equity,0.019972853069469894,0.02,2022-01-31,0.13369066666666668,True,1.0668453333333334,2021-02-02,2022-01-31,252
2022-02-01,Equity Equal Weight + Sector Sentiment,Sentiment fusion,Equal Weight + Sector Sentiment,Equity,True,SHW,Materials,equity,0.018193158019806387,0.02,2022-01-31,-0.05643333333333333,True,0.9717833333333333,2021-02-02,2022-01-31,252
2022-02-01,Equity Equal Weight + Sector Sentiment,Sentiment fusion,Equal Weight + Sector Sentiment,Equity,True,SLB,Energy,equity,0.02008016733427089,0.02,2022-01-31,0.145155,True,1.0725775,2021-02-02,2022-01-31,252
2022-02-01,Equity Equal Weight + Sector Sentiment,Sentiment fusion,Equal Weight + Sector Sentiment,Equity,True,SO,Utilities,equity,0.020365388075278063,0.02,2022-01-31,0.17562499999999998,True,1.0878125,2021-02-02,2022-01-31,252
2022-02-01,Equity Equal Weight + Sector Sentiment,Sentiment fusion,Equal Weight + Sector Sentiment,Equity,True,T,Comm,equity,0.019598493436338304,0.02,2022-01-31,0.093698,True,1.046849,2021-02-02,2022-01-31,252
2022-02-01,Equity Equal Weight + Sector Sentiment,Sentiment fusion,Equal Weight + Sector Sentiment,Equity,True,TMUS,Comm,equity,0.019598493436338304,0.02,2022-01-31,0.093698,True,1.046849,2021-02-02,2022-01-31,252
2022-02-01,Equity Equal Weight + Sector Sentiment,Sentiment fusion,Equal Weight + Sector Sentiment,Equity,True,TTWO,Comm,equity,0.019598493436338304,0.02,2022-01-31,0.093698,True,1.046849,2021-02-02,2022-01-31,252
2022-02-01,Equity Equal Weight + Sector Sentiment,Sentiment fusion,Equal Weight + Sector Sentiment,Equity,True,UPS,Industrials,equity,0.020228444832778573,0.02,2022-01-31,0.16099541666666667,True,1.0804977083333334,2021-02-02,2022-01-31,252
2022-02-01,Equity Equal Weight + Sector Sentiment,Sentiment fusion,Equal Weight + Sector Sentiment,Equity,True,USB,Financials,equity,0.01926343005101598,0.02,2022-01-31,0.05790333333333333,True,1.0289516666666667,2021-02-02,2022-01-31,252
2022-02-01,Equity Equal Weight + Sector Sentiment,Sentiment fusion,Equal Weight + Sector Sentiment,Equity,True,V,Financials,equity,0.01926343005101598,0.02,2022-01-31,0.05790333333333333,True,1.0289516666666667,2021-02-02,2022-01-31,252
2022-02-01,Equity Equal Weight + Sector Sentiment,Sentiment fusion,Equal Weight + Sector Sentiment,Equity,True,WFC,Financials,equity,0.01926343005101598,0.02,2022-01-31,0.05790333333333333,True,1.0289516666666667,2021-02-02,2022-01-31,252
2022-02-01,Equity Equal Weight + Sector Sentiment,Sentiment fusion,Equal Weight + Sector Sentiment,Equity,True,WMT,Consumer,equity,0.019972853069469894,0.02,2022-01-31,0.13369066666666668,True,1.0668453333333334,2021-02-02,2022-01-31,252
2022-02-01,Equity Equal Weight + Sector Sentiment,Sentiment fusion,Equal Weight + Sector Sentiment,Equity,True,XOM,Energy,equity,0.02008016733427089,0.02,2022-01-31,0.145155,True,1.0725775,2021-02-02,2022-01-31,252
2022-03-01,Equity Equal Weight,Base,Equal Weight,Equity,False,ABBV,Healthcare,equity,0.02,0.02,,,False,1.0,2021-03-02,2022-02-28,252
2022-03-01,Equity Equal Weight,Base,Equal Weight,Equity,False,ABT,Healthcare,equity,0.02,0.02,,,False,1.0,2021-03-02,2022-02-28,252
2022-03-01,Equity Equal Weight,Base,Equal Weight,Equity,False,ADBE,Tech,equity,0.02,0.02,,,False,1.0,2021-03-02,2022-02-28,252
2022-03-01,Equity Equal Weight,Base,Equal Weight,Equity,False,AEP,Utilities,equity,0.02,0.02,,,False,1.0,2021-03-02,2022-02-28,252
2022-03-01,Equity Equal Weight,Base,Equal Weight,Equity,False,AMD,Tech,equity,0.02,0.02,,,False,1.0,2021-03-02,2022-02-28,252
2022-03-01,Equity Equal Weight,Base,Equal Weight,Equity,False,AMGN,Healthcare,equity,0.02,0.02,,,False,1.0,2021-03-02,2022-02-28,252
2022-03-01,Equity Equal Weight,Base,Equal Weight,Equity,False,AMT,RealEstate,equity,0.02,0.02,,,False,1.0,2021-03-02,2022-02-28,252
2022-03-01,Equity Equal Weight,Base,Equal Weight,Equity,False,BA,Industrials,equity,0.02,0.02,,,False,1.0,2021-03-02,2022-02-28,252
2022-03-01,Equity Equal Weight,Base,Equal Weight,Equity,False,CAT,Industrials,equity,0.02,0.02,,,False,1.0,2021-03-02,2022-02-28,252
2022-03-01,Equity Equal Weight,Base,Equal Weight,Equity,False,CCI,RealEstate,equity,0.02,0.02,,,False,1.0,2021-03-02,2022-02-28,252
2022-03-01,Equity Equal Weight,Base,Equal Weight,Equity,False,CMCSA,Comm,equity,0.02,0.02,,,False,1.0,2021-03-02,2022-02-28,252
2022-03-01,Equity Equal Weight,Base,Equal Weight,Equity,False,COP,Energy,equity,0.02,0.02,,,False,1.0,2021-03-02,2022-02-28,252
2022-03-01,Equity Equal Weight,Base,Equal Weight,Equity,False,CVX,Energy,equity,0.02,0.02,,,False,1.0,2021-03-02,2022-02-28,252
2022-03-01,Equity Equal Weight,Base,Equal Weight,Equity,False,D,Utilities,equity,0.02,0.02,,,False,1.0,2021-03-02,2022-02-28,252
2022-03-01,Equity Equal Weight,Base,Equal Weight,Equity,False,DD,Materials,equity,0.02,0.02,,,False,1.0,2021-03-02,2022-02-28,252
2022-03-01,Equity Equal Weight,Base,Equal Weight,Equity,False,DIS,Consumer,equity,0.02,0.02,,,False,1.0,2021-03-02,2022-02-28,252
2022-03-01,Equity Equal Weight,Base,Equal Weight,Equity,False,DOW,Materials,equity,0.02,0.02,,,False,1.0,2021-03-02,2022-02-28,252
2022-03-01,Equity Equal Weight,Base,Equal Weight,Equity,False,DUK,Utilities,equity,0.02,0.02,,,False,1.0,2021-03-02,2022-02-28,252
2022-03-01,Equity Equal Weight,Base,Equal Weight,Equity,False,EA,Comm,equity,0.02,0.02,,,False,1.0,2021-03-02,2022-02-28,252
2022-03-01,Equity Equal Weight,Base,Equal Weight,Equity,False,GE,Industrials,equity,0.02,0.02,,,False,1.0,2021-03-02,2022-02-28,252
2022-03-01,Equity Equal Weight,Base,Equal Weight,Equity,False,GILD,Healthcare,equity,0.02,0.02,,,False,1.0,2021-03-02,2022-02-28,252
2022-03-01,Equity Equal Weight,Base,Equal Weight,Equity,False,GS,Financials,equity,0.02,0.02,,,False,1.0,2021-03-02,2022-02-28,252
2022-03-01,Equity Equal Weight,Base,Equal Weight,Equity,False,INTC,Tech,equity,0.02,0.02,,,False,1.0,2021-03-02,2022-02-28,252
2022-03-01,Equity Equal Weight,Base,Equal Weight,Equity,False,KO,Consumer,equity,0.02,0.02,,,False,1.0,2021-03-02,2022-02-28,252
2022-03-01,Equity Equal Weight,Base,Equal Weight,Equity,False,MMM,Industrials,equity,0.02,0.02,,,False,1.0,2021-03-02,2022-02-28,252
2022-03-01,Equity Equal Weight,Base,Equal Weight,Equity,False,MRK,Healthcare,equity,0.02,0.02,,,False,1.0,2021-03-02,2022-02-28,252
2022-03-01,Equity Equal Weight,Base,Equal Weight,Equity,False,MS,Financials,equity,0.02,0.02,,,False,1.0,2021-03-02,2022-02-28,252
2022-03-01,Equity Equal Weight,Base,Equal Weight,Equity,False,NEE,Utilities,equity,0.02,0.02,,,False,1.0,2021-03-02,2022-02-28,252
2022-03-01,Equity Equal Weight,Base,Equal Weight,Equity,False,NEM,Materials,equity,0.02,0.02,,,False,1.0,2021-03-02,2022-02-28,252
2022-03-01,Equity Equal Weight,Base,Equal Weight,Equity,False,NKE,Consumer,equity,0.02,0.02,,,False,1.0,2021-03-02,2022-02-28,252
2022-03-01,Equity Equal Weight,Base,Equal Weight,Equity,False,NUE,Materials,equity,0.02,0.02,,,False,1.0,2021-03-02,2022-02-28,252
2022-03-01,Equity Equal Weight,Base,Equal Weight,Equity,False,NVDA,Tech,equity,0.02,0.02,,,False,1.0,2021-03-02,2022-02-28,252
2022-03-01,Equity Equal Weight,Base,Equal Weight,Equity,False,O,RealEstate,equity,0.02,0.02,,,False,1.0,2021-03-02,2022-02-28,252
2022-03-01,Equity Equal Weight,Base,Equal Weight,Equity,False,OXY,Energy,equity,0.02,0.02,,,False,1.0,2021-03-02,2022-02-28,252
2022-03-01,Equity Equal Weight,Base,Equal Weight,Equity,False,PLD,RealEstate,equity,0.02,0.02,,,False,1.0,2021-03-02,2022-02-28,252
2022-03-01,Equity Equal Weight,Base,Equal Weight,Equity,False,PSA,RealEstate,equity,0.02,0.02,,,False,1.0,2021-03-02,2022-02-28,252
2022-03-01,Equity Equal Weight,Base,Equal Weight,Equity,False,QCOM,Tech,equity,0.02,0.02,,,False,1.0,2021-03-02,2022-02-28,252
2022-03-01,Equity Equal Weight,Base,Equal Weight,Equity,False,SBUX,Consumer,equity,0.02,0.02,,,False,1.0,2021-03-02,2022-02-28,252
2022-03-01,Equity Equal Weight,Base,Equal Weight,Equity,False,SHW,Materials,equity,0.02,0.02,,,False,1.0,2021-03-02,2022-02-28,252
2022-03-01,Equity Equal Weight,Base,Equal Weight,Equity,False,SLB,Energy,equity,0.02,0.02,,,False,1.0,2021-03-02,2022-02-28,252
2022-03-01,Equity Equal Weight,Base,Equal Weight,Equity,False,SO,Utilities,equity,0.02,0.02,,,False,1.0,2021-03-02,2022-02-28,252
2022-03-01,Equity Equal Weight,Base,Equal Weight,Equity,False,T,Comm,equity,0.02,0.02,,,False,1.0,2021-03-02,2022-02-28,252
2022-03-01,Equity Equal Weight,Base,Equal Weight,Equity,False,TMUS,Comm,equity,0.02,0.02,,,False,1.0,2021-03-02,2022-02-28,252
2022-03-01,Equity Equal Weight,Base,Equal Weight,Equity,False,TTWO,Comm,equity,0.02,0.02,,,False,1.0,2021-03-02,2022-02-28,252
2022-03-01,Equity Equal Weight,Base,Equal Weight,Equity,False,UPS,Industrials,equity,0.02,0.02,,,False,1.0,2021-03-02,2022-02-28,252
2022-03-01,Equity Equal Weight,Base,Equal Weight,Equity,False,USB,Financials,equity,0.02,0.02,,,False,1.0,2021-03-02,2022-02-28,252
2022-03-01,Equity Equal Weight,Base,Equal Weight,Equity,False,V,Financials,equity,0.02,0.02,,,False,1.0,2021-03-02,2022-02-28,252
2022-03-01,Equity Equal Weight,Base,Equal Weight,Equity,False,WFC,Financials,equity,0.02,0.02,,,False,1.0,2021-03-02,2022-02-28,252
2022-03-01,Equity Equal Weight,Base,Equal Weight,Equity,False,WMT,Consumer,equity,0.02,0.02,,,False,1.0,2021-03-02,2022-02-28,252
2022-03-01,Equity Equal Weight,Base,Equal Weight,Equity,False,XOM,Energy,equity,0.02,0.02,,,False,1.0,2021-03-02,2022-02-28,252
2022-03-01,Equity Equal Weight + Sector Sentiment,Sentiment fusion,Equal Weight + Sector Sentiment,Equity,True,ABBV,Healthcare,equity,0.020412741976023042,0.02,2022-02-28,0.16766388888888892,True,1.0838319444444444,2021-03-02,2022-02-28,252
2022-03-01,Equity Equal Weight + Sector Sentiment,Sentiment fusion,Equal Weight + Sector Sentiment,Equity,True,ABT,Healthcare,equity,0.020412741976023042,0.02,2022-02-28,0.16766388888888892,True,1.0838319444444444,2021-03-02,2022-02-28,252
2022-03-01,Equity Equal Weight + Sector Sentiment,Sentiment fusion,Equal Weight + Sector Sentiment,Equity,True,ADBE,Tech,equity,0.020207441934291758,0.02,2022-02-28,0.14586272727272726,True,1.0729313636363635,2021-03-02,2022-02-28,252
2022-03-01,Equity Equal Weight + Sector Sentiment,Sentiment fusion,Equal Weight + Sector Sentiment,Equity,True,AEP,Utilities,equity,0.021367697286743717,0.02,2022-02-28,0.2690722222222222,True,1.1345361111111112,2021-03-02,2022-02-28,252
2022-03-01,Equity Equal Weight + Sector Sentiment,Sentiment fusion,Equal Weight + Sector Sentiment,Equity,True,AMD,Tech,equity,0.020207441934291758,0.02,2022-02-28,0.14586272727272726,True,1.0729313636363635,2021-03-02,2022-02-28,252
2022-03-01,Equity Equal Weight + Sector Sentiment,Sentiment fusion,Equal Weight + Sector Sentiment,Equity,True,AMGN,Healthcare,equity,0.020412741976023042,0.02,2022-02-28,0.16766388888888892,True,1.0838319444444444,2021-03-02,2022-02-28,252
2022-03-01,Equity Equal Weight + Sector Sentiment,Sentiment fusion,Equal Weight + Sector Sentiment,Equity,True,AMT,RealEstate,equity,0.019071326267006507,0.02,2022-02-28,0.025216666666666665,True,1.0126083333333333,2021-03-02,2022-02-28,252
2022-03-01,Equity Equal Weight + Sector Sentiment,Sentiment fusion,Equal Weight + Sector Sentiment,Equity,True,BA,Industrials,equity,0.020549815874706542,0.02,2022-02-28,0.18222,True,1.09111,2021-03-02,2022-02-28,252
2022-03-01,Equity Equal Weight + Sector Sentiment,Sentiment fusion,Equal Weight + Sector Sentiment,Equity,True,CAT,Industrials,equity,0.020549815874706542,0.02,2022-02-28,0.18222,True,1.09111,2021-03-02,2022-02-28,252
2022-03-01,Equity Equal Weight + Sector Sentiment,Sentiment fusion,Equal Weight + Sector Sentiment,Equity,True,CCI,RealEstate,equity,0.019071326267006507,0.02,2022-02-28,0.025216666666666665,True,1.0126083333333333,2021-03-02,2022-02-28,252
2022-03-01,Equity Equal Weight + Sector Sentiment,Sentiment fusion,Equal Weight + Sector Sentiment,Equity,True,CMCSA,Comm,equity,0.02111415948990585,0.02,2022-02-28,0.24214861111111113,True,1.1210743055555557,2021-03-02,2022-02-28,252
2022-03-01,Equity Equal Weight + Sector Sentiment,Sentiment fusion,Equal Weight + Sector Sentiment,Equity,True,COP,Energy,equity,0.01949526082034492,0.02,2022-02-28,0.07023499999999999,True,1.0351175,2021-03-02,2022-02-28,252
2022-03-01,Equity Equal Weight + Sector Sentiment,Sentiment fusion,Equal Weight + Sector Sentiment,Equity,True,CVX,Energy,equity,0.01949526082034492,0.02,2022-02-28,0.07023499999999999,True,1.0351175,2021-03-02,2022-02-28,252
2022-03-01,Equity Equal Weight + Sector Sentiment,Sentiment fusion,Equal Weight + Sector Sentiment,Equity,True,D,Utilities,equity,0.021367697286743717,0.02,2022-02-28,0.2690722222222222,True,1.1345361111111112,2021-03-02,2022-02-28,252
2022-03-01,Equity Equal Weight + Sector Sentiment,Sentiment fusion,Equal Weight + Sector Sentiment,Equity,True,DD,Materials,equity,0.018833862648776515,0.02,2022-02-28,0.0,True,1.0,2021-03-02,2022-02-28,252
2022-03-01,Equity Equal Weight + Sector Sentiment,Sentiment fusion,Equal Weight + Sector Sentiment,Equity,True,DIS,Consumer,equity,0.020574543908502288,0.02,2022-02-28,0.18484591208791207,True,1.092422956043956,2021-03-02,2022-02-28,252
2022-03-01,Equity Equal Weight + Sector Sentiment,Sentiment fusion,Equal Weight + Sector Sentiment,Equity,True,DOW,Materials,equity,0.018833862648776515,0.02,2022-02-28,0.0,True,1.0,2021-03-02,2022-02-28,252
2022-03-01,Equity Equal Weight + Sector Sentiment,Sentiment fusion,Equal Weight + Sector Sentiment,Equity,True,DUK,Utilities,equity,0.021367697286743717,0.02,2022-02-28,0.2690722222222222,True,1.1345361111111112,2021-03-02,2022-02-28,252
2022-03-01,Equity Equal Weight + Sector Sentiment,Sentiment fusion,Equal Weight + Sector Sentiment,Equity,True,EA,Comm,equity,0.02111415948990585,0.02,2022-02-28,0.24214861111111113,True,1.1210743055555557,2021-03-02,2022-02-28,252
2022-03-01,Equity Equal Weight + Sector Sentiment,Sentiment fusion,Equal Weight + Sector Sentiment,Equity,True,GE,Industrials,equity,0.020549815874706542,0.02,2022-02-28,0.18222,True,1.09111,2021-03-02,2022-02-28,252
2022-03-01,Equity Equal Weight + Sector Sentiment,Sentiment fusion,Equal Weight + Sector Sentiment,Equity,True,GILD,Healthcare,equity,0.020412741976023042,0.02,2022-02-28,0.16766388888888892,True,1.0838319444444444,2021-03-02,2022-02-28,252
2022-03-01,Equity Equal Weight + Sector Sentiment,Sentiment fusion,Equal Weight + Sector Sentiment,Equity,True,GS,Financials,equity,0.018373149793698813,0.02,2022-02-28,-0.04892388392857143,True,0.9755380580357143,2021-03-02,2022-02-28,252
2022-03-01,Equity Equal Weight + Sector Sentiment,Sentiment fusion,Equal Weight + Sector Sentiment,Equity,True,INTC,Tech,equity,0.020207441934291758,0.02,2022-02-28,0.14586272727272726,True,1.0729313636363635,2021-03-02,2022-02-28,252
2022-03-01,Equity Equal Weight + Sector Sentiment,Sentiment fusion,Equal Weight + Sector Sentiment,Equity,True,KO,Consumer,equity,0.020574543908502288,0.02,2022-02-28,0.18484591208791207,True,1.092422956043956,2021-03-02,2022-02-28,252
2022-03-01,Equity Equal Weight + Sector Sentiment,Sentiment fusion,Equal Weight + Sector Sentiment,Equity,True,MMM,Industrials,equity,0.020549815874706542,0.02,2022-02-28,0.18222,True,1.09111,2021-03-02,2022-02-28,252
2022-03-01,Equity Equal Weight + Sector Sentiment,Sentiment fusion,Equal Weight + Sector Sentiment,Equity,True,MRK,Healthcare,equity,0.020412741976023042,0.02,2022-02-28,0.16766388888888892,True,1.0838319444444444,2021-03-02,2022-02-28,252
2022-03-01,Equity Equal Weight + Sector Sentiment,Sentiment fusion,Equal Weight + Sector Sentiment,Equity,True,MS,Financials,equity,0.018373149793698813,0.02,2022-02-28,-0.04892388392857143,True,0.9755380580357143,2021-03-02,2022-02-28,252
2022-03-01,Equity Equal Weight + Sector Sentiment,Sentiment fusion,Equal Weight + Sector Sentiment,Equity,True,NEE,Utilities,equity,0.021367697286743717,0.02,2022-02-28,0.2690722222222222,True,1.1345361111111112,2021-03-02,2022-02-28,252
2022-03-01,Equity Equal Weight + Sector Sentiment,Sentiment fusion,Equal Weight + Sector Sentiment,Equity,True,NEM,Materials,equity,0.018833862648776515,0.02,2022-02-28,0.0,True,1.0,2021-03-02,2022-02-28,252
2022-03-01,Equity Equal Weight + Sector Sentiment,Sentiment fusion,Equal Weight + Sector Sentiment,Equity,True,NKE,Consumer,equity,0.020574543908502288,0.02,2022-02-28,0.18484591208791207,True,1.092422956043956,2021-03-02,2022-02-28,252
2022-03-01,Equity Equal Weight + Sector Sentiment,Sentiment fusion,Equal Weight + Sector Sentiment,Equity,True,NUE,Materials,equity,0.018833862648776515,0.02,2022-02-28,0.0,True,1.0,2021-03-02,2022-02-28,252
2022-03-01,Equity Equal Weight + Sector Sentiment,Sentiment fusion,Equal Weight + Sector Sentiment,Equity,True,NVDA,Tech,equity,0.020207441934291758,0.02,2022-02-28,0.14586272727272726,True,1.0729313636363635,2021-03-02,2022-02-28,252
2022-03-01,Equity Equal Weight + Sector Sentiment,Sentiment fusion,Equal Weight + Sector Sentiment,Equity,True,O,RealEstate,equity,0.019071326267006507,0.02,2022-02-28,0.025216666666666665,True,1.0126083333333333,2021-03-02,2022-02-28,252
2022-03-01,Equity Equal Weight + Sector Sentiment,Sentiment fusion,Equal Weight + Sector Sentiment,Equity,True,OXY,Energy,equity,0.01949526082034492,0.02,2022-02-28,0.07023499999999999,True,1.0351175,2021-03-02,2022-02-28,252
2022-03-01,Equity Equal Weight + Sector Sentiment,Sentiment fusion,Equal Weight + Sector Sentiment,Equity,True,PLD,RealEstate,equity,0.019071326267006507,0.02,2022-02-28,0.025216666666666665,True,1.0126083333333333,2021-03-02,2022-02-28,252
2022-03-01,Equity Equal Weight + Sector Sentiment,Sentiment fusion,Equal Weight + Sector Sentiment,Equity,True,PSA,RealEstate,equity,0.019071326267006507,0.02,2022-02-28,0.025216666666666665,True,1.0126083333333333,2021-03-02,2022-02-28,252
2022-03-01,Equity Equal Weight + Sector Sentiment,Sentiment fusion,Equal Weight + Sector Sentiment,Equity,True,QCOM,Tech,equity,0.020207441934291758,0.02,2022-02-28,0.14586272727272726,True,1.0729313636363635,2021-03-02,2022-02-28,252
2022-03-01,Equity Equal Weight + Sector Sentiment,Sentiment fusion,Equal Weight + Sector Sentiment,Equity,True,SBUX,Consumer,equity,0.020574543908502288,0.02,2022-02-28,0.18484591208791207,True,1.092422956043956,2021-03-02,2022-02-28,252
2022-03-01,Equity Equal Weight + Sector Sentiment,Sentiment fusion,Equal Weight + Sector Sentiment,Equity,True,SHW,Materials,equity,0.018833862648776515,0.02,2022-02-28,0.0,True,1.0,2021-03-02,2022-02-28,252
2022-03-01,Equity Equal Weight + Sector Sentiment,Sentiment fusion,Equal Weight + Sector Sentiment,Equity,True,SLB,Energy,equity,0.01949526082034492,0.02,2022-02-28,0.07023499999999999,True,1.0351175,2021-03-02,2022-02-28,252
2022-03-01,Equity Equal Weight + Sector Sentiment,Sentiment fusion,Equal Weight + Sector Sentiment,Equity,True,SO,Utilities,equity,0.021367697286743717,0.02,2022-02-28,0.2690722222222222,True,1.1345361111111112,2021-03-02,2022-02-28,252
2022-03-01,Equity Equal Weight + Sector Sentiment,Sentiment fusion,Equal Weight + Sector Sentiment,Equity,True,T,Comm,equity,0.02111415948990585,0.02,2022-02-28,0.24214861111111113,True,1.1210743055555557,2021-03-02,2022-02-28,252
2022-03-01,Equity Equal Weight + Sector Sentiment,Sentiment fusion,Equal Weight + Sector Sentiment,Equity,True,TMUS,Comm,equity,0.02111415948990585,0.02,2022-02-28,0.24214861111111113,True,1.1210743055555557,2021-03-02,2022-02-28,252
2022-03-01,Equity Equal Weight + Sector Sentiment,Sentiment fusion,Equal Weight + Sector Sentiment,Equity,True,TTWO,Comm,equity,0.02111415948990585,0.02,2022-02-28,0.24214861111111113,True,1.1210743055555557,2021-03-02,2022-02-28,252
2022-03-01,Equity Equal Weight + Sector Sentiment,Sentiment fusion,Equal Weight + Sector Sentiment,Equity,True,UPS,Industrials,equity,0.020549815874706542,0.02,2022-02-28,0.18222,True,1.09111,2021-03-02,2022-02-28,252
2022-03-01,Equity Equal Weight + Sector Sentiment,Sentiment fusion,Equal Weight + Sector Sentiment,Equity,True,USB,Financials,equity,0.018373149793698813,0.02,2022-02-28,-0.04892388392857143,True,0.9755380580357143,2021-03-02,2022-02-28,252
2022-03-01,Equity Equal Weight + Sector Sentiment,Sentiment fusion,Equal Weight + Sector Sentiment,Equity,True,V,Financials,equity,0.018373149793698813,0.02,2022-02-28,-0.04892388392857143,True,0.9755380580357143,2021-03-02,2022-02-28,252
2022-03-01,Equity Equal Weight + Sector Sentiment,Sentiment fusion,Equal Weight + Sector Sentiment,Equity,True,WFC,Financials,equity,0.018373149793698813,0.02,2022-02-28,-0.04892388392857143,True,0.9755380580357143,2021-03-02,2022-02-28,252
2022-03-01,Equity Equal Weight + Sector Sentiment,Sentiment fusion,Equal Weight + Sector Sentiment,Equity,True,WMT,Consumer,equity,0.020574543908502288,0.02,2022-02-28,0.18484591208791207,True,1.092422956043956,2021-03-02,2022-02-28,252
2022-03-01,Equity Equal Weight + Sector Sentiment,Sentiment fusion,Equal Weight + Sector Sentiment,Equity,True,XOM,Energy,equity,0.01949526082034492,0.02,2022-02-28,0.07023499999999999,True,1.0351175,2021-03-02,2022-02-28,252
2022-04-01,Equity Equal Weight,Base,Equal Weight,Equity,False,ABBV,Healthcare,equity,0.02,0.02,,,False,1.0,2021-04-05,2022-03-31,252
2022-04-01,Equity Equal Weight,Base,Equal Weight,Equity,False,ABT,Healthcare,equity,0.02,0.02,,,False,1.0,2021-04-05,2022-03-31,252
2022-04-01,Equity Equal Weight,Base,Equal Weight,Equity,False,ADBE,Tech,equity,0.02,0.02,,,False,1.0,2021-04-05,2022-03-31,252
2022-04-01,Equity Equal Weight,Base,Equal Weight,Equity,False,AEP,Utilities,equity,0.02,0.02,,,False,1.0,2021-04-05,2022-03-31,252
2022-04-01,Equity Equal Weight,Base,Equal Weight,Equity,False,AMD,Tech,equity,0.02,0.02,,,False,1.0,2021-04-05,2022-03-31,252
2022-04-01,Equity Equal Weight,Base,Equal Weight,Equity,False,AMGN,Healthcare,equity,0.02,0.02,,,False,1.0,2021-04-05,2022-03-31,252
2022-04-01,Equity Equal Weight,Base,Equal Weight,Equity,False,AMT,RealEstate,equity,0.02,0.02,,,False,1.0,2021-04-05,2022-03-31,252
2022-04-01,Equity Equal Weight,Base,Equal Weight,Equity,False,BA,Industrials,equity,0.02,0.02,,,False,1.0,2021-04-05,2022-03-31,252
2022-04-01,Equity Equal Weight,Base,Equal Weight,Equity,False,CAT,Industrials,equity,0.02,0.02,,,False,1.0,2021-04-05,2022-03-31,252
2022-04-01,Equity Equal Weight,Base,Equal Weight,Equity,False,CCI,RealEstate,equity,0.02,0.02,,,False,1.0,2021-04-05,2022-03-31,252
2022-04-01,Equity Equal Weight,Base,Equal Weight,Equity,False,CMCSA,Comm,equity,0.02,0.02,,,False,1.0,2021-04-05,2022-03-31,252
2022-04-01,Equity Equal Weight,Base,Equal Weight,Equity,False,COP,Energy,equity,0.02,0.02,,,False,1.0,2021-04-05,2022-03-31,252
2022-04-01,Equity Equal Weight,Base,Equal Weight,Equity,False,CVX,Energy,equity,0.02,0.02,,,False,1.0,2021-04-05,2022-03-31,252
2022-04-01,Equity Equal Weight,Base,Equal Weight,Equity,False,D,Utilities,equity,0.02,0.02,,,False,1.0,2021-04-05,2022-03-31,252
2022-04-01,Equity Equal Weight,Base,Equal Weight,Equity,False,DD,Materials,equity,0.02,0.02,,,False,1.0,2021-04-05,2022-03-31,252
2022-04-01,Equity Equal Weight,Base,Equal Weight,Equity,False,DIS,Consumer,equity,0.02,0.02,,,False,1.0,2021-04-05,2022-03-31,252
2022-04-01,Equity Equal Weight,Base,Equal Weight,Equity,False,DOW,Materials,equity,0.02,0.02,,,False,1.0,2021-04-05,2022-03-31,252
2022-04-01,Equity Equal Weight,Base,Equal Weight,Equity,False,DUK,Utilities,equity,0.02,0.02,,,False,1.0,2021-04-05,2022-03-31,252
2022-04-01,Equity Equal Weight,Base,Equal Weight,Equity,False,EA,Comm,equity,0.02,0.02,,,False,1.0,2021-04-05,2022-03-31,252
2022-04-01,Equity Equal Weight,Base,Equal Weight,Equity,False,GE,Industrials,equity,0.02,0.02,,,False,1.0,2021-04-05,2022-03-31,252
2022-04-01,Equity Equal Weight,Base,Equal Weight,Equity,False,GILD,Healthcare,equity,0.02,0.02,,,False,1.0,2021-04-05,2022-03-31,252
2022-04-01,Equity Equal Weight,Base,Equal Weight,Equity,False,GS,Financials,equity,0.02,0.02,,,False,1.0,2021-04-05,2022-03-31,252
2022-04-01,Equity Equal Weight,Base,Equal Weight,Equity,False,INTC,Tech,equity,0.02,0.02,,,False,1.0,2021-04-05,2022-03-31,252
2022-04-01,Equity Equal Weight,Base,Equal Weight,Equity,False,KO,Consumer,equity,0.02,0.02,,,False,1.0,2021-04-05,2022-03-31,252
2022-04-01,Equity Equal Weight,Base,Equal Weight,Equity,False,MMM,Industrials,equity,0.02,0.02,,,False,1.0,2021-04-05,2022-03-31,252
2022-04-01,Equity Equal Weight,Base,Equal Weight,Equity,False,MRK,Healthcare,equity,0.02,0.02,,,False,1.0,2021-04-05,2022-03-31,252
2022-04-01,Equity Equal Weight,Base,Equal Weight,Equity,False,MS,Financials,equity,0.02,0.02,,,False,1.0,2021-04-05,2022-03-31,252
2022-04-01,Equity Equal Weight,Base,Equal Weight,Equity,False,NEE,Utilities,equity,0.02,0.02,,,False,1.0,2021-04-05,2022-03-31,252
2022-04-01,Equity Equal Weight,Base,Equal Weight,Equity,False,NEM,Materials,equity,0.02,0.02,,,False,1.0,2021-04-05,2022-03-31,252
2022-04-01,Equity Equal Weight,Base,Equal Weight,Equity,False,NKE,Consumer,equity,0.02,0.02,,,False,1.0,2021-04-05,2022-03-31,252
2022-04-01,Equity Equal Weight,Base,Equal Weight,Equity,False,NUE,Materials,equity,0.02,0.02,,,False,1.0,2021-04-05,2022-03-31,252
2022-04-01,Equity Equal Weight,Base,Equal Weight,Equity,False,NVDA,Tech,equity,0.02,0.02,,,False,1.0,2021-04-05,2022-03-31,252
2022-04-01,Equity Equal Weight,Base,Equal Weight,Equity,False,O,RealEstate,equity,0.02,0.02,,,False,1.0,2021-04-05,2022-03-31,252
2022-04-01,Equity Equal Weight,Base,Equal Weight,Equity,False,OXY,Energy,equity,0.02,0.02,,,False,1.0,2021-04-05,2022-03-31,252
2022-04-01,Equity Equal Weight,Base,Equal Weight,Equity,False,PLD,RealEstate,equity,0.02,0.02,,,False,1.0,2021-04-05,2022-03-31,252
2022-04-01,Equity Equal Weight,Base,Equal Weight,Equity,False,PSA,RealEstate,equity,0.02,0.02,,,False,1.0,2021-04-05,2022-03-31,252
2022-04-01,Equity Equal Weight,Base,Equal Weight,Equity,False,QCOM,Tech,equity,0.02,0.02,,,False,1.0,2021-04-05,2022-03-31,252
2022-04-01,Equity Equal Weight,Base,Equal Weight,Equity,False,SBUX,Consumer,equity,0.02,0.02,,,False,1.0,2021-04-05,2022-03-31,252
2022-04-01,Equity Equal Weight,Base,Equal Weight,Equity,False,SHW,Materials,equity,0.02,0.02,,,False,1.0,2021-04-05,2022-03-31,252
2022-04-01,Equity Equal Weight,Base,Equal Weight,Equity,False,SLB,Energy,equity,0.02,0.02,,,False,1.0,2021-04-05,2022-03-31,252
2022-04-01,Equity Equal Weight,Base,Equal Weight,Equity,False,SO,Utilities,equity,0.02,0.02,,,False,1.0,2021-04-05,2022-03-31,252
2022-04-01,Equity Equal Weight,Base,Equal Weight,Equity,False,T,Comm,equity,0.02,0.02,,,False,1.0,2021-04-05,2022-03-31,252
2022-04-01,Equity Equal Weight,Base,Equal Weight,Equity,False,TMUS,Comm,equity,0.02,0.02,,,False,1.0,2021-04-05,2022-03-31,252
2022-04-01,Equity Equal Weight,Base,Equal Weight,Equity,False,TTWO,Comm,equity,0.02,0.02,,,False,1.0,2021-04-05,2022-03-31,252
2022-04-01,Equity Equal Weight,Base,Equal Weight,Equity,False,UPS,Industrials,equity,0.02,0.02,,,False,1.0,2021-04-05,2022-03-31,252
2022-04-01,Equity Equal Weight,Base,Equal Weight,Equity,False,USB,Financials,equity,0.02,0.02,,,False,1.0,2021-04-05,2022-03-31,252
2022-04-01,Equity Equal Weight,Base,Equal Weight,Equity,False,V,Financials,equity,0.02,0.02,,,False,1.0,2021-04-05,2022-03-31,252
2022-04-01,Equity Equal Weight,Base,Equal Weight,Equity,False,WFC,Financials,equity,0.02,0.02,,,False,1.0,2021-04-05,2022-03-31,252
2022-04-01,Equity Equal Weight,Base,Equal Weight,Equity,False,WMT,Consumer,equity,0.02,0.02,,,False,1.0,2021-04-05,2022-03-31,252
2022-04-01,Equity Equal Weight,Base,Equal Weight,Equity,False,XOM,Energy,equity,0.02,0.02,,,False,1.0,2021-04-05,2022-03-31,252
2022-04-01,Equity Equal Weight + Sector Sentiment,Sentiment fusion,Equal Weight + Sector Sentiment,Equity,True,ABBV,Healthcare,equity,0.019972595490923416,0.02,2022-03-31,0.14492500000000003,True,1.0724625,2021-04-05,2022-03-31,252
2022-04-01,Equity Equal Weight + Sector Sentiment,Sentiment fusion,Equal Weight + Sector Sentiment,Equity,True,ABT,Healthcare,equity,0.019972595490923416,0.02,2022-03-31,0.14492500000000003,True,1.0724625,2021-04-05,2022-03-31,252
2022-04-01,Equity Equal Weight + Sector Sentiment,Sentiment fusion,Equal Weight + Sector Sentiment,Equity,True,ADBE,Tech,equity,0.019924833105825834,0.02,2022-03-31,0.1397956349206349,True,1.0698978174603175,2021-04-05,2022-03-31,252
2022-04-01,Equity Equal Weight + Sector Sentiment,Sentiment fusion,Equal Weight + Sector Sentiment,Equity,True,AEP,Utilities,equity,0.021388301628411332,0.02,2022-03-31,0.2969625,True,1.1484812500000001,2021-04-05,2022-03-31,252
2022-04-01,Equity Equal Weight + Sector Sentiment,Sentiment fusion,Equal Weight + Sector Sentiment,Equity,True,AMD,Tech,equity,0.019924833105825834,0.02,2022-03-31,0.1397956349206349,True,1.0698978174603175,2021-04-05,2022-03-31,252
2022-04-01,Equity Equal Weight + Sector Sentiment,Sentiment fusion,Equal Weight + Sector Sentiment,Equity,True,AMGN,Healthcare,equity,0.019972595490923416,0.02,2022-03-31,0.14492500000000003,True,1.0724625,2021-04-05,2022-03-31,252
2022-04-01,Equity Equal Weight + Sector Sentiment,Sentiment fusion,Equal Weight + Sector Sentiment,Equity,True,AMT,RealEstate,equity,0.018859747806920946,0.02,2022-03-31,0.025412500000000005,True,1.01270625,2021-04-05,2022-03-31,252
2022-04-01,Equity Equal Weight + Sector Sentiment,Sentiment fusion,Equal Weight + Sector Sentiment,Equity,True,BA,Industrials,equity,0.020563584615554697,0.02,2022-03-31,0.20839333333333335,True,1.1041966666666667,2021-04-05,2022-03-31,252
2022-04-01,Equity Equal Weight + Sector Sentiment,Sentiment fusion,Equal Weight + Sector Sentiment,Equity,True,CAT,Industrials,equity,0.020563584615554697,0.02,2022-03-31,0.20839333333333335,True,1.1041966666666667,2021-04-05,2022-03-31,252
2022-04-01,Equity Equal Weight + Sector Sentiment,Sentiment fusion,Equal Weight + Sector Sentiment,Equity,True,CCI,RealEstate,equity,0.018859747806920946,0.02,2022-03-31,0.025412500000000005,True,1.01270625,2021-04-05,2022-03-31,252
2022-04-01,Equity Equal Weight + Sector Sentiment,Sentiment fusion,Equal Weight + Sector Sentiment,Equity,True,CMCSA,Comm,equity,0.020315726436686332,0.02,2022-03-31,0.181775,True,1.0908875,2021-04-05,2022-03-31,252
2022-04-01,Equity Equal Weight + Sector Sentiment,Sentiment fusion,Equal Weight + Sector Sentiment,Equity,True,COP,Energy,equity,0.01876425001068612,0.02,2022-03-31,0.01515666666666667,True,1.0075783333333332,2021-04-05,2022-03-31,252
2022-04-01,Equity Equal Weight + Sector Sentiment,Sentiment fusion,Equal Weight + Sector Sentiment,Equity,True,CVX,Energy,equity,0.01876425001068612,0.02,2022-03-31,0.01515666666666667,True,1.0075783333333332,2021-04-05,2022-03-31,252
2022-04-01,Equity Equal Weight + Sector Sentiment,Sentiment fusion,Equal Weight + Sector Sentiment,Equity,True,D,Utilities,equity,0.021388301628411332,0.02,2022-03-31,0.2969625,True,1.1484812500000001,2021-04-05,2022-03-31,252
2022-04-01,Equity Equal Weight + Sector Sentiment,Sentiment fusion,Equal Weight + Sector Sentiment,Equity,True,DD,Materials,equity,0.02234448233378527,0.02,2022-03-31,0.39965,True,1.199825,2021-04-05,2022-03-31,252
2022-04-01,Equity Equal Weight + Sector Sentiment,Sentiment fusion,Equal Weight + Sector Sentiment,Equity,True,DIS,Consumer,equity,0.019105627279521347,0.02,2022-03-31,0.051818333333333334,True,1.0259091666666666,2021-04-05,2022-03-31,252
2022-04-01,Equity Equal Weight + Sector Sentiment,Sentiment fusion,Equal Weight + Sector Sentiment,Equity,True,DOW,Materials,equity,0.02234448233378527,0.02,2022-03-31,0.39965,True,1.199825,2021-04-05,2022-03-31,252
2022-04-01,Equity Equal Weight + Sector Sentiment,Sentiment fusion,Equal Weight + Sector Sentiment,Equity,True,DUK,Utilities,equity,0.021388301628411332,0.02,2022-03-31,0.2969625,True,1.1484812500000001,2021-04-05,2022-03-31,252
2022-04-01,Equity Equal Weight + Sector Sentiment,Sentiment fusion,Equal Weight + Sector Sentiment,Equity,True,EA,Comm,equity,0.020315726436686332,0.02,2022-03-31,0.181775,True,1.0908875,2021-04-05,2022-03-31,252
2022-04-01,Equity Equal Weight + Sector Sentiment,Sentiment fusion,Equal Weight + Sector Sentiment,Equity,True,GE,Industrials,equity,0.020563584615554697,0.02,2022-03-31,0.20839333333333335,True,1.1041966666666667,2021-04-05,2022-03-31,252
2022-04-01,Equity Equal Weight + Sector Sentiment,Sentiment fusion,Equal Weight + Sector Sentiment,Equity,True,GILD,Healthcare,equity,0.019972595490923416,0.02,2022-03-31,0.14492500000000003,True,1.0724625,2021-04-05,2022-03-31,252
2022-04-01,Equity Equal Weight + Sector Sentiment,Sentiment fusion,Equal Weight + Sector Sentiment,Equity,True,GS,Financials,equity,0.018760851291684665,0.02,2022-03-31,0.014791666666666663,True,1.0073958333333333,2021-04-05,2022-03-31,252
2022-04-01,Equity Equal Weight + Sector Sentiment,Sentiment fusion,Equal Weight + Sector Sentiment,Equity,True,INTC,Tech,equity,0.019924833105825834,0.02,2022-03-31,0.1397956349206349,True,1.0698978174603175,2021-04-05,2022-03-31,252
2022-04-01,Equity Equal Weight + Sector Sentiment,Sentiment fusion,Equal Weight + Sector Sentiment,Equity,True,KO,Consumer,equity,0.019105627279521347,0.02,2022-03-31,0.051818333333333334,True,1.0259091666666666,2021-04-05,2022-03-31,252
2022-04-01,Equity Equal Weight + Sector Sentiment,Sentiment fusion,Equal Weight + Sector Sentiment,Equity,True,MMM,Industrials,equity,0.020563584615554697,0.02,2022-03-31,0.20839333333333335,True,1.1041966666666667,2021-04-05,2022-03-31,252
2022-04-01,Equity Equal Weight + Sector Sentiment,Sentiment fusion,Equal Weight + Sector Sentiment,Equity,True,MRK,Healthcare,equity,0.019972595490923416,0.02,2022-03-31,0.14492500000000003,True,1.0724625,2021-04-05,2022-03-31,252
2022-04-01,Equity Equal Weight + Sector Sentiment,Sentiment fusion,Equal Weight + Sector Sentiment,Equity,True,MS,Financials,equity,0.018760851291684665,0.02,2022-03-31,0.014791666666666663,True,1.0073958333333333,2021-04-05,2022-03-31,252
2022-04-01,Equity Equal Weight + Sector Sentiment,Sentiment fusion,Equal Weight + Sector Sentiment,Equity,True,NEE,Utilities,equity,0.021388301628411332,0.02,2022-03-31,0.2969625,True,1.1484812500000001,2021-04-05,2022-03-31,252
2022-04-01,Equity Equal Weight + Sector Sentiment,Sentiment fusion,Equal Weight + Sector Sentiment,Equity,True,NEM,Materials,equity,0.02234448233378527,0.02,2022-03-31,0.39965,True,1.199825,2021-04-05,2022-03-31,252
2022-04-01,Equity Equal Weight + Sector Sentiment,Sentiment fusion,Equal Weight + Sector Sentiment,Equity,True,NKE,Consumer,equity,0.019105627279521347,0.02,2022-03-31,0.051818333333333334,True,1.0259091666666666,2021-04-05,2022-03-31,252
2022-04-01,Equity Equal Weight + Sector Sentiment,Sentiment fusion,Equal Weight + Sector Sentiment,Equity,True,NUE,Materials,equity,0.02234448233378527,0.02,2022-03-31,0.39965,True,1.199825,2021-04-05,2022-03-31,252
2022-04-01,Equity Equal Weight + Sector Sentiment,Sentiment fusion,Equal Weight + Sector Sentiment,Equity,True,NVDA,Tech,equity,0.019924833105825834,0.02,2022-03-31,0.1397956349206349,True,1.0698978174603175,2021-04-05,2022-03-31,252
2022-04-01,Equity Equal Weight + Sector Sentiment,Sentiment fusion,Equal Weight + Sector Sentiment,Equity,True,O,RealEstate,equity,0.018859747806920946,0.02,2022-03-31,0.025412500000000005,True,1.01270625,2021-04-05,2022-03-31,252
2022-04-01,Equity Equal Weight + Sector Sentiment,Sentiment fusion,Equal Weight + Sector Sentiment,Equity,True,OXY,Energy,equity,0.01876425001068612,0.02,2022-03-31,0.01515666666666667,True,1.0075783333333332,2021-04-05,2022-03-31,252
2022-04-01,Equity Equal Weight + Sector Sentiment,Sentiment fusion,Equal Weight + Sector Sentiment,Equity,True,PLD,RealEstate,equity,0.018859747806920946,0.02,2022-03-31,0.025412500000000005,True,1.01270625,2021-04-05,2022-03-31,252
2022-04-01,Equity Equal Weight + Sector Sentiment,Sentiment fusion,Equal Weight + Sector Sentiment,Equity,True,PSA,RealEstate,equity,0.018859747806920946,0.02,2022-03-31,0.025412500000000005,True,1.01270625,2021-04-05,2022-03-31,252
2022-04-01,Equity Equal Weight + Sector Sentiment,Sentiment fusion,Equal Weight + Sector Sentiment,Equity,True,QCOM,Tech,equity,0.019924833105825834,0.02,2022-03-31,0.1397956349206349,True,1.0698978174603175,2021-04-05,2022-03-31,252
2022-04-01,Equity Equal Weight + Sector Sentiment,Sentiment fusion,Equal Weight + Sector Sentiment,Equity,True,SBUX,Consumer,equity,0.019105627279521347,0.02,2022-03-31,0.051818333333333334,True,1.0259091666666666,2021-04-05,2022-03-31,252
2022-04-01,Equity Equal Weight + Sector Sentiment,Sentiment fusion,Equal Weight + Sector Sentiment,Equity,True,SHW,Materials,equity,0.02234448233378527,0.02,2022-03-31,0.39965,True,1.199825,2021-04-05,2022-03-31,252
2022-04-01,Equity Equal Weight + Sector Sentiment,Sentiment fusion,Equal Weight + Sector Sentiment,Equity,True,SLB,Energy,equity,0.01876425001068612,0.02,2022-03-31,0.01515666666666667,True,1.0075783333333332,2021-04-05,2022-03-31,252
2022-04-01,Equity Equal Weight + Sector Sentiment,Sentiment fusion,Equal Weight + Sector Sentiment,Equity,True,SO,Utilities,equity,0.021388301628411332,0.02,2022-03-31,0.2969625,True,1.1484812500000001,2021-04-05,2022-03-31,252
2022-04-01,Equity Equal Weight + Sector Sentiment,Sentiment fusion,Equal Weight + Sector Sentiment,Equity,True,T,Comm,equity,0.020315726436686332,0.02,2022-03-31,0.181775,True,1.0908875,2021-04-05,2022-03-31,252
2022-04-01,Equity Equal Weight + Sector Sentiment,Sentiment fusion,Equal Weight + Sector Sentiment,Equity,True,TMUS,Comm,equity,0.020315726436686332,0.02,2022-03-31,0.181775,True,1.0908875,2021-04-05,2022-03-31,252
2022-04-01,Equity Equal Weight + Sector Sentiment,Sentiment fusion,Equal Weight + Sector Sentiment,Equity,True,TTWO,Comm,equity,0.020315726436686332,0.02,2022-03-31,0.181775,True,1.0908875,2021-04-05,2022-03-31,252
2022-04-01,Equity Equal Weight + Sector Sentiment,Sentiment fusion,Equal Weight + Sector Sentiment,Equity,True,UPS,Industrials,equity,0.020563584615554697,0.02,2022-03-31,0.20839333333333335,True,1.1041966666666667,2021-04-05,2022-03-31,252
2022-04-01,Equity Equal Weight + Sector Sentiment,Sentiment fusion,Equal Weight + Sector Sentiment,Equity,True,USB,Financials,equity,0.018760851291684665,0.02,2022-03-31,0.014791666666666663,True,1.0073958333333333,2021-04-05,2022-03-31,252
2022-04-01,Equity Equal Weight + Sector Sentiment,Sentiment fusion,Equal Weight + Sector Sentiment,Equity,True,V,Financials,equity,0.018760851291684665,0.02,2022-03-31,0.014791666666666663,True,1.0073958333333333,2021-04-05,2022-03-31,252
2022-04-01,Equity Equal Weight + Sector Sentiment,Sentiment fusion,Equal Weight + Sector Sentiment,Equity,True,WFC,Financials,equity,0.018760851291684665,0.02,2022-03-31,0.014791666666666663,True,1.0073958333333333,2021-04-05,2022-03-31,252
2022-04-01,Equity Equal Weight + Sector Sentiment,Sentiment fusion,Equal Weight + Sector Sentiment,Equity,True,WMT,Consumer,equity,0.019105627279521347,0.02,2022-03-31,0.051818333333333334,True,1.0259091666666666,2021-04-05,2022-03-31,252
2022-04-01,Equity Equal Weight + Sector Sentiment,Sentiment fusion,Equal Weight + Sector Sentiment,Equity,True,XOM,Energy,equity,0.01876425001068612,0.02,2022-03-31,0.01515666666666667,True,1.0075783333333332,2021-04-05,2022-03-31,252
2022-05-02,Equity Equal Weight,Base,Equal Weight,Equity,False,ABBV,Healthcare,equity,0.02,0.02,,,False,1.0,2021-05-03,2022-04-29,252
2022-05-02,Equity Equal Weight,Base,Equal Weight,Equity,False,ABT,Healthcare,equity,0.02,0.02,,,False,1.0,2021-05-03,2022-04-29,252
2022-05-02,Equity Equal Weight,Base,Equal Weight,Equity,False,ADBE,Tech,equity,0.02,0.02,,,False,1.0,2021-05-03,2022-04-29,252
2022-05-02,Equity Equal Weight,Base,Equal Weight,Equity,False,AEP,Utilities,equity,0.02,0.02,,,False,1.0,2021-05-03,2022-04-29,252
2022-05-02,Equity Equal Weight,Base,Equal Weight,Equity,False,AMD,Tech,equity,0.02,0.02,,,False,1.0,2021-05-03,2022-04-29,252
2022-05-02,Equity Equal Weight,Base,Equal Weight,Equity,False,AMGN,Healthcare,equity,0.02,0.02,,,False,1.0,2021-05-03,2022-04-29,252
2022-05-02,Equity Equal Weight,Base,Equal Weight,Equity,False,AMT,RealEstate,equity,0.02,0.02,,,False,1.0,2021-05-03,2022-04-29,252
2022-05-02,Equity Equal Weight,Base,Equal Weight,Equity,False,BA,Industrials,equity,0.02,0.02,,,False,1.0,2021-05-03,2022-04-29,252
2022-05-02,Equity Equal Weight,Base,Equal Weight,Equity,False,CAT,Industrials,equity,0.02,0.02,,,False,1.0,2021-05-03,2022-04-29,252
2022-05-02,Equity Equal Weight,Base,Equal Weight,Equity,False,CCI,RealEstate,equity,0.02,0.02,,,False,1.0,2021-05-03,2022-04-29,252
2022-05-02,Equity Equal Weight,Base,Equal Weight,Equity,False,CMCSA,Comm,equity,0.02,0.02,,,False,1.0,2021-05-03,2022-04-29,252
2022-05-02,Equity Equal Weight,Base,Equal Weight,Equity,False,COP,Energy,equity,0.02,0.02,,,False,1.0,2021-05-03,2022-04-29,252
2022-05-02,Equity Equal Weight,Base,Equal Weight,Equity,False,CVX,Energy,equity,0.02,0.02,,,False,1.0,2021-05-03,2022-04-29,252
2022-05-02,Equity Equal Weight,Base,Equal Weight,Equity,False,D,Utilities,equity,0.02,0.02,,,False,1.0,2021-05-03,2022-04-29,252
2022-05-02,Equity Equal Weight,Base,Equal Weight,Equity,False,DD,Materials,equity,0.02,0.02,,,False,1.0,2021-05-03,2022-04-29,252
2022-05-02,Equity Equal Weight,Base,Equal Weight,Equity,False,DIS,Consumer,equity,0.02,0.02,,,False,1.0,2021-05-03,2022-04-29,252
2022-05-02,Equity Equal Weight,Base,Equal Weight,Equity,False,DOW,Materials,equity,0.02,0.02,,,False,1.0,2021-05-03,2022-04-29,252
2022-05-02,Equity Equal Weight,Base,Equal Weight,Equity,False,DUK,Utilities,equity,0.02,0.02,,,False,1.0,2021-05-03,2022-04-29,252
2022-05-02,Equity Equal Weight,Base,Equal Weight,Equity,False,EA,Comm,equity,0.02,0.02,,,False,1.0,2021-05-03,2022-04-29,252
2022-05-02,Equity Equal Weight,Base,Equal Weight,Equity,False,GE,Industrials,equity,0.02,0.02,,,False,1.0,2021-05-03,2022-04-29,252
2022-05-02,Equity Equal Weight,Base,Equal Weight,Equity,False,GILD,Healthcare,equity,0.02,0.02,,,False,1.0,2021-05-03,2022-04-29,252
2022-05-02,Equity Equal Weight,Base,Equal Weight,Equity,False,GS,Financials,equity,0.02,0.02,,,False,1.0,2021-05-03,2022-04-29,252
2022-05-02,Equity Equal Weight,Base,Equal Weight,Equity,False,INTC,Tech,equity,0.02,0.02,,,False,1.0,2021-05-03,2022-04-29,252
2022-05-02,Equity Equal Weight,Base,Equal Weight,Equity,False,KO,Consumer,equity,0.02,0.02,,,False,1.0,2021-05-03,2022-04-29,252
2022-05-02,Equity Equal Weight,Base,Equal Weight,Equity,False,MMM,Industrials,equity,0.02,0.02,,,False,1.0,2021-05-03,2022-04-29,252
2022-05-02,Equity Equal Weight,Base,Equal Weight,Equity,False,MRK,Healthcare,equity,0.02,0.02,,,False,1.0,2021-05-03,2022-04-29,252
2022-05-02,Equity Equal Weight,Base,Equal Weight,Equity,False,MS,Financials,equity,0.02,0.02,,,False,1.0,2021-05-03,2022-04-29,252
2022-05-02,Equity Equal Weight,Base,Equal Weight,Equity,False,NEE,Utilities,equity,0.02,0.02,,,False,1.0,2021-05-03,2022-04-29,252
2022-05-02,Equity Equal Weight,Base,Equal Weight,Equity,False,NEM,Materials,equity,0.02,0.02,,,False,1.0,2021-05-03,2022-04-29,252
2022-05-02,Equity Equal Weight,Base,Equal Weight,Equity,False,NKE,Consumer,equity,0.02,0.02,,,False,1.0,2021-05-03,2022-04-29,252
2022-05-02,Equity Equal Weight,Base,Equal Weight,Equity,False,NUE,Materials,equity,0.02,0.02,,,False,1.0,2021-05-03,2022-04-29,252
2022-05-02,Equity Equal Weight,Base,Equal Weight,Equity,False,NVDA,Tech,equity,0.02,0.02,,,False,1.0,2021-05-03,2022-04-29,252
2022-05-02,Equity Equal Weight,Base,Equal Weight,Equity,False,O,RealEstate,equity,0.02,0.02,,,False,1.0,2021-05-03,2022-04-29,252
2022-05-02,Equity Equal Weight,Base,Equal Weight,Equity,False,OXY,Energy,equity,0.02,0.02,,,False,1.0,2021-05-03,2022-04-29,252
2022-05-02,Equity Equal Weight,Base,Equal Weight,Equity,False,PLD,RealEstate,equity,0.02,0.02,,,False,1.0,2021-05-03,2022-04-29,252
2022-05-02,Equity Equal Weight,Base,Equal Weight,Equity,False,PSA,RealEstate,equity,0.02,0.02,,,False,1.0,2021-05-03,2022-04-29,252
2022-05-02,Equity Equal Weight,Base,Equal Weight,Equity,False,QCOM,Tech,equity,0.02,0.02,,,False,1.0,2021-05-03,2022-04-29,252
2022-05-02,Equity Equal Weight,Base,Equal Weight,Equity,False,SBUX,Consumer,equity,0.02,0.02,,,False,1.0,2021-05-03,2022-04-29,252
2022-05-02,Equity Equal Weight,Base,Equal Weight,Equity,False,SHW,Materials,equity,0.02,0.02,,,False,1.0,2021-05-03,2022-04-29,252
2022-05-02,Equity Equal Weight,Base,Equal Weight,Equity,False,SLB,Energy,equity,0.02,0.02,,,False,1.0,2021-05-03,2022-04-29,252
2022-05-02,Equity Equal Weight,Base,Equal Weight,Equity,False,SO,Utilities,equity,0.02,0.02,,,False,1.0,2021-05-03,2022-04-29,252
2022-05-02,Equity Equal Weight,Base,Equal Weight,Equity,False,T,Comm,equity,0.02,0.02,,,False,1.0,2021-05-03,2022-04-29,252
2022-05-02,Equity Equal Weight,Base,Equal Weight,Equity,False,TMUS,Comm,equity,0.02,0.02,,,False,1.0,2021-05-03,2022-04-29,252
2022-05-02,Equity Equal Weight,Base,Equal Weight,Equity,False,TTWO,Comm,equity,0.02,0.02,,,False,1.0,2021-05-03,2022-04-29,252
2022-05-02,Equity Equal Weight,Base,Equal Weight,Equity,False,UPS,Industrials,equity,0.02,0.02,,,False,1.0,2021-05-03,2022-04-29,252
2022-05-02,Equity Equal Weight,Base,Equal Weight,Equity,False,USB,Financials,equity,0.02,0.02,,,False,1.0,2021-05-03,2022-04-29,252
2022-05-02,Equity Equal Weight,Base,Equal Weight,Equity,False,V,Financials,equity,0.02,0.02,,,False,1.0,2021-05-03,2022-04-29,252
2022-05-02,Equity Equal Weight,Base,Equal Weight,Equity,False,WFC,Financials,equity,0.02,0.02,,,False,1.0,2021-05-03,2022-04-29,252
2022-05-02,Equity Equal Weight,Base,Equal Weight,Equity,False,WMT,Consumer,equity,0.02,0.02,,,False,1.0,2021-05-03,2022-04-29,252
2022-05-02,Equity Equal Weight,Base,Equal Weight,Equity,False,XOM,Energy,equity,0.02,0.02,,,False,1.0,2021-05-03,2022-04-29,252
2022-05-02,Equity Equal Weight + Sector Sentiment,Sentiment fusion,Equal Weight + Sector Sentiment,Equity,True,ABBV,Healthcare,equity,0.01982564502645661,0.02,2022-04-29,0.09682833333333334,True,1.0484141666666666,2021-05-03,2022-04-29,252
2022-05-02,Equity Equal Weight + Sector Sentiment,Sentiment fusion,Equal Weight + Sector Sentiment,Equity,True,ABT,Healthcare,equity,0.01982564502645661,0.02,2022-04-29,0.09682833333333334,True,1.0484141666666666,2021-05-03,2022-04-29,252
2022-05-02,Equity Equal Weight + Sector Sentiment,Sentiment fusion,Equal Weight + Sector Sentiment,Equity,True,ADBE,Tech,equity,0.018923766018245244,0.02,2022-04-29,0.0014425108225108194,True,1.0007212554112555,2021-05-03,2022-04-29,252
2022-05-02,Equity Equal Weight + Sector Sentiment,Sentiment fusion,Equal Weight + Sector Sentiment,Equity,True,AEP,Utilities,equity,0.021750217947728027,0.02,2022-04-29,0.3003777777777778,True,1.150188888888889,2021-05-03,2022-04-29,252
2022-05-02,Equity Equal Weight + Sector Sentiment,Sentiment fusion,Equal Weight + Sector Sentiment,Equity,True,AMD,Tech,equity,0.018923766018245244,0.02,2022-04-29,0.0014425108225108194,True,1.0007212554112555,2021-05-03,2022-04-29,252
2022-05-02,Equity Equal Weight + Sector Sentiment,Sentiment fusion,Equal Weight + Sector Sentiment,Equity,True,AMGN,Healthcare,equity,0.01982564502645661,0.02,2022-04-29,0.09682833333333334,True,1.0484141666666666,2021-05-03,2022-04-29,252
2022-05-02,Equity Equal Weight + Sector Sentiment,Sentiment fusion,Equal Weight + Sector Sentiment,Equity,True,AMT,RealEstate,equity,0.020599274079926923,0.02,2022-04-29,0.17865,True,1.089325,2021-05-03,2022-04-29,252
2022-05-02,Equity Equal Weight + Sector Sentiment,Sentiment fusion,Equal Weight + Sector Sentiment,Equity,True,BA,Industrials,equity,0.021011016881562462,0.02,2022-04-29,0.2221973333333333,True,1.1110986666666667,2021-05-03,2022-04-29,252
2022-05-02,Equity Equal Weight + Sector Sentiment,Sentiment fusion,Equal Weight + Sector Sentiment,Equity,True,CAT,Industrials,equity,0.021011016881562462,0.02,2022-04-29,0.2221973333333333,True,1.1110986666666667,2021-05-03,2022-04-29,252
2022-05-02,Equity Equal Weight + Sector Sentiment,Sentiment fusion,Equal Weight + Sector Sentiment,Equity,True,CCI,RealEstate,equity,0.020599274079926923,0.02,2022-04-29,0.17865,True,1.089325,2021-05-03,2022-04-29,252
2022-05-02,Equity Equal Weight + Sector Sentiment,Sentiment fusion,Equal Weight + Sector Sentiment,Equity,True,CMCSA,Comm,equity,0.019785441308560657,0.02,2022-04-29,0.09257625,True,1.046288125,2021-05-03,2022-04-29,252
2022-05-02,Equity Equal Weight + Sector Sentiment,Sentiment fusion,Equal Weight + Sector Sentiment,Equity,True,COP,Energy,equity,0.01814333254351375,0.02,2022-04-29,-0.08109881481481482,True,0.9594505925925926,2021-05-03,2022-04-29,252
2022-05-02,Equity Equal Weight + Sector Sentiment,Sentiment fusion,Equal Weight + Sector Sentiment,Equity,True,CVX,Energy,equity,0.01814333254351375,0.02,2022-04-29,-0.08109881481481482,True,0.9594505925925926,2021-05-03,2022-04-29,252
2022-05-02,Equity Equal Weight + Sector Sentiment,Sentiment fusion,Equal Weight + Sector Sentiment,Equity,True,D,Utilities,equity,0.021750217947728027,0.02,2022-04-29,0.3003777777777778,True,1.150188888888889,2021-05-03,2022-04-29,252
2022-05-02,Equity Equal Weight + Sector Sentiment,Sentiment fusion,Equal Weight + Sector Sentiment,Equity,True,DD,Materials,equity,0.018910126986828465,0.02,2022-04-29,0.0,True,1.0,2021-05-03,2022-04-29,252
2022-05-02,Equity Equal Weight + Sector Sentiment,Sentiment fusion,Equal Weight + Sector Sentiment,Equity,True,DIS,Consumer,equity,0.01967044412952026,0.02,2022-04-29,0.08041375324675325,True,1.0402068766233765,2021-05-03,2022-04-29,252
2022-05-02,Equity Equal Weight + Sector Sentiment,Sentiment fusion,Equal Weight + Sector Sentiment,Equity,True,DOW,Materials,equity,0.018910126986828465,0.02,2022-04-29,0.0,True,1.0,2021-05-03,2022-04-29,252
2022-05-02,Equity Equal Weight + Sector Sentiment,Sentiment fusion,Equal Weight + Sector Sentiment,Equity,True,DUK,Utilities,equity,0.021750217947728027,0.02,2022-04-29,0.3003777777777778,True,1.150188888888889,2021-05-03,2022-04-29,252
2022-05-02,Equity Equal Weight + Sector Sentiment,Sentiment fusion,Equal Weight + Sector Sentiment,Equity,True,EA,Comm,equity,0.019785441308560657,0.02,2022-04-29,0.09257625,True,1.046288125,2021-05-03,2022-04-29,252
2022-05-02,Equity Equal Weight + Sector Sentiment,Sentiment fusion,Equal Weight + Sector Sentiment,Equity,True,GE,Industrials,equity,0.021011016881562462,0.02,2022-04-29,0.2221973333333333,True,1.1110986666666667,2021-05-03,2022-04-29,252
2022-05-02,Equity Equal Weight + Sector Sentiment,Sentiment fusion,Equal Weight + Sector Sentiment,Equity,True,GILD,Healthcare,equity,0.01982564502645661,0.02,2022-04-29,0.09682833333333334,True,1.0484141666666666,2021-05-03,2022-04-29,252
2022-05-02,Equity Equal Weight + Sector Sentiment,Sentiment fusion,Equal Weight + Sector Sentiment,Equity,True,GS,Financials,equity,0.021380735077657604,0.02,2022-04-29,0.26130000000000003,True,1.13065,2021-05-03,2022-04-29,252
2022-05-02,Equity Equal Weight + Sector Sentiment,Sentiment fusion,Equal Weight + Sector Sentiment,Equity,True,INTC,Tech,equity,0.018923766018245244,0.02,2022-04-29,0.0014425108225108194,True,1.0007212554112555,2021-05-03,2022-04-29,252
2022-05-02,Equity Equal Weight + Sector Sentiment,Sentiment fusion,Equal Weight + Sector Sentiment,Equity,True,KO,Consumer,equity,0.01967044412952026,0.02,2022-04-29,0.08041375324675325,True,1.0402068766233765,2021-05-03,2022-04-29,252
2022-05-02,Equity Equal Weight + Sector Sentiment,Sentiment fusion,Equal Weight + Sector Sentiment,Equity,True,MMM,Industrials,equity,0.021011016881562462,0.02,2022-04-29,0.2221973333333333,True,1.1110986666666667,2021-05-03,2022-04-29,252
2022-05-02,Equity Equal Weight + Sector Sentiment,Sentiment fusion,Equal Weight + Sector Sentiment,Equity,True,MRK,Healthcare,equity,0.01982564502645661,0.02,2022-04-29,0.09682833333333334,True,1.0484141666666666,2021-05-03,2022-04-29,252
2022-05-02,Equity Equal Weight + Sector Sentiment,Sentiment fusion,Equal Weight + Sector Sentiment,Equity,True,MS,Financials,equity,0.021380735077657604,0.02,2022-04-29,0.26130000000000003,True,1.13065,2021-05-03,2022-04-29,252
2022-05-02,Equity Equal Weight + Sector Sentiment,Sentiment fusion,Equal Weight + Sector Sentiment,Equity,True,NEE,Utilities,equity,0.021750217947728027,0.02,2022-04-29,0.3003777777777778,True,1.150188888888889,2021-05-03,2022-04-29,252
2022-05-02,Equity Equal Weight + Sector Sentiment,Sentiment fusion,Equal Weight + Sector Sentiment,Equity,True,NEM,Materials,equity,0.018910126986828465,0.02,2022-04-29,0.0,True,1.0,2021-05-03,2022-04-29,252
2022-05-02,Equity Equal Weight + Sector Sentiment,Sentiment fusion,Equal Weight + Sector Sentiment,Equity,True,NKE,Consumer,equity,0.01967044412952026,0.02,2022-04-29,0.08041375324675325,True,1.0402068766233765,2021-05-03,2022-04-29,252
2022-05-02,Equity Equal Weight + Sector Sentiment,Sentiment fusion,Equal Weight + Sector Sentiment,Equity,True,NUE,Materials,equity,0.018910126986828465,0.02,2022-04-29,0.0,True,1.0,2021-05-03,2022-04-29,252
2022-05-02,Equity Equal Weight + Sector Sentiment,Sentiment fusion,Equal Weight + Sector Sentiment,Equity,True,NVDA,Tech,equity,0.018923766018245244,0.02,2022-04-29,0.0014425108225108194,True,1.0007212554112555,2021-05-03,2022-04-29,252
2022-05-02,Equity Equal Weight + Sector Sentiment,Sentiment fusion,Equal Weight + Sector Sentiment,Equity,True,O,RealEstate,equity,0.020599274079926923,0.02,2022-04-29,0.17865,True,1.089325,2021-05-03,2022-04-29,252
2022-05-02,Equity Equal Weight + Sector Sentiment,Sentiment fusion,Equal Weight + Sector Sentiment,Equity,True,OXY,Energy,equity,0.01814333254351375,0.02,2022-04-29,-0.08109881481481482,True,0.9594505925925926,2021-05-03,2022-04-29,252
2022-05-02,Equity Equal Weight + Sector Sentiment,Sentiment fusion,Equal Weight + Sector Sentiment,Equity,True,PLD,RealEstate,equity,0.020599274079926923,0.02,2022-04-29,0.17865,True,1.089325,2021-05-03,2022-04-29,252
2022-05-02,Equity Equal Weight + Sector Sentiment,Sentiment fusion,Equal Weight + Sector Sentiment,Equity,True,PSA,RealEstate,equity,0.020599274079926923,0.02,2022-04-29,0.17865,True,1.089325,2021-05-03,2022-04-29,252
2022-05-02,Equity Equal Weight + Sector Sentiment,Sentiment fusion,Equal Weight + Sector Sentiment,Equity,True,QCOM,Tech,equity,0.018923766018245244,0.02,2022-04-29,0.0014425108225108194,True,1.0007212554112555,2021-05-03,2022-04-29,252
2022-05-02,Equity Equal Weight + Sector Sentiment,Sentiment fusion,Equal Weight + Sector Sentiment,Equity,True,SBUX,Consumer,equity,0.01967044412952026,0.02,2022-04-29,0.08041375324675325,True,1.0402068766233765,2021-05-03,2022-04-29,252
2022-05-02,Equity Equal Weight + Sector Sentiment,Sentiment fusion,Equal Weight + Sector Sentiment,Equity,True,SHW,Materials,equity,0.018910126986828465,0.02,2022-04-29,0.0,True,1.0,2021-05-03,2022-04-29,252
2022-05-02,Equity Equal Weight + Sector Sentiment,Sentiment fusion,Equal Weight + Sector Sentiment,Equity,True,SLB,Energy,equity,0.01814333254351375,0.02,2022-04-29,-0.08109881481481482,True,0.9594505925925926,2021-05-03,2022-04-29,252
2022-05-02,Equity Equal Weight + Sector Sentiment,Sentiment fusion,Equal Weight + Sector Sentiment,Equity,True,SO,Utilities,equity,0.021750217947728027,0.02,2022-04-29,0.3003777777777778,True,1.150188888888889,2021-05-03,2022-04-29,252
2022-05-02,Equity Equal Weight + Sector Sentiment,Sentiment fusion,Equal Weight + Sector Sentiment,Equity,True,T,Comm,equity,0.019785441308560657,0.02,2022-04-29,0.09257625,True,1.046288125,2021-05-03,2022-04-29,252
2022-05-02,Equity Equal Weight + Sector Sentiment,Sentiment fusion,Equal Weight + Sector Sentiment,Equity,True,TMUS,Comm,equity,0.019785441308560657,0.02,2022-04-29,0.09257625,True,1.046288125,2021-05-03,2022-04-29,252
2022-05-02,Equity Equal Weight + Sector Sentiment,Sentiment fusion,Equal Weight + Sector Sentiment,Equity,True,TTWO,Comm,equity,0.019785441308560657,0.02,2022-04-29,0.09257625,True,1.046288125,2021-05-03,2022-04-29,252
2022-05-02,Equity Equal Weight + Sector Sentiment,Sentiment fusion,Equal Weight + Sector Sentiment,Equity,True,UPS,Industrials,equity,0.021011016881562462,0.02,2022-04-29,0.2221973333333333,True,1.1110986666666667,2021-05-03,2022-04-29,252
2022-05-02,Equity Equal Weight + Sector Sentiment,Sentiment fusion,Equal Weight + Sector Sentiment,Equity,True,USB,Financials,equity,0.021380735077657604,0.02,2022-04-29,0.26130000000000003,True,1.13065,2021-05-03,2022-04-29,252
2022-05-02,Equity Equal Weight + Sector Sentiment,Sentiment fusion,Equal Weight + Sector Sentiment,Equity,True,V,Financials,equity,0.021380735077657604,0.02,2022-04-29,0.26130000000000003,True,1.13065,2021-05-03,2022-04-29,252
2022-05-02,Equity Equal Weight + Sector Sentiment,Sentiment fusion,Equal Weight + Sector Sentiment,Equity,True,WFC,Financials,equity,0.021380735077657604,0.02,2022-04-29,0.26130000000000003,True,1.13065,2021-05-03,2022-04-29,252
2022-05-02,Equity Equal Weight + Sector Sentiment,Sentiment fusion,Equal Weight + Sector Sentiment,Equity,True,WMT,Consumer,equity,0.01967044412952026,0.02,2022-04-29,0.08041375324675325,True,1.0402068766233765,2021-05-03,2022-04-29,252
2022-05-02,Equity Equal Weight + Sector Sentiment,Sentiment fusion,Equal Weight + Sector Sentiment,Equity,True,XOM,Energy,equity,0.01814333254351375,0.02,2022-04-29,-0.08109881481481482,True,0.9594505925925926,2021-05-03,2022-04-29,252
2022-06-01,Equity Equal Weight,Base,Equal Weight,Equity,False,ABBV,Healthcare,equity,0.02,0.02,,,False,1.0,2021-06-02,2022-05-31,252
2022-06-01,Equity Equal Weight,Base,Equal Weight,Equity,False,ABT,Healthcare,equity,0.02,0.02,,,False,1.0,2021-06-02,2022-05-31,252
2022-06-01,Equity Equal Weight,Base,Equal Weight,Equity,False,ADBE,Tech,equity,0.02,0.02,,,False,1.0,2021-06-02,2022-05-31,252
2022-06-01,Equity Equal Weight,Base,Equal Weight,Equity,False,AEP,Utilities,equity,0.02,0.02,,,False,1.0,2021-06-02,2022-05-31,252
2022-06-01,Equity Equal Weight,Base,Equal Weight,Equity,False,AMD,Tech,equity,0.02,0.02,,,False,1.0,2021-06-02,2022-05-31,252
2022-06-01,Equity Equal Weight,Base,Equal Weight,Equity,False,AMGN,Healthcare,equity,0.02,0.02,,,False,1.0,2021-06-02,2022-05-31,252
2022-06-01,Equity Equal Weight,Base,Equal Weight,Equity,False,AMT,RealEstate,equity,0.02,0.02,,,False,1.0,2021-06-02,2022-05-31,252
2022-06-01,Equity Equal Weight,Base,Equal Weight,Equity,False,BA,Industrials,equity,0.02,0.02,,,False,1.0,2021-06-02,2022-05-31,252
2022-06-01,Equity Equal Weight,Base,Equal Weight,Equity,False,CAT,Industrials,equity,0.02,0.02,,,False,1.0,2021-06-02,2022-05-31,252
2022-06-01,Equity Equal Weight,Base,Equal Weight,Equity,False,CCI,RealEstate,equity,0.02,0.02,,,False,1.0,2021-06-02,2022-05-31,252
2022-06-01,Equity Equal Weight,Base,Equal Weight,Equity,False,CMCSA,Comm,equity,0.02,0.02,,,False,1.0,2021-06-02,2022-05-31,252
2022-06-01,Equity Equal Weight,Base,Equal Weight,Equity,False,COP,Energy,equity,0.02,0.02,,,False,1.0,2021-06-02,2022-05-31,252
2022-06-01,Equity Equal Weight,Base,Equal Weight,Equity,False,CVX,Energy,equity,0.02,0.02,,,False,1.0,2021-06-02,2022-05-31,252
2022-06-01,Equity Equal Weight,Base,Equal Weight,Equity,False,D,Utilities,equity,0.02,0.02,,,False,1.0,2021-06-02,2022-05-31,252
2022-06-01,Equity Equal Weight,Base,Equal Weight,Equity,False,DD,Materials,equity,0.02,0.02,,,False,1.0,2021-06-02,2022-05-31,252
2022-06-01,Equity Equal Weight,Base,Equal Weight,Equity,False,DIS,Consumer,equity,0.02,0.02,,,False,1.0,2021-06-02,2022-05-31,252
2022-06-01,Equity Equal Weight,Base,Equal Weight,Equity,False,DOW,Materials,equity,0.02,0.02,,,False,1.0,2021-06-02,2022-05-31,252
2022-06-01,Equity Equal Weight,Base,Equal Weight,Equity,False,DUK,Utilities,equity,0.02,0.02,,,False,1.0,2021-06-02,2022-05-31,252
2022-06-01,Equity Equal Weight,Base,Equal Weight,Equity,False,EA,Comm,equity,0.02,0.02,,,False,1.0,2021-06-02,2022-05-31,252
2022-06-01,Equity Equal Weight,Base,Equal Weight,Equity,False,GE,Industrials,equity,0.02,0.02,,,False,1.0,2021-06-02,2022-05-31,252
2022-06-01,Equity Equal Weight,Base,Equal Weight,Equity,False,GILD,Healthcare,equity,0.02,0.02,,,False,1.0,2021-06-02,2022-05-31,252
2022-06-01,Equity Equal Weight,Base,Equal Weight,Equity,False,GS,Financials,equity,0.02,0.02,,,False,1.0,2021-06-02,2022-05-31,252
2022-06-01,Equity Equal Weight,Base,Equal Weight,Equity,False,INTC,Tech,equity,0.02,0.02,,,False,1.0,2021-06-02,2022-05-31,252
2022-06-01,Equity Equal Weight,Base,Equal Weight,Equity,False,KO,Consumer,equity,0.02,0.02,,,False,1.0,2021-06-02,2022-05-31,252
2022-06-01,Equity Equal Weight,Base,Equal Weight,Equity,False,MMM,Industrials,equity,0.02,0.02,,,False,1.0,2021-06-02,2022-05-31,252
2022-06-01,Equity Equal Weight,Base,Equal Weight,Equity,False,MRK,Healthcare,equity,0.02,0.02,,,False,1.0,2021-06-02,2022-05-31,252
2022-06-01,Equity Equal Weight,Base,Equal Weight,Equity,False,MS,Financials,equity,0.02,0.02,,,False,1.0,2021-06-02,2022-05-31,252
2022-06-01,Equity Equal Weight,Base,Equal Weight,Equity,False,NEE,Utilities,equity,0.02,0.02,,,False,1.0,2021-06-02,2022-05-31,252
2022-06-01,Equity Equal Weight,Base,Equal Weight,Equity,False,NEM,Materials,equity,0.02,0.02,,,False,1.0,2021-06-02,2022-05-31,252
2022-06-01,Equity Equal Weight,Base,Equal Weight,Equity,False,NKE,Consumer,equity,0.02,0.02,,,False,1.0,2021-06-02,2022-05-31,252
2022-06-01,Equity Equal Weight,Base,Equal Weight,Equity,False,NUE,Materials,equity,0.02,0.02,,,False,1.0,2021-06-02,2022-05-31,252
2022-06-01,Equity Equal Weight,Base,Equal Weight,Equity,False,NVDA,Tech,equity,0.02,0.02,,,False,1.0,2021-06-02,2022-05-31,252
2022-06-01,Equity Equal Weight,Base,Equal Weight,Equity,False,O,RealEstate,equity,0.02,0.02,,,False,1.0,2021-06-02,2022-05-31,252
2022-06-01,Equity Equal Weight,Base,Equal Weight,Equity,False,OXY,Energy,equity,0.02,0.02,,,False,1.0,2021-06-02,2022-05-31,252
2022-06-01,Equity Equal Weight,Base,Equal Weight,Equity,False,PLD,RealEstate,equity,0.02,0.02,,,False,1.0,2021-06-02,2022-05-31,252
2022-06-01,Equity Equal Weight,Base,Equal Weight,Equity,False,PSA,RealEstate,equity,0.02,0.02,,,False,1.0,2021-06-02,2022-05-31,252
2022-06-01,Equity Equal Weight,Base,Equal Weight,Equity,False,QCOM,Tech,equity,0.02,0.02,,,False,1.0,2021-06-02,2022-05-31,252
2022-06-01,Equity Equal Weight,Base,Equal Weight,Equity,False,SBUX,Consumer,equity,0.02,0.02,,,False,1.0,2021-06-02,2022-05-31,252
2022-06-01,Equity Equal Weight,Base,Equal Weight,Equity,False,SHW,Materials,equity,0.02,0.02,,,False,1.0,2021-06-02,2022-05-31,252
2022-06-01,Equity Equal Weight,Base,Equal Weight,Equity,False,SLB,Energy,equity,0.02,0.02,,,False,1.0,2021-06-02,2022-05-31,252
2022-06-01,Equity Equal Weight,Base,Equal Weight,Equity,False,SO,Utilities,equity,0.02,0.02,,,False,1.0,2021-06-02,2022-05-31,252
2022-06-01,Equity Equal Weight,Base,Equal Weight,Equity,False,T,Comm,equity,0.02,0.02,,,False,1.0,2021-06-02,2022-05-31,252
2022-06-01,Equity Equal Weight,Base,Equal Weight,Equity,False,TMUS,Comm,equity,0.02,0.02,,,False,1.0,2021-06-02,2022-05-31,252
2022-06-01,Equity Equal Weight,Base,Equal Weight,Equity,False,TTWO,Comm,equity,0.02,0.02,,,False,1.0,2021-06-02,2022-05-31,252
2022-06-01,Equity Equal Weight,Base,Equal Weight,Equity,False,UPS,Industrials,equity,0.02,0.02,,,False,1.0,2021-06-02,2022-05-31,252
2022-06-01,Equity Equal Weight,Base,Equal Weight,Equity,False,USB,Financials,equity,0.02,0.02,,,False,1.0,2021-06-02,2022-05-31,252
2022-06-01,Equity Equal Weight,Base,Equal Weight,Equity,False,V,Financials,equity,0.02,0.02,,,False,1.0,2021-06-02,2022-05-31,252
2022-06-01,Equity Equal Weight,Base,Equal Weight,Equity,False,WFC,Financials,equity,0.02,0.02,,,False,1.0,2021-06-02,2022-05-31,252
2022-06-01,Equity Equal Weight,Base,Equal Weight,Equity,False,WMT,Consumer,equity,0.02,0.02,,,False,1.0,2021-06-02,2022-05-31,252
2022-06-01,Equity Equal Weight,Base,Equal Weight,Equity,False,XOM,Energy,equity,0.02,0.02,,,False,1.0,2021-06-02,2022-05-31,252
2022-06-01,Equity Equal Weight + Sector Sentiment,Sentiment fusion,Equal Weight + Sector Sentiment,Equity,True,ABBV,Healthcare,equity,0.021059024498248858,0.02,2022-05-31,0.32664666666666664,True,1.1633233333333333,2021-06-02,2022-05-31,252
2022-06-01,Equity Equal Weight + Sector Sentiment,Sentiment fusion,Equal Weight + Sector Sentiment,Equity,True,ABT,Healthcare,equity,0.021059024498248858,0.02,2022-05-31,0.32664666666666664,True,1.1633233333333333,2021-06-02,2022-05-31,252
2022-06-01,Equity Equal Weight + Sector Sentiment,Sentiment fusion,Equal Weight + Sector Sentiment,Equity,True,ADBE,Tech,equity,0.020764819150413123,0.02,2022-05-31,0.2941422222222222,True,1.1470711111111112,2021-06-02,2022-05-31,252
2022-06-01,Equity Equal Weight + Sector Sentiment,Sentiment fusion,Equal Weight + Sector Sentiment,Equity,True,AEP,Utilities,equity,0.02001238500083699,0.02,2022-05-31,0.21101166666666665,True,1.1055058333333334,2021-06-02,2022-05-31,252
2022-06-01,Equity Equal Weight + Sector Sentiment,Sentiment fusion,Equal Weight + Sector Sentiment,Equity,True,AMD,Tech,equity,0.020764819150413123,0.02,2022-05-31,0.2941422222222222,True,1.1470711111111112,2021-06-02,2022-05-31,252
2022-06-01,Equity Equal Weight + Sector Sentiment,Sentiment fusion,Equal Weight + Sector Sentiment,Equity,True,AMGN,Healthcare,equity,0.021059024498248858,0.02,2022-05-31,0.32664666666666664,True,1.1633233333333333,2021-06-02,2022-05-31,252
2022-06-01,Equity Equal Weight + Sector Sentiment,Sentiment fusion,Equal Weight + Sector Sentiment,Equity,True,AMT,RealEstate,equity,0.01953731587452727,0.02,2022-05-31,0.158525,True,1.0792625,2021-06-02,2022-05-31,252
2022-06-01,Equity Equal Weight + Sector Sentiment,Sentiment fusion,Equal Weight + Sector Sentiment,Equity,True,BA,Industrials,equity,0.021478443617986863,0.02,2022-05-31,0.372985,True,1.1864925,2021-06-02,2022-05-31,252
2022-06-01,Equity Equal Weight + Sector Sentiment,Sentiment fusion,Equal Weight + Sector Sentiment,Equity,True,CAT,Industrials,equity,0.021478443617986863,0.02,2022-05-31,0.372985,True,1.1864925,2021-06-02,2022-05-31,252
2022-06-01,Equity Equal Weight + Sector Sentiment,Sentiment fusion,Equal Weight + Sector Sentiment,Equity,True,CCI,RealEstate,equity,0.01953731587452727,0.02,2022-05-31,0.158525,True,1.0792625,2021-06-02,2022-05-31,252
2022-06-01,Equity Equal Weight + Sector Sentiment,Sentiment fusion,Equal Weight + Sector Sentiment,Equity,True,CMCSA,Comm,equity,0.019847084317179985,0.02,2022-05-31,0.1927488888888889,True,1.0963744444444445,2021-06-02,2022-05-31,252
2022-06-01,Equity Equal Weight + Sector Sentiment,Sentiment fusion,Equal Weight + Sector Sentiment,Equity,True,COP,Energy,equity,0.02016083635289648,0.02,2022-05-31,0.22741289377289378,True,1.1137064468864468,2021-06-02,2022-05-31,252
2022-06-01,Equity Equal Weight + Sector Sentiment,Sentiment fusion,Equal Weight + Sector Sentiment,Equity,True,CVX,Energy,equity,0.02016083635289648,0.02,2022-05-31,0.22741289377289378,True,1.1137064468864468,2021-06-02,2022-05-31,252
2022-06-01,Equity Equal Weight + Sector Sentiment,Sentiment fusion,Equal Weight + Sector Sentiment,Equity,True,D,Utilities,equity,0.02001238500083699,0.02,2022-05-31,0.21101166666666665,True,1.1055058333333334,2021-06-02,2022-05-31,252
2022-06-01,Equity Equal Weight + Sector Sentiment,Sentiment fusion,Equal Weight + Sector Sentiment,Equity,True,DD,Materials,equity,0.019200232817643277,0.02,2022-05-31,0.12128333333333334,True,1.0606416666666667,2021-06-02,2022-05-31,252
2022-06-01,Equity Equal Weight + Sector Sentiment,Sentiment fusion,Equal Weight + Sector Sentiment,Equity,True,DIS,Consumer,equity,0.019284509867443764,0.02,2022-05-31,0.13059444444444446,True,1.0652972222222221,2021-06-02,2022-05-31,252
2022-06-01,Equity Equal Weight + Sector Sentiment,Sentiment fusion,Equal Weight + Sector Sentiment,Equity,True,DOW,Materials,equity,0.019200232817643277,0.02,2022-05-31,0.12128333333333334,True,1.0606416666666667,2021-06-02,2022-05-31,252
2022-06-01,Equity Equal Weight + Sector Sentiment,Sentiment fusion,Equal Weight + Sector Sentiment,Equity,True,DUK,Utilities,equity,0.02001238500083699,0.02,2022-05-31,0.21101166666666665,True,1.1055058333333334,2021-06-02,2022-05-31,252
2022-06-01,Equity Equal Weight + Sector Sentiment,Sentiment fusion,Equal Weight + Sector Sentiment,Equity,True,EA,Comm,equity,0.019847084317179985,0.02,2022-05-31,0.1927488888888889,True,1.0963744444444445,2021-06-02,2022-05-31,252
2022-06-01,Equity Equal Weight + Sector Sentiment,Sentiment fusion,Equal Weight + Sector Sentiment,Equity,True,GE,Industrials,equity,0.021478443617986863,0.02,2022-05-31,0.372985,True,1.1864925,2021-06-02,2022-05-31,252
2022-06-01,Equity Equal Weight + Sector Sentiment,Sentiment fusion,Equal Weight + Sector Sentiment,Equity,True,GILD,Healthcare,equity,0.021059024498248858,0.02,2022-05-31,0.32664666666666664,True,1.1633233333333333,2021-06-02,2022-05-31,252
2022-06-01,Equity Equal Weight + Sector Sentiment,Sentiment fusion,Equal Weight + Sector Sentiment,Equity,True,GS,Financials,equity,0.018655348502823417,0.02,2022-05-31,0.06108333333333334,True,1.0305416666666667,2021-06-02,2022-05-31,252
2022-06-01,Equity Equal Weight + Sector Sentiment,Sentiment fusion,Equal Weight + Sector Sentiment,Equity,True,INTC,Tech,equity,0.020764819150413123,0.02,2022-05-31,0.2941422222222222,True,1.1470711111111112,2021-06-02,2022-05-31,252
2022-06-01,Equity Equal Weight + Sector Sentiment,Sentiment fusion,Equal Weight + Sector Sentiment,Equity,True,KO,Consumer,equity,0.019284509867443764,0.02,2022-05-31,0.13059444444444446,True,1.0652972222222221,2021-06-02,2022-05-31,252
2022-06-01,Equity Equal Weight + Sector Sentiment,Sentiment fusion,Equal Weight + Sector Sentiment,Equity,True,MMM,Industrials,equity,0.021478443617986863,0.02,2022-05-31,0.372985,True,1.1864925,2021-06-02,2022-05-31,252
2022-06-01,Equity Equal Weight + Sector Sentiment,Sentiment fusion,Equal Weight + Sector Sentiment,Equity,True,MRK,Healthcare,equity,0.021059024498248858,0.02,2022-05-31,0.32664666666666664,True,1.1633233333333333,2021-06-02,2022-05-31,252
2022-06-01,Equity Equal Weight + Sector Sentiment,Sentiment fusion,Equal Weight + Sector Sentiment,Equity,True,MS,Financials,equity,0.018655348502823417,0.02,2022-05-31,0.06108333333333334,True,1.0305416666666667,2021-06-02,2022-05-31,252
2022-06-01,Equity Equal Weight + Sector Sentiment,Sentiment fusion,Equal Weight + Sector Sentiment,Equity,True,NEE,Utilities,equity,0.02001238500083699,0.02,2022-05-31,0.21101166666666665,True,1.1055058333333334,2021-06-02,2022-05-31,252
2022-06-01,Equity Equal Weight + Sector Sentiment,Sentiment fusion,Equal Weight + Sector Sentiment,Equity,True,NEM,Materials,equity,0.019200232817643277,0.02,2022-05-31,0.12128333333333334,True,1.0606416666666667,2021-06-02,2022-05-31,252
2022-06-01,Equity Equal Weight + Sector Sentiment,Sentiment fusion,Equal Weight + Sector Sentiment,Equity,True,NKE,Consumer,equity,0.019284509867443764,0.02,2022-05-31,0.13059444444444446,True,1.0652972222222221,2021-06-02,2022-05-31,252
2022-06-01,Equity Equal Weight + Sector Sentiment,Sentiment fusion,Equal Weight + Sector Sentiment,Equity,True,NUE,Materials,equity,0.019200232817643277,0.02,2022-05-31,0.12128333333333334,True,1.0606416666666667,2021-06-02,2022-05-31,252
2022-06-01,Equity Equal Weight + Sector Sentiment,Sentiment fusion,Equal Weight + Sector Sentiment,Equity,True,NVDA,Tech,equity,0.020764819150413123,0.02,2022-05-31,0.2941422222222222,True,1.1470711111111112,2021-06-02,2022-05-31,252
2022-06-01,Equity Equal Weight + Sector Sentiment,Sentiment fusion,Equal Weight + Sector Sentiment,Equity,True,O,RealEstate,equity,0.01953731587452727,0.02,2022-05-31,0.158525,True,1.0792625,2021-06-02,2022-05-31,252
2022-06-01,Equity Equal Weight + Sector Sentiment,Sentiment fusion,Equal Weight + Sector Sentiment,Equity,True,OXY,Energy,equity,0.02016083635289648,0.02,2022-05-31,0.22741289377289378,True,1.1137064468864468,2021-06-02,2022-05-31,252
2022-06-01,Equity Equal Weight + Sector Sentiment,Sentiment fusion,Equal Weight + Sector Sentiment,Equity,True,PLD,RealEstate,equity,0.01953731587452727,0.02,2022-05-31,0.158525,True,1.0792625,2021-06-02,2022-05-31,252
2022-06-01,Equity Equal Weight + Sector Sentiment,Sentiment fusion,Equal Weight + Sector Sentiment,Equity,True,PSA,RealEstate,equity,0.01953731587452727,0.02,2022-05-31,0.158525,True,1.0792625,2021-06-02,2022-05-31,252
2022-06-01,Equity Equal Weight + Sector Sentiment,Sentiment fusion,Equal Weight + Sector Sentiment,Equity,True,QCOM,Tech,equity,0.020764819150413123,0.02,2022-05-31,0.2941422222222222,True,1.1470711111111112,2021-06-02,2022-05-31,252
2022-06-01,Equity Equal Weight + Sector Sentiment,Sentiment fusion,Equal Weight + Sector Sentiment,Equity,True,SBUX,Consumer,equity,0.019284509867443764,0.02,2022-05-31,0.13059444444444446,True,1.0652972222222221,2021-06-02,2022-05-31,252
2022-06-01,Equity Equal Weight + Sector Sentiment,Sentiment fusion,Equal Weight + Sector Sentiment,Equity,True,SHW,Materials,equity,0.019200232817643277,0.02,2022-05-31,0.12128333333333334,True,1.0606416666666667,2021-06-02,2022-05-31,252
2022-06-01,Equity Equal Weight + Sector Sentiment,Sentiment fusion,Equal Weight + Sector Sentiment,Equity,True,SLB,Energy,equity,0.02016083635289648,0.02,2022-05-31,0.22741289377289378,True,1.1137064468864468,2021-06-02,2022-05-31,252
2022-06-01,Equity Equal Weight + Sector Sentiment,Sentiment fusion,Equal Weight + Sector Sentiment,Equity,True,SO,Utilities,equity,0.02001238500083699,0.02,2022-05-31,0.21101166666666665,True,1.1055058333333334,2021-06-02,2022-05-31,252
2022-06-01,Equity Equal Weight + Sector Sentiment,Sentiment fusion,Equal Weight + Sector Sentiment,Equity,True,T,Comm,equity,0.019847084317179985,0.02,2022-05-31,0.1927488888888889,True,1.0963744444444445,2021-06-02,2022-05-31,252
2022-06-01,Equity Equal Weight + Sector Sentiment,Sentiment fusion,Equal Weight + Sector Sentiment,Equity,True,TMUS,Comm,equity,0.019847084317179985,0.02,2022-05-31,0.1927488888888889,True,1.0963744444444445,2021-06-02,2022-05-31,252
2022-06-01,Equity Equal Weight + Sector Sentiment,Sentiment fusion,Equal Weight + Sector Sentiment,Equity,True,TTWO,Comm,equity,0.019847084317179985,0.02,2022-05-31,0.1927488888888889,True,1.0963744444444445,2021-06-02,2022-05-31,252
2022-06-01,Equity Equal Weight + Sector Sentiment,Sentiment fusion,Equal Weight + Sector Sentiment,Equity,True,UPS,Industrials,equity,0.021478443617986863,0.02,2022-05-31,0.372985,True,1.1864925,2021-06-02,2022-05-31,252
2022-06-01,Equity Equal Weight + Sector Sentiment,Sentiment fusion,Equal Weight + Sector Sentiment,Equity,True,USB,Financials,equity,0.018655348502823417,0.02,2022-05-31,0.06108333333333334,True,1.0305416666666667,2021-06-02,2022-05-31,252
2022-06-01,Equity Equal Weight + Sector Sentiment,Sentiment fusion,Equal Weight + Sector Sentiment,Equity,True,V,Financials,equity,0.018655348502823417,0.02,2022-05-31,0.06108333333333334,True,1.0305416666666667,2021-06-02,2022-05-31,252
2022-06-01,Equity Equal Weight + Sector Sentiment,Sentiment fusion,Equal Weight + Sector Sentiment,Equity,True,WFC,Financials,equity,0.018655348502823417,0.02,2022-05-31,0.06108333333333334,True,1.0305416666666667,2021-06-02,2022-05-31,252
2022-06-01,Equity Equal Weight + Sector Sentiment,Sentiment fusion,Equal Weight + Sector Sentiment,Equity,True,WMT,Consumer,equity,0.019284509867443764,0.02,2022-05-31,0.13059444444444446,True,1.0652972222222221,2021-06-02,2022-05-31,252
2022-06-01,Equity Equal Weight + Sector Sentiment,Sentiment fusion,Equal Weight + Sector Sentiment,Equity,True,XOM,Energy,equity,0.02016083635289648,0.02,2022-05-31,0.22741289377289378,True,1.1137064468864468,2021-06-02,2022-05-31,252
2022-07-01,Equity Equal Weight,Base,Equal Weight,Equity,False,ABBV,Healthcare,equity,0.02,0.02,,,False,1.0,2021-07-01,2022-06-30,252
2022-07-01,Equity Equal Weight,Base,Equal Weight,Equity,False,ABT,Healthcare,equity,0.02,0.02,,,False,1.0,2021-07-01,2022-06-30,252
2022-07-01,Equity Equal Weight,Base,Equal Weight,Equity,False,ADBE,Tech,equity,0.02,0.02,,,False,1.0,2021-07-01,2022-06-30,252
2022-07-01,Equity Equal Weight,Base,Equal Weight,Equity,False,AEP,Utilities,equity,0.02,0.02,,,False,1.0,2021-07-01,2022-06-30,252
2022-07-01,Equity Equal Weight,Base,Equal Weight,Equity,False,AMD,Tech,equity,0.02,0.02,,,False,1.0,2021-07-01,2022-06-30,252
2022-07-01,Equity Equal Weight,Base,Equal Weight,Equity,False,AMGN,Healthcare,equity,0.02,0.02,,,False,1.0,2021-07-01,2022-06-30,252
2022-07-01,Equity Equal Weight,Base,Equal Weight,Equity,False,AMT,RealEstate,equity,0.02,0.02,,,False,1.0,2021-07-01,2022-06-30,252
2022-07-01,Equity Equal Weight,Base,Equal Weight,Equity,False,BA,Industrials,equity,0.02,0.02,,,False,1.0,2021-07-01,2022-06-30,252
2022-07-01,Equity Equal Weight,Base,Equal Weight,Equity,False,CAT,Industrials,equity,0.02,0.02,,,False,1.0,2021-07-01,2022-06-30,252
2022-07-01,Equity Equal Weight,Base,Equal Weight,Equity,False,CCI,RealEstate,equity,0.02,0.02,,,False,1.0,2021-07-01,2022-06-30,252
2022-07-01,Equity Equal Weight,Base,Equal Weight,Equity,False,CMCSA,Comm,equity,0.02,0.02,,,False,1.0,2021-07-01,2022-06-30,252
2022-07-01,Equity Equal Weight,Base,Equal Weight,Equity,False,COP,Energy,equity,0.02,0.02,,,False,1.0,2021-07-01,2022-06-30,252
2022-07-01,Equity Equal Weight,Base,Equal Weight,Equity,False,CVX,Energy,equity,0.02,0.02,,,False,1.0,2021-07-01,2022-06-30,252
2022-07-01,Equity Equal Weight,Base,Equal Weight,Equity,False,D,Utilities,equity,0.02,0.02,,,False,1.0,2021-07-01,2022-06-30,252
2022-07-01,Equity Equal Weight,Base,Equal Weight,Equity,False,DD,Materials,equity,0.02,0.02,,,False,1.0,2021-07-01,2022-06-30,252
2022-07-01,Equity Equal Weight,Base,Equal Weight,Equity,False,DIS,Consumer,equity,0.02,0.02,,,False,1.0,2021-07-01,2022-06-30,252
2022-07-01,Equity Equal Weight,Base,Equal Weight,Equity,False,DOW,Materials,equity,0.02,0.02,,,False,1.0,2021-07-01,2022-06-30,252
2022-07-01,Equity Equal Weight,Base,Equal Weight,Equity,False,DUK,Utilities,equity,0.02,0.02,,,False,1.0,2021-07-01,2022-06-30,252
2022-07-01,Equity Equal Weight,Base,Equal Weight,Equity,False,EA,Comm,equity,0.02,0.02,,,False,1.0,2021-07-01,2022-06-30,252
2022-07-01,Equity Equal Weight,Base,Equal Weight,Equity,False,GE,Industrials,equity,0.02,0.02,,,False,1.0,2021-07-01,2022-06-30,252
2022-07-01,Equity Equal Weight,Base,Equal Weight,Equity,False,GILD,Healthcare,equity,0.02,0.02,,,False,1.0,2021-07-01,2022-06-30,252
2022-07-01,Equity Equal Weight,Base,Equal Weight,Equity,False,GS,Financials,equity,0.02,0.02,,,False,1.0,2021-07-01,2022-06-30,252
2022-07-01,Equity Equal Weight,Base,Equal Weight,Equity,False,INTC,Tech,equity,0.02,0.02,,,False,1.0,2021-07-01,2022-06-30,252
2022-07-01,Equity Equal Weight,Base,Equal Weight,Equity,False,KO,Consumer,equity,0.02,0.02,,,False,1.0,2021-07-01,2022-06-30,252
2022-07-01,Equity Equal Weight,Base,Equal Weight,Equity,False,MMM,Industrials,equity,0.02,0.02,,,False,1.0,2021-07-01,2022-06-30,252
2022-07-01,Equity Equal Weight,Base,Equal Weight,Equity,False,MRK,Healthcare,equity,0.02,0.02,,,False,1.0,2021-07-01,2022-06-30,252
2022-07-01,Equity Equal Weight,Base,Equal Weight,Equity,False,MS,Financials,equity,0.02,0.02,,,False,1.0,2021-07-01,2022-06-30,252
2022-07-01,Equity Equal Weight,Base,Equal Weight,Equity,False,NEE,Utilities,equity,0.02,0.02,,,False,1.0,2021-07-01,2022-06-30,252
2022-07-01,Equity Equal Weight,Base,Equal Weight,Equity,False,NEM,Materials,equity,0.02,0.02,,,False,1.0,2021-07-01,2022-06-30,252
2022-07-01,Equity Equal Weight,Base,Equal Weight,Equity,False,NKE,Consumer,equity,0.02,0.02,,,False,1.0,2021-07-01,2022-06-30,252
2022-07-01,Equity Equal Weight,Base,Equal Weight,Equity,False,NUE,Materials,equity,0.02,0.02,,,False,1.0,2021-07-01,2022-06-30,252
2022-07-01,Equity Equal Weight,Base,Equal Weight,Equity,False,NVDA,Tech,equity,0.02,0.02,,,False,1.0,2021-07-01,2022-06-30,252
2022-07-01,Equity Equal Weight,Base,Equal Weight,Equity,False,O,RealEstate,equity,0.02,0.02,,,False,1.0,2021-07-01,2022-06-30,252
2022-07-01,Equity Equal Weight,Base,Equal Weight,Equity,False,OXY,Energy,equity,0.02,0.02,,,False,1.0,2021-07-01,2022-06-30,252
2022-07-01,Equity Equal Weight,Base,Equal Weight,Equity,False,PLD,RealEstate,equity,0.02,0.02,,,False,1.0,2021-07-01,2022-06-30,252
2022-07-01,Equity Equal Weight,Base,Equal Weight,Equity,False,PSA,RealEstate,equity,0.02,0.02,,,False,1.0,2021-07-01,2022-06-30,252
2022-07-01,Equity Equal Weight,Base,Equal Weight,Equity,False,QCOM,Tech,equity,0.02,0.02,,,False,1.0,2021-07-01,2022-06-30,252
2022-07-01,Equity Equal Weight,Base,Equal Weight,Equity,False,SBUX,Consumer,equity,0.02,0.02,,,False,1.0,2021-07-01,2022-06-30,252
2022-07-01,Equity Equal Weight,Base,Equal Weight,Equity,False,SHW,Materials,equity,0.02,0.02,,,False,1.0,2021-07-01,2022-06-30,252
2022-07-01,Equity Equal Weight,Base,Equal Weight,Equity,False,SLB,Energy,equity,0.02,0.02,,,False,1.0,2021-07-01,2022-06-30,252
2022-07-01,Equity Equal Weight,Base,Equal Weight,Equity,False,SO,Utilities,equity,0.02,0.02,,,False,1.0,2021-07-01,2022-06-30,252
2022-07-01,Equity Equal Weight,Base,Equal Weight,Equity,False,T,Comm,equity,0.02,0.02,,,False,1.0,2021-07-01,2022-06-30,252
2022-07-01,Equity Equal Weight,Base,Equal Weight,Equity,False,TMUS,Comm,equity,0.02,0.02,,,False,1.0,2021-07-01,2022-06-30,252
2022-07-01,Equity Equal Weight,Base,Equal Weight,Equity,False,TTWO,Comm,equity,0.02,0.02,,,False,1.0,2021-07-01,2022-06-30,252
2022-07-01,Equity Equal Weight,Base,Equal Weight,Equity,False,UPS,Industrials,equity,0.02,0.02,,,False,1.0,2021-07-01,2022-06-30,252
2022-07-01,Equity Equal Weight,Base,Equal Weight,Equity,False,USB,Financials,equity,0.02,0.02,,,False,1.0,2021-07-01,2022-06-30,252
2022-07-01,Equity Equal Weight,Base,Equal Weight,Equity,False,V,Financials,equity,0.02,0.02,,,False,1.0,2021-07-01,2022-06-30,252
2022-07-01,Equity Equal Weight,Base,Equal Weight,Equity,False,WFC,Financials,equity,0.02,0.02,,,False,1.0,2021-07-01,2022-06-30,252
2022-07-01,Equity Equal Weight,Base,Equal Weight,Equity,False,WMT,Consumer,equity,0.02,0.02,,,False,1.0,2021-07-01,2022-06-30,252
2022-07-01,Equity Equal Weight,Base,Equal Weight,Equity,False,XOM,Energy,equity,0.02,0.02,,,False,1.0,2021-07-01,2022-06-30,252
2022-07-01,Equity Equal Weight + Sector Sentiment,Sentiment fusion,Equal Weight + Sector Sentiment,Equity,True,ABBV,Healthcare,equity,0.019511756130452702,0.02,2022-06-30,0.07456666666666667,True,1.0372833333333333,2021-07-01,2022-06-30,252
2022-07-01,Equity Equal Weight + Sector Sentiment,Sentiment fusion,Equal Weight + Sector Sentiment,Equity,True,ABT,Healthcare,equity,0.019511756130452702,0.02,2022-06-30,0.07456666666666667,True,1.0372833333333333,2021-07-01,2022-06-30,252
2022-07-01,Equity Equal Weight + Sector Sentiment,Sentiment fusion,Equal Weight + Sector Sentiment,Equity,True,ADBE,Tech,equity,0.020031308849460413,0.02,2022-06-30,0.12980755555555554,True,1.0649037777777777,2021-07-01,2022-06-30,252
2022-07-01,Equity Equal Weight + Sector Sentiment,Sentiment fusion,Equal Weight + Sector Sentiment,Equity,True,AEP,Utilities,equity,0.020150307874375224,0.02,2022-06-30,0.14246,True,1.07123,2021-07-01,2022-06-30,252
2022-07-01,Equity Equal Weight + Sector Sentiment,Sentiment fusion,Equal Weight + Sector Sentiment,Equity,True,AMD,Tech,equity,0.020031308849460413,0.02,2022-06-30,0.12980755555555554,True,1.0649037777777777,2021-07-01,2022-06-30,252
2022-07-01,Equity Equal Weight + Sector Sentiment,Sentiment fusion,Equal Weight + Sector Sentiment,Equity,True,AMGN,Healthcare,equity,0.019511756130452702,0.02,2022-06-30,0.07456666666666667,True,1.0372833333333333,2021-07-01,2022-06-30,252
2022-07-01,Equity Equal Weight + Sector Sentiment,Sentiment fusion,Equal Weight + Sector Sentiment,Equity,True,AMT,RealEstate,equity,0.01960988392692155,0.02,2022-06-30,0.085,True,1.0425,2021-07-01,2022-06-30,252
2022-07-01,Equity Equal Weight + Sector Sentiment,Sentiment fusion,Equal Weight + Sector Sentiment,Equity,True,BA,Industrials,equity,0.021854126198558126,0.02,2022-06-30,0.32361666666666666,True,1.1618083333333333,2021-07-01,2022-06-30,252
2022-07-01,Equity Equal Weight + Sector Sentiment,Sentiment fusion,Equal Weight + Sector Sentiment,Equity,True,CAT,Industrials,equity,0.021854126198558126,0.02,2022-06-30,0.32361666666666666,True,1.1618083333333333,2021-07-01,2022-06-30,252
2022-07-01,Equity Equal Weight + Sector Sentiment,Sentiment fusion,Equal Weight + Sector Sentiment,Equity,True,CCI,RealEstate,equity,0.01960988392692155,0.02,2022-06-30,0.085,True,1.0425,2021-07-01,2022-06-30,252
2022-07-01,Equity Equal Weight + Sector Sentiment,Sentiment fusion,Equal Weight + Sector Sentiment,Equity,True,CMCSA,Comm,equity,0.020653126616760407,0.02,2022-06-30,0.1959216666666667,True,1.0979608333333333,2021-07-01,2022-06-30,252
2022-07-01,Equity Equal Weight + Sector Sentiment,Sentiment fusion,Equal Weight + Sector Sentiment,Equity,True,COP,Energy,equity,0.0183417357761568,0.02,2022-06-30,-0.04983449999999999,True,0.97508275,2021-07-01,2022-06-30,252
2022-07-01,Equity Equal Weight + Sector Sentiment,Sentiment fusion,Equal Weight + Sector Sentiment,Equity,True,CVX,Energy,equity,0.0183417357761568,0.02,2022-06-30,-0.04983449999999999,True,0.97508275,2021-07-01,2022-06-30,252
2022-07-01,Equity Equal Weight + Sector Sentiment,Sentiment fusion,Equal Weight + Sector Sentiment,Equity,True,D,Utilities,equity,0.020150307874375224,0.02,2022-06-30,0.14246,True,1.07123,2021-07-01,2022-06-30,252
2022-07-01,Equity Equal Weight + Sector Sentiment,Sentiment fusion,Equal Weight + Sector Sentiment,Equity,True,DD,Materials,equity,0.019851362953215896,0.02,2022-06-30,0.110675,True,1.0553375,2021-07-01,2022-06-30,252
2022-07-01,Equity Equal Weight + Sector Sentiment,Sentiment fusion,Equal Weight + Sector Sentiment,Equity,True,DIS,Consumer,equity,0.019912430909577138,0.02,2022-06-30,0.11716798534798537,True,1.0585839926739926,2021-07-01,2022-06-30,252
2022-07-01,Equity Equal Weight + Sector Sentiment,Sentiment fusion,Equal Weight + Sector Sentiment,Equity,True,DOW,Materials,equity,0.019851362953215896,0.02,2022-06-30,0.110675,True,1.0553375,2021-07-01,2022-06-30,252
2022-07-01,Equity Equal Weight + Sector Sentiment,Sentiment fusion,Equal Weight + Sector Sentiment,Equity,True,DUK,Utilities,equity,0.020150307874375224,0.02,2022-06-30,0.14246,True,1.07123,2021-07-01,2022-06-30,252
2022-07-01,Equity Equal Weight + Sector Sentiment,Sentiment fusion,Equal Weight + Sector Sentiment,Equity,True,EA,Comm,equity,0.020653126616760407,0.02,2022-06-30,0.1959216666666667,True,1.0979608333333333,2021-07-01,2022-06-30,252
2022-07-01,Equity Equal Weight + Sector Sentiment,Sentiment fusion,Equal Weight + Sector Sentiment,Equity,True,GE,Industrials,equity,0.021854126198558126,0.02,2022-06-30,0.32361666666666666,True,1.1618083333333333,2021-07-01,2022-06-30,252
2022-07-01,Equity Equal Weight + Sector Sentiment,Sentiment fusion,Equal Weight + Sector Sentiment,Equity,True,GILD,Healthcare,equity,0.019511756130452702,0.02,2022-06-30,0.07456666666666667,True,1.0372833333333333,2021-07-01,2022-06-30,252
2022-07-01,Equity Equal Weight + Sector Sentiment,Sentiment fusion,Equal Weight + Sector Sentiment,Equity,True,GS,Financials,equity,0.020083960764521756,0.02,2022-06-30,0.1354057142857143,True,1.067702857142857,2021-07-01,2022-06-30,252
2022-07-01,Equity Equal Weight + Sector Sentiment,Sentiment fusion,Equal Weight + Sector Sentiment,Equity,True,INTC,Tech,equity,0.020031308849460413,0.02,2022-06-30,0.12980755555555554,True,1.0649037777777777,2021-07-01,2022-06-30,252
2022-07-01,Equity Equal Weight + Sector Sentiment,Sentiment fusion,Equal Weight + Sector Sentiment,Equity,True,KO,Consumer,equity,0.019912430909577138,0.02,2022-06-30,0.11716798534798537,True,1.0585839926739926,2021-07-01,2022-06-30,252
2022-07-01,Equity Equal Weight + Sector Sentiment,Sentiment fusion,Equal Weight + Sector Sentiment,Equity,True,MMM,Industrials,equity,0.021854126198558126,0.02,2022-06-30,0.32361666666666666,True,1.1618083333333333,2021-07-01,2022-06-30,252
2022-07-01,Equity Equal Weight + Sector Sentiment,Sentiment fusion,Equal Weight + Sector Sentiment,Equity,True,MRK,Healthcare,equity,0.019511756130452702,0.02,2022-06-30,0.07456666666666667,True,1.0372833333333333,2021-07-01,2022-06-30,252
2022-07-01,Equity Equal Weight + Sector Sentiment,Sentiment fusion,Equal Weight + Sector Sentiment,Equity,True,MS,Financials,equity,0.020083960764521756,0.02,2022-06-30,0.1354057142857143,True,1.067702857142857,2021-07-01,2022-06-30,252
2022-07-01,Equity Equal Weight + Sector Sentiment,Sentiment fusion,Equal Weight + Sector Sentiment,Equity,True,NEE,Utilities,equity,0.020150307874375224,0.02,2022-06-30,0.14246,True,1.07123,2021-07-01,2022-06-30,252
2022-07-01,Equity Equal Weight + Sector Sentiment,Sentiment fusion,Equal Weight + Sector Sentiment,Equity,True,NEM,Materials,equity,0.019851362953215896,0.02,2022-06-30,0.110675,True,1.0553375,2021-07-01,2022-06-30,252
2022-07-01,Equity Equal Weight + Sector Sentiment,Sentiment fusion,Equal Weight + Sector Sentiment,Equity,True,NKE,Consumer,equity,0.019912430909577138,0.02,2022-06-30,0.11716798534798537,True,1.0585839926739926,2021-07-01,2022-06-30,252
2022-07-01,Equity Equal Weight + Sector Sentiment,Sentiment fusion,Equal Weight + Sector Sentiment,Equity,True,NUE,Materials,equity,0.019851362953215896,0.02,2022-06-30,0.110675,True,1.0553375,2021-07-01,2022-06-30,252
2022-07-01,Equity Equal Weight + Sector Sentiment,Sentiment fusion,Equal Weight + Sector Sentiment,Equity,True,NVDA,Tech,equity,0.020031308849460413,0.02,2022-06-30,0.12980755555555554,True,1.0649037777777777,2021-07-01,2022-06-30,252
2022-07-01,Equity Equal Weight + Sector Sentiment,Sentiment fusion,Equal Weight + Sector Sentiment,Equity,True,O,RealEstate,equity,0.01960988392692155,0.02,2022-06-30,0.085,True,1.0425,2021-07-01,2022-06-30,252
2022-07-01,Equity Equal Weight + Sector Sentiment,Sentiment fusion,Equal Weight + Sector Sentiment,Equity,True,OXY,Energy,equity,0.0183417357761568,0.02,2022-06-30,-0.04983449999999999,True,0.97508275,2021-07-01,2022-06-30,252
2022-07-01,Equity Equal Weight + Sector Sentiment,Sentiment fusion,Equal Weight + Sector Sentiment,Equity,True,PLD,RealEstate,equity,0.01960988392692155,0.02,2022-06-30,0.085,True,1.0425,2021-07-01,2022-06-30,252
2022-07-01,Equity Equal Weight + Sector Sentiment,Sentiment fusion,Equal Weight + Sector Sentiment,Equity,True,PSA,RealEstate,equity,0.01960988392692155,0.02,2022-06-30,0.085,True,1.0425,2021-07-01,2022-06-30,252
2022-07-01,Equity Equal Weight + Sector Sentiment,Sentiment fusion,Equal Weight + Sector Sentiment,Equity,True,QCOM,Tech,equity,0.020031308849460413,0.02,2022-06-30,0.12980755555555554,True,1.0649037777777777,2021-07-01,2022-06-30,252
2022-07-01,Equity Equal Weight + Sector Sentiment,Sentiment fusion,Equal Weight + Sector Sentiment,Equity,True,SBUX,Consumer,equity,0.019912430909577138,0.02,2022-06-30,0.11716798534798537,True,1.0585839926739926,2021-07-01,2022-06-30,252
2022-07-01,Equity Equal Weight + Sector Sentiment,Sentiment fusion,Equal Weight + Sector Sentiment,Equity,True,SHW,Materials,equity,0.019851362953215896,0.02,2022-06-30,0.110675,True,1.0553375,2021-07-01,2022-06-30,252
2022-07-01,Equity Equal Weight + Sector Sentiment,Sentiment fusion,Equal Weight + Sector Sentiment,Equity,True,SLB,Energy,equity,0.0183417357761568,0.02,2022-06-30,-0.04983449999999999,True,0.97508275,2021-07-01,2022-06-30,252
2022-07-01,Equity Equal Weight + Sector Sentiment,Sentiment fusion,Equal Weight + Sector Sentiment,Equity,True,SO,Utilities,equity,0.020150307874375224,0.02,2022-06-30,0.14246,True,1.07123,2021-07-01,2022-06-30,252
2022-07-01,Equity Equal Weight + Sector Sentiment,Sentiment fusion,Equal Weight + Sector Sentiment,Equity,True,T,Comm,equity,0.020653126616760407,0.02,2022-06-30,0.1959216666666667,True,1.0979608333333333,2021-07-01,2022-06-30,252
2022-07-01,Equity Equal Weight + Sector Sentiment,Sentiment fusion,Equal Weight + Sector Sentiment,Equity,True,TMUS,Comm,equity,0.020653126616760407,0.02,2022-06-30,0.1959216666666667,True,1.0979608333333333,2021-07-01,2022-06-30,252
2022-07-01,Equity Equal Weight + Sector Sentiment,Sentiment fusion,Equal Weight + Sector Sentiment,Equity,True,TTWO,Comm,equity,0.020653126616760407,0.02,2022-06-30,0.1959216666666667,True,1.0979608333333333,2021-07-01,2022-06-30,252
2022-07-01,Equity Equal Weight + Sector Sentiment,Sentiment fusion,Equal Weight + Sector Sentiment,Equity,True,UPS,Industrials,equity,0.021854126198558126,0.02,2022-06-30,0.32361666666666666,True,1.1618083333333333,2021-07-01,2022-06-30,252
2022-07-01,Equity Equal Weight + Sector Sentiment,Sentiment fusion,Equal Weight + Sector Sentiment,Equity,True,USB,Financials,equity,0.020083960764521756,0.02,2022-06-30,0.1354057142857143,True,1.067702857142857,2021-07-01,2022-06-30,252
2022-07-01,Equity Equal Weight + Sector Sentiment,Sentiment fusion,Equal Weight + Sector Sentiment,Equity,True,V,Financials,equity,0.020083960764521756,0.02,2022-06-30,0.1354057142857143,True,1.067702857142857,2021-07-01,2022-06-30,252
2022-07-01,Equity Equal Weight + Sector Sentiment,Sentiment fusion,Equal Weight + Sector Sentiment,Equity,True,WFC,Financials,equity,0.020083960764521756,0.02,2022-06-30,0.1354057142857143,True,1.067702857142857,2021-07-01,2022-06-30,252
2022-07-01,Equity Equal Weight + Sector Sentiment,Sentiment fusion,Equal Weight + Sector Sentiment,Equity,True,WMT,Consumer,equity,0.019912430909577138,0.02,2022-06-30,0.11716798534798537,True,1.0585839926739926,2021-07-01,2022-06-30,252
2022-07-01,Equity Equal Weight + Sector Sentiment,Sentiment fusion,Equal Weight + Sector Sentiment,Equity,True,XOM,Energy,equity,0.0183417357761568,0.02,2022-06-30,-0.04983449999999999,True,0.97508275,2021-07-01,2022-06-30,252
2022-08-01,Equity Equal Weight,Base,Equal Weight,Equity,False,ABBV,Healthcare,equity,0.02,0.02,,,False,1.0,2021-07-30,2022-07-29,252
2022-08-01,Equity Equal Weight,Base,Equal Weight,Equity,False,ABT,Healthcare,equity,0.02,0.02,,,False,1.0,2021-07-30,2022-07-29,252
2022-08-01,Equity Equal Weight,Base,Equal Weight,Equity,False,ADBE,Tech,equity,0.02,0.02,,,False,1.0,2021-07-30,2022-07-29,252
2022-08-01,Equity Equal Weight,Base,Equal Weight,Equity,False,AEP,Utilities,equity,0.02,0.02,,,False,1.0,2021-07-30,2022-07-29,252
2022-08-01,Equity Equal Weight,Base,Equal Weight,Equity,False,AMD,Tech,equity,0.02,0.02,,,False,1.0,2021-07-30,2022-07-29,252
2022-08-01,Equity Equal Weight,Base,Equal Weight,Equity,False,AMGN,Healthcare,equity,0.02,0.02,,,False,1.0,2021-07-30,2022-07-29,252
2022-08-01,Equity Equal Weight,Base,Equal Weight,Equity,False,AMT,RealEstate,equity,0.02,0.02,,,False,1.0,2021-07-30,2022-07-29,252
2022-08-01,Equity Equal Weight,Base,Equal Weight,Equity,False,BA,Industrials,equity,0.02,0.02,,,False,1.0,2021-07-30,2022-07-29,252
2022-08-01,Equity Equal Weight,Base,Equal Weight,Equity,False,CAT,Industrials,equity,0.02,0.02,,,False,1.0,2021-07-30,2022-07-29,252
2022-08-01,Equity Equal Weight,Base,Equal Weight,Equity,False,CCI,RealEstate,equity,0.02,0.02,,,False,1.0,2021-07-30,2022-07-29,252
2022-08-01,Equity Equal Weight,Base,Equal Weight,Equity,False,CMCSA,Comm,equity,0.02,0.02,,,False,1.0,2021-07-30,2022-07-29,252
2022-08-01,Equity Equal Weight,Base,Equal Weight,Equity,False,COP,Energy,equity,0.02,0.02,,,False,1.0,2021-07-30,2022-07-29,252
2022-08-01,Equity Equal Weight,Base,Equal Weight,Equity,False,CVX,Energy,equity,0.02,0.02,,,False,1.0,2021-07-30,2022-07-29,252
2022-08-01,Equity Equal Weight,Base,Equal Weight,Equity,False,D,Utilities,equity,0.02,0.02,,,False,1.0,2021-07-30,2022-07-29,252
2022-08-01,Equity Equal Weight,Base,Equal Weight,Equity,False,DD,Materials,equity,0.02,0.02,,,False,1.0,2021-07-30,2022-07-29,252
2022-08-01,Equity Equal Weight,Base,Equal Weight,Equity,False,DIS,Consumer,equity,0.02,0.02,,,False,1.0,2021-07-30,2022-07-29,252
2022-08-01,Equity Equal Weight,Base,Equal Weight,Equity,False,DOW,Materials,equity,0.02,0.02,,,False,1.0,2021-07-30,2022-07-29,252
2022-08-01,Equity Equal Weight,Base,Equal Weight,Equity,False,DUK,Utilities,equity,0.02,0.02,,,False,1.0,2021-07-30,2022-07-29,252
2022-08-01,Equity Equal Weight,Base,Equal Weight,Equity,False,EA,Comm,equity,0.02,0.02,,,False,1.0,2021-07-30,2022-07-29,252
2022-08-01,Equity Equal Weight,Base,Equal Weight,Equity,False,GE,Industrials,equity,0.02,0.02,,,False,1.0,2021-07-30,2022-07-29,252
2022-08-01,Equity Equal Weight,Base,Equal Weight,Equity,False,GILD,Healthcare,equity,0.02,0.02,,,False,1.0,2021-07-30,2022-07-29,252
2022-08-01,Equity Equal Weight,Base,Equal Weight,Equity,False,GS,Financials,equity,0.02,0.02,,,False,1.0,2021-07-30,2022-07-29,252
2022-08-01,Equity Equal Weight,Base,Equal Weight,Equity,False,INTC,Tech,equity,0.02,0.02,,,False,1.0,2021-07-30,2022-07-29,252
2022-08-01,Equity Equal Weight,Base,Equal Weight,Equity,False,KO,Consumer,equity,0.02,0.02,,,False,1.0,2021-07-30,2022-07-29,252
2022-08-01,Equity Equal Weight,Base,Equal Weight,Equity,False,MMM,Industrials,equity,0.02,0.02,,,False,1.0,2021-07-30,2022-07-29,252
2022-08-01,Equity Equal Weight,Base,Equal Weight,Equity,False,MRK,Healthcare,equity,0.02,0.02,,,False,1.0,2021-07-30,2022-07-29,252
2022-08-01,Equity Equal Weight,Base,Equal Weight,Equity,False,MS,Financials,equity,0.02,0.02,,,False,1.0,2021-07-30,2022-07-29,252
2022-08-01,Equity Equal Weight,Base,Equal Weight,Equity,False,NEE,Utilities,equity,0.02,0.02,,,False,1.0,2021-07-30,2022-07-29,252
2022-08-01,Equity Equal Weight,Base,Equal Weight,Equity,False,NEM,Materials,equity,0.02,0.02,,,False,1.0,2021-07-30,2022-07-29,252
2022-08-01,Equity Equal Weight,Base,Equal Weight,Equity,False,NKE,Consumer,equity,0.02,0.02,,,False,1.0,2021-07-30,2022-07-29,252
2022-08-01,Equity Equal Weight,Base,Equal Weight,Equity,False,NUE,Materials,equity,0.02,0.02,,,False,1.0,2021-07-30,2022-07-29,252
2022-08-01,Equity Equal Weight,Base,Equal Weight,Equity,False,NVDA,Tech,equity,0.02,0.02,,,False,1.0,2021-07-30,2022-07-29,252
2022-08-01,Equity Equal Weight,Base,Equal Weight,Equity,False,O,RealEstate,equity,0.02,0.02,,,False,1.0,2021-07-30,2022-07-29,252
2022-08-01,Equity Equal Weight,Base,Equal Weight,Equity,False,OXY,Energy,equity,0.02,0.02,,,False,1.0,2021-07-30,2022-07-29,252
2022-08-01,Equity Equal Weight,Base,Equal Weight,Equity,False,PLD,RealEstate,equity,0.02,0.02,,,False,1.0,2021-07-30,2022-07-29,252
2022-08-01,Equity Equal Weight,Base,Equal Weight,Equity,False,PSA,RealEstate,equity,0.02,0.02,,,False,1.0,2021-07-30,2022-07-29,252
2022-08-01,Equity Equal Weight,Base,Equal Weight,Equity,False,QCOM,Tech,equity,0.02,0.02,,,False,1.0,2021-07-30,2022-07-29,252
2022-08-01,Equity Equal Weight,Base,Equal Weight,Equity,False,SBUX,Consumer,equity,0.02,0.02,,,False,1.0,2021-07-30,2022-07-29,252
2022-08-01,Equity Equal Weight,Base,Equal Weight,Equity,False,SHW,Materials,equity,0.02,0.02,,,False,1.0,2021-07-30,2022-07-29,252
2022-08-01,Equity Equal Weight,Base,Equal Weight,Equity,False,SLB,Energy,equity,0.02,0.02,,,False,1.0,2021-07-30,2022-07-29,252
2022-08-01,Equity Equal Weight,Base,Equal Weight,Equity,False,SO,Utilities,equity,0.02,0.02,,,False,1.0,2021-07-30,2022-07-29,252
2022-08-01,Equity Equal Weight,Base,Equal Weight,Equity,False,T,Comm,equity,0.02,0.02,,,False,1.0,2021-07-30,2022-07-29,252
2022-08-01,Equity Equal Weight,Base,Equal Weight,Equity,False,TMUS,Comm,equity,0.02,0.02,,,False,1.0,2021-07-30,2022-07-29,252
2022-08-01,Equity Equal Weight,Base,Equal Weight,Equity,False,TTWO,Comm,equity,0.02,0.02,,,False,1.0,2021-07-30,2022-07-29,252
2022-08-01,Equity Equal Weight,Base,Equal Weight,Equity,False,UPS,Industrials,equity,0.02,0.02,,,False,1.0,2021-07-30,2022-07-29,252
2022-08-01,Equity Equal Weight,Base,Equal Weight,Equity,False,USB,Financials,equity,0.02,0.02,,,False,1.0,2021-07-30,2022-07-29,252
2022-08-01,Equity Equal Weight,Base,Equal Weight,Equity,False,V,Financials,equity,0.02,0.02,,,False,1.0,2021-07-30,2022-07-29,252
2022-08-01,Equity Equal Weight,Base,Equal Weight,Equity,False,WFC,Financials,equity,0.02,0.02,,,False,1.0,2021-07-30,2022-07-29,252
2022-08-01,Equity Equal Weight,Base,Equal Weight,Equity,False,WMT,Consumer,equity,0.02,0.02,,,False,1.0,2021-07-30,2022-07-29,252
2022-08-01,Equity Equal Weight,Base,Equal Weight,Equity,False,XOM,Energy,equity,0.02,0.02,,,False,1.0,2021-07-30,2022-07-29,252
2022-08-01,Equity Equal Weight + Sector Sentiment,Sentiment fusion,Equal Weight + Sector Sentiment,Equity,True,ABBV,Healthcare,equity,0.018459848588992543,0.02,2022-07-29,-0.017065833333333336,True,0.9914670833333333,2021-07-30,2022-07-29,252
2022-08-01,Equity Equal Weight + Sector Sentiment,Sentiment fusion,Equal Weight + Sector Sentiment,Equity,True,ABT,Healthcare,equity,0.018459848588992543,0.02,2022-07-29,-0.017065833333333336,True,0.9914670833333333,2021-07-30,2022-07-29,252
2022-08-01,Equity Equal Weight + Sector Sentiment,Sentiment fusion,Equal Weight + Sector Sentiment,Equity,True,ADBE,Tech,equity,0.020717954649609273,0.02,2022-07-29,0.22549713450292397,True,1.112748567251462,2021-07-30,2022-07-29,252
2022-08-01,Equity Equal Weight + Sector Sentiment,Sentiment fusion,Equal Weight + Sector Sentiment,Equity,True,AEP,Utilities,equity,0.02117516400939937,0.02,2022-07-29,0.27461,True,1.137305,2021-07-30,2022-07-29,252
2022-08-01,Equity Equal Weight + Sector Sentiment,Sentiment fusion,Equal Weight + Sector Sentiment,Equity,True,AMD,Tech,equity,0.020717954649609273,0.02,2022-07-29,0.22549713450292397,True,1.112748567251462,2021-07-30,2022-07-29,252
2022-08-01,Equity Equal Weight + Sector Sentiment,Sentiment fusion,Equal Weight + Sector Sentiment,Equity,True,AMGN,Healthcare,equity,0.018459848588992543,0.02,2022-07-29,-0.017065833333333336,True,0.9914670833333333,2021-07-30,2022-07-29,252
2022-08-01,Equity Equal Weight + Sector Sentiment,Sentiment fusion,Equal Weight + Sector Sentiment,Equity,True,AMT,RealEstate,equity,0.021119773315673444,0.02,2022-07-29,0.26866,True,1.13433,2021-07-30,2022-07-29,252
2022-08-01,Equity Equal Weight + Sector Sentiment,Sentiment fusion,Equal Weight + Sector Sentiment,Equity,True,BA,Industrials,equity,0.020489436530432708,0.02,2022-07-29,0.20095,True,1.100475,2021-07-30,2022-07-29,252
2022-08-01,Equity Equal Weight + Sector Sentiment,Sentiment fusion,Equal Weight + Sector Sentiment,Equity,True,CAT,Industrials,equity,0.020489436530432708,0.02,2022-07-29,0.20095,True,1.100475,2021-07-30,2022-07-29,252
2022-08-01,Equity Equal Weight + Sector Sentiment,Sentiment fusion,Equal Weight + Sector Sentiment,Equity,True,CCI,RealEstate,equity,0.021119773315673444,0.02,2022-07-29,0.26866,True,1.13433,2021-07-30,2022-07-29,252
2022-08-01,Equity Equal Weight + Sector Sentiment,Sentiment fusion,Equal Weight + Sector Sentiment,Equity,True,CMCSA,Comm,equity,0.01915121598873494,0.02,2022-07-29,0.0572,True,1.0286,2021-07-30,2022-07-29,252
2022-08-01,Equity Equal Weight + Sector Sentiment,Sentiment fusion,Equal Weight + Sector Sentiment,Equity,True,COP,Energy,equity,0.021283756503675325,0.02,2022-07-29,0.2862748717948718,True,1.143137435897436,2021-07-30,2022-07-29,252
2022-08-01,Equity Equal Weight + Sector Sentiment,Sentiment fusion,Equal Weight + Sector Sentiment,Equity,True,CVX,Energy,equity,0.021283756503675325,0.02,2022-07-29,0.2862748717948718,True,1.143137435897436,2021-07-30,2022-07-29,252
2022-08-01,Equity Equal Weight + Sector Sentiment,Sentiment fusion,Equal Weight + Sector Sentiment,Equity,True,D,Utilities,equity,0.02117516400939937,0.02,2022-07-29,0.27461,True,1.137305,2021-07-30,2022-07-29,252
2022-08-01,Equity Equal Weight + Sector Sentiment,Sentiment fusion,Equal Weight + Sector Sentiment,Equity,True,DD,Materials,equity,0.018618720580142856,0.02,2022-07-29,0.0,True,1.0,2021-07-30,2022-07-29,252
2022-08-01,Equity Equal Weight + Sector Sentiment,Sentiment fusion,Equal Weight + Sector Sentiment,Equity,True,DIS,Consumer,equity,0.01985860767900521,0.02,2022-07-29,0.13318714285714287,True,1.0665935714285715,2021-07-30,2022-07-29,252
2022-08-01,Equity Equal Weight + Sector Sentiment,Sentiment fusion,Equal Weight + Sector Sentiment,Equity,True,DOW,Materials,equity,0.018618720580142856,0.02,2022-07-29,0.0,True,1.0,2021-07-30,2022-07-29,252
2022-08-01,Equity Equal Weight + Sector Sentiment,Sentiment fusion,Equal Weight + Sector Sentiment,Equity,True,DUK,Utilities,equity,0.02117516400939937,0.02,2022-07-29,0.27461,True,1.137305,2021-07-30,2022-07-29,252
2022-08-01,Equity Equal Weight + Sector Sentiment,Sentiment fusion,Equal Weight + Sector Sentiment,Equity,True,EA,Comm,equity,0.01915121598873494,0.02,2022-07-29,0.0572,True,1.0286,2021-07-30,2022-07-29,252
2022-08-01,Equity Equal Weight + Sector Sentiment,Sentiment fusion,Equal Weight + Sector Sentiment,Equity,True,GE,Industrials,equity,0.020489436530432708,0.02,2022-07-29,0.20095,True,1.100475,2021-07-30,2022-07-29,252
2022-08-01,Equity Equal Weight + Sector Sentiment,Sentiment fusion,Equal Weight + Sector Sentiment,Equity,True,GILD,Healthcare,equity,0.018459848588992543,0.02,2022-07-29,-0.017065833333333336,True,0.9914670833333333,2021-07-30,2022-07-29,252
2022-08-01,Equity Equal Weight + Sector Sentiment,Sentiment fusion,Equal Weight + Sector Sentiment,Equity,True,GS,Financials,equity,0.019125522154334343,0.02,2022-07-29,0.05444,True,1.02722,2021-07-30,2022-07-29,252
2022-08-01,Equity Equal Weight + Sector Sentiment,Sentiment fusion,Equal Weight + Sector Sentiment,Equity,True,INTC,Tech,equity,0.020717954649609273,0.02,2022-07-29,0.22549713450292397,True,1.112748567251462,2021-07-30,2022-07-29,252
2022-08-01,Equity Equal Weight + Sector Sentiment,Sentiment fusion,Equal Weight + Sector Sentiment,Equity,True,KO,Consumer,equity,0.01985860767900521,0.02,2022-07-29,0.13318714285714287,True,1.0665935714285715,2021-07-30,2022-07-29,252
2022-08-01,Equity Equal Weight + Sector Sentiment,Sentiment fusion,Equal Weight + Sector Sentiment,Equity,True,MMM,Industrials,equity,0.020489436530432708,0.02,2022-07-29,0.20095,True,1.100475,2021-07-30,2022-07-29,252
2022-08-01,Equity Equal Weight + Sector Sentiment,Sentiment fusion,Equal Weight + Sector Sentiment,Equity,True,MRK,Healthcare,equity,0.018459848588992543,0.02,2022-07-29,-0.017065833333333336,True,0.9914670833333333,2021-07-30,2022-07-29,252
2022-08-01,Equity Equal Weight + Sector Sentiment,Sentiment fusion,Equal Weight + Sector Sentiment,Equity,True,MS,Financials,equity,0.019125522154334343,0.02,2022-07-29,0.05444,True,1.02722,2021-07-30,2022-07-29,252
2022-08-01,Equity Equal Weight + Sector Sentiment,Sentiment fusion,Equal Weight + Sector Sentiment,Equity,True,NEE,Utilities,equity,0.02117516400939937,0.02,2022-07-29,0.27461,True,1.137305,2021-07-30,2022-07-29,252
2022-08-01,Equity Equal Weight + Sector Sentiment,Sentiment fusion,Equal Weight + Sector Sentiment,Equity,True,NEM,Materials,equity,0.018618720580142856,0.02,2022-07-29,0.0,True,1.0,2021-07-30,2022-07-29,252
2022-08-01,Equity Equal Weight + Sector Sentiment,Sentiment fusion,Equal Weight + Sector Sentiment,Equity,True,NKE,Consumer,equity,0.01985860767900521,0.02,2022-07-29,0.13318714285714287,True,1.0665935714285715,2021-07-30,2022-07-29,252
2022-08-01,Equity Equal Weight + Sector Sentiment,Sentiment fusion,Equal Weight + Sector Sentiment,Equity,True,NUE,Materials,equity,0.018618720580142856,0.02,2022-07-29,0.0,True,1.0,2021-07-30,2022-07-29,252
2022-08-01,Equity Equal Weight + Sector Sentiment,Sentiment fusion,Equal Weight + Sector Sentiment,Equity,True,NVDA,Tech,equity,0.020717954649609273,0.02,2022-07-29,0.22549713450292397,True,1.112748567251462,2021-07-30,2022-07-29,252
2022-08-01,Equity Equal Weight + Sector Sentiment,Sentiment fusion,Equal Weight + Sector Sentiment,Equity,True,O,RealEstate,equity,0.021119773315673444,0.02,2022-07-29,0.26866,True,1.13433,2021-07-30,2022-07-29,252
2022-08-01,Equity Equal Weight + Sector Sentiment,Sentiment fusion,Equal Weight + Sector Sentiment,Equity,True,OXY,Energy,equity,0.021283756503675325,0.02,2022-07-29,0.2862748717948718,True,1.143137435897436,2021-07-30,2022-07-29,252
2022-08-01,Equity Equal Weight + Sector Sentiment,Sentiment fusion,Equal Weight + Sector Sentiment,Equity,True,PLD,RealEstate,equity,0.021119773315673444,0.02,2022-07-29,0.26866,True,1.13433,2021-07-30,2022-07-29,252
2022-08-01,Equity Equal Weight + Sector Sentiment,Sentiment fusion,Equal Weight + Sector Sentiment,Equity,True,PSA,RealEstate,equity,0.021119773315673444,0.02,2022-07-29,0.26866,True,1.13433,2021-07-30,2022-07-29,252
2022-08-01,Equity Equal Weight + Sector Sentiment,Sentiment fusion,Equal Weight + Sector Sentiment,Equity,True,QCOM,Tech,equity,0.020717954649609273,0.02,2022-07-29,0.22549713450292397,True,1.112748567251462,2021-07-30,2022-07-29,252
2022-08-01,Equity Equal Weight + Sector Sentiment,Sentiment fusion,Equal Weight + Sector Sentiment,Equity,True,SBUX,Consumer,equity,0.01985860767900521,0.02,2022-07-29,0.13318714285714287,True,1.0665935714285715,2021-07-30,2022-07-29,252
2022-08-01,Equity Equal Weight + Sector Sentiment,Sentiment fusion,Equal Weight + Sector Sentiment,Equity,True,SHW,Materials,equity,0.018618720580142856,0.02,2022-07-29,0.0,True,1.0,2021-07-30,2022-07-29,252
2022-08-01,Equity Equal Weight + Sector Sentiment,Sentiment fusion,Equal Weight + Sector Sentiment,Equity,True,SLB,Energy,equity,0.021283756503675325,0.02,2022-07-29,0.2862748717948718,True,1.143137435897436,2021-07-30,2022-07-29,252
2022-08-01,Equity Equal Weight + Sector Sentiment,Sentiment fusion,Equal Weight + Sector Sentiment,Equity,True,SO,Utilities,equity,0.02117516400939937,0.02,2022-07-29,0.27461,True,1.137305,2021-07-30,2022-07-29,252
2022-08-01,Equity Equal Weight + Sector Sentiment,Sentiment fusion,Equal Weight + Sector Sentiment,Equity,True,T,Comm,equity,0.01915121598873494,0.02,2022-07-29,0.0572,True,1.0286,2021-07-30,2022-07-29,252
2022-08-01,Equity Equal Weight + Sector Sentiment,Sentiment fusion,Equal Weight + Sector Sentiment,Equity,True,TMUS,Comm,equity,0.01915121598873494,0.02,2022-07-29,0.0572,True,1.0286,2021-07-30,2022-07-29,252
2022-08-01,Equity Equal Weight + Sector Sentiment,Sentiment fusion,Equal Weight + Sector Sentiment,Equity,True,TTWO,Comm,equity,0.01915121598873494,0.02,2022-07-29,0.0572,True,1.0286,2021-07-30,2022-07-29,252
2022-08-01,Equity Equal Weight + Sector Sentiment,Sentiment fusion,Equal Weight + Sector Sentiment,Equity,True,UPS,Industrials,equity,0.020489436530432708,0.02,2022-07-29,0.20095,True,1.100475,2021-07-30,2022-07-29,252
2022-08-01,Equity Equal Weight + Sector Sentiment,Sentiment fusion,Equal Weight + Sector Sentiment,Equity,True,USB,Financials,equity,0.019125522154334343,0.02,2022-07-29,0.05444,True,1.02722,2021-07-30,2022-07-29,252
2022-08-01,Equity Equal Weight + Sector Sentiment,Sentiment fusion,Equal Weight + Sector Sentiment,Equity,True,V,Financials,equity,0.019125522154334343,0.02,2022-07-29,0.05444,True,1.02722,2021-07-30,2022-07-29,252
2022-08-01,Equity Equal Weight + Sector Sentiment,Sentiment fusion,Equal Weight + Sector Sentiment,Equity,True,WFC,Financials,equity,0.019125522154334343,0.02,2022-07-29,0.05444,True,1.02722,2021-07-30,2022-07-29,252
2022-08-01,Equity Equal Weight + Sector Sentiment,Sentiment fusion,Equal Weight + Sector Sentiment,Equity,True,WMT,Consumer,equity,0.01985860767900521,0.02,2022-07-29,0.13318714285714287,True,1.0665935714285715,2021-07-30,2022-07-29,252
2022-08-01,Equity Equal Weight + Sector Sentiment,Sentiment fusion,Equal Weight + Sector Sentiment,Equity,True,XOM,Energy,equity,0.021283756503675325,0.02,2022-07-29,0.2862748717948718,True,1.143137435897436,2021-07-30,2022-07-29,252
2022-09-01,Equity Equal Weight,Base,Equal Weight,Equity,False,ABBV,Healthcare,equity,0.02,0.02,,,False,1.0,2021-09-01,2022-08-31,252
2022-09-01,Equity Equal Weight,Base,Equal Weight,Equity,False,ABT,Healthcare,equity,0.02,0.02,,,False,1.0,2021-09-01,2022-08-31,252
2022-09-01,Equity Equal Weight,Base,Equal Weight,Equity,False,ADBE,Tech,equity,0.02,0.02,,,False,1.0,2021-09-01,2022-08-31,252
2022-09-01,Equity Equal Weight,Base,Equal Weight,Equity,False,AEP,Utilities,equity,0.02,0.02,,,False,1.0,2021-09-01,2022-08-31,252
2022-09-01,Equity Equal Weight,Base,Equal Weight,Equity,False,AMD,Tech,equity,0.02,0.02,,,False,1.0,2021-09-01,2022-08-31,252
2022-09-01,Equity Equal Weight,Base,Equal Weight,Equity,False,AMGN,Healthcare,equity,0.02,0.02,,,False,1.0,2021-09-01,2022-08-31,252
2022-09-01,Equity Equal Weight,Base,Equal Weight,Equity,False,AMT,RealEstate,equity,0.02,0.02,,,False,1.0,2021-09-01,2022-08-31,252
2022-09-01,Equity Equal Weight,Base,Equal Weight,Equity,False,BA,Industrials,equity,0.02,0.02,,,False,1.0,2021-09-01,2022-08-31,252
2022-09-01,Equity Equal Weight,Base,Equal Weight,Equity,False,CAT,Industrials,equity,0.02,0.02,,,False,1.0,2021-09-01,2022-08-31,252
2022-09-01,Equity Equal Weight,Base,Equal Weight,Equity,False,CCI,RealEstate,equity,0.02,0.02,,,False,1.0,2021-09-01,2022-08-31,252
2022-09-01,Equity Equal Weight,Base,Equal Weight,Equity,False,CMCSA,Comm,equity,0.02,0.02,,,False,1.0,2021-09-01,2022-08-31,252
2022-09-01,Equity Equal Weight,Base,Equal Weight,Equity,False,COP,Energy,equity,0.02,0.02,,,False,1.0,2021-09-01,2022-08-31,252
2022-09-01,Equity Equal Weight,Base,Equal Weight,Equity,False,CVX,Energy,equity,0.02,0.02,,,False,1.0,2021-09-01,2022-08-31,252
2022-09-01,Equity Equal Weight,Base,Equal Weight,Equity,False,D,Utilities,equity,0.02,0.02,,,False,1.0,2021-09-01,2022-08-31,252
2022-09-01,Equity Equal Weight,Base,Equal Weight,Equity,False,DD,Materials,equity,0.02,0.02,,,False,1.0,2021-09-01,2022-08-31,252
2022-09-01,Equity Equal Weight,Base,Equal Weight,Equity,False,DIS,Consumer,equity,0.02,0.02,,,False,1.0,2021-09-01,2022-08-31,252
2022-09-01,Equity Equal Weight,Base,Equal Weight,Equity,False,DOW,Materials,equity,0.02,0.02,,,False,1.0,2021-09-01,2022-08-31,252
2022-09-01,Equity Equal Weight,Base,Equal Weight,Equity,False,DUK,Utilities,equity,0.02,0.02,,,False,1.0,2021-09-01,2022-08-31,252
2022-09-01,Equity Equal Weight,Base,Equal Weight,Equity,False,EA,Comm,equity,0.02,0.02,,,False,1.0,2021-09-01,2022-08-31,252
2022-09-01,Equity Equal Weight,Base,Equal Weight,Equity,False,GE,Industrials,equity,0.02,0.02,,,False,1.0,2021-09-01,2022-08-31,252
2022-09-01,Equity Equal Weight,Base,Equal Weight,Equity,False,GILD,Healthcare,equity,0.02,0.02,,,False,1.0,2021-09-01,2022-08-31,252
2022-09-01,Equity Equal Weight,Base,Equal Weight,Equity,False,GS,Financials,equity,0.02,0.02,,,False,1.0,2021-09-01,2022-08-31,252
2022-09-01,Equity Equal Weight,Base,Equal Weight,Equity,False,INTC,Tech,equity,0.02,0.02,,,False,1.0,2021-09-01,2022-08-31,252
2022-09-01,Equity Equal Weight,Base,Equal Weight,Equity,False,KO,Consumer,equity,0.02,0.02,,,False,1.0,2021-09-01,2022-08-31,252
2022-09-01,Equity Equal Weight,Base,Equal Weight,Equity,False,MMM,Industrials,equity,0.02,0.02,,,False,1.0,2021-09-01,2022-08-31,252
2022-09-01,Equity Equal Weight,Base,Equal Weight,Equity,False,MRK,Healthcare,equity,0.02,0.02,,,False,1.0,2021-09-01,2022-08-31,252
2022-09-01,Equity Equal Weight,Base,Equal Weight,Equity,False,MS,Financials,equity,0.02,0.02,,,False,1.0,2021-09-01,2022-08-31,252
2022-09-01,Equity Equal Weight,Base,Equal Weight,Equity,False,NEE,Utilities,equity,0.02,0.02,,,False,1.0,2021-09-01,2022-08-31,252
2022-09-01,Equity Equal Weight,Base,Equal Weight,Equity,False,NEM,Materials,equity,0.02,0.02,,,False,1.0,2021-09-01,2022-08-31,252
2022-09-01,Equity Equal Weight,Base,Equal Weight,Equity,False,NKE,Consumer,equity,0.02,0.02,,,False,1.0,2021-09-01,2022-08-31,252
2022-09-01,Equity Equal Weight,Base,Equal Weight,Equity,False,NUE,Materials,equity,0.02,0.02,,,False,1.0,2021-09-01,2022-08-31,252
2022-09-01,Equity Equal Weight,Base,Equal Weight,Equity,False,NVDA,Tech,equity,0.02,0.02,,,False,1.0,2021-09-01,2022-08-31,252
2022-09-01,Equity Equal Weight,Base,Equal Weight,Equity,False,O,RealEstate,equity,0.02,0.02,,,False,1.0,2021-09-01,2022-08-31,252
2022-09-01,Equity Equal Weight,Base,Equal Weight,Equity,False,OXY,Energy,equity,0.02,0.02,,,False,1.0,2021-09-01,2022-08-31,252
2022-09-01,Equity Equal Weight,Base,Equal Weight,Equity,False,PLD,RealEstate,equity,0.02,0.02,,,False,1.0,2021-09-01,2022-08-31,252
2022-09-01,Equity Equal Weight,Base,Equal Weight,Equity,False,PSA,RealEstate,equity,0.02,0.02,,,False,1.0,2021-09-01,2022-08-31,252
2022-09-01,Equity Equal Weight,Base,Equal Weight,Equity,False,QCOM,Tech,equity,0.02,0.02,,,False,1.0,2021-09-01,2022-08-31,252
2022-09-01,Equity Equal Weight,Base,Equal Weight,Equity,False,SBUX,Consumer,equity,0.02,0.02,,,False,1.0,2021-09-01,2022-08-31,252
2022-09-01,Equity Equal Weight,Base,Equal Weight,Equity,False,SHW,Materials,equity,0.02,0.02,,,False,1.0,2021-09-01,2022-08-31,252
2022-09-01,Equity Equal Weight,Base,Equal Weight,Equity,False,SLB,Energy,equity,0.02,0.02,,,False,1.0,2021-09-01,2022-08-31,252
2022-09-01,Equity Equal Weight,Base,Equal Weight,Equity,False,SO,Utilities,equity,0.02,0.02,,,False,1.0,2021-09-01,2022-08-31,252
2022-09-01,Equity Equal Weight,Base,Equal Weight,Equity,False,T,Comm,equity,0.02,0.02,,,False,1.0,2021-09-01,2022-08-31,252
2022-09-01,Equity Equal Weight,Base,Equal Weight,Equity,False,TMUS,Comm,equity,0.02,0.02,,,False,1.0,2021-09-01,2022-08-31,252
2022-09-01,Equity Equal Weight,Base,Equal Weight,Equity,False,TTWO,Comm,equity,0.02,0.02,,,False,1.0,2021-09-01,2022-08-31,252
2022-09-01,Equity Equal Weight,Base,Equal Weight,Equity,False,UPS,Industrials,equity,0.02,0.02,,,False,1.0,2021-09-01,2022-08-31,252
2022-09-01,Equity Equal Weight,Base,Equal Weight,Equity,False,USB,Financials,equity,0.02,0.02,,,False,1.0,2021-09-01,2022-08-31,252
2022-09-01,Equity Equal Weight,Base,Equal Weight,Equity,False,V,Financials,equity,0.02,0.02,,,False,1.0,2021-09-01,2022-08-31,252
2022-09-01,Equity Equal Weight,Base,Equal Weight,Equity,False,WFC,Financials,equity,0.02,0.02,,,False,1.0,2021-09-01,2022-08-31,252
2022-09-01,Equity Equal Weight,Base,Equal Weight,Equity,False,WMT,Consumer,equity,0.02,0.02,,,False,1.0,2021-09-01,2022-08-31,252
2022-09-01,Equity Equal Weight,Base,Equal Weight,Equity,False,XOM,Energy,equity,0.02,0.02,,,False,1.0,2021-09-01,2022-08-31,252
2022-09-01,Equity Equal Weight + Sector Sentiment,Sentiment fusion,Equal Weight + Sector Sentiment,Equity,True,ABBV,Healthcare,equity,0.017061537185946794,0.02,2022-08-31,-0.20458499999999996,True,0.8977075,2021-09-01,2022-08-31,252
2022-09-01,Equity Equal Weight + Sector Sentiment,Sentiment fusion,Equal Weight + Sector Sentiment,Equity,True,ABT,Healthcare,equity,0.017061537185946794,0.02,2022-08-31,-0.20458499999999996,True,0.8977075,2021-09-01,2022-08-31,252
2022-09-01,Equity Equal Weight + Sector Sentiment,Sentiment fusion,Equal Weight + Sector Sentiment,Equity,True,ADBE,Tech,equity,0.019873838624109963,0.02,2022-08-31,0.09135833333333333,True,1.0456791666666667,2021-09-01,2022-08-31,252
2022-09-01,Equity Equal Weight + Sector Sentiment,Sentiment fusion,Equal Weight + Sector Sentiment,Equity,True,AEP,Utilities,equity,0.021106435852323965,0.02,2022-08-31,0.22106666666666666,True,1.1105333333333334,2021-09-01,2022-08-31,252
2022-09-01,Equity Equal Weight + Sector Sentiment,Sentiment fusion,Equal Weight + Sector Sentiment,Equity,True,AMD,Tech,equity,0.019873838624109963,0.02,2022-08-31,0.09135833333333333,True,1.0456791666666667,2021-09-01,2022-08-31,252
2022-09-01,Equity Equal Weight + Sector Sentiment,Sentiment fusion,Equal Weight + Sector Sentiment,Equity,True,AMGN,Healthcare,equity,0.017061537185946794,0.02,2022-08-31,-0.20458499999999996,True,0.8977075,2021-09-01,2022-08-31,252
2022-09-01,Equity Equal Weight + Sector Sentiment,Sentiment fusion,Equal Weight + Sector Sentiment,Equity,True,AMT,RealEstate,equity,0.02112813399819808,0.02,2022-08-31,0.22335,True,1.111675,2021-09-01,2022-08-31,252
2022-09-01,Equity Equal Weight + Sector Sentiment,Sentiment fusion,Equal Weight + Sector Sentiment,Equity,True,BA,Industrials,equity,0.02082399040116453,0.02,2022-08-31,0.19134444444444443,True,1.0956722222222222,2021-09-01,2022-08-31,252
2022-09-01,Equity Equal Weight + Sector Sentiment,Sentiment fusion,Equal Weight + Sector Sentiment,Equity,True,CAT,Industrials,equity,0.02082399040116453,0.02,2022-08-31,0.19134444444444443,True,1.0956722222222222,2021-09-01,2022-08-31,252
2022-09-01,Equity Equal Weight + Sector Sentiment,Sentiment fusion,Equal Weight + Sector Sentiment,Equity,True,CCI,RealEstate,equity,0.02112813399819808,0.02,2022-08-31,0.22335,True,1.111675,2021-09-01,2022-08-31,252
2022-09-01,Equity Equal Weight + Sector Sentiment,Sentiment fusion,Equal Weight + Sector Sentiment,Equity,True,CMCSA,Comm,equity,0.020504874555542413,0.02,2022-08-31,0.15776333333333334,True,1.0788816666666667,2021-09-01,2022-08-31,252
2022-09-01,Equity Equal Weight + Sector Sentiment,Sentiment fusion,Equal Weight + Sector Sentiment,Equity,True,COP,Energy,equity,0.02131831601505771,0.02,2022-08-31,0.24336318181818184,True,1.121681590909091,2021-09-01,2022-08-31,252
2022-09-01,Equity Equal Weight + Sector Sentiment,Sentiment fusion,Equal Weight + Sector Sentiment,Equity,True,CVX,Energy,equity,0.02131831601505771,0.02,2022-08-31,0.24336318181818184,True,1.121681590909091,2021-09-01,2022-08-31,252
2022-09-01,Equity Equal Weight + Sector Sentiment,Sentiment fusion,Equal Weight + Sector Sentiment,Equity,True,D,Utilities,equity,0.021106435852323965,0.02,2022-08-31,0.22106666666666666,True,1.1105333333333334,2021-09-01,2022-08-31,252
2022-09-01,Equity Equal Weight + Sector Sentiment,Sentiment fusion,Equal Weight + Sector Sentiment,Equity,True,DD,Materials,equity,0.019087399621643315,0.02,2022-08-31,0.0086,True,1.0043,2021-09-01,2022-08-31,252
2022-09-01,Equity Equal Weight + Sector Sentiment,Sentiment fusion,Equal Weight + Sector Sentiment,Equity,True,DIS,Consumer,equity,0.019504265350460622,0.02,2022-08-31,0.0524675,True,1.02623375,2021-09-01,2022-08-31,252
2022-09-01,Equity Equal Weight + Sector Sentiment,Sentiment fusion,Equal Weight + Sector Sentiment,Equity,True,DOW,Materials,equity,0.019087399621643315,0.02,2022-08-31,0.0086,True,1.0043,2021-09-01,2022-08-31,252
2022-09-01,Equity Equal Weight + Sector Sentiment,Sentiment fusion,Equal Weight + Sector Sentiment,Equity,True,DUK,Utilities,equity,0.021106435852323965,0.02,2022-08-31,0.22106666666666666,True,1.1105333333333334,2021-09-01,2022-08-31,252
2022-09-01,Equity Equal Weight + Sector Sentiment,Sentiment fusion,Equal Weight + Sector Sentiment,Equity,True,EA,Comm,equity,0.020504874555542413,0.02,2022-08-31,0.15776333333333334,True,1.0788816666666667,2021-09-01,2022-08-31,252
2022-09-01,Equity Equal Weight + Sector Sentiment,Sentiment fusion,Equal Weight + Sector Sentiment,Equity,True,GE,Industrials,equity,0.02082399040116453,0.02,2022-08-31,0.19134444444444443,True,1.0956722222222222,2021-09-01,2022-08-31,252
2022-09-01,Equity Equal Weight + Sector Sentiment,Sentiment fusion,Equal Weight + Sector Sentiment,Equity,True,GILD,Healthcare,equity,0.017061537185946794,0.02,2022-08-31,-0.20458499999999996,True,0.8977075,2021-09-01,2022-08-31,252
2022-09-01,Equity Equal Weight + Sector Sentiment,Sentiment fusion,Equal Weight + Sector Sentiment,Equity,True,GS,Financials,equity,0.01959120839555257,0.02,2022-08-31,0.061616666666666674,True,1.0308083333333333,2021-09-01,2022-08-31,252
2022-09-01,Equity Equal Weight + Sector Sentiment,Sentiment fusion,Equal Weight + Sector Sentiment,Equity,True,INTC,Tech,equity,0.019873838624109963,0.02,2022-08-31,0.09135833333333333,True,1.0456791666666667,2021-09-01,2022-08-31,252
2022-09-01,Equity Equal Weight + Sector Sentiment,Sentiment fusion,Equal Weight + Sector Sentiment,Equity,True,KO,Consumer,equity,0.019504265350460622,0.02,2022-08-31,0.0524675,True,1.02623375,2021-09-01,2022-08-31,252
2022-09-01,Equity Equal Weight + Sector Sentiment,Sentiment fusion,Equal Weight + Sector Sentiment,Equity,True,MMM,Industrials,equity,0.02082399040116453,0.02,2022-08-31,0.19134444444444443,True,1.0956722222222222,2021-09-01,2022-08-31,252
2022-09-01,Equity Equal Weight + Sector Sentiment,Sentiment fusion,Equal Weight + Sector Sentiment,Equity,True,MRK,Healthcare,equity,0.017061537185946794,0.02,2022-08-31,-0.20458499999999996,True,0.8977075,2021-09-01,2022-08-31,252
2022-09-01,Equity Equal Weight + Sector Sentiment,Sentiment fusion,Equal Weight + Sector Sentiment,Equity,True,MS,Financials,equity,0.01959120839555257,0.02,2022-08-31,0.061616666666666674,True,1.0308083333333333,2021-09-01,2022-08-31,252
2022-09-01,Equity Equal Weight + Sector Sentiment,Sentiment fusion,Equal Weight + Sector Sentiment,Equity,True,NEE,Utilities,equity,0.021106435852323965,0.02,2022-08-31,0.22106666666666666,True,1.1105333333333334,2021-09-01,2022-08-31,252
2022-09-01,Equity Equal Weight + Sector Sentiment,Sentiment fusion,Equal Weight + Sector Sentiment,Equity,True,NEM,Materials,equity,0.019087399621643315,0.02,2022-08-31,0.0086,True,1.0043,2021-09-01,2022-08-31,252
2022-09-01,Equity Equal Weight + Sector Sentiment,Sentiment fusion,Equal Weight + Sector Sentiment,Equity,True,NKE,Consumer,equity,0.019504265350460622,0.02,2022-08-31,0.0524675,True,1.02623375,2021-09-01,2022-08-31,252
2022-09-01,Equity Equal Weight + Sector Sentiment,Sentiment fusion,Equal Weight + Sector Sentiment,Equity,True,NUE,Materials,equity,0.019087399621643315,0.02,2022-08-31,0.0086,True,1.0043,2021-09-01,2022-08-31,252
2022-09-01,Equity Equal Weight + Sector Sentiment,Sentiment fusion,Equal Weight + Sector Sentiment,Equity,True,NVDA,Tech,equity,0.019873838624109963,0.02,2022-08-31,0.09135833333333333,True,1.0456791666666667,2021-09-01,2022-08-31,252
2022-09-01,Equity Equal Weight + Sector Sentiment,Sentiment fusion,Equal Weight + Sector Sentiment,Equity,True,O,RealEstate,equity,0.02112813399819808,0.02,2022-08-31,0.22335,True,1.111675,2021-09-01,2022-08-31,252
2022-09-01,Equity Equal Weight + Sector Sentiment,Sentiment fusion,Equal Weight + Sector Sentiment,Equity,True,OXY,Energy,equity,0.02131831601505771,0.02,2022-08-31,0.24336318181818184,True,1.121681590909091,2021-09-01,2022-08-31,252
2022-09-01,Equity Equal Weight + Sector Sentiment,Sentiment fusion,Equal Weight + Sector Sentiment,Equity,True,PLD,RealEstate,equity,0.02112813399819808,0.02,2022-08-31,0.22335,True,1.111675,2021-09-01,2022-08-31,252
2022-09-01,Equity Equal Weight + Sector Sentiment,Sentiment fusion,Equal Weight + Sector Sentiment,Equity,True,PSA,RealEstate,equity,0.02112813399819808,0.02,2022-08-31,0.22335,True,1.111675,2021-09-01,2022-08-31,252
2022-09-01,Equity Equal Weight + Sector Sentiment,Sentiment fusion,Equal Weight + Sector Sentiment,Equity,True,QCOM,Tech,equity,0.019873838624109963,0.02,2022-08-31,0.09135833333333333,True,1.0456791666666667,2021-09-01,2022-08-31,252
2022-09-01,Equity Equal Weight + Sector Sentiment,Sentiment fusion,Equal Weight + Sector Sentiment,Equity,True,SBUX,Consumer,equity,0.019504265350460622,0.02,2022-08-31,0.0524675,True,1.02623375,2021-09-01,2022-08-31,252
2022-09-01,Equity Equal Weight + Sector Sentiment,Sentiment fusion,Equal Weight + Sector Sentiment,Equity,True,SHW,Materials,equity,0.019087399621643315,0.02,2022-08-31,0.0086,True,1.0043,2021-09-01,2022-08-31,252
2022-09-01,Equity Equal Weight + Sector Sentiment,Sentiment fusion,Equal Weight + Sector Sentiment,Equity,True,SLB,Energy,equity,0.02131831601505771,0.02,2022-08-31,0.24336318181818184,True,1.121681590909091,2021-09-01,2022-08-31,252
2022-09-01,Equity Equal Weight + Sector Sentiment,Sentiment fusion,Equal Weight + Sector Sentiment,Equity,True,SO,Utilities,equity,0.021106435852323965,0.02,2022-08-31,0.22106666666666666,True,1.1105333333333334,2021-09-01,2022-08-31,252
2022-09-01,Equity Equal Weight + Sector Sentiment,Sentiment fusion,Equal Weight + Sector Sentiment,Equity,True,T,Comm,equity,0.020504874555542413,0.02,2022-08-31,0.15776333333333334,True,1.0788816666666667,2021-09-01,2022-08-31,252
2022-09-01,Equity Equal Weight + Sector Sentiment,Sentiment fusion,Equal Weight + Sector Sentiment,Equity,True,TMUS,Comm,equity,0.020504874555542413,0.02,2022-08-31,0.15776333333333334,True,1.0788816666666667,2021-09-01,2022-08-31,252
2022-09-01,Equity Equal Weight + Sector Sentiment,Sentiment fusion,Equal Weight + Sector Sentiment,Equity,True,TTWO,Comm,equity,0.020504874555542413,0.02,2022-08-31,0.15776333333333334,True,1.0788816666666667,2021-09-01,2022-08-31,252
2022-09-01,Equity Equal Weight + Sector Sentiment,Sentiment fusion,Equal Weight + Sector Sentiment,Equity,True,UPS,Industrials,equity,0.02082399040116453,0.02,2022-08-31,0.19134444444444443,True,1.0956722222222222,2021-09-01,2022-08-31,252
2022-09-01,Equity Equal Weight + Sector Sentiment,Sentiment fusion,Equal Weight + Sector Sentiment,Equity,True,USB,Financials,equity,0.01959120839555257,0.02,2022-08-31,0.061616666666666674,True,1.0308083333333333,2021-09-01,2022-08-31,252
2022-09-01,Equity Equal Weight + Sector Sentiment,Sentiment fusion,Equal Weight + Sector Sentiment,Equity,True,V,Financials,equity,0.01959120839555257,0.02,2022-08-31,0.061616666666666674,True,1.0308083333333333,2021-09-01,2022-08-31,252
2022-09-01,Equity Equal Weight + Sector Sentiment,Sentiment fusion,Equal Weight + Sector Sentiment,Equity,True,WFC,Financials,equity,0.01959120839555257,0.02,2022-08-31,0.061616666666666674,True,1.0308083333333333,2021-09-01,2022-08-31,252
2022-09-01,Equity Equal Weight + Sector Sentiment,Sentiment fusion,Equal Weight + Sector Sentiment,Equity,True,WMT,Consumer,equity,0.019504265350460622,0.02,2022-08-31,0.0524675,True,1.02623375,2021-09-01,2022-08-31,252
2022-09-01,Equity Equal Weight + Sector Sentiment,Sentiment fusion,Equal Weight + Sector Sentiment,Equity,True,XOM,Energy,equity,0.02131831601505771,0.02,2022-08-31,0.24336318181818184,True,1.121681590909091,2021-09-01,2022-08-31,252
2022-10-03,Equity Equal Weight,Base,Equal Weight,Equity,False,ABBV,Healthcare,equity,0.02,0.02,,,False,1.0,2021-10-01,2022-09-30,252
2022-10-03,Equity Equal Weight,Base,Equal Weight,Equity,False,ABT,Healthcare,equity,0.02,0.02,,,False,1.0,2021-10-01,2022-09-30,252
2022-10-03,Equity Equal Weight,Base,Equal Weight,Equity,False,ADBE,Tech,equity,0.02,0.02,,,False,1.0,2021-10-01,2022-09-30,252
2022-10-03,Equity Equal Weight,Base,Equal Weight,Equity,False,AEP,Utilities,equity,0.02,0.02,,,False,1.0,2021-10-01,2022-09-30,252
2022-10-03,Equity Equal Weight,Base,Equal Weight,Equity,False,AMD,Tech,equity,0.02,0.02,,,False,1.0,2021-10-01,2022-09-30,252
2022-10-03,Equity Equal Weight,Base,Equal Weight,Equity,False,AMGN,Healthcare,equity,0.02,0.02,,,False,1.0,2021-10-01,2022-09-30,252
2022-10-03,Equity Equal Weight,Base,Equal Weight,Equity,False,AMT,RealEstate,equity,0.02,0.02,,,False,1.0,2021-10-01,2022-09-30,252
2022-10-03,Equity Equal Weight,Base,Equal Weight,Equity,False,BA,Industrials,equity,0.02,0.02,,,False,1.0,2021-10-01,2022-09-30,252
2022-10-03,Equity Equal Weight,Base,Equal Weight,Equity,False,CAT,Industrials,equity,0.02,0.02,,,False,1.0,2021-10-01,2022-09-30,252
2022-10-03,Equity Equal Weight,Base,Equal Weight,Equity,False,CCI,RealEstate,equity,0.02,0.02,,,False,1.0,2021-10-01,2022-09-30,252
2022-10-03,Equity Equal Weight,Base,Equal Weight,Equity,False,CMCSA,Comm,equity,0.02,0.02,,,False,1.0,2021-10-01,2022-09-30,252
2022-10-03,Equity Equal Weight,Base,Equal Weight,Equity,False,COP,Energy,equity,0.02,0.02,,,False,1.0,2021-10-01,2022-09-30,252
2022-10-03,Equity Equal Weight,Base,Equal Weight,Equity,False,CVX,Energy,equity,0.02,0.02,,,False,1.0,2021-10-01,2022-09-30,252
2022-10-03,Equity Equal Weight,Base,Equal Weight,Equity,False,D,Utilities,equity,0.02,0.02,,,False,1.0,2021-10-01,2022-09-30,252
2022-10-03,Equity Equal Weight,Base,Equal Weight,Equity,False,DD,Materials,equity,0.02,0.02,,,False,1.0,2021-10-01,2022-09-30,252
2022-10-03,Equity Equal Weight,Base,Equal Weight,Equity,False,DIS,Consumer,equity,0.02,0.02,,,False,1.0,2021-10-01,2022-09-30,252
2022-10-03,Equity Equal Weight,Base,Equal Weight,Equity,False,DOW,Materials,equity,0.02,0.02,,,False,1.0,2021-10-01,2022-09-30,252
2022-10-03,Equity Equal Weight,Base,Equal Weight,Equity,False,DUK,Utilities,equity,0.02,0.02,,,False,1.0,2021-10-01,2022-09-30,252
2022-10-03,Equity Equal Weight,Base,Equal Weight,Equity,False,EA,Comm,equity,0.02,0.02,,,False,1.0,2021-10-01,2022-09-30,252
2022-10-03,Equity Equal Weight,Base,Equal Weight,Equity,False,GE,Industrials,equity,0.02,0.02,,,False,1.0,2021-10-01,2022-09-30,252
2022-10-03,Equity Equal Weight,Base,Equal Weight,Equity,False,GILD,Healthcare,equity,0.02,0.02,,,False,1.0,2021-10-01,2022-09-30,252
2022-10-03,Equity Equal Weight,Base,Equal Weight,Equity,False,GS,Financials,equity,0.02,0.02,,,False,1.0,2021-10-01,2022-09-30,252
2022-10-03,Equity Equal Weight,Base,Equal Weight,Equity,False,INTC,Tech,equity,0.02,0.02,,,False,1.0,2021-10-01,2022-09-30,252
2022-10-03,Equity Equal Weight,Base,Equal Weight,Equity,False,KO,Consumer,equity,0.02,0.02,,,False,1.0,2021-10-01,2022-09-30,252
2022-10-03,Equity Equal Weight,Base,Equal Weight,Equity,False,MMM,Industrials,equity,0.02,0.02,,,False,1.0,2021-10-01,2022-09-30,252
2022-10-03,Equity Equal Weight,Base,Equal Weight,Equity,False,MRK,Healthcare,equity,0.02,0.02,,,False,1.0,2021-10-01,2022-09-30,252
2022-10-03,Equity Equal Weight,Base,Equal Weight,Equity,False,MS,Financials,equity,0.02,0.02,,,False,1.0,2021-10-01,2022-09-30,252
2022-10-03,Equity Equal Weight,Base,Equal Weight,Equity,False,NEE,Utilities,equity,0.02,0.02,,,False,1.0,2021-10-01,2022-09-30,252
2022-10-03,Equity Equal Weight,Base,Equal Weight,Equity,False,NEM,Materials,equity,0.02,0.02,,,False,1.0,2021-10-01,2022-09-30,252
2022-10-03,Equity Equal Weight,Base,Equal Weight,Equity,False,NKE,Consumer,equity,0.02,0.02,,,False,1.0,2021-10-01,2022-09-30,252
2022-10-03,Equity Equal Weight,Base,Equal Weight,Equity,False,NUE,Materials,equity,0.02,0.02,,,False,1.0,2021-10-01,2022-09-30,252
2022-10-03,Equity Equal Weight,Base,Equal Weight,Equity,False,NVDA,Tech,equity,0.02,0.02,,,False,1.0,2021-10-01,2022-09-30,252
2022-10-03,Equity Equal Weight,Base,Equal Weight,Equity,False,O,RealEstate,equity,0.02,0.02,,,False,1.0,2021-10-01,2022-09-30,252
2022-10-03,Equity Equal Weight,Base,Equal Weight,Equity,False,OXY,Energy,equity,0.02,0.02,,,False,1.0,2021-10-01,2022-09-30,252
2022-10-03,Equity Equal Weight,Base,Equal Weight,Equity,False,PLD,RealEstate,equity,0.02,0.02,,,False,1.0,2021-10-01,2022-09-30,252
2022-10-03,Equity Equal Weight,Base,Equal Weight,Equity,False,PSA,RealEstate,equity,0.02,0.02,,,False,1.0,2021-10-01,2022-09-30,252
2022-10-03,Equity Equal Weight,Base,Equal Weight,Equity,False,QCOM,Tech,equity,0.02,0.02,,,False,1.0,2021-10-01,2022-09-30,252
2022-10-03,Equity Equal Weight,Base,Equal Weight,Equity,False,SBUX,Consumer,equity,0.02,0.02,,,False,1.0,2021-10-01,2022-09-30,252
2022-10-03,Equity Equal Weight,Base,Equal Weight,Equity,False,SHW,Materials,equity,0.02,0.02,,,False,1.0,2021-10-01,2022-09-30,252
2022-10-03,Equity Equal Weight,Base,Equal Weight,Equity,False,SLB,Energy,equity,0.02,0.02,,,False,1.0,2021-10-01,2022-09-30,252
2022-10-03,Equity Equal Weight,Base,Equal Weight,Equity,False,SO,Utilities,equity,0.02,0.02,,,False,1.0,2021-10-01,2022-09-30,252
2022-10-03,Equity Equal Weight,Base,Equal Weight,Equity,False,T,Comm,equity,0.02,0.02,,,False,1.0,2021-10-01,2022-09-30,252
2022-10-03,Equity Equal Weight,Base,Equal Weight,Equity,False,TMUS,Comm,equity,0.02,0.02,,,False,1.0,2021-10-01,2022-09-30,252
2022-10-03,Equity Equal Weight,Base,Equal Weight,Equity,False,TTWO,Comm,equity,0.02,0.02,,,False,1.0,2021-10-01,2022-09-30,252
2022-10-03,Equity Equal Weight,Base,Equal Weight,Equity,False,UPS,Industrials,equity,0.02,0.02,,,False,1.0,2021-10-01,2022-09-30,252
2022-10-03,Equity Equal Weight,Base,Equal Weight,Equity,False,USB,Financials,equity,0.02,0.02,,,False,1.0,2021-10-01,2022-09-30,252
2022-10-03,Equity Equal Weight,Base,Equal Weight,Equity,False,V,Financials,equity,0.02,0.02,,,False,1.0,2021-10-01,2022-09-30,252
2022-10-03,Equity Equal Weight,Base,Equal Weight,Equity,False,WFC,Financials,equity,0.02,0.02,,,False,1.0,2021-10-01,2022-09-30,252
2022-10-03,Equity Equal Weight,Base,Equal Weight,Equity,False,WMT,Consumer,equity,0.02,0.02,,,False,1.0,2021-10-01,2022-09-30,252
2022-10-03,Equity Equal Weight,Base,Equal Weight,Equity,False,XOM,Energy,equity,0.02,0.02,,,False,1.0,2021-10-01,2022-09-30,252
2022-10-03,Equity Equal Weight + Sector Sentiment,Sentiment fusion,Equal Weight + Sector Sentiment,Equity,True,ABBV,Healthcare,equity,0.018731062343566494,0.02,2022-09-30,0.0,True,1.0,2021-10-01,2022-09-30,252
2022-10-03,Equity Equal Weight + Sector Sentiment,Sentiment fusion,Equal Weight + Sector Sentiment,Equity,True,ABT,Healthcare,equity,0.018731062343566494,0.02,2022-09-30,0.0,True,1.0,2021-10-01,2022-09-30,252
2022-10-03,Equity Equal Weight + Sector Sentiment,Sentiment fusion,Equal Weight + Sector Sentiment,Equity,True,ADBE,Tech,equity,0.017431345145983653,0.02,2022-09-30,-0.1387766666666667,True,0.9306116666666666,2021-10-01,2022-09-30,252
2022-10-03,Equity Equal Weight + Sector Sentiment,Sentiment fusion,Equal Weight + Sector Sentiment,Equity,True,AEP,Utilities,equity,0.01928643834205324,0.02,2022-09-30,0.0593,True,1.02965,2021-10-01,2022-09-30,252
2022-10-03,Equity Equal Weight + Sector Sentiment,Sentiment fusion,Equal Weight + Sector Sentiment,Equity,True,AMD,Tech,equity,0.017431345145983653,0.02,2022-09-30,-0.1387766666666667,True,0.9306116666666666,2021-10-01,2022-09-30,252
2022-10-03,Equity Equal Weight + Sector Sentiment,Sentiment fusion,Equal Weight + Sector Sentiment,Equity,True,AMGN,Healthcare,equity,0.018731062343566494,0.02,2022-09-30,0.0,True,1.0,2021-10-01,2022-09-30,252
2022-10-03,Equity Equal Weight + Sector Sentiment,Sentiment fusion,Equal Weight + Sector Sentiment,Equity,True,AMT,RealEstate,equity,0.022509585894822444,0.02,2022-09-30,0.40345000000000003,True,1.201725,2021-10-01,2022-09-30,252
2022-10-03,Equity Equal Weight + Sector Sentiment,Sentiment fusion,Equal Weight + Sector Sentiment,Equity,True,BA,Industrials,equity,0.02010592231958427,0.02,2022-09-30,0.1468,True,1.0734,2021-10-01,2022-09-30,252
2022-10-03,Equity Equal Weight + Sector Sentiment,Sentiment fusion,Equal Weight + Sector Sentiment,Equity,True,CAT,Industrials,equity,0.02010592231958427,0.02,2022-09-30,0.1468,True,1.0734,2021-10-01,2022-09-30,252
2022-10-03,Equity Equal Weight + Sector Sentiment,Sentiment fusion,Equal Weight + Sector Sentiment,Equity,True,CCI,RealEstate,equity,0.022509585894822444,0.02,2022-09-30,0.40345000000000003,True,1.201725,2021-10-01,2022-09-30,252
2022-10-03,Equity Equal Weight + Sector Sentiment,Sentiment fusion,Equal Weight + Sector Sentiment,Equity,True,CMCSA,Comm,equity,0.018969805342353863,0.02,2022-09-30,0.025491666666666666,True,1.0127458333333332,2021-10-01,2022-09-30,252
2022-10-03,Equity Equal Weight + Sector Sentiment,Sentiment fusion,Equal Weight + Sector Sentiment,Equity,True,COP,Energy,equity,0.021406876361918688,0.02,2022-09-30,0.28570873015873016,True,1.142854365079365,2021-10-01,2022-09-30,252
2022-10-03,Equity Equal Weight + Sector Sentiment,Sentiment fusion,Equal Weight + Sector Sentiment,Equity,True,CVX,Energy,equity,0.021406876361918688,0.02,2022-09-30,0.28570873015873016,True,1.142854365079365,2021-10-01,2022-09-30,252
2022-10-03,Equity Equal Weight + Sector Sentiment,Sentiment fusion,Equal Weight + Sector Sentiment,Equity,True,D,Utilities,equity,0.01928643834205324,0.02,2022-09-30,0.0593,True,1.02965,2021-10-01,2022-09-30,252
2022-10-03,Equity Equal Weight + Sector Sentiment,Sentiment fusion,Equal Weight + Sector Sentiment,Equity,True,DD,Materials,equity,0.018731062343566494,0.02,2022-09-30,0.0,True,1.0,2021-10-01,2022-09-30,252
2022-10-03,Equity Equal Weight + Sector Sentiment,Sentiment fusion,Equal Weight + Sector Sentiment,Equity,True,DIS,Consumer,equity,0.02044979766283454,0.02,2022-09-30,0.18351712121212121,True,1.0917585606060607,2021-10-01,2022-09-30,252
2022-10-03,Equity Equal Weight + Sector Sentiment,Sentiment fusion,Equal Weight + Sector Sentiment,Equity,True,DOW,Materials,equity,0.018731062343566494,0.02,2022-09-30,0.0,True,1.0,2021-10-01,2022-09-30,252
2022-10-03,Equity Equal Weight + Sector Sentiment,Sentiment fusion,Equal Weight + Sector Sentiment,Equity,True,DUK,Utilities,equity,0.01928643834205324,0.02,2022-09-30,0.0593,True,1.02965,2021-10-01,2022-09-30,252
2022-10-03,Equity Equal Weight + Sector Sentiment,Sentiment fusion,Equal Weight + Sector Sentiment,Equity,True,EA,Comm,equity,0.018969805342353863,0.02,2022-09-30,0.025491666666666666,True,1.0127458333333332,2021-10-01,2022-09-30,252
2022-10-03,Equity Equal Weight + Sector Sentiment,Sentiment fusion,Equal Weight + Sector Sentiment,Equity,True,GE,Industrials,equity,0.02010592231958427,0.02,2022-09-30,0.1468,True,1.0734,2021-10-01,2022-09-30,252
2022-10-03,Equity Equal Weight + Sector Sentiment,Sentiment fusion,Equal Weight + Sector Sentiment,Equity,True,GILD,Healthcare,equity,0.018731062343566494,0.02,2022-09-30,0.0,True,1.0,2021-10-01,2022-09-30,252
2022-10-03,Equity Equal Weight + Sector Sentiment,Sentiment fusion,Equal Weight + Sector Sentiment,Equity,True,GS,Financials,equity,0.022378104243316353,0.02,2022-09-30,0.3894111111111111,True,1.1947055555555555,2021-10-01,2022-09-30,252
2022-10-03,Equity Equal Weight + Sector Sentiment,Sentiment fusion,Equal Weight + Sector Sentiment,Equity,True,INTC,Tech,equity,0.017431345145983653,0.02,2022-09-30,-0.1387766666666667,True,0.9306116666666666,2021-10-01,2022-09-30,252
2022-10-03,Equity Equal Weight + Sector Sentiment,Sentiment fusion,Equal Weight + Sector Sentiment,Equity,True,KO,Consumer,equity,0.02044979766283454,0.02,2022-09-30,0.18351712121212121,True,1.0917585606060607,2021-10-01,2022-09-30,252
2022-10-03,Equity Equal Weight + Sector Sentiment,Sentiment fusion,Equal Weight + Sector Sentiment,Equity,True,MMM,Industrials,equity,0.02010592231958427,0.02,2022-09-30,0.1468,True,1.0734,2021-10-01,2022-09-30,252
2022-10-03,Equity Equal Weight + Sector Sentiment,Sentiment fusion,Equal Weight + Sector Sentiment,Equity,True,MRK,Healthcare,equity,0.018731062343566494,0.02,2022-09-30,0.0,True,1.0,2021-10-01,2022-09-30,252
2022-10-03,Equity Equal Weight + Sector Sentiment,Sentiment fusion,Equal Weight + Sector Sentiment,Equity,True,MS,Financials,equity,0.022378104243316353,0.02,2022-09-30,0.3894111111111111,True,1.1947055555555555,2021-10-01,2022-09-30,252
2022-10-03,Equity Equal Weight + Sector Sentiment,Sentiment fusion,Equal Weight + Sector Sentiment,Equity,True,NEE,Utilities,equity,0.01928643834205324,0.02,2022-09-30,0.0593,True,1.02965,2021-10-01,2022-09-30,252
2022-10-03,Equity Equal Weight + Sector Sentiment,Sentiment fusion,Equal Weight + Sector Sentiment,Equity,True,NEM,Materials,equity,0.018731062343566494,0.02,2022-09-30,0.0,True,1.0,2021-10-01,2022-09-30,252
2022-10-03,Equity Equal Weight + Sector Sentiment,Sentiment fusion,Equal Weight + Sector Sentiment,Equity,True,NKE,Consumer,equity,0.02044979766283454,0.02,2022-09-30,0.18351712121212121,True,1.0917585606060607,2021-10-01,2022-09-30,252
2022-10-03,Equity Equal Weight + Sector Sentiment,Sentiment fusion,Equal Weight + Sector Sentiment,Equity,True,NUE,Materials,equity,0.018731062343566494,0.02,2022-09-30,0.0,True,1.0,2021-10-01,2022-09-30,252
2022-10-03,Equity Equal Weight + Sector Sentiment,Sentiment fusion,Equal Weight + Sector Sentiment,Equity,True,NVDA,Tech,equity,0.017431345145983653,0.02,2022-09-30,-0.1387766666666667,True,0.9306116666666666,2021-10-01,2022-09-30,252
2022-10-03,Equity Equal Weight + Sector Sentiment,Sentiment fusion,Equal Weight + Sector Sentiment,Equity,True,O,RealEstate,equity,0.022509585894822444,0.02,2022-09-30,0.40345000000000003,True,1.201725,2021-10-01,2022-09-30,252
2022-10-03,Equity Equal Weight + Sector Sentiment,Sentiment fusion,Equal Weight + Sector Sentiment,Equity,True,OXY,Energy,equity,0.021406876361918688,0.02,2022-09-30,0.28570873015873016,True,1.142854365079365,2021-10-01,2022-09-30,252
2022-10-03,Equity Equal Weight + Sector Sentiment,Sentiment fusion,Equal Weight + Sector Sentiment,Equity,True,PLD,RealEstate,equity,0.022509585894822444,0.02,2022-09-30,0.40345000000000003,True,1.201725,2021-10-01,2022-09-30,252
2022-10-03,Equity Equal Weight + Sector Sentiment,Sentiment fusion,Equal Weight + Sector Sentiment,Equity,True,PSA,RealEstate,equity,0.022509585894822444,0.02,2022-09-30,0.40345000000000003,True,1.201725,2021-10-01,2022-09-30,252
2022-10-03,Equity Equal Weight + Sector Sentiment,Sentiment fusion,Equal Weight + Sector Sentiment,Equity,True,QCOM,Tech,equity,0.017431345145983653,0.02,2022-09-30,-0.1387766666666667,True,0.9306116666666666,2021-10-01,2022-09-30,252
2022-10-03,Equity Equal Weight + Sector Sentiment,Sentiment fusion,Equal Weight + Sector Sentiment,Equity,True,SBUX,Consumer,equity,0.02044979766283454,0.02,2022-09-30,0.18351712121212121,True,1.0917585606060607,2021-10-01,2022-09-30,252
2022-10-03,Equity Equal Weight + Sector Sentiment,Sentiment fusion,Equal Weight + Sector Sentiment,Equity,True,SHW,Materials,equity,0.018731062343566494,0.02,2022-09-30,0.0,True,1.0,2021-10-01,2022-09-30,252
2022-10-03,Equity Equal Weight + Sector Sentiment,Sentiment fusion,Equal Weight + Sector Sentiment,Equity,True,SLB,Energy,equity,0.021406876361918688,0.02,2022-09-30,0.28570873015873016,True,1.142854365079365,2021-10-01,2022-09-30,252
2022-10-03,Equity Equal Weight + Sector Sentiment,Sentiment fusion,Equal Weight + Sector Sentiment,Equity,True,SO,Utilities,equity,0.01928643834205324,0.02,2022-09-30,0.0593,True,1.02965,2021-10-01,2022-09-30,252
2022-10-03,Equity Equal Weight + Sector Sentiment,Sentiment fusion,Equal Weight + Sector Sentiment,Equity,True,T,Comm,equity,0.018969805342353863,0.02,2022-09-30,0.025491666666666666,True,1.0127458333333332,2021-10-01,2022-09-30,252
2022-10-03,Equity Equal Weight + Sector Sentiment,Sentiment fusion,Equal Weight + Sector Sentiment,Equity,True,TMUS,Comm,equity,0.018969805342353863,0.02,2022-09-30,0.025491666666666666,True,1.0127458333333332,2021-10-01,2022-09-30,252
2022-10-03,Equity Equal Weight + Sector Sentiment,Sentiment fusion,Equal Weight + Sector Sentiment,Equity,True,TTWO,Comm,equity,0.018969805342353863,0.02,2022-09-30,0.025491666666666666,True,1.0127458333333332,2021-10-01,2022-09-30,252
2022-10-03,Equity Equal Weight + Sector Sentiment,Sentiment fusion,Equal Weight + Sector Sentiment,Equity,True,UPS,Industrials,equity,0.02010592231958427,0.02,2022-09-30,0.1468,True,1.0734,2021-10-01,2022-09-30,252
2022-10-03,Equity Equal Weight + Sector Sentiment,Sentiment fusion,Equal Weight + Sector Sentiment,Equity,True,USB,Financials,equity,0.022378104243316353,0.02,2022-09-30,0.3894111111111111,True,1.1947055555555555,2021-10-01,2022-09-30,252
2022-10-03,Equity Equal Weight + Sector Sentiment,Sentiment fusion,Equal Weight + Sector Sentiment,Equity,True,V,Financials,equity,0.022378104243316353,0.02,2022-09-30,0.3894111111111111,True,1.1947055555555555,2021-10-01,2022-09-30,252
2022-10-03,Equity Equal Weight + Sector Sentiment,Sentiment fusion,Equal Weight + Sector Sentiment,Equity,True,WFC,Financials,equity,0.022378104243316353,0.02,2022-09-30,0.3894111111111111,True,1.1947055555555555,2021-10-01,2022-09-30,252
2022-10-03,Equity Equal Weight + Sector Sentiment,Sentiment fusion,Equal Weight + Sector Sentiment,Equity,True,WMT,Consumer,equity,0.02044979766283454,0.02,2022-09-30,0.18351712121212121,True,1.0917585606060607,2021-10-01,2022-09-30,252
2022-10-03,Equity Equal Weight + Sector Sentiment,Sentiment fusion,Equal Weight + Sector Sentiment,Equity,True,XOM,Energy,equity,0.021406876361918688,0.02,2022-09-30,0.28570873015873016,True,1.142854365079365,2021-10-01,2022-09-30,252
2022-11-01,Equity Equal Weight,Base,Equal Weight,Equity,False,ABBV,Healthcare,equity,0.02,0.02,,,False,1.0,2021-11-01,2022-10-31,252
2022-11-01,Equity Equal Weight,Base,Equal Weight,Equity,False,ABT,Healthcare,equity,0.02,0.02,,,False,1.0,2021-11-01,2022-10-31,252
2022-11-01,Equity Equal Weight,Base,Equal Weight,Equity,False,ADBE,Tech,equity,0.02,0.02,,,False,1.0,2021-11-01,2022-10-31,252
2022-11-01,Equity Equal Weight,Base,Equal Weight,Equity,False,AEP,Utilities,equity,0.02,0.02,,,False,1.0,2021-11-01,2022-10-31,252
2022-11-01,Equity Equal Weight,Base,Equal Weight,Equity,False,AMD,Tech,equity,0.02,0.02,,,False,1.0,2021-11-01,2022-10-31,252
2022-11-01,Equity Equal Weight,Base,Equal Weight,Equity,False,AMGN,Healthcare,equity,0.02,0.02,,,False,1.0,2021-11-01,2022-10-31,252
2022-11-01,Equity Equal Weight,Base,Equal Weight,Equity,False,AMT,RealEstate,equity,0.02,0.02,,,False,1.0,2021-11-01,2022-10-31,252
2022-11-01,Equity Equal Weight,Base,Equal Weight,Equity,False,BA,Industrials,equity,0.02,0.02,,,False,1.0,2021-11-01,2022-10-31,252
2022-11-01,Equity Equal Weight,Base,Equal Weight,Equity,False,CAT,Industrials,equity,0.02,0.02,,,False,1.0,2021-11-01,2022-10-31,252
2022-11-01,Equity Equal Weight,Base,Equal Weight,Equity,False,CCI,RealEstate,equity,0.02,0.02,,,False,1.0,2021-11-01,2022-10-31,252
2022-11-01,Equity Equal Weight,Base,Equal Weight,Equity,False,CMCSA,Comm,equity,0.02,0.02,,,False,1.0,2021-11-01,2022-10-31,252
2022-11-01,Equity Equal Weight,Base,Equal Weight,Equity,False,COP,Energy,equity,0.02,0.02,,,False,1.0,2021-11-01,2022-10-31,252
2022-11-01,Equity Equal Weight,Base,Equal Weight,Equity,False,CVX,Energy,equity,0.02,0.02,,,False,1.0,2021-11-01,2022-10-31,252
2022-11-01,Equity Equal Weight,Base,Equal Weight,Equity,False,D,Utilities,equity,0.02,0.02,,,False,1.0,2021-11-01,2022-10-31,252
2022-11-01,Equity Equal Weight,Base,Equal Weight,Equity,False,DD,Materials,equity,0.02,0.02,,,False,1.0,2021-11-01,2022-10-31,252
2022-11-01,Equity Equal Weight,Base,Equal Weight,Equity,False,DIS,Consumer,equity,0.02,0.02,,,False,1.0,2021-11-01,2022-10-31,252
2022-11-01,Equity Equal Weight,Base,Equal Weight,Equity,False,DOW,Materials,equity,0.02,0.02,,,False,1.0,2021-11-01,2022-10-31,252
2022-11-01,Equity Equal Weight,Base,Equal Weight,Equity,False,DUK,Utilities,equity,0.02,0.02,,,False,1.0,2021-11-01,2022-10-31,252
2022-11-01,Equity Equal Weight,Base,Equal Weight,Equity,False,EA,Comm,equity,0.02,0.02,,,False,1.0,2021-11-01,2022-10-31,252
2022-11-01,Equity Equal Weight,Base,Equal Weight,Equity,False,GE,Industrials,equity,0.02,0.02,,,False,1.0,2021-11-01,2022-10-31,252
2022-11-01,Equity Equal Weight,Base,Equal Weight,Equity,False,GILD,Healthcare,equity,0.02,0.02,,,False,1.0,2021-11-01,2022-10-31,252
2022-11-01,Equity Equal Weight,Base,Equal Weight,Equity,False,GS,Financials,equity,0.02,0.02,,,False,1.0,2021-11-01,2022-10-31,252
2022-11-01,Equity Equal Weight,Base,Equal Weight,Equity,False,INTC,Tech,equity,0.02,0.02,,,False,1.0,2021-11-01,2022-10-31,252
2022-11-01,Equity Equal Weight,Base,Equal Weight,Equity,False,KO,Consumer,equity,0.02,0.02,,,False,1.0,2021-11-01,2022-10-31,252
2022-11-01,Equity Equal Weight,Base,Equal Weight,Equity,False,MMM,Industrials,equity,0.02,0.02,,,False,1.0,2021-11-01,2022-10-31,252
2022-11-01,Equity Equal Weight,Base,Equal Weight,Equity,False,MRK,Healthcare,equity,0.02,0.02,,,False,1.0,2021-11-01,2022-10-31,252
2022-11-01,Equity Equal Weight,Base,Equal Weight,Equity,False,MS,Financials,equity,0.02,0.02,,,False,1.0,2021-11-01,2022-10-31,252
2022-11-01,Equity Equal Weight,Base,Equal Weight,Equity,False,NEE,Utilities,equity,0.02,0.02,,,False,1.0,2021-11-01,2022-10-31,252
2022-11-01,Equity Equal Weight,Base,Equal Weight,Equity,False,NEM,Materials,equity,0.02,0.02,,,False,1.0,2021-11-01,2022-10-31,252
2022-11-01,Equity Equal Weight,Base,Equal Weight,Equity,False,NKE,Consumer,equity,0.02,0.02,,,False,1.0,2021-11-01,2022-10-31,252
2022-11-01,Equity Equal Weight,Base,Equal Weight,Equity,False,NUE,Materials,equity,0.02,0.02,,,False,1.0,2021-11-01,2022-10-31,252
2022-11-01,Equity Equal Weight,Base,Equal Weight,Equity,False,NVDA,Tech,equity,0.02,0.02,,,False,1.0,2021-11-01,2022-10-31,252
2022-11-01,Equity Equal Weight,Base,Equal Weight,Equity,False,O,RealEstate,equity,0.02,0.02,,,False,1.0,2021-11-01,2022-10-31,252
2022-11-01,Equity Equal Weight,Base,Equal Weight,Equity,False,OXY,Energy,equity,0.02,0.02,,,False,1.0,2021-11-01,2022-10-31,252
2022-11-01,Equity Equal Weight,Base,Equal Weight,Equity,False,PLD,RealEstate,equity,0.02,0.02,,,False,1.0,2021-11-01,2022-10-31,252
2022-11-01,Equity Equal Weight,Base,Equal Weight,Equity,False,PSA,RealEstate,equity,0.02,0.02,,,False,1.0,2021-11-01,2022-10-31,252
2022-11-01,Equity Equal Weight,Base,Equal Weight,Equity,False,QCOM,Tech,equity,0.02,0.02,,,False,1.0,2021-11-01,2022-10-31,252
2022-11-01,Equity Equal Weight,Base,Equal Weight,Equity,False,SBUX,Consumer,equity,0.02,0.02,,,False,1.0,2021-11-01,2022-10-31,252
2022-11-01,Equity Equal Weight,Base,Equal Weight,Equity,False,SHW,Materials,equity,0.02,0.02,,,False,1.0,2021-11-01,2022-10-31,252
2022-11-01,Equity Equal Weight,Base,Equal Weight,Equity,False,SLB,Energy,equity,0.02,0.02,,,False,1.0,2021-11-01,2022-10-31,252
2022-11-01,Equity Equal Weight,Base,Equal Weight,Equity,False,SO,Utilities,equity,0.02,0.02,,,False,1.0,2021-11-01,2022-10-31,252
2022-11-01,Equity Equal Weight,Base,Equal Weight,Equity,False,T,Comm,equity,0.02,0.02,,,False,1.0,2021-11-01,2022-10-31,252
2022-11-01,Equity Equal Weight,Base,Equal Weight,Equity,False,TMUS,Comm,equity,0.02,0.02,,,False,1.0,2021-11-01,2022-10-31,252
2022-11-01,Equity Equal Weight,Base,Equal Weight,Equity,False,TTWO,Comm,equity,0.02,0.02,,,False,1.0,2021-11-01,2022-10-31,252
2022-11-01,Equity Equal Weight,Base,Equal Weight,Equity,False,UPS,Industrials,equity,0.02,0.02,,,False,1.0,2021-11-01,2022-10-31,252
2022-11-01,Equity Equal Weight,Base,Equal Weight,Equity,False,USB,Financials,equity,0.02,0.02,,,False,1.0,2021-11-01,2022-10-31,252
2022-11-01,Equity Equal Weight,Base,Equal Weight,Equity,False,V,Financials,equity,0.02,0.02,,,False,1.0,2021-11-01,2022-10-31,252
2022-11-01,Equity Equal Weight,Base,Equal Weight,Equity,False,WFC,Financials,equity,0.02,0.02,,,False,1.0,2021-11-01,2022-10-31,252
2022-11-01,Equity Equal Weight,Base,Equal Weight,Equity,False,WMT,Consumer,equity,0.02,0.02,,,False,1.0,2021-11-01,2022-10-31,252
2022-11-01,Equity Equal Weight,Base,Equal Weight,Equity,False,XOM,Energy,equity,0.02,0.02,,,False,1.0,2021-11-01,2022-10-31,252
2022-11-01,Equity Equal Weight + Sector Sentiment,Sentiment fusion,Equal Weight + Sector Sentiment,Equity,True,ABBV,Healthcare,equity,0.018526234300973124,0.02,2022-10-31,0.0,True,1.0,2021-11-01,2022-10-31,252
2022-11-01,Equity Equal Weight + Sector Sentiment,Sentiment fusion,Equal Weight + Sector Sentiment,Equity,True,ABT,Healthcare,equity,0.018526234300973124,0.02,2022-10-31,0.0,True,1.0,2021-11-01,2022-10-31,252
2022-11-01,Equity Equal Weight + Sector Sentiment,Sentiment fusion,Equal Weight + Sector Sentiment,Equity,True,ADBE,Tech,equity,0.01981893472023355,0.02,2022-10-31,0.1395535,True,1.06977675,2021-11-01,2022-10-31,252
2022-11-01,Equity Equal Weight + Sector Sentiment,Sentiment fusion,Equal Weight + Sector Sentiment,Equity,True,AEP,Utilities,equity,0.022227652406078883,0.02,2022-10-31,0.3995866666666667,True,1.1997933333333333,2021-11-01,2022-10-31,252
2022-11-01,Equity Equal Weight + Sector Sentiment,Sentiment fusion,Equal Weight + Sector Sentiment,Equity,True,AMD,Tech,equity,0.01981893472023355,0.02,2022-10-31,0.1395535,True,1.06977675,2021-11-01,2022-10-31,252
2022-11-01,Equity Equal Weight + Sector Sentiment,Sentiment fusion,Equal Weight + Sector Sentiment,Equity,True,AMGN,Healthcare,equity,0.018526234300973124,0.02,2022-10-31,0.0,True,1.0,2021-11-01,2022-10-31,252
2022-11-01,Equity Equal Weight + Sector Sentiment,Sentiment fusion,Equal Weight + Sector Sentiment,Equity,True,AMT,RealEstate,equity,0.020316490486598657,0.02,2022-10-31,0.19326714285714286,True,1.0966335714285713,2021-11-01,2022-10-31,252
2022-11-01,Equity Equal Weight + Sector Sentiment,Sentiment fusion,Equal Weight + Sector Sentiment,Equity,True,BA,Industrials,equity,0.020265075775405293,0.02,2022-10-31,0.18771666666666667,True,1.0938583333333334,2021-11-01,2022-10-31,252
2022-11-01,Equity Equal Weight + Sector Sentiment,Sentiment fusion,Equal Weight + Sector Sentiment,Equity,True,CAT,Industrials,equity,0.020265075775405293,0.02,2022-10-31,0.18771666666666667,True,1.0938583333333334,2021-11-01,2022-10-31,252
2022-11-01,Equity Equal Weight + Sector Sentiment,Sentiment fusion,Equal Weight + Sector Sentiment,Equity,True,CCI,RealEstate,equity,0.020316490486598657,0.02,2022-10-31,0.19326714285714286,True,1.0966335714285713,2021-11-01,2022-10-31,252
2022-11-01,Equity Equal Weight + Sector Sentiment,Sentiment fusion,Equal Weight + Sector Sentiment,Equity,True,CMCSA,Comm,equity,0.02104214323463103,0.02,2022-10-31,0.271605,True,1.1358025,2021-11-01,2022-10-31,252
2022-11-01,Equity Equal Weight + Sector Sentiment,Sentiment fusion,Equal Weight + Sector Sentiment,Equity,True,COP,Energy,equity,0.01960543299266413,0.02,2022-10-31,0.11650491666666667,True,1.0582524583333333,2021-11-01,2022-10-31,252
2022-11-01,Equity Equal Weight + Sector Sentiment,Sentiment fusion,Equal Weight + Sector Sentiment,Equity,True,CVX,Energy,equity,0.01960543299266413,0.02,2022-10-31,0.11650491666666667,True,1.0582524583333333,2021-11-01,2022-10-31,252
2022-11-01,Equity Equal Weight + Sector Sentiment,Sentiment fusion,Equal Weight + Sector Sentiment,Equity,True,D,Utilities,equity,0.022227652406078883,0.02,2022-10-31,0.3995866666666667,True,1.1997933333333333,2021-11-01,2022-10-31,252
2022-11-01,Equity Equal Weight + Sector Sentiment,Sentiment fusion,Equal Weight + Sector Sentiment,Equity,True,DD,Materials,equity,0.018526234300973124,0.02,2022-10-31,0.0,True,1.0,2021-11-01,2022-10-31,252
2022-11-01,Equity Equal Weight + Sector Sentiment,Sentiment fusion,Equal Weight + Sector Sentiment,Equity,True,DIS,Consumer,equity,0.01917215300372941,0.02,2022-10-31,0.06973016666666668,True,1.0348650833333333,2021-11-01,2022-10-31,252
2022-11-01,Equity Equal Weight + Sector Sentiment,Sentiment fusion,Equal Weight + Sector Sentiment,Equity,True,DOW,Materials,equity,0.018526234300973124,0.02,2022-10-31,0.0,True,1.0,2021-11-01,2022-10-31,252
2022-11-01,Equity Equal Weight + Sector Sentiment,Sentiment fusion,Equal Weight + Sector Sentiment,Equity,True,DUK,Utilities,equity,0.022227652406078883,0.02,2022-10-31,0.3995866666666667,True,1.1997933333333333,2021-11-01,2022-10-31,252
2022-11-01,Equity Equal Weight + Sector Sentiment,Sentiment fusion,Equal Weight + Sector Sentiment,Equity,True,EA,Comm,equity,0.02104214323463103,0.02,2022-10-31,0.271605,True,1.1358025,2021-11-01,2022-10-31,252
2022-11-01,Equity Equal Weight + Sector Sentiment,Sentiment fusion,Equal Weight + Sector Sentiment,Equity,True,GE,Industrials,equity,0.020265075775405293,0.02,2022-10-31,0.18771666666666667,True,1.0938583333333334,2021-11-01,2022-10-31,252
2022-11-01,Equity Equal Weight + Sector Sentiment,Sentiment fusion,Equal Weight + Sector Sentiment,Equity,True,GILD,Healthcare,equity,0.018526234300973124,0.02,2022-10-31,0.0,True,1.0,2021-11-01,2022-10-31,252
2022-11-01,Equity Equal Weight + Sector Sentiment,Sentiment fusion,Equal Weight + Sector Sentiment,Equity,True,GS,Financials,equity,0.02049964877871278,0.02,2022-10-31,0.21303999999999998,True,1.10652,2021-11-01,2022-10-31,252
2022-11-01,Equity Equal Weight + Sector Sentiment,Sentiment fusion,Equal Weight + Sector Sentiment,Equity,True,INTC,Tech,equity,0.01981893472023355,0.02,2022-10-31,0.1395535,True,1.06977675,2021-11-01,2022-10-31,252
2022-11-01,Equity Equal Weight + Sector Sentiment,Sentiment fusion,Equal Weight + Sector Sentiment,Equity,True,KO,Consumer,equity,0.01917215300372941,0.02,2022-10-31,0.06973016666666668,True,1.0348650833333333,2021-11-01,2022-10-31,252
2022-11-01,Equity Equal Weight + Sector Sentiment,Sentiment fusion,Equal Weight + Sector Sentiment,Equity,True,MMM,Industrials,equity,0.020265075775405293,0.02,2022-10-31,0.18771666666666667,True,1.0938583333333334,2021-11-01,2022-10-31,252
2022-11-01,Equity Equal Weight + Sector Sentiment,Sentiment fusion,Equal Weight + Sector Sentiment,Equity,True,MRK,Healthcare,equity,0.018526234300973124,0.02,2022-10-31,0.0,True,1.0,2021-11-01,2022-10-31,252
2022-11-01,Equity Equal Weight + Sector Sentiment,Sentiment fusion,Equal Weight + Sector Sentiment,Equity,True,MS,Financials,equity,0.02049964877871278,0.02,2022-10-31,0.21303999999999998,True,1.10652,2021-11-01,2022-10-31,252
2022-11-01,Equity Equal Weight + Sector Sentiment,Sentiment fusion,Equal Weight + Sector Sentiment,Equity,True,NEE,Utilities,equity,0.022227652406078883,0.02,2022-10-31,0.3995866666666667,True,1.1997933333333333,2021-11-01,2022-10-31,252
2022-11-01,Equity Equal Weight + Sector Sentiment,Sentiment fusion,Equal Weight + Sector Sentiment,Equity,True,NEM,Materials,equity,0.018526234300973124,0.02,2022-10-31,0.0,True,1.0,2021-11-01,2022-10-31,252
2022-11-01,Equity Equal Weight + Sector Sentiment,Sentiment fusion,Equal Weight + Sector Sentiment,Equity,True,NKE,Consumer,equity,0.01917215300372941,0.02,2022-10-31,0.06973016666666668,True,1.0348650833333333,2021-11-01,2022-10-31,252
2022-11-01,Equity Equal Weight + Sector Sentiment,Sentiment fusion,Equal Weight + Sector Sentiment,Equity,True,NUE,Materials,equity,0.018526234300973124,0.02,2022-10-31,0.0,True,1.0,2021-11-01,2022-10-31,252
2022-11-01,Equity Equal Weight + Sector Sentiment,Sentiment fusion,Equal Weight + Sector Sentiment,Equity,True,NVDA,Tech,equity,0.01981893472023355,0.02,2022-10-31,0.1395535,True,1.06977675,2021-11-01,2022-10-31,252
2022-11-01,Equity Equal Weight + Sector Sentiment,Sentiment fusion,Equal Weight + Sector Sentiment,Equity,True,O,RealEstate,equity,0.020316490486598657,0.02,2022-10-31,0.19326714285714286,True,1.0966335714285713,2021-11-01,2022-10-31,252
2022-11-01,Equity Equal Weight + Sector Sentiment,Sentiment fusion,Equal Weight + Sector Sentiment,Equity,True,OXY,Energy,equity,0.01960543299266413,0.02,2022-10-31,0.11650491666666667,True,1.0582524583333333,2021-11-01,2022-10-31,252
2022-11-01,Equity Equal Weight + Sector Sentiment,Sentiment fusion,Equal Weight + Sector Sentiment,Equity,True,PLD,RealEstate,equity,0.020316490486598657,0.02,2022-10-31,0.19326714285714286,True,1.0966335714285713,2021-11-01,2022-10-31,252
2022-11-01,Equity Equal Weight + Sector Sentiment,Sentiment fusion,Equal Weight + Sector Sentiment,Equity,True,PSA,RealEstate,equity,0.020316490486598657,0.02,2022-10-31,0.19326714285714286,True,1.0966335714285713,2021-11-01,2022-10-31,252
2022-11-01,Equity Equal Weight + Sector Sentiment,Sentiment fusion,Equal Weight + Sector Sentiment,Equity,True,QCOM,Tech,equity,0.01981893472023355,0.02,2022-10-31,0.1395535,True,1.06977675,2021-11-01,2022-10-31,252
2022-11-01,Equity Equal Weight + Sector Sentiment,Sentiment fusion,Equal Weight + Sector Sentiment,Equity,True,SBUX,Consumer,equity,0.01917215300372941,0.02,2022-10-31,0.06973016666666668,True,1.0348650833333333,2021-11-01,2022-10-31,252
2022-11-01,Equity Equal Weight + Sector Sentiment,Sentiment fusion,Equal Weight + Sector Sentiment,Equity,True,SHW,Materials,equity,0.018526234300973124,0.02,2022-10-31,0.0,True,1.0,2021-11-01,2022-10-31,252
2022-11-01,Equity Equal Weight + Sector Sentiment,Sentiment fusion,Equal Weight + Sector Sentiment,Equity,True,SLB,Energy,equity,0.01960543299266413,0.02,2022-10-31,0.11650491666666667,True,1.0582524583333333,2021-11-01,2022-10-31,252
2022-11-01,Equity Equal Weight + Sector Sentiment,Sentiment fusion,Equal Weight + Sector Sentiment,Equity,True,SO,Utilities,equity,0.022227652406078883,0.02,2022-10-31,0.3995866666666667,True,1.1997933333333333,2021-11-01,2022-10-31,252
2022-11-01,Equity Equal Weight + Sector Sentiment,Sentiment fusion,Equal Weight + Sector Sentiment,Equity,True,T,Comm,equity,0.02104214323463103,0.02,2022-10-31,0.271605,True,1.1358025,2021-11-01,2022-10-31,252
2022-11-01,Equity Equal Weight + Sector Sentiment,Sentiment fusion,Equal Weight + Sector Sentiment,Equity,True,TMUS,Comm,equity,0.02104214323463103,0.02,2022-10-31,0.271605,True,1.1358025,2021-11-01,2022-10-31,252
2022-11-01,Equity Equal Weight + Sector Sentiment,Sentiment fusion,Equal Weight + Sector Sentiment,Equity,True,TTWO,Comm,equity,0.02104214323463103,0.02,2022-10-31,0.271605,True,1.1358025,2021-11-01,2022-10-31,252
2022-11-01,Equity Equal Weight + Sector Sentiment,Sentiment fusion,Equal Weight + Sector Sentiment,Equity,True,UPS,Industrials,equity,0.020265075775405293,0.02,2022-10-31,0.18771666666666667,True,1.0938583333333334,2021-11-01,2022-10-31,252
2022-11-01,Equity Equal Weight + Sector Sentiment,Sentiment fusion,Equal Weight + Sector Sentiment,Equity,True,USB,Financials,equity,0.02049964877871278,0.02,2022-10-31,0.21303999999999998,True,1.10652,2021-11-01,2022-10-31,252
2022-11-01,Equity Equal Weight + Sector Sentiment,Sentiment fusion,Equal Weight + Sector Sentiment,Equity,True,V,Financials,equity,0.02049964877871278,0.02,2022-10-31,0.21303999999999998,True,1.10652,2021-11-01,2022-10-31,252
2022-11-01,Equity Equal Weight + Sector Sentiment,Sentiment fusion,Equal Weight + Sector Sentiment,Equity,True,WFC,Financials,equity,0.02049964877871278,0.02,2022-10-31,0.21303999999999998,True,1.10652,2021-11-01,2022-10-31,252
2022-11-01,Equity Equal Weight + Sector Sentiment,Sentiment fusion,Equal Weight + Sector Sentiment,Equity,True,WMT,Consumer,equity,0.01917215300372941,0.02,2022-10-31,0.06973016666666668,True,1.0348650833333333,2021-11-01,2022-10-31,252
2022-11-01,Equity Equal Weight + Sector Sentiment,Sentiment fusion,Equal Weight + Sector Sentiment,Equity,True,XOM,Energy,equity,0.01960543299266413,0.02,2022-10-31,0.11650491666666667,True,1.0582524583333333,2021-11-01,2022-10-31,252
2022-12-01,Equity Equal Weight,Base,Equal Weight,Equity,False,ABBV,Healthcare,equity,0.02,0.02,,,False,1.0,2021-12-01,2022-11-30,252
2022-12-01,Equity Equal Weight,Base,Equal Weight,Equity,False,ABT,Healthcare,equity,0.02,0.02,,,False,1.0,2021-12-01,2022-11-30,252
2022-12-01,Equity Equal Weight,Base,Equal Weight,Equity,False,ADBE,Tech,equity,0.02,0.02,,,False,1.0,2021-12-01,2022-11-30,252
2022-12-01,Equity Equal Weight,Base,Equal Weight,Equity,False,AEP,Utilities,equity,0.02,0.02,,,False,1.0,2021-12-01,2022-11-30,252
2022-12-01,Equity Equal Weight,Base,Equal Weight,Equity,False,AMD,Tech,equity,0.02,0.02,,,False,1.0,2021-12-01,2022-11-30,252
2022-12-01,Equity Equal Weight,Base,Equal Weight,Equity,False,AMGN,Healthcare,equity,0.02,0.02,,,False,1.0,2021-12-01,2022-11-30,252
2022-12-01,Equity Equal Weight,Base,Equal Weight,Equity,False,AMT,RealEstate,equity,0.02,0.02,,,False,1.0,2021-12-01,2022-11-30,252
2022-12-01,Equity Equal Weight,Base,Equal Weight,Equity,False,BA,Industrials,equity,0.02,0.02,,,False,1.0,2021-12-01,2022-11-30,252
2022-12-01,Equity Equal Weight,Base,Equal Weight,Equity,False,CAT,Industrials,equity,0.02,0.02,,,False,1.0,2021-12-01,2022-11-30,252
2022-12-01,Equity Equal Weight,Base,Equal Weight,Equity,False,CCI,RealEstate,equity,0.02,0.02,,,False,1.0,2021-12-01,2022-11-30,252
2022-12-01,Equity Equal Weight,Base,Equal Weight,Equity,False,CMCSA,Comm,equity,0.02,0.02,,,False,1.0,2021-12-01,2022-11-30,252
2022-12-01,Equity Equal Weight,Base,Equal Weight,Equity,False,COP,Energy,equity,0.02,0.02,,,False,1.0,2021-12-01,2022-11-30,252
2022-12-01,Equity Equal Weight,Base,Equal Weight,Equity,False,CVX,Energy,equity,0.02,0.02,,,False,1.0,2021-12-01,2022-11-30,252
2022-12-01,Equity Equal Weight,Base,Equal Weight,Equity,False,D,Utilities,equity,0.02,0.02,,,False,1.0,2021-12-01,2022-11-30,252
2022-12-01,Equity Equal Weight,Base,Equal Weight,Equity,False,DD,Materials,equity,0.02,0.02,,,False,1.0,2021-12-01,2022-11-30,252
2022-12-01,Equity Equal Weight,Base,Equal Weight,Equity,False,DIS,Consumer,equity,0.02,0.02,,,False,1.0,2021-12-01,2022-11-30,252
2022-12-01,Equity Equal Weight,Base,Equal Weight,Equity,False,DOW,Materials,equity,0.02,0.02,,,False,1.0,2021-12-01,2022-11-30,252
2022-12-01,Equity Equal Weight,Base,Equal Weight,Equity,False,DUK,Utilities,equity,0.02,0.02,,,False,1.0,2021-12-01,2022-11-30,252
2022-12-01,Equity Equal Weight,Base,Equal Weight,Equity,False,EA,Comm,equity,0.02,0.02,,,False,1.0,2021-12-01,2022-11-30,252
2022-12-01,Equity Equal Weight,Base,Equal Weight,Equity,False,GE,Industrials,equity,0.02,0.02,,,False,1.0,2021-12-01,2022-11-30,252
2022-12-01,Equity Equal Weight,Base,Equal Weight,Equity,False,GILD,Healthcare,equity,0.02,0.02,,,False,1.0,2021-12-01,2022-11-30,252
2022-12-01,Equity Equal Weight,Base,Equal Weight,Equity,False,GS,Financials,equity,0.02,0.02,,,False,1.0,2021-12-01,2022-11-30,252
2022-12-01,Equity Equal Weight,Base,Equal Weight,Equity,False,INTC,Tech,equity,0.02,0.02,,,False,1.0,2021-12-01,2022-11-30,252
2022-12-01,Equity Equal Weight,Base,Equal Weight,Equity,False,KO,Consumer,equity,0.02,0.02,,,False,1.0,2021-12-01,2022-11-30,252
2022-12-01,Equity Equal Weight,Base,Equal Weight,Equity,False,MMM,Industrials,equity,0.02,0.02,,,False,1.0,2021-12-01,2022-11-30,252
2022-12-01,Equity Equal Weight,Base,Equal Weight,Equity,False,MRK,Healthcare,equity,0.02,0.02,,,False,1.0,2021-12-01,2022-11-30,252
2022-12-01,Equity Equal Weight,Base,Equal Weight,Equity,False,MS,Financials,equity,0.02,0.02,,,False,1.0,2021-12-01,2022-11-30,252
2022-12-01,Equity Equal Weight,Base,Equal Weight,Equity,False,NEE,Utilities,equity,0.02,0.02,,,False,1.0,2021-12-01,2022-11-30,252
2022-12-01,Equity Equal Weight,Base,Equal Weight,Equity,False,NEM,Materials,equity,0.02,0.02,,,False,1.0,2021-12-01,2022-11-30,252
2022-12-01,Equity Equal Weight,Base,Equal Weight,Equity,False,NKE,Consumer,equity,0.02,0.02,,,False,1.0,2021-12-01,2022-11-30,252
2022-12-01,Equity Equal Weight,Base,Equal Weight,Equity,False,NUE,Materials,equity,0.02,0.02,,,False,1.0,2021-12-01,2022-11-30,252
2022-12-01,Equity Equal Weight,Base,Equal Weight,Equity,False,NVDA,Tech,equity,0.02,0.02,,,False,1.0,2021-12-01,2022-11-30,252
2022-12-01,Equity Equal Weight,Base,Equal Weight,Equity,False,O,RealEstate,equity,0.02,0.02,,,False,1.0,2021-12-01,2022-11-30,252
2022-12-01,Equity Equal Weight,Base,Equal Weight,Equity,False,OXY,Energy,equity,0.02,0.02,,,False,1.0,2021-12-01,2022-11-30,252
2022-12-01,Equity Equal Weight,Base,Equal Weight,Equity,False,PLD,RealEstate,equity,0.02,0.02,,,False,1.0,2021-12-01,2022-11-30,252
2022-12-01,Equity Equal Weight,Base,Equal Weight,Equity,False,PSA,RealEstate,equity,0.02,0.02,,,False,1.0,2021-12-01,2022-11-30,252
2022-12-01,Equity Equal Weight,Base,Equal Weight,Equity,False,QCOM,Tech,equity,0.02,0.02,,,False,1.0,2021-12-01,2022-11-30,252
2022-12-01,Equity Equal Weight,Base,Equal Weight,Equity,False,SBUX,Consumer,equity,0.02,0.02,,,False,1.0,2021-12-01,2022-11-30,252
2022-12-01,Equity Equal Weight,Base,Equal Weight,Equity,False,SHW,Materials,equity,0.02,0.02,,,False,1.0,2021-12-01,2022-11-30,252
2022-12-01,Equity Equal Weight,Base,Equal Weight,Equity,False,SLB,Energy,equity,0.02,0.02,,,False,1.0,2021-12-01,2022-11-30,252
2022-12-01,Equity Equal Weight,Base,Equal Weight,Equity,False,SO,Utilities,equity,0.02,0.02,,,False,1.0,2021-12-01,2022-11-30,252
2022-12-01,Equity Equal Weight,Base,Equal Weight,Equity,False,T,Comm,equity,0.02,0.02,,,False,1.0,2021-12-01,2022-11-30,252
2022-12-01,Equity Equal Weight,Base,Equal Weight,Equity,False,TMUS,Comm,equity,0.02,0.02,,,False,1.0,2021-12-01,2022-11-30,252
2022-12-01,Equity Equal Weight,Base,Equal Weight,Equity,False,TTWO,Comm,equity,0.02,0.02,,,False,1.0,2021-12-01,2022-11-30,252
2022-12-01,Equity Equal Weight,Base,Equal Weight,Equity,False,UPS,Industrials,equity,0.02,0.02,,,False,1.0,2021-12-01,2022-11-30,252
2022-12-01,Equity Equal Weight,Base,Equal Weight,Equity,False,USB,Financials,equity,0.02,0.02,,,False,1.0,2021-12-01,2022-11-30,252
2022-12-01,Equity Equal Weight,Base,Equal Weight,Equity,False,V,Financials,equity,0.02,0.02,,,False,1.0,2021-12-01,2022-11-30,252
2022-12-01,Equity Equal Weight,Base,Equal Weight,Equity,False,WFC,Financials,equity,0.02,0.02,,,False,1.0,2021-12-01,2022-11-30,252
2022-12-01,Equity Equal Weight,Base,Equal Weight,Equity,False,WMT,Consumer,equity,0.02,0.02,,,False,1.0,2021-12-01,2022-11-30,252
2022-12-01,Equity Equal Weight,Base,Equal Weight,Equity,False,XOM,Energy,equity,0.02,0.02,,,False,1.0,2021-12-01,2022-11-30,252
2022-12-01,Equity Equal Weight + Sector Sentiment,Sentiment fusion,Equal Weight + Sector Sentiment,Equity,True,ABBV,Healthcare,equity,0.020562098645633037,0.02,2022-11-30,0.194033,True,1.0970165,2021-12-01,2022-11-30,252
2022-12-01,Equity Equal Weight + Sector Sentiment,Sentiment fusion,Equal Weight + Sector Sentiment,Equity,True,ABT,Healthcare,equity,0.020562098645633037,0.02,2022-11-30,0.194033,True,1.0970165,2021-12-01,2022-11-30,252
2022-12-01,Equity Equal Weight + Sector Sentiment,Sentiment fusion,Equal Weight + Sector Sentiment,Equity,True,ADBE,Tech,equity,0.019664686814569364,0.02,2022-11-30,0.09827666666666666,True,1.0491383333333333,2021-12-01,2022-11-30,252
2022-12-01,Equity Equal Weight + Sector Sentiment,Sentiment fusion,Equal Weight + Sector Sentiment,Equity,True,AEP,Utilities,equity,0.020333429180351262,0.02,2022-11-30,0.16963333333333333,True,1.0848166666666668,2021-12-01,2022-11-30,252
2022-12-01,Equity Equal Weight + Sector Sentiment,Sentiment fusion,Equal Weight + Sector Sentiment,Equity,True,AMD,Tech,equity,0.019664686814569364,0.02,2022-11-30,0.09827666666666666,True,1.0491383333333333,2021-12-01,2022-11-30,252
2022-12-01,Equity Equal Weight + Sector Sentiment,Sentiment fusion,Equal Weight + Sector Sentiment,Equity,True,AMGN,Healthcare,equity,0.020562098645633037,0.02,2022-11-30,0.194033,True,1.0970165,2021-12-01,2022-11-30,252
2022-12-01,Equity Equal Weight + Sector Sentiment,Sentiment fusion,Equal Weight + Sector Sentiment,Equity,True,AMT,RealEstate,equity,0.020138651366988804,0.02,2022-11-30,0.14885,True,1.074425,2021-12-01,2022-11-30,252
2022-12-01,Equity Equal Weight + Sector Sentiment,Sentiment fusion,Equal Weight + Sector Sentiment,Equity,True,BA,Industrials,equity,0.01994645080616883,0.02,2022-11-30,0.12834166666666666,True,1.0641708333333333,2021-12-01,2022-11-30,252
2022-12-01,Equity Equal Weight + Sector Sentiment,Sentiment fusion,Equal Weight + Sector Sentiment,Equity,True,CAT,Industrials,equity,0.01994645080616883,0.02,2022-11-30,0.12834166666666666,True,1.0641708333333333,2021-12-01,2022-11-30,252
2022-12-01,Equity Equal Weight + Sector Sentiment,Sentiment fusion,Equal Weight + Sector Sentiment,Equity,True,CCI,RealEstate,equity,0.020138651366988804,0.02,2022-11-30,0.14885,True,1.074425,2021-12-01,2022-11-30,252
2022-12-01,Equity Equal Weight + Sector Sentiment,Sentiment fusion,Equal Weight + Sector Sentiment,Equity,True,CMCSA,Comm,equity,0.019458412892896182,0.02,2022-11-30,0.07626666666666666,True,1.0381333333333334,2021-12-01,2022-11-30,252
2022-12-01,Equity Equal Weight + Sector Sentiment,Sentiment fusion,Equal Weight + Sector Sentiment,Equity,True,COP,Energy,equity,0.020681003482977182,0.02,2022-11-30,0.2067204761904762,True,1.103360238095238,2021-12-01,2022-11-30,252
2022-12-01,Equity Equal Weight + Sector Sentiment,Sentiment fusion,Equal Weight + Sector Sentiment,Equity,True,CVX,Energy,equity,0.020681003482977182,0.02,2022-11-30,0.2067204761904762,True,1.103360238095238,2021-12-01,2022-11-30,252
2022-12-01,Equity Equal Weight + Sector Sentiment,Sentiment fusion,Equal Weight + Sector Sentiment,Equity,True,D,Utilities,equity,0.020333429180351262,0.02,2022-11-30,0.16963333333333333,True,1.0848166666666668,2021-12-01,2022-11-30,252
2022-12-01,Equity Equal Weight + Sector Sentiment,Sentiment fusion,Equal Weight + Sector Sentiment,Equity,True,DD,Materials,equity,0.020874058665203022,0.02,2022-11-30,0.22732000000000002,True,1.11366,2021-12-01,2022-11-30,252
2022-12-01,Equity Equal Weight + Sector Sentiment,Sentiment fusion,Equal Weight + Sector Sentiment,Equity,True,DIS,Consumer,equity,0.01993368950115543,0.02,2022-11-30,0.12697999999999998,True,1.06349,2021-12-01,2022-11-30,252
2022-12-01,Equity Equal Weight + Sector Sentiment,Sentiment fusion,Equal Weight + Sector Sentiment,Equity,True,DOW,Materials,equity,0.020874058665203022,0.02,2022-11-30,0.22732000000000002,True,1.11366,2021-12-01,2022-11-30,252
2022-12-01,Equity Equal Weight + Sector Sentiment,Sentiment fusion,Equal Weight + Sector Sentiment,Equity,True,DUK,Utilities,equity,0.020333429180351262,0.02,2022-11-30,0.16963333333333333,True,1.0848166666666668,2021-12-01,2022-11-30,252
2022-12-01,Equity Equal Weight + Sector Sentiment,Sentiment fusion,Equal Weight + Sector Sentiment,Equity,True,EA,Comm,equity,0.019458412892896182,0.02,2022-11-30,0.07626666666666666,True,1.0381333333333334,2021-12-01,2022-11-30,252
2022-12-01,Equity Equal Weight + Sector Sentiment,Sentiment fusion,Equal Weight + Sector Sentiment,Equity,True,GE,Industrials,equity,0.01994645080616883,0.02,2022-11-30,0.12834166666666666,True,1.0641708333333333,2021-12-01,2022-11-30,252
2022-12-01,Equity Equal Weight + Sector Sentiment,Sentiment fusion,Equal Weight + Sector Sentiment,Equity,True,GILD,Healthcare,equity,0.020562098645633037,0.02,2022-11-30,0.194033,True,1.0970165,2021-12-01,2022-11-30,252
2022-12-01,Equity Equal Weight + Sector Sentiment,Sentiment fusion,Equal Weight + Sector Sentiment,Equity,True,GS,Financials,equity,0.01840751864405687,0.02,2022-11-30,-0.03586666666666667,True,0.9820666666666666,2021-12-01,2022-11-30,252
2022-12-01,Equity Equal Weight + Sector Sentiment,Sentiment fusion,Equal Weight + Sector Sentiment,Equity,True,INTC,Tech,equity,0.019664686814569364,0.02,2022-11-30,0.09827666666666666,True,1.0491383333333333,2021-12-01,2022-11-30,252
2022-12-01,Equity Equal Weight + Sector Sentiment,Sentiment fusion,Equal Weight + Sector Sentiment,Equity,True,KO,Consumer,equity,0.01993368950115543,0.02,2022-11-30,0.12697999999999998,True,1.06349,2021-12-01,2022-11-30,252
2022-12-01,Equity Equal Weight + Sector Sentiment,Sentiment fusion,Equal Weight + Sector Sentiment,Equity,True,MMM,Industrials,equity,0.01994645080616883,0.02,2022-11-30,0.12834166666666666,True,1.0641708333333333,2021-12-01,2022-11-30,252
2022-12-01,Equity Equal Weight + Sector Sentiment,Sentiment fusion,Equal Weight + Sector Sentiment,Equity,True,MRK,Healthcare,equity,0.020562098645633037,0.02,2022-11-30,0.194033,True,1.0970165,2021-12-01,2022-11-30,252
2022-12-01,Equity Equal Weight + Sector Sentiment,Sentiment fusion,Equal Weight + Sector Sentiment,Equity,True,MS,Financials,equity,0.01840751864405687,0.02,2022-11-30,-0.03586666666666667,True,0.9820666666666666,2021-12-01,2022-11-30,252
2022-12-01,Equity Equal Weight + Sector Sentiment,Sentiment fusion,Equal Weight + Sector Sentiment,Equity,True,NEE,Utilities,equity,0.020333429180351262,0.02,2022-11-30,0.16963333333333333,True,1.0848166666666668,2021-12-01,2022-11-30,252
2022-12-01,Equity Equal Weight + Sector Sentiment,Sentiment fusion,Equal Weight + Sector Sentiment,Equity,True,NEM,Materials,equity,0.020874058665203022,0.02,2022-11-30,0.22732000000000002,True,1.11366,2021-12-01,2022-11-30,252
2022-12-01,Equity Equal Weight + Sector Sentiment,Sentiment fusion,Equal Weight + Sector Sentiment,Equity,True,NKE,Consumer,equity,0.01993368950115543,0.02,2022-11-30,0.12697999999999998,True,1.06349,2021-12-01,2022-11-30,252
2022-12-01,Equity Equal Weight + Sector Sentiment,Sentiment fusion,Equal Weight + Sector Sentiment,Equity,True,NUE,Materials,equity,0.020874058665203022,0.02,2022-11-30,0.22732000000000002,True,1.11366,2021-12-01,2022-11-30,252
2022-12-01,Equity Equal Weight + Sector Sentiment,Sentiment fusion,Equal Weight + Sector Sentiment,Equity,True,NVDA,Tech,equity,0.019664686814569364,0.02,2022-11-30,0.09827666666666666,True,1.0491383333333333,2021-12-01,2022-11-30,252
2022-12-01,Equity Equal Weight + Sector Sentiment,Sentiment fusion,Equal Weight + Sector Sentiment,Equity,True,O,RealEstate,equity,0.020138651366988804,0.02,2022-11-30,0.14885,True,1.074425,2021-12-01,2022-11-30,252
2022-12-01,Equity Equal Weight + Sector Sentiment,Sentiment fusion,Equal Weight + Sector Sentiment,Equity,True,OXY,Energy,equity,0.020681003482977182,0.02,2022-11-30,0.2067204761904762,True,1.103360238095238,2021-12-01,2022-11-30,252
2022-12-01,Equity Equal Weight + Sector Sentiment,Sentiment fusion,Equal Weight + Sector Sentiment,Equity,True,PLD,RealEstate,equity,0.020138651366988804,0.02,2022-11-30,0.14885,True,1.074425,2021-12-01,2022-11-30,252
2022-12-01,Equity Equal Weight + Sector Sentiment,Sentiment fusion,Equal Weight + Sector Sentiment,Equity,True,PSA,RealEstate,equity,0.020138651366988804,0.02,2022-11-30,0.14885,True,1.074425,2021-12-01,2022-11-30,252
2022-12-01,Equity Equal Weight + Sector Sentiment,Sentiment fusion,Equal Weight + Sector Sentiment,Equity,True,QCOM,Tech,equity,0.019664686814569364,0.02,2022-11-30,0.09827666666666666,True,1.0491383333333333,2021-12-01,2022-11-30,252
2022-12-01,Equity Equal Weight + Sector Sentiment,Sentiment fusion,Equal Weight + Sector Sentiment,Equity,True,SBUX,Consumer,equity,0.01993368950115543,0.02,2022-11-30,0.12697999999999998,True,1.06349,2021-12-01,2022-11-30,252
2022-12-01,Equity Equal Weight + Sector Sentiment,Sentiment fusion,Equal Weight + Sector Sentiment,Equity,True,SHW,Materials,equity,0.020874058665203022,0.02,2022-11-30,0.22732000000000002,True,1.11366,2021-12-01,2022-11-30,252
2022-12-01,Equity Equal Weight + Sector Sentiment,Sentiment fusion,Equal Weight + Sector Sentiment,Equity,True,SLB,Energy,equity,0.020681003482977182,0.02,2022-11-30,0.2067204761904762,True,1.103360238095238,2021-12-01,2022-11-30,252
2022-12-01,Equity Equal Weight + Sector Sentiment,Sentiment fusion,Equal Weight + Sector Sentiment,Equity,True,SO,Utilities,equity,0.020333429180351262,0.02,2022-11-30,0.16963333333333333,True,1.0848166666666668,2021-12-01,2022-11-30,252
2022-12-01,Equity Equal Weight + Sector Sentiment,Sentiment fusion,Equal Weight + Sector Sentiment,Equity,True,T,Comm,equity,0.019458412892896182,0.02,2022-11-30,0.07626666666666666,True,1.0381333333333334,2021-12-01,2022-11-30,252
2022-12-01,Equity Equal Weight + Sector Sentiment,Sentiment fusion,Equal Weight + Sector Sentiment,Equity,True,TMUS,Comm,equity,0.019458412892896182,0.02,2022-11-30,0.07626666666666666,True,1.0381333333333334,2021-12-01,2022-11-30,252
2022-12-01,Equity Equal Weight + Sector Sentiment,Sentiment fusion,Equal Weight + Sector Sentiment,Equity,True,TTWO,Comm,equity,0.019458412892896182,0.02,2022-11-30,0.07626666666666666,True,1.0381333333333334,2021-12-01,2022-11-30,252
2022-12-01,Equity Equal Weight + Sector Sentiment,Sentiment fusion,Equal Weight + Sector Sentiment,Equity,True,UPS,Industrials,equity,0.01994645080616883,0.02,2022-11-30,0.12834166666666666,True,1.0641708333333333,2021-12-01,2022-11-30,252
2022-12-01,Equity Equal Weight + Sector Sentiment,Sentiment fusion,Equal Weight + Sector Sentiment,Equity,True,USB,Financials,equity,0.01840751864405687,0.02,2022-11-30,-0.03586666666666667,True,0.9820666666666666,2021-12-01,2022-11-30,252
2022-12-01,Equity Equal Weight + Sector Sentiment,Sentiment fusion,Equal Weight + Sector Sentiment,Equity,True,V,Financials,equity,0.01840751864405687,0.02,2022-11-30,-0.03586666666666667,True,0.9820666666666666,2021-12-01,2022-11-30,252
2022-12-01,Equity Equal Weight + Sector Sentiment,Sentiment fusion,Equal Weight + Sector Sentiment,Equity,True,WFC,Financials,equity,0.01840751864405687,0.02,2022-11-30,-0.03586666666666667,True,0.9820666666666666,2021-12-01,2022-11-30,252
2022-12-01,Equity Equal Weight + Sector Sentiment,Sentiment fusion,Equal Weight + Sector Sentiment,Equity,True,WMT,Consumer,equity,0.01993368950115543,0.02,2022-11-30,0.12697999999999998,True,1.06349,2021-12-01,2022-11-30,252
2022-12-01,Equity Equal Weight + Sector Sentiment,Sentiment fusion,Equal Weight + Sector Sentiment,Equity,True,XOM,Energy,equity,0.020681003482977182,0.02,2022-11-30,0.2067204761904762,True,1.103360238095238,2021-12-01,2022-11-30,252
2023-01-03,Equity Equal Weight,Base,Equal Weight,Equity,False,ABBV,Healthcare,equity,0.02,0.02,,,False,1.0,2021-12-31,2022-12-30,252
2023-01-03,Equity Equal Weight,Base,Equal Weight,Equity,False,ABT,Healthcare,equity,0.02,0.02,,,False,1.0,2021-12-31,2022-12-30,252
2023-01-03,Equity Equal Weight,Base,Equal Weight,Equity,False,ADBE,Tech,equity,0.02,0.02,,,False,1.0,2021-12-31,2022-12-30,252
2023-01-03,Equity Equal Weight,Base,Equal Weight,Equity,False,AEP,Utilities,equity,0.02,0.02,,,False,1.0,2021-12-31,2022-12-30,252
2023-01-03,Equity Equal Weight,Base,Equal Weight,Equity,False,AMD,Tech,equity,0.02,0.02,,,False,1.0,2021-12-31,2022-12-30,252
2023-01-03,Equity Equal Weight,Base,Equal Weight,Equity,False,AMGN,Healthcare,equity,0.02,0.02,,,False,1.0,2021-12-31,2022-12-30,252
2023-01-03,Equity Equal Weight,Base,Equal Weight,Equity,False,AMT,RealEstate,equity,0.02,0.02,,,False,1.0,2021-12-31,2022-12-30,252
2023-01-03,Equity Equal Weight,Base,Equal Weight,Equity,False,BA,Industrials,equity,0.02,0.02,,,False,1.0,2021-12-31,2022-12-30,252
2023-01-03,Equity Equal Weight,Base,Equal Weight,Equity,False,CAT,Industrials,equity,0.02,0.02,,,False,1.0,2021-12-31,2022-12-30,252
2023-01-03,Equity Equal Weight,Base,Equal Weight,Equity,False,CCI,RealEstate,equity,0.02,0.02,,,False,1.0,2021-12-31,2022-12-30,252
2023-01-03,Equity Equal Weight,Base,Equal Weight,Equity,False,CMCSA,Comm,equity,0.02,0.02,,,False,1.0,2021-12-31,2022-12-30,252
2023-01-03,Equity Equal Weight,Base,Equal Weight,Equity,False,COP,Energy,equity,0.02,0.02,,,False,1.0,2021-12-31,2022-12-30,252
2023-01-03,Equity Equal Weight,Base,Equal Weight,Equity,False,CVX,Energy,equity,0.02,0.02,,,False,1.0,2021-12-31,2022-12-30,252
2023-01-03,Equity Equal Weight,Base,Equal Weight,Equity,False,D,Utilities,equity,0.02,0.02,,,False,1.0,2021-12-31,2022-12-30,252
2023-01-03,Equity Equal Weight,Base,Equal Weight,Equity,False,DD,Materials,equity,0.02,0.02,,,False,1.0,2021-12-31,2022-12-30,252
2023-01-03,Equity Equal Weight,Base,Equal Weight,Equity,False,DIS,Consumer,equity,0.02,0.02,,,False,1.0,2021-12-31,2022-12-30,252
2023-01-03,Equity Equal Weight,Base,Equal Weight,Equity,False,DOW,Materials,equity,0.02,0.02,,,False,1.0,2021-12-31,2022-12-30,252
2023-01-03,Equity Equal Weight,Base,Equal Weight,Equity,False,DUK,Utilities,equity,0.02,0.02,,,False,1.0,2021-12-31,2022-12-30,252
2023-01-03,Equity Equal Weight,Base,Equal Weight,Equity,False,EA,Comm,equity,0.02,0.02,,,False,1.0,2021-12-31,2022-12-30,252
2023-01-03,Equity Equal Weight,Base,Equal Weight,Equity,False,GE,Industrials,equity,0.02,0.02,,,False,1.0,2021-12-31,2022-12-30,252
2023-01-03,Equity Equal Weight,Base,Equal Weight,Equity,False,GILD,Healthcare,equity,0.02,0.02,,,False,1.0,2021-12-31,2022-12-30,252
2023-01-03,Equity Equal Weight,Base,Equal Weight,Equity,False,GS,Financials,equity,0.02,0.02,,,False,1.0,2021-12-31,2022-12-30,252
2023-01-03,Equity Equal Weight,Base,Equal Weight,Equity,False,INTC,Tech,equity,0.02,0.02,,,False,1.0,2021-12-31,2022-12-30,252
2023-01-03,Equity Equal Weight,Base,Equal Weight,Equity,False,KO,Consumer,equity,0.02,0.02,,,False,1.0,2021-12-31,2022-12-30,252
2023-01-03,Equity Equal Weight,Base,Equal Weight,Equity,False,MMM,Industrials,equity,0.02,0.02,,,False,1.0,2021-12-31,2022-12-30,252
2023-01-03,Equity Equal Weight,Base,Equal Weight,Equity,False,MRK,Healthcare,equity,0.02,0.02,,,False,1.0,2021-12-31,2022-12-30,252
2023-01-03,Equity Equal Weight,Base,Equal Weight,Equity,False,MS,Financials,equity,0.02,0.02,,,False,1.0,2021-12-31,2022-12-30,252
2023-01-03,Equity Equal Weight,Base,Equal Weight,Equity,False,NEE,Utilities,equity,0.02,0.02,,,False,1.0,2021-12-31,2022-12-30,252
2023-01-03,Equity Equal Weight,Base,Equal Weight,Equity,False,NEM,Materials,equity,0.02,0.02,,,False,1.0,2021-12-31,2022-12-30,252
2023-01-03,Equity Equal Weight,Base,Equal Weight,Equity,False,NKE,Consumer,equity,0.02,0.02,,,False,1.0,2021-12-31,2022-12-30,252
2023-01-03,Equity Equal Weight,Base,Equal Weight,Equity,False,NUE,Materials,equity,0.02,0.02,,,False,1.0,2021-12-31,2022-12-30,252
2023-01-03,Equity Equal Weight,Base,Equal Weight,Equity,False,NVDA,Tech,equity,0.02,0.02,,,False,1.0,2021-12-31,2022-12-30,252
2023-01-03,Equity Equal Weight,Base,Equal Weight,Equity,False,O,RealEstate,equity,0.02,0.02,,,False,1.0,2021-12-31,2022-12-30,252
2023-01-03,Equity Equal Weight,Base,Equal Weight,Equity,False,OXY,Energy,equity,0.02,0.02,,,False,1.0,2021-12-31,2022-12-30,252
2023-01-03,Equity Equal Weight,Base,Equal Weight,Equity,False,PLD,RealEstate,equity,0.02,0.02,,,False,1.0,2021-12-31,2022-12-30,252
2023-01-03,Equity Equal Weight,Base,Equal Weight,Equity,False,PSA,RealEstate,equity,0.02,0.02,,,False,1.0,2021-12-31,2022-12-30,252
2023-01-03,Equity Equal Weight,Base,Equal Weight,Equity,False,QCOM,Tech,equity,0.02,0.02,,,False,1.0,2021-12-31,2022-12-30,252
2023-01-03,Equity Equal Weight,Base,Equal Weight,Equity,False,SBUX,Consumer,equity,0.02,0.02,,,False,1.0,2021-12-31,2022-12-30,252
2023-01-03,Equity Equal Weight,Base,Equal Weight,Equity,False,SHW,Materials,equity,0.02,0.02,,,False,1.0,2021-12-31,2022-12-30,252
2023-01-03,Equity Equal Weight,Base,Equal Weight,Equity,False,SLB,Energy,equity,0.02,0.02,,,False,1.0,2021-12-31,2022-12-30,252
2023-01-03,Equity Equal Weight,Base,Equal Weight,Equity,False,SO,Utilities,equity,0.02,0.02,,,False,1.0,2021-12-31,2022-12-30,252
2023-01-03,Equity Equal Weight,Base,Equal Weight,Equity,False,T,Comm,equity,0.02,0.02,,,False,1.0,2021-12-31,2022-12-30,252
2023-01-03,Equity Equal Weight,Base,Equal Weight,Equity,False,TMUS,Comm,equity,0.02,0.02,,,False,1.0,2021-12-31,2022-12-30,252
2023-01-03,Equity Equal Weight,Base,Equal Weight,Equity,False,TTWO,Comm,equity,0.02,0.02,,,False,1.0,2021-12-31,2022-12-30,252
2023-01-03,Equity Equal Weight,Base,Equal Weight,Equity,False,UPS,Industrials,equity,0.02,0.02,,,False,1.0,2021-12-31,2022-12-30,252
2023-01-03,Equity Equal Weight,Base,Equal Weight,Equity,False,USB,Financials,equity,0.02,0.02,,,False,1.0,2021-12-31,2022-12-30,252
2023-01-03,Equity Equal Weight,Base,Equal Weight,Equity,False,V,Financials,equity,0.02,0.02,,,False,1.0,2021-12-31,2022-12-30,252
2023-01-03,Equity Equal Weight,Base,Equal Weight,Equity,False,WFC,Financials,equity,0.02,0.02,,,False,1.0,2021-12-31,2022-12-30,252
2023-01-03,Equity Equal Weight,Base,Equal Weight,Equity,False,WMT,Consumer,equity,0.02,0.02,,,False,1.0,2021-12-31,2022-12-30,252
2023-01-03,Equity Equal Weight,Base,Equal Weight,Equity,False,XOM,Energy,equity,0.02,0.02,,,False,1.0,2021-12-31,2022-12-30,252
2023-01-03,Equity Equal Weight + Sector Sentiment,Sentiment fusion,Equal Weight + Sector Sentiment,Equity,True,ABBV,Healthcare,equity,0.019899905687148375,0.02,2022-12-30,0.056033333333333345,True,1.0280166666666666,2021-12-31,2022-12-30,252
2023-01-03,Equity Equal Weight + Sector Sentiment,Sentiment fusion,Equal Weight + Sector Sentiment,Equity,True,ABT,Healthcare,equity,0.019899905687148375,0.02,2022-12-30,0.056033333333333345,True,1.0280166666666666,2021-12-31,2022-12-30,252
2023-01-03,Equity Equal Weight + Sector Sentiment,Sentiment fusion,Equal Weight + Sector Sentiment,Equity,True,ADBE,Tech,equity,0.01978844848007809,0.02,2022-12-30,0.044517714285714285,True,1.0222588571428572,2021-12-31,2022-12-30,252
2023-01-03,Equity Equal Weight + Sector Sentiment,Sentiment fusion,Equal Weight + Sector Sentiment,Equity,True,AEP,Utilities,equity,0.020105934768580466,0.02,2022-12-30,0.07731999999999999,True,1.03866,2021-12-31,2022-12-30,252
2023-01-03,Equity Equal Weight + Sector Sentiment,Sentiment fusion,Equal Weight + Sector Sentiment,Equity,True,AMD,Tech,equity,0.01978844848007809,0.02,2022-12-30,0.044517714285714285,True,1.0222588571428572,2021-12-31,2022-12-30,252
2023-01-03,Equity Equal Weight + Sector Sentiment,Sentiment fusion,Equal Weight + Sector Sentiment,Equity,True,AMGN,Healthcare,equity,0.019899905687148375,0.02,2022-12-30,0.056033333333333345,True,1.0280166666666666,2021-12-31,2022-12-30,252
2023-01-03,Equity Equal Weight + Sector Sentiment,Sentiment fusion,Equal Weight + Sector Sentiment,Equity,True,AMT,RealEstate,equity,0.020127518460324605,0.02,2022-12-30,0.07955,True,1.039775,2021-12-31,2022-12-30,252
2023-01-03,Equity Equal Weight + Sector Sentiment,Sentiment fusion,Equal Weight + Sector Sentiment,Equity,True,BA,Industrials,equity,0.020861170403914615,0.02,2022-12-30,0.15535000000000002,True,1.077675,2021-12-31,2022-12-30,252
2023-01-03,Equity Equal Weight + Sector Sentiment,Sentiment fusion,Equal Weight + Sector Sentiment,Equity,True,CAT,Industrials,equity,0.020861170403914615,0.02,2022-12-30,0.15535000000000002,True,1.077675,2021-12-31,2022-12-30,252
2023-01-03,Equity Equal Weight + Sector Sentiment,Sentiment fusion,Equal Weight + Sector Sentiment,Equity,True,CCI,RealEstate,equity,0.020127518460324605,0.02,2022-12-30,0.07955,True,1.039775,2021-12-31,2022-12-30,252
2023-01-03,Equity Equal Weight + Sector Sentiment,Sentiment fusion,Equal Weight + Sector Sentiment,Equity,True,CMCSA,Comm,equity,0.019396802415013695,0.02,2022-12-30,0.0040533333333333255,True,1.0020266666666666,2021-12-31,2022-12-30,252
2023-01-03,Equity Equal Weight + Sector Sentiment,Sentiment fusion,Equal Weight + Sector Sentiment,Equity,True,COP,Energy,equity,0.020941213960293102,0.02,2022-12-30,0.16362000000000002,True,1.08181,2021-12-31,2022-12-30,252
2023-01-03,Equity Equal Weight + Sector Sentiment,Sentiment fusion,Equal Weight + Sector Sentiment,Equity,True,CVX,Energy,equity,0.020941213960293102,0.02,2022-12-30,0.16362000000000002,True,1.08181,2021-12-31,2022-12-30,252
2023-01-03,Equity Equal Weight + Sector Sentiment,Sentiment fusion,Equal Weight + Sector Sentiment,Equity,True,D,Utilities,equity,0.020105934768580466,0.02,2022-12-30,0.07731999999999999,True,1.03866,2021-12-31,2022-12-30,252
2023-01-03,Equity Equal Weight + Sector Sentiment,Sentiment fusion,Equal Weight + Sector Sentiment,Equity,True,DD,Materials,equity,0.017817676292280336,0.02,2022-12-30,-0.1591,True,0.92045,2021-12-31,2022-12-30,252
2023-01-03,Equity Equal Weight + Sector Sentiment,Sentiment fusion,Equal Weight + Sector Sentiment,Equity,True,DIS,Consumer,equity,0.02046826148778512,0.02,2022-12-30,0.11475514285714286,True,1.0573775714285714,2021-12-31,2022-12-30,252
2023-01-03,Equity Equal Weight + Sector Sentiment,Sentiment fusion,Equal Weight + Sector Sentiment,Equity,True,DOW,Materials,equity,0.017817676292280336,0.02,2022-12-30,-0.1591,True,0.92045,2021-12-31,2022-12-30,252
2023-01-03,Equity Equal Weight + Sector Sentiment,Sentiment fusion,Equal Weight + Sector Sentiment,Equity,True,DUK,Utilities,equity,0.020105934768580466,0.02,2022-12-30,0.07731999999999999,True,1.03866,2021-12-31,2022-12-30,252
2023-01-03,Equity Equal Weight + Sector Sentiment,Sentiment fusion,Equal Weight + Sector Sentiment,Equity,True,EA,Comm,equity,0.019396802415013695,0.02,2022-12-30,0.0040533333333333255,True,1.0020266666666666,2021-12-31,2022-12-30,252
2023-01-03,Equity Equal Weight + Sector Sentiment,Sentiment fusion,Equal Weight + Sector Sentiment,Equity,True,GE,Industrials,equity,0.020861170403914615,0.02,2022-12-30,0.15535000000000002,True,1.077675,2021-12-31,2022-12-30,252
2023-01-03,Equity Equal Weight + Sector Sentiment,Sentiment fusion,Equal Weight + Sector Sentiment,Equity,True,GILD,Healthcare,equity,0.019899905687148375,0.02,2022-12-30,0.056033333333333345,True,1.0280166666666666,2021-12-31,2022-12-30,252
2023-01-03,Equity Equal Weight + Sector Sentiment,Sentiment fusion,Equal Weight + Sector Sentiment,Equity,True,GS,Financials,equity,0.02059306804458159,0.02,2022-12-30,0.12765,True,1.063825,2021-12-31,2022-12-30,252
2023-01-03,Equity Equal Weight + Sector Sentiment,Sentiment fusion,Equal Weight + Sector Sentiment,Equity,True,INTC,Tech,equity,0.01978844848007809,0.02,2022-12-30,0.044517714285714285,True,1.0222588571428572,2021-12-31,2022-12-30,252
2023-01-03,Equity Equal Weight + Sector Sentiment,Sentiment fusion,Equal Weight + Sector Sentiment,Equity,True,KO,Consumer,equity,0.02046826148778512,0.02,2022-12-30,0.11475514285714286,True,1.0573775714285714,2021-12-31,2022-12-30,252
2023-01-03,Equity Equal Weight + Sector Sentiment,Sentiment fusion,Equal Weight + Sector Sentiment,Equity,True,MMM,Industrials,equity,0.020861170403914615,0.02,2022-12-30,0.15535000000000002,True,1.077675,2021-12-31,2022-12-30,252
2023-01-03,Equity Equal Weight + Sector Sentiment,Sentiment fusion,Equal Weight + Sector Sentiment,Equity,True,MRK,Healthcare,equity,0.019899905687148375,0.02,2022-12-30,0.056033333333333345,True,1.0280166666666666,2021-12-31,2022-12-30,252
2023-01-03,Equity Equal Weight + Sector Sentiment,Sentiment fusion,Equal Weight + Sector Sentiment,Equity,True,MS,Financials,equity,0.02059306804458159,0.02,2022-12-30,0.12765,True,1.063825,2021-12-31,2022-12-30,252
2023-01-03,Equity Equal Weight + Sector Sentiment,Sentiment fusion,Equal Weight + Sector Sentiment,Equity,True,NEE,Utilities,equity,0.020105934768580466,0.02,2022-12-30,0.07731999999999999,True,1.03866,2021-12-31,2022-12-30,252
2023-01-03,Equity Equal Weight + Sector Sentiment,Sentiment fusion,Equal Weight + Sector Sentiment,Equity,True,NEM,Materials,equity,0.017817676292280336,0.02,2022-12-30,-0.1591,True,0.92045,2021-12-31,2022-12-30,252
2023-01-03,Equity Equal Weight + Sector Sentiment,Sentiment fusion,Equal Weight + Sector Sentiment,Equity,True,NKE,Consumer,equity,0.02046826148778512,0.02,2022-12-30,0.11475514285714286,True,1.0573775714285714,2021-12-31,2022-12-30,252
2023-01-03,Equity Equal Weight + Sector Sentiment,Sentiment fusion,Equal Weight + Sector Sentiment,Equity,True,NUE,Materials,equity,0.017817676292280336,0.02,2022-12-30,-0.1591,True,0.92045,2021-12-31,2022-12-30,252
2023-01-03,Equity Equal Weight + Sector Sentiment,Sentiment fusion,Equal Weight + Sector Sentiment,Equity,True,NVDA,Tech,equity,0.01978844848007809,0.02,2022-12-30,0.044517714285714285,True,1.0222588571428572,2021-12-31,2022-12-30,252
2023-01-03,Equity Equal Weight + Sector Sentiment,Sentiment fusion,Equal Weight + Sector Sentiment,Equity,True,O,RealEstate,equity,0.020127518460324605,0.02,2022-12-30,0.07955,True,1.039775,2021-12-31,2022-12-30,252
2023-01-03,Equity Equal Weight + Sector Sentiment,Sentiment fusion,Equal Weight + Sector Sentiment,Equity,True,OXY,Energy,equity,0.020941213960293102,0.02,2022-12-30,0.16362000000000002,True,1.08181,2021-12-31,2022-12-30,252
2023-01-03,Equity Equal Weight + Sector Sentiment,Sentiment fusion,Equal Weight + Sector Sentiment,Equity,True,PLD,RealEstate,equity,0.020127518460324605,0.02,2022-12-30,0.07955,True,1.039775,2021-12-31,2022-12-30,252
2023-01-03,Equity Equal Weight + Sector Sentiment,Sentiment fusion,Equal Weight + Sector Sentiment,Equity,True,PSA,RealEstate,equity,0.020127518460324605,0.02,2022-12-30,0.07955,True,1.039775,2021-12-31,2022-12-30,252
2023-01-03,Equity Equal Weight + Sector Sentiment,Sentiment fusion,Equal Weight + Sector Sentiment,Equity,True,QCOM,Tech,equity,0.01978844848007809,0.02,2022-12-30,0.044517714285714285,True,1.0222588571428572,2021-12-31,2022-12-30,252
2023-01-03,Equity Equal Weight + Sector Sentiment,Sentiment fusion,Equal Weight + Sector Sentiment,Equity,True,SBUX,Consumer,equity,0.02046826148778512,0.02,2022-12-30,0.11475514285714286,True,1.0573775714285714,2021-12-31,2022-12-30,252
2023-01-03,Equity Equal Weight + Sector Sentiment,Sentiment fusion,Equal Weight + Sector Sentiment,Equity,True,SHW,Materials,equity,0.017817676292280336,0.02,2022-12-30,-0.1591,True,0.92045,2021-12-31,2022-12-30,252
2023-01-03,Equity Equal Weight + Sector Sentiment,Sentiment fusion,Equal Weight + Sector Sentiment,Equity,True,SLB,Energy,equity,0.020941213960293102,0.02,2022-12-30,0.16362000000000002,True,1.08181,2021-12-31,2022-12-30,252
2023-01-03,Equity Equal Weight + Sector Sentiment,Sentiment fusion,Equal Weight + Sector Sentiment,Equity,True,SO,Utilities,equity,0.020105934768580466,0.02,2022-12-30,0.07731999999999999,True,1.03866,2021-12-31,2022-12-30,252
2023-01-03,Equity Equal Weight + Sector Sentiment,Sentiment fusion,Equal Weight + Sector Sentiment,Equity,True,T,Comm,equity,0.019396802415013695,0.02,2022-12-30,0.0040533333333333255,True,1.0020266666666666,2021-12-31,2022-12-30,252
2023-01-03,Equity Equal Weight + Sector Sentiment,Sentiment fusion,Equal Weight + Sector Sentiment,Equity,True,TMUS,Comm,equity,0.019396802415013695,0.02,2022-12-30,0.0040533333333333255,True,1.0020266666666666,2021-12-31,2022-12-30,252
2023-01-03,Equity Equal Weight + Sector Sentiment,Sentiment fusion,Equal Weight + Sector Sentiment,Equity,True,TTWO,Comm,equity,0.019396802415013695,0.02,2022-12-30,0.0040533333333333255,True,1.0020266666666666,2021-12-31,2022-12-30,252
2023-01-03,Equity Equal Weight + Sector Sentiment,Sentiment fusion,Equal Weight + Sector Sentiment,Equity,True,UPS,Industrials,equity,0.020861170403914615,0.02,2022-12-30,0.15535000000000002,True,1.077675,2021-12-31,2022-12-30,252
2023-01-03,Equity Equal Weight + Sector Sentiment,Sentiment fusion,Equal Weight + Sector Sentiment,Equity,True,USB,Financials,equity,0.02059306804458159,0.02,2022-12-30,0.12765,True,1.063825,2021-12-31,2022-12-30,252
2023-01-03,Equity Equal Weight + Sector Sentiment,Sentiment fusion,Equal Weight + Sector Sentiment,Equity,True,V,Financials,equity,0.02059306804458159,0.02,2022-12-30,0.12765,True,1.063825,2021-12-31,2022-12-30,252
2023-01-03,Equity Equal Weight + Sector Sentiment,Sentiment fusion,Equal Weight + Sector Sentiment,Equity,True,WFC,Financials,equity,0.02059306804458159,0.02,2022-12-30,0.12765,True,1.063825,2021-12-31,2022-12-30,252
2023-01-03,Equity Equal Weight + Sector Sentiment,Sentiment fusion,Equal Weight + Sector Sentiment,Equity,True,WMT,Consumer,equity,0.02046826148778512,0.02,2022-12-30,0.11475514285714286,True,1.0573775714285714,2021-12-31,2022-12-30,252
2023-01-03,Equity Equal Weight + Sector Sentiment,Sentiment fusion,Equal Weight + Sector Sentiment,Equity,True,XOM,Energy,equity,0.020941213960293102,0.02,2022-12-30,0.16362000000000002,True,1.08181,2021-12-31,2022-12-30,252
2023-02-01,Equity Equal Weight,Base,Equal Weight,Equity,False,ABBV,Healthcare,equity,0.02,0.02,,,False,1.0,2022-01-31,2023-01-31,252
2023-02-01,Equity Equal Weight,Base,Equal Weight,Equity,False,ABT,Healthcare,equity,0.02,0.02,,,False,1.0,2022-01-31,2023-01-31,252
2023-02-01,Equity Equal Weight,Base,Equal Weight,Equity,False,ADBE,Tech,equity,0.02,0.02,,,False,1.0,2022-01-31,2023-01-31,252
2023-02-01,Equity Equal Weight,Base,Equal Weight,Equity,False,AEP,Utilities,equity,0.02,0.02,,,False,1.0,2022-01-31,2023-01-31,252
2023-02-01,Equity Equal Weight,Base,Equal Weight,Equity,False,AMD,Tech,equity,0.02,0.02,,,False,1.0,2022-01-31,2023-01-31,252
2023-02-01,Equity Equal Weight,Base,Equal Weight,Equity,False,AMGN,Healthcare,equity,0.02,0.02,,,False,1.0,2022-01-31,2023-01-31,252
2023-02-01,Equity Equal Weight,Base,Equal Weight,Equity,False,AMT,RealEstate,equity,0.02,0.02,,,False,1.0,2022-01-31,2023-01-31,252
2023-02-01,Equity Equal Weight,Base,Equal Weight,Equity,False,BA,Industrials,equity,0.02,0.02,,,False,1.0,2022-01-31,2023-01-31,252
2023-02-01,Equity Equal Weight,Base,Equal Weight,Equity,False,CAT,Industrials,equity,0.02,0.02,,,False,1.0,2022-01-31,2023-01-31,252
2023-02-01,Equity Equal Weight,Base,Equal Weight,Equity,False,CCI,RealEstate,equity,0.02,0.02,,,False,1.0,2022-01-31,2023-01-31,252
2023-02-01,Equity Equal Weight,Base,Equal Weight,Equity,False,CMCSA,Comm,equity,0.02,0.02,,,False,1.0,2022-01-31,2023-01-31,252
2023-02-01,Equity Equal Weight,Base,Equal Weight,Equity,False,COP,Energy,equity,0.02,0.02,,,False,1.0,2022-01-31,2023-01-31,252
2023-02-01,Equity Equal Weight,Base,Equal Weight,Equity,False,CVX,Energy,equity,0.02,0.02,,,False,1.0,2022-01-31,2023-01-31,252
2023-02-01,Equity Equal Weight,Base,Equal Weight,Equity,False,D,Utilities,equity,0.02,0.02,,,False,1.0,2022-01-31,2023-01-31,252
2023-02-01,Equity Equal Weight,Base,Equal Weight,Equity,False,DD,Materials,equity,0.02,0.02,,,False,1.0,2022-01-31,2023-01-31,252
2023-02-01,Equity Equal Weight,Base,Equal Weight,Equity,False,DIS,Consumer,equity,0.02,0.02,,,False,1.0,2022-01-31,2023-01-31,252
2023-02-01,Equity Equal Weight,Base,Equal Weight,Equity,False,DOW,Materials,equity,0.02,0.02,,,False,1.0,2022-01-31,2023-01-31,252
2023-02-01,Equity Equal Weight,Base,Equal Weight,Equity,False,DUK,Utilities,equity,0.02,0.02,,,False,1.0,2022-01-31,2023-01-31,252
2023-02-01,Equity Equal Weight,Base,Equal Weight,Equity,False,EA,Comm,equity,0.02,0.02,,,False,1.0,2022-01-31,2023-01-31,252
2023-02-01,Equity Equal Weight,Base,Equal Weight,Equity,False,GE,Industrials,equity,0.02,0.02,,,False,1.0,2022-01-31,2023-01-31,252
2023-02-01,Equity Equal Weight,Base,Equal Weight,Equity,False,GILD,Healthcare,equity,0.02,0.02,,,False,1.0,2022-01-31,2023-01-31,252
2023-02-01,Equity Equal Weight,Base,Equal Weight,Equity,False,GS,Financials,equity,0.02,0.02,,,False,1.0,2022-01-31,2023-01-31,252
2023-02-01,Equity Equal Weight,Base,Equal Weight,Equity,False,INTC,Tech,equity,0.02,0.02,,,False,1.0,2022-01-31,2023-01-31,252
2023-02-01,Equity Equal Weight,Base,Equal Weight,Equity,False,KO,Consumer,equity,0.02,0.02,,,False,1.0,2022-01-31,2023-01-31,252
2023-02-01,Equity Equal Weight,Base,Equal Weight,Equity,False,MMM,Industrials,equity,0.02,0.02,,,False,1.0,2022-01-31,2023-01-31,252
2023-02-01,Equity Equal Weight,Base,Equal Weight,Equity,False,MRK,Healthcare,equity,0.02,0.02,,,False,1.0,2022-01-31,2023-01-31,252
2023-02-01,Equity Equal Weight,Base,Equal Weight,Equity,False,MS,Financials,equity,0.02,0.02,,,False,1.0,2022-01-31,2023-01-31,252
2023-02-01,Equity Equal Weight,Base,Equal Weight,Equity,False,NEE,Utilities,equity,0.02,0.02,,,False,1.0,2022-01-31,2023-01-31,252
2023-02-01,Equity Equal Weight,Base,Equal Weight,Equity,False,NEM,Materials,equity,0.02,0.02,,,False,1.0,2022-01-31,2023-01-31,252
2023-02-01,Equity Equal Weight,Base,Equal Weight,Equity,False,NKE,Consumer,equity,0.02,0.02,,,False,1.0,2022-01-31,2023-01-31,252
2023-02-01,Equity Equal Weight,Base,Equal Weight,Equity,False,NUE,Materials,equity,0.02,0.02,,,False,1.0,2022-01-31,2023-01-31,252
2023-02-01,Equity Equal Weight,Base,Equal Weight,Equity,False,NVDA,Tech,equity,0.02,0.02,,,False,1.0,2022-01-31,2023-01-31,252
2023-02-01,Equity Equal Weight,Base,Equal Weight,Equity,False,O,RealEstate,equity,0.02,0.02,,,False,1.0,2022-01-31,2023-01-31,252
2023-02-01,Equity Equal Weight,Base,Equal Weight,Equity,False,OXY,Energy,equity,0.02,0.02,,,False,1.0,2022-01-31,2023-01-31,252
2023-02-01,Equity Equal Weight,Base,Equal Weight,Equity,False,PLD,RealEstate,equity,0.02,0.02,,,False,1.0,2022-01-31,2023-01-31,252
2023-02-01,Equity Equal Weight,Base,Equal Weight,Equity,False,PSA,RealEstate,equity,0.02,0.02,,,False,1.0,2022-01-31,2023-01-31,252
2023-02-01,Equity Equal Weight,Base,Equal Weight,Equity,False,QCOM,Tech,equity,0.02,0.02,,,False,1.0,2022-01-31,2023-01-31,252
2023-02-01,Equity Equal Weight,Base,Equal Weight,Equity,False,SBUX,Consumer,equity,0.02,0.02,,,False,1.0,2022-01-31,2023-01-31,252
2023-02-01,Equity Equal Weight,Base,Equal Weight,Equity,False,SHW,Materials,equity,0.02,0.02,,,False,1.0,2022-01-31,2023-01-31,252
2023-02-01,Equity Equal Weight,Base,Equal Weight,Equity,False,SLB,Energy,equity,0.02,0.02,,,False,1.0,2022-01-31,2023-01-31,252
2023-02-01,Equity Equal Weight,Base,Equal Weight,Equity,False,SO,Utilities,equity,0.02,0.02,,,False,1.0,2022-01-31,2023-01-31,252
2023-02-01,Equity Equal Weight,Base,Equal Weight,Equity,False,T,Comm,equity,0.02,0.02,,,False,1.0,2022-01-31,2023-01-31,252
2023-02-01,Equity Equal Weight,Base,Equal Weight,Equity,False,TMUS,Comm,equity,0.02,0.02,,,False,1.0,2022-01-31,2023-01-31,252
2023-02-01,Equity Equal Weight,Base,Equal Weight,Equity,False,TTWO,Comm,equity,0.02,0.02,,,False,1.0,2022-01-31,2023-01-31,252
2023-02-01,Equity Equal Weight,Base,Equal Weight,Equity,False,UPS,Industrials,equity,0.02,0.02,,,False,1.0,2022-01-31,2023-01-31,252
2023-02-01,Equity Equal Weight,Base,Equal Weight,Equity,False,USB,Financials,equity,0.02,0.02,,,False,1.0,2022-01-31,2023-01-31,252
2023-02-01,Equity Equal Weight,Base,Equal Weight,Equity,False,V,Financials,equity,0.02,0.02,,,False,1.0,2022-01-31,2023-01-31,252
2023-02-01,Equity Equal Weight,Base,Equal Weight,Equity,False,WFC,Financials,equity,0.02,0.02,,,False,1.0,2022-01-31,2023-01-31,252
2023-02-01,Equity Equal Weight,Base,Equal Weight,Equity,False,WMT,Consumer,equity,0.02,0.02,,,False,1.0,2022-01-31,2023-01-31,252
2023-02-01,Equity Equal Weight,Base,Equal Weight,Equity,False,XOM,Energy,equity,0.02,0.02,,,False,1.0,2022-01-31,2023-01-31,252
2023-02-01,Equity Equal Weight + Sector Sentiment,Sentiment fusion,Equal Weight + Sector Sentiment,Equity,True,ABBV,Healthcare,equity,0.01951515331153498,0.02,2023-01-31,0.04195083333333334,True,1.0209754166666667,2022-01-31,2023-01-31,252
2023-02-01,Equity Equal Weight + Sector Sentiment,Sentiment fusion,Equal Weight + Sector Sentiment,Equity,True,ABT,Healthcare,equity,0.01951515331153498,0.02,2023-01-31,0.04195083333333334,True,1.0209754166666667,2022-01-31,2023-01-31,252
2023-02-01,Equity Equal Weight + Sector Sentiment,Sentiment fusion,Equal Weight + Sector Sentiment,Equity,True,ADBE,Tech,equity,0.019056543696113145,0.02,2023-01-31,-0.006035378787878785,True,0.9969823106060606,2022-01-31,2023-01-31,252
2023-02-01,Equity Equal Weight + Sector Sentiment,Sentiment fusion,Equal Weight + Sector Sentiment,Equity,True,AEP,Utilities,equity,0.021324505801628306,0.02,2023-01-31,0.23127083333333331,True,1.1156354166666667,2022-01-31,2023-01-31,252
2023-02-01,Equity Equal Weight + Sector Sentiment,Sentiment fusion,Equal Weight + Sector Sentiment,Equity,True,AMD,Tech,equity,0.019056543696113145,0.02,2023-01-31,-0.006035378787878785,True,0.9969823106060606,2022-01-31,2023-01-31,252
2023-02-01,Equity Equal Weight + Sector Sentiment,Sentiment fusion,Equal Weight + Sector Sentiment,Equity,True,AMGN,Healthcare,equity,0.01951515331153498,0.02,2023-01-31,0.04195083333333334,True,1.0209754166666667,2022-01-31,2023-01-31,252
2023-02-01,Equity Equal Weight + Sector Sentiment,Sentiment fusion,Equal Weight + Sector Sentiment,Equity,True,AMT,RealEstate,equity,0.020280431110238136,0.02,2023-01-31,0.12202500000000001,True,1.0610125,2022-01-31,2023-01-31,252
2023-02-01,Equity Equal Weight + Sector Sentiment,Sentiment fusion,Equal Weight + Sector Sentiment,Equity,True,BA,Industrials,equity,0.02098483619426164,0.02,2023-01-31,0.1957298039215686,True,1.0978649019607842,2022-01-31,2023-01-31,252
2023-02-01,Equity Equal Weight + Sector Sentiment,Sentiment fusion,Equal Weight + Sector Sentiment,Equity,True,CAT,Industrials,equity,0.02098483619426164,0.02,2023-01-31,0.1957298039215686,True,1.0978649019607842,2022-01-31,2023-01-31,252
2023-02-01,Equity Equal Weight + Sector Sentiment,Sentiment fusion,Equal Weight + Sector Sentiment,Equity,True,CCI,RealEstate,equity,0.020280431110238136,0.02,2023-01-31,0.12202500000000001,True,1.0610125,2022-01-31,2023-01-31,252
2023-02-01,Equity Equal Weight + Sector Sentiment,Sentiment fusion,Equal Weight + Sector Sentiment,Equity,True,CMCSA,Comm,equity,0.018947463498976195,0.02,2023-01-31,-0.01744888888888889,True,0.9912755555555556,2022-01-31,2023-01-31,252
2023-02-01,Equity Equal Weight + Sector Sentiment,Sentiment fusion,Equal Weight + Sector Sentiment,Equity,True,COP,Energy,equity,0.020293516757333884,0.02,2023-01-31,0.12339420512820513,True,1.0616971025641027,2022-01-31,2023-01-31,252
2023-02-01,Equity Equal Weight + Sector Sentiment,Sentiment fusion,Equal Weight + Sector Sentiment,Equity,True,CVX,Energy,equity,0.020293516757333884,0.02,2023-01-31,0.12339420512820513,True,1.0616971025641027,2022-01-31,2023-01-31,252
2023-02-01,Equity Equal Weight + Sector Sentiment,Sentiment fusion,Equal Weight + Sector Sentiment,Equity,True,D,Utilities,equity,0.021324505801628306,0.02,2023-01-31,0.23127083333333331,True,1.1156354166666667,2022-01-31,2023-01-31,252
2023-02-01,Equity Equal Weight + Sector Sentiment,Sentiment fusion,Equal Weight + Sector Sentiment,Equity,True,DD,Materials,equity,0.019813645819705482,0.02,2023-01-31,0.07318333333333334,True,1.0365916666666666,2022-01-31,2023-01-31,252
2023-02-01,Equity Equal Weight + Sector Sentiment,Sentiment fusion,Equal Weight + Sector Sentiment,Equity,True,DIS,Consumer,equity,0.01970437116360576,0.02,2023-01-31,0.061749476190476195,True,1.030874738095238,2022-01-31,2023-01-31,252
2023-02-01,Equity Equal Weight + Sector Sentiment,Sentiment fusion,Equal Weight + Sector Sentiment,Equity,True,DOW,Materials,equity,0.019813645819705482,0.02,2023-01-31,0.07318333333333334,True,1.0365916666666666,2022-01-31,2023-01-31,252
2023-02-01,Equity Equal Weight + Sector Sentiment,Sentiment fusion,Equal Weight + Sector Sentiment,Equity,True,DUK,Utilities,equity,0.021324505801628306,0.02,2023-01-31,0.23127083333333331,True,1.1156354166666667,2022-01-31,2023-01-31,252
2023-02-01,Equity Equal Weight + Sector Sentiment,Sentiment fusion,Equal Weight + Sector Sentiment,Equity,True,EA,Comm,equity,0.018947463498976195,0.02,2023-01-31,-0.01744888888888889,True,0.9912755555555556,2022-01-31,2023-01-31,252
2023-02-01,Equity Equal Weight + Sector Sentiment,Sentiment fusion,Equal Weight + Sector Sentiment,Equity,True,GE,Industrials,equity,0.02098483619426164,0.02,2023-01-31,0.1957298039215686,True,1.0978649019607842,2022-01-31,2023-01-31,252
2023-02-01,Equity Equal Weight + Sector Sentiment,Sentiment fusion,Equal Weight + Sector Sentiment,Equity,True,GILD,Healthcare,equity,0.01951515331153498,0.02,2023-01-31,0.04195083333333334,True,1.0209754166666667,2022-01-31,2023-01-31,252
2023-02-01,Equity Equal Weight + Sector Sentiment,Sentiment fusion,Equal Weight + Sector Sentiment,Equity,True,GS,Financials,equity,0.020079532646602477,0.02,2023-01-31,0.10100416666666667,True,1.0505020833333334,2022-01-31,2023-01-31,252
2023-02-01,Equity Equal Weight + Sector Sentiment,Sentiment fusion,Equal Weight + Sector Sentiment,Equity,True,INTC,Tech,equity,0.019056543696113145,0.02,2023-01-31,-0.006035378787878785,True,0.9969823106060606,2022-01-31,2023-01-31,252
2023-02-01,Equity Equal Weight + Sector Sentiment,Sentiment fusion,Equal Weight + Sector Sentiment,Equity,True,KO,Consumer,equity,0.01970437116360576,0.02,2023-01-31,0.061749476190476195,True,1.030874738095238,2022-01-31,2023-01-31,252
2023-02-01,Equity Equal Weight + Sector Sentiment,Sentiment fusion,Equal Weight + Sector Sentiment,Equity,True,MMM,Industrials,equity,0.02098483619426164,0.02,2023-01-31,0.1957298039215686,True,1.0978649019607842,2022-01-31,2023-01-31,252
2023-02-01,Equity Equal Weight + Sector Sentiment,Sentiment fusion,Equal Weight + Sector Sentiment,Equity,True,MRK,Healthcare,equity,0.01951515331153498,0.02,2023-01-31,0.04195083333333334,True,1.0209754166666667,2022-01-31,2023-01-31,252
2023-02-01,Equity Equal Weight + Sector Sentiment,Sentiment fusion,Equal Weight + Sector Sentiment,Equity,True,MS,Financials,equity,0.020079532646602477,0.02,2023-01-31,0.10100416666666667,True,1.0505020833333334,2022-01-31,2023-01-31,252
2023-02-01,Equity Equal Weight + Sector Sentiment,Sentiment fusion,Equal Weight + Sector Sentiment,Equity,True,NEE,Utilities,equity,0.021324505801628306,0.02,2023-01-31,0.23127083333333331,True,1.1156354166666667,2022-01-31,2023-01-31,252
2023-02-01,Equity Equal Weight + Sector Sentiment,Sentiment fusion,Equal Weight + Sector Sentiment,Equity,True,NEM,Materials,equity,0.019813645819705482,0.02,2023-01-31,0.07318333333333334,True,1.0365916666666666,2022-01-31,2023-01-31,252
2023-02-01,Equity Equal Weight + Sector Sentiment,Sentiment fusion,Equal Weight + Sector Sentiment,Equity,True,NKE,Consumer,equity,0.01970437116360576,0.02,2023-01-31,0.061749476190476195,True,1.030874738095238,2022-01-31,2023-01-31,252
2023-02-01,Equity Equal Weight + Sector Sentiment,Sentiment fusion,Equal Weight + Sector Sentiment,Equity,True,NUE,Materials,equity,0.019813645819705482,0.02,2023-01-31,0.07318333333333334,True,1.0365916666666666,2022-01-31,2023-01-31,252
2023-02-01,Equity Equal Weight + Sector Sentiment,Sentiment fusion,Equal Weight + Sector Sentiment,Equity,True,NVDA,Tech,equity,0.019056543696113145,0.02,2023-01-31,-0.006035378787878785,True,0.9969823106060606,2022-01-31,2023-01-31,252
2023-02-01,Equity Equal Weight + Sector Sentiment,Sentiment fusion,Equal Weight + Sector Sentiment,Equity,True,O,RealEstate,equity,0.020280431110238136,0.02,2023-01-31,0.12202500000000001,True,1.0610125,2022-01-31,2023-01-31,252
2023-02-01,Equity Equal Weight + Sector Sentiment,Sentiment fusion,Equal Weight + Sector Sentiment,Equity,True,OXY,Energy,equity,0.020293516757333884,0.02,2023-01-31,0.12339420512820513,True,1.0616971025641027,2022-01-31,2023-01-31,252
2023-02-01,Equity Equal Weight + Sector Sentiment,Sentiment fusion,Equal Weight + Sector Sentiment,Equity,True,PLD,RealEstate,equity,0.020280431110238136,0.02,2023-01-31,0.12202500000000001,True,1.0610125,2022-01-31,2023-01-31,252
2023-02-01,Equity Equal Weight + Sector Sentiment,Sentiment fusion,Equal Weight + Sector Sentiment,Equity,True,PSA,RealEstate,equity,0.020280431110238136,0.02,2023-01-31,0.12202500000000001,True,1.0610125,2022-01-31,2023-01-31,252
2023-02-01,Equity Equal Weight + Sector Sentiment,Sentiment fusion,Equal Weight + Sector Sentiment,Equity,True,QCOM,Tech,equity,0.019056543696113145,0.02,2023-01-31,-0.006035378787878785,True,0.9969823106060606,2022-01-31,2023-01-31,252
2023-02-01,Equity Equal Weight + Sector Sentiment,Sentiment fusion,Equal Weight + Sector Sentiment,Equity,True,SBUX,Consumer,equity,0.01970437116360576,0.02,2023-01-31,0.061749476190476195,True,1.030874738095238,2022-01-31,2023-01-31,252
2023-02-01,Equity Equal Weight + Sector Sentiment,Sentiment fusion,Equal Weight + Sector Sentiment,Equity,True,SHW,Materials,equity,0.019813645819705482,0.02,2023-01-31,0.07318333333333334,True,1.0365916666666666,2022-01-31,2023-01-31,252
2023-02-01,Equity Equal Weight + Sector Sentiment,Sentiment fusion,Equal Weight + Sector Sentiment,Equity,True,SLB,Energy,equity,0.020293516757333884,0.02,2023-01-31,0.12339420512820513,True,1.0616971025641027,2022-01-31,2023-01-31,252
2023-02-01,Equity Equal Weight + Sector Sentiment,Sentiment fusion,Equal Weight + Sector Sentiment,Equity,True,SO,Utilities,equity,0.021324505801628306,0.02,2023-01-31,0.23127083333333331,True,1.1156354166666667,2022-01-31,2023-01-31,252
2023-02-01,Equity Equal Weight + Sector Sentiment,Sentiment fusion,Equal Weight + Sector Sentiment,Equity,True,T,Comm,equity,0.018947463498976195,0.02,2023-01-31,-0.01744888888888889,True,0.9912755555555556,2022-01-31,2023-01-31,252
2023-02-01,Equity Equal Weight + Sector Sentiment,Sentiment fusion,Equal Weight + Sector Sentiment,Equity,True,TMUS,Comm,equity,0.018947463498976195,0.02,2023-01-31,-0.01744888888888889,True,0.9912755555555556,2022-01-31,2023-01-31,252
2023-02-01,Equity Equal Weight + Sector Sentiment,Sentiment fusion,Equal Weight + Sector Sentiment,Equity,True,TTWO,Comm,equity,0.018947463498976195,0.02,2023-01-31,-0.01744888888888889,True,0.9912755555555556,2022-01-31,2023-01-31,252
2023-02-01,Equity Equal Weight + Sector Sentiment,Sentiment fusion,Equal Weight + Sector Sentiment,Equity,True,UPS,Industrials,equity,0.02098483619426164,0.02,2023-01-31,0.1957298039215686,True,1.0978649019607842,2022-01-31,2023-01-31,252
2023-02-01,Equity Equal Weight + Sector Sentiment,Sentiment fusion,Equal Weight + Sector Sentiment,Equity,True,USB,Financials,equity,0.020079532646602477,0.02,2023-01-31,0.10100416666666667,True,1.0505020833333334,2022-01-31,2023-01-31,252
2023-02-01,Equity Equal Weight + Sector Sentiment,Sentiment fusion,Equal Weight + Sector Sentiment,Equity,True,V,Financials,equity,0.020079532646602477,0.02,2023-01-31,0.10100416666666667,True,1.0505020833333334,2022-01-31,2023-01-31,252
2023-02-01,Equity Equal Weight + Sector Sentiment,Sentiment fusion,Equal Weight + Sector Sentiment,Equity,True,WFC,Financials,equity,0.020079532646602477,0.02,2023-01-31,0.10100416666666667,True,1.0505020833333334,2022-01-31,2023-01-31,252
2023-02-01,Equity Equal Weight + Sector Sentiment,Sentiment fusion,Equal Weight + Sector Sentiment,Equity,True,WMT,Consumer,equity,0.01970437116360576,0.02,2023-01-31,0.061749476190476195,True,1.030874738095238,2022-01-31,2023-01-31,252
2023-02-01,Equity Equal Weight + Sector Sentiment,Sentiment fusion,Equal Weight + Sector Sentiment,Equity,True,XOM,Energy,equity,0.020293516757333884,0.02,2023-01-31,0.12339420512820513,True,1.0616971025641027,2022-01-31,2023-01-31,252
2023-03-01,Equity Equal Weight,Base,Equal Weight,Equity,False,ABBV,Healthcare,equity,0.02,0.02,,,False,1.0,2022-02-28,2023-02-28,252
2023-03-01,Equity Equal Weight,Base,Equal Weight,Equity,False,ABT,Healthcare,equity,0.02,0.02,,,False,1.0,2022-02-28,2023-02-28,252
2023-03-01,Equity Equal Weight,Base,Equal Weight,Equity,False,ADBE,Tech,equity,0.02,0.02,,,False,1.0,2022-02-28,2023-02-28,252
2023-03-01,Equity Equal Weight,Base,Equal Weight,Equity,False,AEP,Utilities,equity,0.02,0.02,,,False,1.0,2022-02-28,2023-02-28,252
2023-03-01,Equity Equal Weight,Base,Equal Weight,Equity,False,AMD,Tech,equity,0.02,0.02,,,False,1.0,2022-02-28,2023-02-28,252
2023-03-01,Equity Equal Weight,Base,Equal Weight,Equity,False,AMGN,Healthcare,equity,0.02,0.02,,,False,1.0,2022-02-28,2023-02-28,252
2023-03-01,Equity Equal Weight,Base,Equal Weight,Equity,False,AMT,RealEstate,equity,0.02,0.02,,,False,1.0,2022-02-28,2023-02-28,252
2023-03-01,Equity Equal Weight,Base,Equal Weight,Equity,False,BA,Industrials,equity,0.02,0.02,,,False,1.0,2022-02-28,2023-02-28,252
2023-03-01,Equity Equal Weight,Base,Equal Weight,Equity,False,CAT,Industrials,equity,0.02,0.02,,,False,1.0,2022-02-28,2023-02-28,252
2023-03-01,Equity Equal Weight,Base,Equal Weight,Equity,False,CCI,RealEstate,equity,0.02,0.02,,,False,1.0,2022-02-28,2023-02-28,252
2023-03-01,Equity Equal Weight,Base,Equal Weight,Equity,False,CMCSA,Comm,equity,0.02,0.02,,,False,1.0,2022-02-28,2023-02-28,252
2023-03-01,Equity Equal Weight,Base,Equal Weight,Equity,False,COP,Energy,equity,0.02,0.02,,,False,1.0,2022-02-28,2023-02-28,252
2023-03-01,Equity Equal Weight,Base,Equal Weight,Equity,False,CVX,Energy,equity,0.02,0.02,,,False,1.0,2022-02-28,2023-02-28,252
2023-03-01,Equity Equal Weight,Base,Equal Weight,Equity,False,D,Utilities,equity,0.02,0.02,,,False,1.0,2022-02-28,2023-02-28,252
2023-03-01,Equity Equal Weight,Base,Equal Weight,Equity,False,DD,Materials,equity,0.02,0.02,,,False,1.0,2022-02-28,2023-02-28,252
2023-03-01,Equity Equal Weight,Base,Equal Weight,Equity,False,DIS,Consumer,equity,0.02,0.02,,,False,1.0,2022-02-28,2023-02-28,252
2023-03-01,Equity Equal Weight,Base,Equal Weight,Equity,False,DOW,Materials,equity,0.02,0.02,,,False,1.0,2022-02-28,2023-02-28,252
2023-03-01,Equity Equal Weight,Base,Equal Weight,Equity,False,DUK,Utilities,equity,0.02,0.02,,,False,1.0,2022-02-28,2023-02-28,252
2023-03-01,Equity Equal Weight,Base,Equal Weight,Equity,False,EA,Comm,equity,0.02,0.02,,,False,1.0,2022-02-28,2023-02-28,252
2023-03-01,Equity Equal Weight,Base,Equal Weight,Equity,False,GE,Industrials,equity,0.02,0.02,,,False,1.0,2022-02-28,2023-02-28,252
2023-03-01,Equity Equal Weight,Base,Equal Weight,Equity,False,GILD,Healthcare,equity,0.02,0.02,,,False,1.0,2022-02-28,2023-02-28,252
2023-03-01,Equity Equal Weight,Base,Equal Weight,Equity,False,GS,Financials,equity,0.02,0.02,,,False,1.0,2022-02-28,2023-02-28,252
2023-03-01,Equity Equal Weight,Base,Equal Weight,Equity,False,INTC,Tech,equity,0.02,0.02,,,False,1.0,2022-02-28,2023-02-28,252
2023-03-01,Equity Equal Weight,Base,Equal Weight,Equity,False,KO,Consumer,equity,0.02,0.02,,,False,1.0,2022-02-28,2023-02-28,252
2023-03-01,Equity Equal Weight,Base,Equal Weight,Equity,False,MMM,Industrials,equity,0.02,0.02,,,False,1.0,2022-02-28,2023-02-28,252
2023-03-01,Equity Equal Weight,Base,Equal Weight,Equity,False,MRK,Healthcare,equity,0.02,0.02,,,False,1.0,2022-02-28,2023-02-28,252
2023-03-01,Equity Equal Weight,Base,Equal Weight,Equity,False,MS,Financials,equity,0.02,0.02,,,False,1.0,2022-02-28,2023-02-28,252
2023-03-01,Equity Equal Weight,Base,Equal Weight,Equity,False,NEE,Utilities,equity,0.02,0.02,,,False,1.0,2022-02-28,2023-02-28,252
2023-03-01,Equity Equal Weight,Base,Equal Weight,Equity,False,NEM,Materials,equity,0.02,0.02,,,False,1.0,2022-02-28,2023-02-28,252
2023-03-01,Equity Equal Weight,Base,Equal Weight,Equity,False,NKE,Consumer,equity,0.02,0.02,,,False,1.0,2022-02-28,2023-02-28,252
2023-03-01,Equity Equal Weight,Base,Equal Weight,Equity,False,NUE,Materials,equity,0.02,0.02,,,False,1.0,2022-02-28,2023-02-28,252
2023-03-01,Equity Equal Weight,Base,Equal Weight,Equity,False,NVDA,Tech,equity,0.02,0.02,,,False,1.0,2022-02-28,2023-02-28,252
2023-03-01,Equity Equal Weight,Base,Equal Weight,Equity,False,O,RealEstate,equity,0.02,0.02,,,False,1.0,2022-02-28,2023-02-28,252
2023-03-01,Equity Equal Weight,Base,Equal Weight,Equity,False,OXY,Energy,equity,0.02,0.02,,,False,1.0,2022-02-28,2023-02-28,252
2023-03-01,Equity Equal Weight,Base,Equal Weight,Equity,False,PLD,RealEstate,equity,0.02,0.02,,,False,1.0,2022-02-28,2023-02-28,252
2023-03-01,Equity Equal Weight,Base,Equal Weight,Equity,False,PSA,RealEstate,equity,0.02,0.02,,,False,1.0,2022-02-28,2023-02-28,252
2023-03-01,Equity Equal Weight,Base,Equal Weight,Equity,False,QCOM,Tech,equity,0.02,0.02,,,False,1.0,2022-02-28,2023-02-28,252
2023-03-01,Equity Equal Weight,Base,Equal Weight,Equity,False,SBUX,Consumer,equity,0.02,0.02,,,False,1.0,2022-02-28,2023-02-28,252
2023-03-01,Equity Equal Weight,Base,Equal Weight,Equity,False,SHW,Materials,equity,0.02,0.02,,,False,1.0,2022-02-28,2023-02-28,252
2023-03-01,Equity Equal Weight,Base,Equal Weight,Equity,False,SLB,Energy,equity,0.02,0.02,,,False,1.0,2022-02-28,2023-02-28,252
2023-03-01,Equity Equal Weight,Base,Equal Weight,Equity,False,SO,Utilities,equity,0.02,0.02,,,False,1.0,2022-02-28,2023-02-28,252
2023-03-01,Equity Equal Weight,Base,Equal Weight,Equity,False,T,Comm,equity,0.02,0.02,,,False,1.0,2022-02-28,2023-02-28,252
2023-03-01,Equity Equal Weight,Base,Equal Weight,Equity,False,TMUS,Comm,equity,0.02,0.02,,,False,1.0,2022-02-28,2023-02-28,252
2023-03-01,Equity Equal Weight,Base,Equal Weight,Equity,False,TTWO,Comm,equity,0.02,0.02,,,False,1.0,2022-02-28,2023-02-28,252
2023-03-01,Equity Equal Weight,Base,Equal Weight,Equity,False,UPS,Industrials,equity,0.02,0.02,,,False,1.0,2022-02-28,2023-02-28,252
2023-03-01,Equity Equal Weight,Base,Equal Weight,Equity,False,USB,Financials,equity,0.02,0.02,,,False,1.0,2022-02-28,2023-02-28,252
2023-03-01,Equity Equal Weight,Base,Equal Weight,Equity,False,V,Financials,equity,0.02,0.02,,,False,1.0,2022-02-28,2023-02-28,252
2023-03-01,Equity Equal Weight,Base,Equal Weight,Equity,False,WFC,Financials,equity,0.02,0.02,,,False,1.0,2022-02-28,2023-02-28,252
2023-03-01,Equity Equal Weight,Base,Equal Weight,Equity,False,WMT,Consumer,equity,0.02,0.02,,,False,1.0,2022-02-28,2023-02-28,252
2023-03-01,Equity Equal Weight,Base,Equal Weight,Equity,False,XOM,Energy,equity,0.02,0.02,,,False,1.0,2022-02-28,2023-02-28,252
2023-03-01,Equity Equal Weight + Sector Sentiment,Sentiment fusion,Equal Weight + Sector Sentiment,Equity,True,ABBV,Healthcare,equity,0.01846260243296042,0.02,2023-02-28,0.04354666666666667,True,1.0217733333333334,2022-02-28,2023-02-28,252
2023-03-01,Equity Equal Weight + Sector Sentiment,Sentiment fusion,Equal Weight + Sector Sentiment,Equity,True,ABT,Healthcare,equity,0.01846260243296042,0.02,2023-02-28,0.04354666666666667,True,1.0217733333333334,2022-02-28,2023-02-28,252
2023-03-01,Equity Equal Weight + Sector Sentiment,Sentiment fusion,Equal Weight + Sector Sentiment,Equity,True,ADBE,Tech,equity,0.020888371058320525,0.02,2023-02-28,0.31204464285714284,True,1.1560223214285714,2022-02-28,2023-02-28,252
2023-03-01,Equity Equal Weight + Sector Sentiment,Sentiment fusion,Equal Weight + Sector Sentiment,Equity,True,AEP,Utilities,equity,0.020124770897237555,0.02,2023-02-28,0.227525,True,1.1137625,2022-02-28,2023-02-28,252
2023-03-01,Equity Equal Weight + Sector Sentiment,Sentiment fusion,Equal Weight + Sector Sentiment,Equity,True,AMD,Tech,equity,0.020888371058320525,0.02,2023-02-28,0.31204464285714284,True,1.1560223214285714,2022-02-28,2023-02-28,252
2023-03-01,Equity Equal Weight + Sector Sentiment,Sentiment fusion,Equal Weight + Sector Sentiment,Equity,True,AMGN,Healthcare,equity,0.01846260243296042,0.02,2023-02-28,0.04354666666666667,True,1.0217733333333334,2022-02-28,2023-02-28,252
2023-03-01,Equity Equal Weight + Sector Sentiment,Sentiment fusion,Equal Weight + Sector Sentiment,Equity,True,AMT,RealEstate,equity,0.01955581771051528,0.02,2023-02-28,0.16455,True,1.082275,2022-02-28,2023-02-28,252
2023-03-01,Equity Equal Weight + Sector Sentiment,Sentiment fusion,Equal Weight + Sector Sentiment,Equity,True,BA,Industrials,equity,0.020073599993981117,0.02,2023-02-28,0.2218611111111111,True,1.1109305555555555,2022-02-28,2023-02-28,252
2023-03-01,Equity Equal Weight + Sector Sentiment,Sentiment fusion,Equal Weight + Sector Sentiment,Equity,True,CAT,Industrials,equity,0.020073599993981117,0.02,2023-02-28,0.2218611111111111,True,1.1109305555555555,2022-02-28,2023-02-28,252
2023-03-01,Equity Equal Weight + Sector Sentiment,Sentiment fusion,Equal Weight + Sector Sentiment,Equity,True,CCI,RealEstate,equity,0.01955581771051528,0.02,2023-02-28,0.16455,True,1.082275,2022-02-28,2023-02-28,252
2023-03-01,Equity Equal Weight + Sector Sentiment,Sentiment fusion,Equal Weight + Sector Sentiment,Equity,True,CMCSA,Comm,equity,0.019180769371272593,0.02,2023-02-28,0.1230375,True,1.06151875,2022-02-28,2023-02-28,252
2023-03-01,Equity Equal Weight + Sector Sentiment,Sentiment fusion,Equal Weight + Sector Sentiment,Equity,True,COP,Energy,equity,0.019929515044219977,0.02,2023-02-28,0.205912962962963,True,1.1029564814814814,2022-02-28,2023-02-28,252
2023-03-01,Equity Equal Weight + Sector Sentiment,Sentiment fusion,Equal Weight + Sector Sentiment,Equity,True,CVX,Energy,equity,0.019929515044219977,0.02,2023-02-28,0.205912962962963,True,1.1029564814814814,2022-02-28,2023-02-28,252
2023-03-01,Equity Equal Weight + Sector Sentiment,Sentiment fusion,Equal Weight + Sector Sentiment,Equity,True,D,Utilities,equity,0.020124770897237555,0.02,2023-02-28,0.227525,True,1.1137625,2022-02-28,2023-02-28,252
2023-03-01,Equity Equal Weight + Sector Sentiment,Sentiment fusion,Equal Weight + Sector Sentiment,Equity,True,DD,Materials,equity,0.022682236928700965,0.02,2023-02-28,0.5106,True,1.2553,2022-02-28,2023-02-28,252
2023-03-01,Equity Equal Weight + Sector Sentiment,Sentiment fusion,Equal Weight + Sector Sentiment,Equity,True,DIS,Consumer,equity,0.019113559564499137,0.02,2023-02-28,0.11559833333333334,True,1.0577991666666666,2022-02-28,2023-02-28,252
2023-03-01,Equity Equal Weight + Sector Sentiment,Sentiment fusion,Equal Weight + Sector Sentiment,Equity,True,DOW,Materials,equity,0.022682236928700965,0.02,2023-02-28,0.5106,True,1.2553,2022-02-28,2023-02-28,252
2023-03-01,Equity Equal Weight + Sector Sentiment,Sentiment fusion,Equal Weight + Sector Sentiment,Equity,True,DUK,Utilities,equity,0.020124770897237555,0.02,2023-02-28,0.227525,True,1.1137625,2022-02-28,2023-02-28,252
2023-03-01,Equity Equal Weight + Sector Sentiment,Sentiment fusion,Equal Weight + Sector Sentiment,Equity,True,EA,Comm,equity,0.019180769371272593,0.02,2023-02-28,0.1230375,True,1.06151875,2022-02-28,2023-02-28,252
2023-03-01,Equity Equal Weight + Sector Sentiment,Sentiment fusion,Equal Weight + Sector Sentiment,Equity,True,GE,Industrials,equity,0.020073599993981117,0.02,2023-02-28,0.2218611111111111,True,1.1109305555555555,2022-02-28,2023-02-28,252
2023-03-01,Equity Equal Weight + Sector Sentiment,Sentiment fusion,Equal Weight + Sector Sentiment,Equity,True,GILD,Healthcare,equity,0.01846260243296042,0.02,2023-02-28,0.04354666666666667,True,1.0217733333333334,2022-02-28,2023-02-28,252
2023-03-01,Equity Equal Weight + Sector Sentiment,Sentiment fusion,Equal Weight + Sector Sentiment,Equity,True,GS,Financials,equity,0.01998875699829248,0.02,2023-02-28,0.21247020202020198,True,1.106235101010101,2022-02-28,2023-02-28,252
2023-03-01,Equity Equal Weight + Sector Sentiment,Sentiment fusion,Equal Weight + Sector Sentiment,Equity,True,INTC,Tech,equity,0.020888371058320525,0.02,2023-02-28,0.31204464285714284,True,1.1560223214285714,2022-02-28,2023-02-28,252
2023-03-01,Equity Equal Weight + Sector Sentiment,Sentiment fusion,Equal Weight + Sector Sentiment,Equity,True,KO,Consumer,equity,0.019113559564499137,0.02,2023-02-28,0.11559833333333334,True,1.0577991666666666,2022-02-28,2023-02-28,252
2023-03-01,Equity Equal Weight + Sector Sentiment,Sentiment fusion,Equal Weight + Sector Sentiment,Equity,True,MMM,Industrials,equity,0.020073599993981117,0.02,2023-02-28,0.2218611111111111,True,1.1109305555555555,2022-02-28,2023-02-28,252
2023-03-01,Equity Equal Weight + Sector Sentiment,Sentiment fusion,Equal Weight + Sector Sentiment,Equity,True,MRK,Healthcare,equity,0.01846260243296042,0.02,2023-02-28,0.04354666666666667,True,1.0217733333333334,2022-02-28,2023-02-28,252
2023-03-01,Equity Equal Weight + Sector Sentiment,Sentiment fusion,Equal Weight + Sector Sentiment,Equity,True,MS,Financials,equity,0.01998875699829248,0.02,2023-02-28,0.21247020202020198,True,1.106235101010101,2022-02-28,2023-02-28,252
2023-03-01,Equity Equal Weight + Sector Sentiment,Sentiment fusion,Equal Weight + Sector Sentiment,Equity,True,NEE,Utilities,equity,0.020124770897237555,0.02,2023-02-28,0.227525,True,1.1137625,2022-02-28,2023-02-28,252
2023-03-01,Equity Equal Weight + Sector Sentiment,Sentiment fusion,Equal Weight + Sector Sentiment,Equity,True,NEM,Materials,equity,0.022682236928700965,0.02,2023-02-28,0.5106,True,1.2553,2022-02-28,2023-02-28,252
2023-03-01,Equity Equal Weight + Sector Sentiment,Sentiment fusion,Equal Weight + Sector Sentiment,Equity,True,NKE,Consumer,equity,0.019113559564499137,0.02,2023-02-28,0.11559833333333334,True,1.0577991666666666,2022-02-28,2023-02-28,252
2023-03-01,Equity Equal Weight + Sector Sentiment,Sentiment fusion,Equal Weight + Sector Sentiment,Equity,True,NUE,Materials,equity,0.022682236928700965,0.02,2023-02-28,0.5106,True,1.2553,2022-02-28,2023-02-28,252
2023-03-01,Equity Equal Weight + Sector Sentiment,Sentiment fusion,Equal Weight + Sector Sentiment,Equity,True,NVDA,Tech,equity,0.020888371058320525,0.02,2023-02-28,0.31204464285714284,True,1.1560223214285714,2022-02-28,2023-02-28,252
2023-03-01,Equity Equal Weight + Sector Sentiment,Sentiment fusion,Equal Weight + Sector Sentiment,Equity,True,O,RealEstate,equity,0.01955581771051528,0.02,2023-02-28,0.16455,True,1.082275,2022-02-28,2023-02-28,252
2023-03-01,Equity Equal Weight + Sector Sentiment,Sentiment fusion,Equal Weight + Sector Sentiment,Equity,True,OXY,Energy,equity,0.019929515044219977,0.02,2023-02-28,0.205912962962963,True,1.1029564814814814,2022-02-28,2023-02-28,252
2023-03-01,Equity Equal Weight + Sector Sentiment,Sentiment fusion,Equal Weight + Sector Sentiment,Equity,True,PLD,RealEstate,equity,0.01955581771051528,0.02,2023-02-28,0.16455,True,1.082275,2022-02-28,2023-02-28,252
2023-03-01,Equity Equal Weight + Sector Sentiment,Sentiment fusion,Equal Weight + Sector Sentiment,Equity,True,PSA,RealEstate,equity,0.01955581771051528,0.02,2023-02-28,0.16455,True,1.082275,2022-02-28,2023-02-28,252
2023-03-01,Equity Equal Weight + Sector Sentiment,Sentiment fusion,Equal Weight + Sector Sentiment,Equity,True,QCOM,Tech,equity,0.020888371058320525,0.02,2023-02-28,0.31204464285714284,True,1.1560223214285714,2022-02-28,2023-02-28,252
2023-03-01,Equity Equal Weight + Sector Sentiment,Sentiment fusion,Equal Weight + Sector Sentiment,Equity,True,SBUX,Consumer,equity,0.019113559564499137,0.02,2023-02-28,0.11559833333333334,True,1.0577991666666666,2022-02-28,2023-02-28,252
2023-03-01,Equity Equal Weight + Sector Sentiment,Sentiment fusion,Equal Weight + Sector Sentiment,Equity,True,SHW,Materials,equity,0.022682236928700965,0.02,2023-02-28,0.5106,True,1.2553,2022-02-28,2023-02-28,252
2023-03-01,Equity Equal Weight + Sector Sentiment,Sentiment fusion,Equal Weight + Sector Sentiment,Equity,True,SLB,Energy,equity,0.019929515044219977,0.02,2023-02-28,0.205912962962963,True,1.1029564814814814,2022-02-28,2023-02-28,252
2023-03-01,Equity Equal Weight + Sector Sentiment,Sentiment fusion,Equal Weight + Sector Sentiment,Equity,True,SO,Utilities,equity,0.020124770897237555,0.02,2023-02-28,0.227525,True,1.1137625,2022-02-28,2023-02-28,252
2023-03-01,Equity Equal Weight + Sector Sentiment,Sentiment fusion,Equal Weight + Sector Sentiment,Equity,True,T,Comm,equity,0.019180769371272593,0.02,2023-02-28,0.1230375,True,1.06151875,2022-02-28,2023-02-28,252
2023-03-01,Equity Equal Weight + Sector Sentiment,Sentiment fusion,Equal Weight + Sector Sentiment,Equity,True,TMUS,Comm,equity,0.019180769371272593,0.02,2023-02-28,0.1230375,True,1.06151875,2022-02-28,2023-02-28,252
2023-03-01,Equity Equal Weight + Sector Sentiment,Sentiment fusion,Equal Weight + Sector Sentiment,Equity,True,TTWO,Comm,equity,0.019180769371272593,0.02,2023-02-28,0.1230375,True,1.06151875,2022-02-28,2023-02-28,252
2023-03-01,Equity Equal Weight + Sector Sentiment,Sentiment fusion,Equal Weight + Sector Sentiment,Equity,True,UPS,Industrials,equity,0.020073599993981117,0.02,2023-02-28,0.2218611111111111,True,1.1109305555555555,2022-02-28,2023-02-28,252
2023-03-01,Equity Equal Weight + Sector Sentiment,Sentiment fusion,Equal Weight + Sector Sentiment,Equity,True,USB,Financials,equity,0.01998875699829248,0.02,2023-02-28,0.21247020202020198,True,1.106235101010101,2022-02-28,2023-02-28,252
2023-03-01,Equity Equal Weight + Sector Sentiment,Sentiment fusion,Equal Weight + Sector Sentiment,Equity,True,V,Financials,equity,0.01998875699829248,0.02,2023-02-28,0.21247020202020198,True,1.106235101010101,2022-02-28,2023-02-28,252
2023-03-01,Equity Equal Weight + Sector Sentiment,Sentiment fusion,Equal Weight + Sector Sentiment,Equity,True,WFC,Financials,equity,0.01998875699829248,0.02,2023-02-28,0.21247020202020198,True,1.106235101010101,2022-02-28,2023-02-28,252
2023-03-01,Equity Equal Weight + Sector Sentiment,Sentiment fusion,Equal Weight + Sector Sentiment,Equity,True,WMT,Consumer,equity,0.019113559564499137,0.02,2023-02-28,0.11559833333333334,True,1.0577991666666666,2022-02-28,2023-02-28,252
2023-03-01,Equity Equal Weight + Sector Sentiment,Sentiment fusion,Equal Weight + Sector Sentiment,Equity,True,XOM,Energy,equity,0.019929515044219977,0.02,2023-02-28,0.205912962962963,True,1.1029564814814814,2022-02-28,2023-02-28,252
2023-04-03,Equity Equal Weight,Base,Equal Weight,Equity,False,ABBV,Healthcare,equity,0.02,0.02,,,False,1.0,2022-03-31,2023-03-31,252
2023-04-03,Equity Equal Weight,Base,Equal Weight,Equity,False,ABT,Healthcare,equity,0.02,0.02,,,False,1.0,2022-03-31,2023-03-31,252
2023-04-03,Equity Equal Weight,Base,Equal Weight,Equity,False,ADBE,Tech,equity,0.02,0.02,,,False,1.0,2022-03-31,2023-03-31,252
2023-04-03,Equity Equal Weight,Base,Equal Weight,Equity,False,AEP,Utilities,equity,0.02,0.02,,,False,1.0,2022-03-31,2023-03-31,252
2023-04-03,Equity Equal Weight,Base,Equal Weight,Equity,False,AMD,Tech,equity,0.02,0.02,,,False,1.0,2022-03-31,2023-03-31,252
2023-04-03,Equity Equal Weight,Base,Equal Weight,Equity,False,AMGN,Healthcare,equity,0.02,0.02,,,False,1.0,2022-03-31,2023-03-31,252
2023-04-03,Equity Equal Weight,Base,Equal Weight,Equity,False,AMT,RealEstate,equity,0.02,0.02,,,False,1.0,2022-03-31,2023-03-31,252
2023-04-03,Equity Equal Weight,Base,Equal Weight,Equity,False,BA,Industrials,equity,0.02,0.02,,,False,1.0,2022-03-31,2023-03-31,252
2023-04-03,Equity Equal Weight,Base,Equal Weight,Equity,False,CAT,Industrials,equity,0.02,0.02,,,False,1.0,2022-03-31,2023-03-31,252
2023-04-03,Equity Equal Weight,Base,Equal Weight,Equity,False,CCI,RealEstate,equity,0.02,0.02,,,False,1.0,2022-03-31,2023-03-31,252
2023-04-03,Equity Equal Weight,Base,Equal Weight,Equity,False,CMCSA,Comm,equity,0.02,0.02,,,False,1.0,2022-03-31,2023-03-31,252
2023-04-03,Equity Equal Weight,Base,Equal Weight,Equity,False,COP,Energy,equity,0.02,0.02,,,False,1.0,2022-03-31,2023-03-31,252
2023-04-03,Equity Equal Weight,Base,Equal Weight,Equity,False,CVX,Energy,equity,0.02,0.02,,,False,1.0,2022-03-31,2023-03-31,252
2023-04-03,Equity Equal Weight,Base,Equal Weight,Equity,False,D,Utilities,equity,0.02,0.02,,,False,1.0,2022-03-31,2023-03-31,252
2023-04-03,Equity Equal Weight,Base,Equal Weight,Equity,False,DD,Materials,equity,0.02,0.02,,,False,1.0,2022-03-31,2023-03-31,252
2023-04-03,Equity Equal Weight,Base,Equal Weight,Equity,False,DIS,Consumer,equity,0.02,0.02,,,False,1.0,2022-03-31,2023-03-31,252
2023-04-03,Equity Equal Weight,Base,Equal Weight,Equity,False,DOW,Materials,equity,0.02,0.02,,,False,1.0,2022-03-31,2023-03-31,252
2023-04-03,Equity Equal Weight,Base,Equal Weight,Equity,False,DUK,Utilities,equity,0.02,0.02,,,False,1.0,2022-03-31,2023-03-31,252
2023-04-03,Equity Equal Weight,Base,Equal Weight,Equity,False,EA,Comm,equity,0.02,0.02,,,False,1.0,2022-03-31,2023-03-31,252
2023-04-03,Equity Equal Weight,Base,Equal Weight,Equity,False,GE,Industrials,equity,0.02,0.02,,,False,1.0,2022-03-31,2023-03-31,252
2023-04-03,Equity Equal Weight,Base,Equal Weight,Equity,False,GILD,Healthcare,equity,0.02,0.02,,,False,1.0,2022-03-31,2023-03-31,252
2023-04-03,Equity Equal Weight,Base,Equal Weight,Equity,False,GS,Financials,equity,0.02,0.02,,,False,1.0,2022-03-31,2023-03-31,252
2023-04-03,Equity Equal Weight,Base,Equal Weight,Equity,False,INTC,Tech,equity,0.02,0.02,,,False,1.0,2022-03-31,2023-03-31,252
2023-04-03,Equity Equal Weight,Base,Equal Weight,Equity,False,KO,Consumer,equity,0.02,0.02,,,False,1.0,2022-03-31,2023-03-31,252
2023-04-03,Equity Equal Weight,Base,Equal Weight,Equity,False,MMM,Industrials,equity,0.02,0.02,,,False,1.0,2022-03-31,2023-03-31,252
2023-04-03,Equity Equal Weight,Base,Equal Weight,Equity,False,MRK,Healthcare,equity,0.02,0.02,,,False,1.0,2022-03-31,2023-03-31,252
2023-04-03,Equity Equal Weight,Base,Equal Weight,Equity,False,MS,Financials,equity,0.02,0.02,,,False,1.0,2022-03-31,2023-03-31,252
2023-04-03,Equity Equal Weight,Base,Equal Weight,Equity,False,NEE,Utilities,equity,0.02,0.02,,,False,1.0,2022-03-31,2023-03-31,252
2023-04-03,Equity Equal Weight,Base,Equal Weight,Equity,False,NEM,Materials,equity,0.02,0.02,,,False,1.0,2022-03-31,2023-03-31,252
2023-04-03,Equity Equal Weight,Base,Equal Weight,Equity,False,NKE,Consumer,equity,0.02,0.02,,,False,1.0,2022-03-31,2023-03-31,252
2023-04-03,Equity Equal Weight,Base,Equal Weight,Equity,False,NUE,Materials,equity,0.02,0.02,,,False,1.0,2022-03-31,2023-03-31,252
2023-04-03,Equity Equal Weight,Base,Equal Weight,Equity,False,NVDA,Tech,equity,0.02,0.02,,,False,1.0,2022-03-31,2023-03-31,252
2023-04-03,Equity Equal Weight,Base,Equal Weight,Equity,False,O,RealEstate,equity,0.02,0.02,,,False,1.0,2022-03-31,2023-03-31,252
2023-04-03,Equity Equal Weight,Base,Equal Weight,Equity,False,OXY,Energy,equity,0.02,0.02,,,False,1.0,2022-03-31,2023-03-31,252
2023-04-03,Equity Equal Weight,Base,Equal Weight,Equity,False,PLD,RealEstate,equity,0.02,0.02,,,False,1.0,2022-03-31,2023-03-31,252
2023-04-03,Equity Equal Weight,Base,Equal Weight,Equity,False,PSA,RealEstate,equity,0.02,0.02,,,False,1.0,2022-03-31,2023-03-31,252
2023-04-03,Equity Equal Weight,Base,Equal Weight,Equity,False,QCOM,Tech,equity,0.02,0.02,,,False,1.0,2022-03-31,2023-03-31,252
2023-04-03,Equity Equal Weight,Base,Equal Weight,Equity,False,SBUX,Consumer,equity,0.02,0.02,,,False,1.0,2022-03-31,2023-03-31,252
2023-04-03,Equity Equal Weight,Base,Equal Weight,Equity,False,SHW,Materials,equity,0.02,0.02,,,False,1.0,2022-03-31,2023-03-31,252
2023-04-03,Equity Equal Weight,Base,Equal Weight,Equity,False,SLB,Energy,equity,0.02,0.02,,,False,1.0,2022-03-31,2023-03-31,252
2023-04-03,Equity Equal Weight,Base,Equal Weight,Equity,False,SO,Utilities,equity,0.02,0.02,,,False,1.0,2022-03-31,2023-03-31,252
2023-04-03,Equity Equal Weight,Base,Equal Weight,Equity,False,T,Comm,equity,0.02,0.02,,,False,1.0,2022-03-31,2023-03-31,252
2023-04-03,Equity Equal Weight,Base,Equal Weight,Equity,False,TMUS,Comm,equity,0.02,0.02,,,False,1.0,2022-03-31,2023-03-31,252
2023-04-03,Equity Equal Weight,Base,Equal Weight,Equity,False,TTWO,Comm,equity,0.02,0.02,,,False,1.0,2022-03-31,2023-03-31,252
2023-04-03,Equity Equal Weight,Base,Equal Weight,Equity,False,UPS,Industrials,equity,0.02,0.02,,,False,1.0,2022-03-31,2023-03-31,252
2023-04-03,Equity Equal Weight,Base,Equal Weight,Equity,False,USB,Financials,equity,0.02,0.02,,,False,1.0,2022-03-31,2023-03-31,252
2023-04-03,Equity Equal Weight,Base,Equal Weight,Equity,False,V,Financials,equity,0.02,0.02,,,False,1.0,2022-03-31,2023-03-31,252
2023-04-03,Equity Equal Weight,Base,Equal Weight,Equity,False,WFC,Financials,equity,0.02,0.02,,,False,1.0,2022-03-31,2023-03-31,252
2023-04-03,Equity Equal Weight,Base,Equal Weight,Equity,False,WMT,Consumer,equity,0.02,0.02,,,False,1.0,2022-03-31,2023-03-31,252
2023-04-03,Equity Equal Weight,Base,Equal Weight,Equity,False,XOM,Energy,equity,0.02,0.02,,,False,1.0,2022-03-31,2023-03-31,252
2023-04-03,Equity Equal Weight + Sector Sentiment,Sentiment fusion,Equal Weight + Sector Sentiment,Equity,True,ABBV,Healthcare,equity,0.01995674063000755,0.02,2023-03-31,0.1334625,True,1.06673125,2022-03-31,2023-03-31,252
2023-04-03,Equity Equal Weight + Sector Sentiment,Sentiment fusion,Equal Weight + Sector Sentiment,Equity,True,ABT,Healthcare,equity,0.01995674063000755,0.02,2023-03-31,0.1334625,True,1.06673125,2022-03-31,2023-03-31,252
2023-04-03,Equity Equal Weight + Sector Sentiment,Sentiment fusion,Equal Weight + Sector Sentiment,Equity,True,ADBE,Tech,equity,0.02032738190451143,0.02,2023-03-31,0.17308566666666667,True,1.0865428333333333,2022-03-31,2023-03-31,252
2023-04-03,Equity Equal Weight + Sector Sentiment,Sentiment fusion,Equal Weight + Sector Sentiment,Equity,True,AEP,Utilities,equity,0.020042318163744025,0.02,2023-03-31,0.1426111111111111,True,1.0713055555555555,2022-03-31,2023-03-31,252
2023-04-03,Equity Equal Weight + Sector Sentiment,Sentiment fusion,Equal Weight + Sector Sentiment,Equity,True,AMD,Tech,equity,0.02032738190451143,0.02,2023-03-31,0.17308566666666667,True,1.0865428333333333,2022-03-31,2023-03-31,252
2023-04-03,Equity Equal Weight + Sector Sentiment,Sentiment fusion,Equal Weight + Sector Sentiment,Equity,True,AMGN,Healthcare,equity,0.01995674063000755,0.02,2023-03-31,0.1334625,True,1.06673125,2022-03-31,2023-03-31,252
2023-04-03,Equity Equal Weight + Sector Sentiment,Sentiment fusion,Equal Weight + Sector Sentiment,Equity,True,AMT,RealEstate,equity,0.02099540270525118,0.02,2023-03-31,0.24450000000000002,True,1.12225,2022-03-31,2023-03-31,252
2023-04-03,Equity Equal Weight + Sector Sentiment,Sentiment fusion,Equal Weight + Sector Sentiment,Equity,True,BA,Industrials,equity,0.01824767140494314,0.02,2023-03-31,-0.049244444444444445,True,0.9753777777777778,2022-03-31,2023-03-31,252
2023-04-03,Equity Equal Weight + Sector Sentiment,Sentiment fusion,Equal Weight + Sector Sentiment,Equity,True,CAT,Industrials,equity,0.01824767140494314,0.02,2023-03-31,-0.049244444444444445,True,0.9753777777777778,2022-03-31,2023-03-31,252
2023-04-03,Equity Equal Weight + Sector Sentiment,Sentiment fusion,Equal Weight + Sector Sentiment,Equity,True,CCI,RealEstate,equity,0.02099540270525118,0.02,2023-03-31,0.24450000000000002,True,1.12225,2022-03-31,2023-03-31,252
2023-04-03,Equity Equal Weight + Sector Sentiment,Sentiment fusion,Equal Weight + Sector Sentiment,Equity,True,CMCSA,Comm,equity,0.021773128005926186,0.02,2023-03-31,0.3276422222222222,True,1.1638211111111112,2022-03-31,2023-03-31,252
2023-04-03,Equity Equal Weight + Sector Sentiment,Sentiment fusion,Equal Weight + Sector Sentiment,Equity,True,COP,Energy,equity,0.020023580750315132,0.02,2023-03-31,0.140608,True,1.070304,2022-03-31,2023-03-31,252
2023-04-03,Equity Equal Weight + Sector Sentiment,Sentiment fusion,Equal Weight + Sector Sentiment,Equity,True,CVX,Energy,equity,0.020023580750315132,0.02,2023-03-31,0.140608,True,1.070304,2022-03-31,2023-03-31,252
2023-04-03,Equity Equal Weight + Sector Sentiment,Sentiment fusion,Equal Weight + Sector Sentiment,Equity,True,D,Utilities,equity,0.020042318163744025,0.02,2023-03-31,0.1426111111111111,True,1.0713055555555555,2022-03-31,2023-03-31,252
2023-04-03,Equity Equal Weight + Sector Sentiment,Sentiment fusion,Equal Weight + Sector Sentiment,Equity,True,DD,Materials,equity,0.01908138652486677,0.02,2023-03-31,0.03988333333333335,True,1.0199416666666667,2022-03-31,2023-03-31,252
2023-04-03,Equity Equal Weight + Sector Sentiment,Sentiment fusion,Equal Weight + Sector Sentiment,Equity,True,DIS,Consumer,equity,0.019449548279928227,0.02,2023-03-31,0.07924142857142857,True,1.0396207142857143,2022-03-31,2023-03-31,252
2023-04-03,Equity Equal Weight + Sector Sentiment,Sentiment fusion,Equal Weight + Sector Sentiment,Equity,True,DOW,Materials,equity,0.01908138652486677,0.02,2023-03-31,0.03988333333333335,True,1.0199416666666667,2022-03-31,2023-03-31,252
2023-04-03,Equity Equal Weight + Sector Sentiment,Sentiment fusion,Equal Weight + Sector Sentiment,Equity,True,DUK,Utilities,equity,0.020042318163744025,0.02,2023-03-31,0.1426111111111111,True,1.0713055555555555,2022-03-31,2023-03-31,252
2023-04-03,Equity Equal Weight + Sector Sentiment,Sentiment fusion,Equal Weight + Sector Sentiment,Equity,True,EA,Comm,equity,0.021773128005926186,0.02,2023-03-31,0.3276422222222222,True,1.1638211111111112,2022-03-31,2023-03-31,252
2023-04-03,Equity Equal Weight + Sector Sentiment,Sentiment fusion,Equal Weight + Sector Sentiment,Equity,True,GE,Industrials,equity,0.01824767140494314,0.02,2023-03-31,-0.049244444444444445,True,0.9753777777777778,2022-03-31,2023-03-31,252
2023-04-03,Equity Equal Weight + Sector Sentiment,Sentiment fusion,Equal Weight + Sector Sentiment,Equity,True,GILD,Healthcare,equity,0.01995674063000755,0.02,2023-03-31,0.1334625,True,1.06673125,2022-03-31,2023-03-31,252
2023-04-03,Equity Equal Weight + Sector Sentiment,Sentiment fusion,Equal Weight + Sector Sentiment,Equity,True,GS,Financials,equity,0.020102841630506338,0.02,2023-03-31,0.14908133333333334,True,1.0745406666666666,2022-03-31,2023-03-31,252
2023-04-03,Equity Equal Weight + Sector Sentiment,Sentiment fusion,Equal Weight + Sector Sentiment,Equity,True,INTC,Tech,equity,0.02032738190451143,0.02,2023-03-31,0.17308566666666667,True,1.0865428333333333,2022-03-31,2023-03-31,252
2023-04-03,Equity Equal Weight + Sector Sentiment,Sentiment fusion,Equal Weight + Sector Sentiment,Equity,True,KO,Consumer,equity,0.019449548279928227,0.02,2023-03-31,0.07924142857142857,True,1.0396207142857143,2022-03-31,2023-03-31,252
2023-04-03,Equity Equal Weight + Sector Sentiment,Sentiment fusion,Equal Weight + Sector Sentiment,Equity,True,MMM,Industrials,equity,0.01824767140494314,0.02,2023-03-31,-0.049244444444444445,True,0.9753777777777778,2022-03-31,2023-03-31,252
2023-04-03,Equity Equal Weight + Sector Sentiment,Sentiment fusion,Equal Weight + Sector Sentiment,Equity,True,MRK,Healthcare,equity,0.01995674063000755,0.02,2023-03-31,0.1334625,True,1.06673125,2022-03-31,2023-03-31,252
2023-04-03,Equity Equal Weight + Sector Sentiment,Sentiment fusion,Equal Weight + Sector Sentiment,Equity,True,MS,Financials,equity,0.020102841630506338,0.02,2023-03-31,0.14908133333333334,True,1.0745406666666666,2022-03-31,2023-03-31,252
2023-04-03,Equity Equal Weight + Sector Sentiment,Sentiment fusion,Equal Weight + Sector Sentiment,Equity,True,NEE,Utilities,equity,0.020042318163744025,0.02,2023-03-31,0.1426111111111111,True,1.0713055555555555,2022-03-31,2023-03-31,252
2023-04-03,Equity Equal Weight + Sector Sentiment,Sentiment fusion,Equal Weight + Sector Sentiment,Equity,True,NEM,Materials,equity,0.01908138652486677,0.02,2023-03-31,0.03988333333333335,True,1.0199416666666667,2022-03-31,2023-03-31,252
2023-04-03,Equity Equal Weight + Sector Sentiment,Sentiment fusion,Equal Weight + Sector Sentiment,Equity,True,NKE,Consumer,equity,0.019449548279928227,0.02,2023-03-31,0.07924142857142857,True,1.0396207142857143,2022-03-31,2023-03-31,252
2023-04-03,Equity Equal Weight + Sector Sentiment,Sentiment fusion,Equal Weight + Sector Sentiment,Equity,True,NUE,Materials,equity,0.01908138652486677,0.02,2023-03-31,0.03988333333333335,True,1.0199416666666667,2022-03-31,2023-03-31,252
2023-04-03,Equity Equal Weight + Sector Sentiment,Sentiment fusion,Equal Weight + Sector Sentiment,Equity,True,NVDA,Tech,equity,0.02032738190451143,0.02,2023-03-31,0.17308566666666667,True,1.0865428333333333,2022-03-31,2023-03-31,252
2023-04-03,Equity Equal Weight + Sector Sentiment,Sentiment fusion,Equal Weight + Sector Sentiment,Equity,True,O,RealEstate,equity,0.02099540270525118,0.02,2023-03-31,0.24450000000000002,True,1.12225,2022-03-31,2023-03-31,252
2023-04-03,Equity Equal Weight + Sector Sentiment,Sentiment fusion,Equal Weight + Sector Sentiment,Equity,True,OXY,Energy,equity,0.020023580750315132,0.02,2023-03-31,0.140608,True,1.070304,2022-03-31,2023-03-31,252
2023-04-03,Equity Equal Weight + Sector Sentiment,Sentiment fusion,Equal Weight + Sector Sentiment,Equity,True,PLD,RealEstate,equity,0.02099540270525118,0.02,2023-03-31,0.24450000000000002,True,1.12225,2022-03-31,2023-03-31,252
2023-04-03,Equity Equal Weight + Sector Sentiment,Sentiment fusion,Equal Weight + Sector Sentiment,Equity,True,PSA,RealEstate,equity,0.02099540270525118,0.02,2023-03-31,0.24450000000000002,True,1.12225,2022-03-31,2023-03-31,252
2023-04-03,Equity Equal Weight + Sector Sentiment,Sentiment fusion,Equal Weight + Sector Sentiment,Equity,True,QCOM,Tech,equity,0.02032738190451143,0.02,2023-03-31,0.17308566666666667,True,1.0865428333333333,2022-03-31,2023-03-31,252
2023-04-03,Equity Equal Weight + Sector Sentiment,Sentiment fusion,Equal Weight + Sector Sentiment,Equity,True,SBUX,Consumer,equity,0.019449548279928227,0.02,2023-03-31,0.07924142857142857,True,1.0396207142857143,2022-03-31,2023-03-31,252
2023-04-03,Equity Equal Weight + Sector Sentiment,Sentiment fusion,Equal Weight + Sector Sentiment,Equity,True,SHW,Materials,equity,0.01908138652486677,0.02,2023-03-31,0.03988333333333335,True,1.0199416666666667,2022-03-31,2023-03-31,252
2023-04-03,Equity Equal Weight + Sector Sentiment,Sentiment fusion,Equal Weight + Sector Sentiment,Equity,True,SLB,Energy,equity,0.020023580750315132,0.02,2023-03-31,0.140608,True,1.070304,2022-03-31,2023-03-31,252
2023-04-03,Equity Equal Weight + Sector Sentiment,Sentiment fusion,Equal Weight + Sector Sentiment,Equity,True,SO,Utilities,equity,0.020042318163744025,0.02,2023-03-31,0.1426111111111111,True,1.0713055555555555,2022-03-31,2023-03-31,252
2023-04-03,Equity Equal Weight + Sector Sentiment,Sentiment fusion,Equal Weight + Sector Sentiment,Equity,True,T,Comm,equity,0.021773128005926186,0.02,2023-03-31,0.3276422222222222,True,1.1638211111111112,2022-03-31,2023-03-31,252
2023-04-03,Equity Equal Weight + Sector Sentiment,Sentiment fusion,Equal Weight + Sector Sentiment,Equity,True,TMUS,Comm,equity,0.021773128005926186,0.02,2023-03-31,0.3276422222222222,True,1.1638211111111112,2022-03-31,2023-03-31,252
2023-04-03,Equity Equal Weight + Sector Sentiment,Sentiment fusion,Equal Weight + Sector Sentiment,Equity,True,TTWO,Comm,equity,0.021773128005926186,0.02,2023-03-31,0.3276422222222222,True,1.1638211111111112,2022-03-31,2023-03-31,252
2023-04-03,Equity Equal Weight + Sector Sentiment,Sentiment fusion,Equal Weight + Sector Sentiment,Equity,True,UPS,Industrials,equity,0.01824767140494314,0.02,2023-03-31,-0.049244444444444445,True,0.9753777777777778,2022-03-31,2023-03-31,252
2023-04-03,Equity Equal Weight + Sector Sentiment,Sentiment fusion,Equal Weight + Sector Sentiment,Equity,True,USB,Financials,equity,0.020102841630506338,0.02,2023-03-31,0.14908133333333334,True,1.0745406666666666,2022-03-31,2023-03-31,252
2023-04-03,Equity Equal Weight + Sector Sentiment,Sentiment fusion,Equal Weight + Sector Sentiment,Equity,True,V,Financials,equity,0.020102841630506338,0.02,2023-03-31,0.14908133333333334,True,1.0745406666666666,2022-03-31,2023-03-31,252
2023-04-03,Equity Equal Weight + Sector Sentiment,Sentiment fusion,Equal Weight + Sector Sentiment,Equity,True,WFC,Financials,equity,0.020102841630506338,0.02,2023-03-31,0.14908133333333334,True,1.0745406666666666,2022-03-31,2023-03-31,252
2023-04-03,Equity Equal Weight + Sector Sentiment,Sentiment fusion,Equal Weight + Sector Sentiment,Equity,True,WMT,Consumer,equity,0.019449548279928227,0.02,2023-03-31,0.07924142857142857,True,1.0396207142857143,2022-03-31,2023-03-31,252
2023-04-03,Equity Equal Weight + Sector Sentiment,Sentiment fusion,Equal Weight + Sector Sentiment,Equity,True,XOM,Energy,equity,0.020023580750315132,0.02,2023-03-31,0.140608,True,1.070304,2022-03-31,2023-03-31,252
2023-05-01,Equity Equal Weight,Base,Equal Weight,Equity,False,ABBV,Healthcare,equity,0.02,0.02,,,False,1.0,2022-04-28,2023-04-28,252
2023-05-01,Equity Equal Weight,Base,Equal Weight,Equity,False,ABT,Healthcare,equity,0.02,0.02,,,False,1.0,2022-04-28,2023-04-28,252
2023-05-01,Equity Equal Weight,Base,Equal Weight,Equity,False,ADBE,Tech,equity,0.02,0.02,,,False,1.0,2022-04-28,2023-04-28,252
2023-05-01,Equity Equal Weight,Base,Equal Weight,Equity,False,AEP,Utilities,equity,0.02,0.02,,,False,1.0,2022-04-28,2023-04-28,252
2023-05-01,Equity Equal Weight,Base,Equal Weight,Equity,False,AMD,Tech,equity,0.02,0.02,,,False,1.0,2022-04-28,2023-04-28,252
2023-05-01,Equity Equal Weight,Base,Equal Weight,Equity,False,AMGN,Healthcare,equity,0.02,0.02,,,False,1.0,2022-04-28,2023-04-28,252
2023-05-01,Equity Equal Weight,Base,Equal Weight,Equity,False,AMT,RealEstate,equity,0.02,0.02,,,False,1.0,2022-04-28,2023-04-28,252
2023-05-01,Equity Equal Weight,Base,Equal Weight,Equity,False,BA,Industrials,equity,0.02,0.02,,,False,1.0,2022-04-28,2023-04-28,252
2023-05-01,Equity Equal Weight,Base,Equal Weight,Equity,False,CAT,Industrials,equity,0.02,0.02,,,False,1.0,2022-04-28,2023-04-28,252
2023-05-01,Equity Equal Weight,Base,Equal Weight,Equity,False,CCI,RealEstate,equity,0.02,0.02,,,False,1.0,2022-04-28,2023-04-28,252
2023-05-01,Equity Equal Weight,Base,Equal Weight,Equity,False,CMCSA,Comm,equity,0.02,0.02,,,False,1.0,2022-04-28,2023-04-28,252
2023-05-01,Equity Equal Weight,Base,Equal Weight,Equity,False,COP,Energy,equity,0.02,0.02,,,False,1.0,2022-04-28,2023-04-28,252
2023-05-01,Equity Equal Weight,Base,Equal Weight,Equity,False,CVX,Energy,equity,0.02,0.02,,,False,1.0,2022-04-28,2023-04-28,252
2023-05-01,Equity Equal Weight,Base,Equal Weight,Equity,False,D,Utilities,equity,0.02,0.02,,,False,1.0,2022-04-28,2023-04-28,252
2023-05-01,Equity Equal Weight,Base,Equal Weight,Equity,False,DD,Materials,equity,0.02,0.02,,,False,1.0,2022-04-28,2023-04-28,252
2023-05-01,Equity Equal Weight,Base,Equal Weight,Equity,False,DIS,Consumer,equity,0.02,0.02,,,False,1.0,2022-04-28,2023-04-28,252
2023-05-01,Equity Equal Weight,Base,Equal Weight,Equity,False,DOW,Materials,equity,0.02,0.02,,,False,1.0,2022-04-28,2023-04-28,252
2023-05-01,Equity Equal Weight,Base,Equal Weight,Equity,False,DUK,Utilities,equity,0.02,0.02,,,False,1.0,2022-04-28,2023-04-28,252
2023-05-01,Equity Equal Weight,Base,Equal Weight,Equity,False,EA,Comm,equity,0.02,0.02,,,False,1.0,2022-04-28,2023-04-28,252
2023-05-01,Equity Equal Weight,Base,Equal Weight,Equity,False,GE,Industrials,equity,0.02,0.02,,,False,1.0,2022-04-28,2023-04-28,252
2023-05-01,Equity Equal Weight,Base,Equal Weight,Equity,False,GILD,Healthcare,equity,0.02,0.02,,,False,1.0,2022-04-28,2023-04-28,252
2023-05-01,Equity Equal Weight,Base,Equal Weight,Equity,False,GS,Financials,equity,0.02,0.02,,,False,1.0,2022-04-28,2023-04-28,252
2023-05-01,Equity Equal Weight,Base,Equal Weight,Equity,False,INTC,Tech,equity,0.02,0.02,,,False,1.0,2022-04-28,2023-04-28,252
2023-05-01,Equity Equal Weight,Base,Equal Weight,Equity,False,KO,Consumer,equity,0.02,0.02,,,False,1.0,2022-04-28,2023-04-28,252
2023-05-01,Equity Equal Weight,Base,Equal Weight,Equity,False,MMM,Industrials,equity,0.02,0.02,,,False,1.0,2022-04-28,2023-04-28,252
2023-05-01,Equity Equal Weight,Base,Equal Weight,Equity,False,MRK,Healthcare,equity,0.02,0.02,,,False,1.0,2022-04-28,2023-04-28,252
2023-05-01,Equity Equal Weight,Base,Equal Weight,Equity,False,MS,Financials,equity,0.02,0.02,,,False,1.0,2022-04-28,2023-04-28,252
2023-05-01,Equity Equal Weight,Base,Equal Weight,Equity,False,NEE,Utilities,equity,0.02,0.02,,,False,1.0,2022-04-28,2023-04-28,252
2023-05-01,Equity Equal Weight,Base,Equal Weight,Equity,False,NEM,Materials,equity,0.02,0.02,,,False,1.0,2022-04-28,2023-04-28,252
2023-05-01,Equity Equal Weight,Base,Equal Weight,Equity,False,NKE,Consumer,equity,0.02,0.02,,,False,1.0,2022-04-28,2023-04-28,252
2023-05-01,Equity Equal Weight,Base,Equal Weight,Equity,False,NUE,Materials,equity,0.02,0.02,,,False,1.0,2022-04-28,2023-04-28,252
2023-05-01,Equity Equal Weight,Base,Equal Weight,Equity,False,NVDA,Tech,equity,0.02,0.02,,,False,1.0,2022-04-28,2023-04-28,252
2023-05-01,Equity Equal Weight,Base,Equal Weight,Equity,False,O,RealEstate,equity,0.02,0.02,,,False,1.0,2022-04-28,2023-04-28,252
2023-05-01,Equity Equal Weight,Base,Equal Weight,Equity,False,OXY,Energy,equity,0.02,0.02,,,False,1.0,2022-04-28,2023-04-28,252
2023-05-01,Equity Equal Weight,Base,Equal Weight,Equity,False,PLD,RealEstate,equity,0.02,0.02,,,False,1.0,2022-04-28,2023-04-28,252
2023-05-01,Equity Equal Weight,Base,Equal Weight,Equity,False,PSA,RealEstate,equity,0.02,0.02,,,False,1.0,2022-04-28,2023-04-28,252
2023-05-01,Equity Equal Weight,Base,Equal Weight,Equity,False,QCOM,Tech,equity,0.02,0.02,,,False,1.0,2022-04-28,2023-04-28,252
2023-05-01,Equity Equal Weight,Base,Equal Weight,Equity,False,SBUX,Consumer,equity,0.02,0.02,,,False,1.0,2022-04-28,2023-04-28,252
2023-05-01,Equity Equal Weight,Base,Equal Weight,Equity,False,SHW,Materials,equity,0.02,0.02,,,False,1.0,2022-04-28,2023-04-28,252
2023-05-01,Equity Equal Weight,Base,Equal Weight,Equity,False,SLB,Energy,equity,0.02,0.02,,,False,1.0,2022-04-28,2023-04-28,252
2023-05-01,Equity Equal Weight,Base,Equal Weight,Equity,False,SO,Utilities,equity,0.02,0.02,,,False,1.0,2022-04-28,2023-04-28,252
2023-05-01,Equity Equal Weight,Base,Equal Weight,Equity,False,T,Comm,equity,0.02,0.02,,,False,1.0,2022-04-28,2023-04-28,252
2023-05-01,Equity Equal Weight,Base,Equal Weight,Equity,False,TMUS,Comm,equity,0.02,0.02,,,False,1.0,2022-04-28,2023-04-28,252
2023-05-01,Equity Equal Weight,Base,Equal Weight,Equity,False,TTWO,Comm,equity,0.02,0.02,,,False,1.0,2022-04-28,2023-04-28,252
2023-05-01,Equity Equal Weight,Base,Equal Weight,Equity,False,UPS,Industrials,equity,0.02,0.02,,,False,1.0,2022-04-28,2023-04-28,252
2023-05-01,Equity Equal Weight,Base,Equal Weight,Equity,False,USB,Financials,equity,0.02,0.02,,,False,1.0,2022-04-28,2023-04-28,252
2023-05-01,Equity Equal Weight,Base,Equal Weight,Equity,False,V,Financials,equity,0.02,0.02,,,False,1.0,2022-04-28,2023-04-28,252
2023-05-01,Equity Equal Weight,Base,Equal Weight,Equity,False,WFC,Financials,equity,0.02,0.02,,,False,1.0,2022-04-28,2023-04-28,252
2023-05-01,Equity Equal Weight,Base,Equal Weight,Equity,False,WMT,Consumer,equity,0.02,0.02,,,False,1.0,2022-04-28,2023-04-28,252
2023-05-01,Equity Equal Weight,Base,Equal Weight,Equity,False,XOM,Energy,equity,0.02,0.02,,,False,1.0,2022-04-28,2023-04-28,252
2023-05-01,Equity Equal Weight + Sector Sentiment,Sentiment fusion,Equal Weight + Sector Sentiment,Equity,True,ABBV,Healthcare,equity,0.01876373973281168,0.02,2023-04-28,-0.034622857142857136,True,0.9826885714285715,2022-04-28,2023-04-28,252
2023-05-01,Equity Equal Weight + Sector Sentiment,Sentiment fusion,Equal Weight + Sector Sentiment,Equity,True,ABT,Healthcare,equity,0.01876373973281168,0.02,2023-04-28,-0.034622857142857136,True,0.9826885714285715,2022-04-28,2023-04-28,252
2023-05-01,Equity Equal Weight + Sector Sentiment,Sentiment fusion,Equal Weight + Sector Sentiment,Equity,True,ADBE,Tech,equity,0.01977993439198099,0.02,2023-04-28,0.07181678571428571,True,1.0359083928571429,2022-04-28,2023-04-28,252
2023-05-01,Equity Equal Weight + Sector Sentiment,Sentiment fusion,Equal Weight + Sector Sentiment,Equity,True,AEP,Utilities,equity,0.019863057060873757,0.02,2023-04-28,0.08052333333333332,True,1.0402616666666666,2022-04-28,2023-04-28,252
2023-05-01,Equity Equal Weight + Sector Sentiment,Sentiment fusion,Equal Weight + Sector Sentiment,Equity,True,AMD,Tech,equity,0.01977993439198099,0.02,2023-04-28,0.07181678571428571,True,1.0359083928571429,2022-04-28,2023-04-28,252
2023-05-01,Equity Equal Weight + Sector Sentiment,Sentiment fusion,Equal Weight + Sector Sentiment,Equity,True,AMGN,Healthcare,equity,0.01876373973281168,0.02,2023-04-28,-0.034622857142857136,True,0.9826885714285715,2022-04-28,2023-04-28,252
2023-05-01,Equity Equal Weight + Sector Sentiment,Sentiment fusion,Equal Weight + Sector Sentiment,Equity,True,AMT,RealEstate,equity,0.02111955675876144,0.02,2023-04-28,0.2121333333333333,True,1.1060666666666668,2022-04-28,2023-04-28,252
2023-05-01,Equity Equal Weight + Sector Sentiment,Sentiment fusion,Equal Weight + Sector Sentiment,Equity,True,BA,Industrials,equity,0.019577931588056985,0.02,2023-04-28,0.050658333333333326,True,1.0253291666666666,2022-04-28,2023-04-28,252
2023-05-01,Equity Equal Weight + Sector Sentiment,Sentiment fusion,Equal Weight + Sector Sentiment,Equity,True,CAT,Industrials,equity,0.019577931588056985,0.02,2023-04-28,0.050658333333333326,True,1.0253291666666666,2022-04-28,2023-04-28,252
2023-05-01,Equity Equal Weight + Sector Sentiment,Sentiment fusion,Equal Weight + Sector Sentiment,Equity,True,CCI,RealEstate,equity,0.02111955675876144,0.02,2023-04-28,0.2121333333333333,True,1.1060666666666668,2022-04-28,2023-04-28,252
2023-05-01,Equity Equal Weight + Sector Sentiment,Sentiment fusion,Equal Weight + Sector Sentiment,Equity,True,CMCSA,Comm,equity,0.01887993807998239,0.02,2023-04-28,-0.02245185185185185,True,0.988774074074074,2022-04-28,2023-04-28,252
2023-05-01,Equity Equal Weight + Sector Sentiment,Sentiment fusion,Equal Weight + Sector Sentiment,Equity,True,COP,Energy,equity,0.02157235633801305,0.02,2023-04-28,0.2595610826001955,True,1.1297805413000979,2022-04-28,2023-04-28,252
2023-05-01,Equity Equal Weight + Sector Sentiment,Sentiment fusion,Equal Weight + Sector Sentiment,Equity,True,CVX,Energy,equity,0.02157235633801305,0.02,2023-04-28,0.2595610826001955,True,1.1297805413000979,2022-04-28,2023-04-28,252
2023-05-01,Equity Equal Weight + Sector Sentiment,Sentiment fusion,Equal Weight + Sector Sentiment,Equity,True,D,Utilities,equity,0.019863057060873757,0.02,2023-04-28,0.08052333333333332,True,1.0402616666666666,2022-04-28,2023-04-28,252
2023-05-01,Equity Equal Weight + Sector Sentiment,Sentiment fusion,Equal Weight + Sector Sentiment,Equity,True,DD,Materials,equity,0.020048048898976767,0.02,2023-04-28,0.09989999999999999,True,1.04995,2022-04-28,2023-04-28,252
2023-05-01,Equity Equal Weight + Sector Sentiment,Sentiment fusion,Equal Weight + Sector Sentiment,Equity,True,DIS,Consumer,equity,0.021265787189878472,0.02,2023-04-28,0.22744999999999999,True,1.113725,2022-04-28,2023-04-28,252
2023-05-01,Equity Equal Weight + Sector Sentiment,Sentiment fusion,Equal Weight + Sector Sentiment,Equity,True,DOW,Materials,equity,0.020048048898976767,0.02,2023-04-28,0.09989999999999999,True,1.04995,2022-04-28,2023-04-28,252
2023-05-01,Equity Equal Weight + Sector Sentiment,Sentiment fusion,Equal Weight + Sector Sentiment,Equity,True,DUK,Utilities,equity,0.019863057060873757,0.02,2023-04-28,0.08052333333333332,True,1.0402616666666666,2022-04-28,2023-04-28,252
2023-05-01,Equity Equal Weight + Sector Sentiment,Sentiment fusion,Equal Weight + Sector Sentiment,Equity,True,EA,Comm,equity,0.01887993807998239,0.02,2023-04-28,-0.02245185185185185,True,0.988774074074074,2022-04-28,2023-04-28,252
2023-05-01,Equity Equal Weight + Sector Sentiment,Sentiment fusion,Equal Weight + Sector Sentiment,Equity,True,GE,Industrials,equity,0.019577931588056985,0.02,2023-04-28,0.050658333333333326,True,1.0253291666666666,2022-04-28,2023-04-28,252
2023-05-01,Equity Equal Weight + Sector Sentiment,Sentiment fusion,Equal Weight + Sector Sentiment,Equity,True,GILD,Healthcare,equity,0.01876373973281168,0.02,2023-04-28,-0.034622857142857136,True,0.9826885714285715,2022-04-28,2023-04-28,252
2023-05-01,Equity Equal Weight + Sector Sentiment,Sentiment fusion,Equal Weight + Sector Sentiment,Equity,True,GS,Financials,equity,0.01912964996066449,0.02,2023-04-28,0.0037038095238095202,True,1.0018519047619048,2022-04-28,2023-04-28,252
2023-05-01,Equity Equal Weight + Sector Sentiment,Sentiment fusion,Equal Weight + Sector Sentiment,Equity,True,INTC,Tech,equity,0.01977993439198099,0.02,2023-04-28,0.07181678571428571,True,1.0359083928571429,2022-04-28,2023-04-28,252
2023-05-01,Equity Equal Weight + Sector Sentiment,Sentiment fusion,Equal Weight + Sector Sentiment,Equity,True,KO,Consumer,equity,0.021265787189878472,0.02,2023-04-28,0.22744999999999999,True,1.113725,2022-04-28,2023-04-28,252
2023-05-01,Equity Equal Weight + Sector Sentiment,Sentiment fusion,Equal Weight + Sector Sentiment,Equity,True,MMM,Industrials,equity,0.019577931588056985,0.02,2023-04-28,0.050658333333333326,True,1.0253291666666666,2022-04-28,2023-04-28,252
2023-05-01,Equity Equal Weight + Sector Sentiment,Sentiment fusion,Equal Weight + Sector Sentiment,Equity,True,MRK,Healthcare,equity,0.01876373973281168,0.02,2023-04-28,-0.034622857142857136,True,0.9826885714285715,2022-04-28,2023-04-28,252
2023-05-01,Equity Equal Weight + Sector Sentiment,Sentiment fusion,Equal Weight + Sector Sentiment,Equity,True,MS,Financials,equity,0.01912964996066449,0.02,2023-04-28,0.0037038095238095202,True,1.0018519047619048,2022-04-28,2023-04-28,252
2023-05-01,Equity Equal Weight + Sector Sentiment,Sentiment fusion,Equal Weight + Sector Sentiment,Equity,True,NEE,Utilities,equity,0.019863057060873757,0.02,2023-04-28,0.08052333333333332,True,1.0402616666666666,2022-04-28,2023-04-28,252
2023-05-01,Equity Equal Weight + Sector Sentiment,Sentiment fusion,Equal Weight + Sector Sentiment,Equity,True,NEM,Materials,equity,0.020048048898976767,0.02,2023-04-28,0.09989999999999999,True,1.04995,2022-04-28,2023-04-28,252
2023-05-01,Equity Equal Weight + Sector Sentiment,Sentiment fusion,Equal Weight + Sector Sentiment,Equity,True,NKE,Consumer,equity,0.021265787189878472,0.02,2023-04-28,0.22744999999999999,True,1.113725,2022-04-28,2023-04-28,252
2023-05-01,Equity Equal Weight + Sector Sentiment,Sentiment fusion,Equal Weight + Sector Sentiment,Equity,True,NUE,Materials,equity,0.020048048898976767,0.02,2023-04-28,0.09989999999999999,True,1.04995,2022-04-28,2023-04-28,252
2023-05-01,Equity Equal Weight + Sector Sentiment,Sentiment fusion,Equal Weight + Sector Sentiment,Equity,True,NVDA,Tech,equity,0.01977993439198099,0.02,2023-04-28,0.07181678571428571,True,1.0359083928571429,2022-04-28,2023-04-28,252
2023-05-01,Equity Equal Weight + Sector Sentiment,Sentiment fusion,Equal Weight + Sector Sentiment,Equity,True,O,RealEstate,equity,0.02111955675876144,0.02,2023-04-28,0.2121333333333333,True,1.1060666666666668,2022-04-28,2023-04-28,252
2023-05-01,Equity Equal Weight + Sector Sentiment,Sentiment fusion,Equal Weight + Sector Sentiment,Equity,True,OXY,Energy,equity,0.02157235633801305,0.02,2023-04-28,0.2595610826001955,True,1.1297805413000979,2022-04-28,2023-04-28,252
2023-05-01,Equity Equal Weight + Sector Sentiment,Sentiment fusion,Equal Weight + Sector Sentiment,Equity,True,PLD,RealEstate,equity,0.02111955675876144,0.02,2023-04-28,0.2121333333333333,True,1.1060666666666668,2022-04-28,2023-04-28,252
2023-05-01,Equity Equal Weight + Sector Sentiment,Sentiment fusion,Equal Weight + Sector Sentiment,Equity,True,PSA,RealEstate,equity,0.02111955675876144,0.02,2023-04-28,0.2121333333333333,True,1.1060666666666668,2022-04-28,2023-04-28,252
2023-05-01,Equity Equal Weight + Sector Sentiment,Sentiment fusion,Equal Weight + Sector Sentiment,Equity,True,QCOM,Tech,equity,0.01977993439198099,0.02,2023-04-28,0.07181678571428571,True,1.0359083928571429,2022-04-28,2023-04-28,252
2023-05-01,Equity Equal Weight + Sector Sentiment,Sentiment fusion,Equal Weight + Sector Sentiment,Equity,True,SBUX,Consumer,equity,0.021265787189878472,0.02,2023-04-28,0.22744999999999999,True,1.113725,2022-04-28,2023-04-28,252
2023-05-01,Equity Equal Weight + Sector Sentiment,Sentiment fusion,Equal Weight + Sector Sentiment,Equity,True,SHW,Materials,equity,0.020048048898976767,0.02,2023-04-28,0.09989999999999999,True,1.04995,2022-04-28,2023-04-28,252
2023-05-01,Equity Equal Weight + Sector Sentiment,Sentiment fusion,Equal Weight + Sector Sentiment,Equity,True,SLB,Energy,equity,0.02157235633801305,0.02,2023-04-28,0.2595610826001955,True,1.1297805413000979,2022-04-28,2023-04-28,252
2023-05-01,Equity Equal Weight + Sector Sentiment,Sentiment fusion,Equal Weight + Sector Sentiment,Equity,True,SO,Utilities,equity,0.019863057060873757,0.02,2023-04-28,0.08052333333333332,True,1.0402616666666666,2022-04-28,2023-04-28,252
2023-05-01,Equity Equal Weight + Sector Sentiment,Sentiment fusion,Equal Weight + Sector Sentiment,Equity,True,T,Comm,equity,0.01887993807998239,0.02,2023-04-28,-0.02245185185185185,True,0.988774074074074,2022-04-28,2023-04-28,252
2023-05-01,Equity Equal Weight + Sector Sentiment,Sentiment fusion,Equal Weight + Sector Sentiment,Equity,True,TMUS,Comm,equity,0.01887993807998239,0.02,2023-04-28,-0.02245185185185185,True,0.988774074074074,2022-04-28,2023-04-28,252
2023-05-01,Equity Equal Weight + Sector Sentiment,Sentiment fusion,Equal Weight + Sector Sentiment,Equity,True,TTWO,Comm,equity,0.01887993807998239,0.02,2023-04-28,-0.02245185185185185,True,0.988774074074074,2022-04-28,2023-04-28,252
2023-05-01,Equity Equal Weight + Sector Sentiment,Sentiment fusion,Equal Weight + Sector Sentiment,Equity,True,UPS,Industrials,equity,0.019577931588056985,0.02,2023-04-28,0.050658333333333326,True,1.0253291666666666,2022-04-28,2023-04-28,252
2023-05-01,Equity Equal Weight + Sector Sentiment,Sentiment fusion,Equal Weight + Sector Sentiment,Equity,True,USB,Financials,equity,0.01912964996066449,0.02,2023-04-28,0.0037038095238095202,True,1.0018519047619048,2022-04-28,2023-04-28,252
2023-05-01,Equity Equal Weight + Sector Sentiment,Sentiment fusion,Equal Weight + Sector Sentiment,Equity,True,V,Financials,equity,0.01912964996066449,0.02,2023-04-28,0.0037038095238095202,True,1.0018519047619048,2022-04-28,2023-04-28,252
2023-05-01,Equity Equal Weight + Sector Sentiment,Sentiment fusion,Equal Weight + Sector Sentiment,Equity,True,WFC,Financials,equity,0.01912964996066449,0.02,2023-04-28,0.0037038095238095202,True,1.0018519047619048,2022-04-28,2023-04-28,252
2023-05-01,Equity Equal Weight + Sector Sentiment,Sentiment fusion,Equal Weight + Sector Sentiment,Equity,True,WMT,Consumer,equity,0.021265787189878472,0.02,2023-04-28,0.22744999999999999,True,1.113725,2022-04-28,2023-04-28,252
2023-05-01,Equity Equal Weight + Sector Sentiment,Sentiment fusion,Equal Weight + Sector Sentiment,Equity,True,XOM,Energy,equity,0.02157235633801305,0.02,2023-04-28,0.2595610826001955,True,1.1297805413000979,2022-04-28,2023-04-28,252
2023-06-01,Equity Equal Weight,Base,Equal Weight,Equity,False,ABBV,Healthcare,equity,0.02,0.02,,,False,1.0,2022-05-31,2023-05-31,252
2023-06-01,Equity Equal Weight,Base,Equal Weight,Equity,False,ABT,Healthcare,equity,0.02,0.02,,,False,1.0,2022-05-31,2023-05-31,252
2023-06-01,Equity Equal Weight,Base,Equal Weight,Equity,False,ADBE,Tech,equity,0.02,0.02,,,False,1.0,2022-05-31,2023-05-31,252
2023-06-01,Equity Equal Weight,Base,Equal Weight,Equity,False,AEP,Utilities,equity,0.02,0.02,,,False,1.0,2022-05-31,2023-05-31,252
2023-06-01,Equity Equal Weight,Base,Equal Weight,Equity,False,AMD,Tech,equity,0.02,0.02,,,False,1.0,2022-05-31,2023-05-31,252
2023-06-01,Equity Equal Weight,Base,Equal Weight,Equity,False,AMGN,Healthcare,equity,0.02,0.02,,,False,1.0,2022-05-31,2023-05-31,252
2023-06-01,Equity Equal Weight,Base,Equal Weight,Equity,False,AMT,RealEstate,equity,0.02,0.02,,,False,1.0,2022-05-31,2023-05-31,252
2023-06-01,Equity Equal Weight,Base,Equal Weight,Equity,False,BA,Industrials,equity,0.02,0.02,,,False,1.0,2022-05-31,2023-05-31,252
2023-06-01,Equity Equal Weight,Base,Equal Weight,Equity,False,CAT,Industrials,equity,0.02,0.02,,,False,1.0,2022-05-31,2023-05-31,252
2023-06-01,Equity Equal Weight,Base,Equal Weight,Equity,False,CCI,RealEstate,equity,0.02,0.02,,,False,1.0,2022-05-31,2023-05-31,252
2023-06-01,Equity Equal Weight,Base,Equal Weight,Equity,False,CMCSA,Comm,equity,0.02,0.02,,,False,1.0,2022-05-31,2023-05-31,252
2023-06-01,Equity Equal Weight,Base,Equal Weight,Equity,False,COP,Energy,equity,0.02,0.02,,,False,1.0,2022-05-31,2023-05-31,252
2023-06-01,Equity Equal Weight,Base,Equal Weight,Equity,False,CVX,Energy,equity,0.02,0.02,,,False,1.0,2022-05-31,2023-05-31,252
2023-06-01,Equity Equal Weight,Base,Equal Weight,Equity,False,D,Utilities,equity,0.02,0.02,,,False,1.0,2022-05-31,2023-05-31,252
2023-06-01,Equity Equal Weight,Base,Equal Weight,Equity,False,DD,Materials,equity,0.02,0.02,,,False,1.0,2022-05-31,2023-05-31,252
2023-06-01,Equity Equal Weight,Base,Equal Weight,Equity,False,DIS,Consumer,equity,0.02,0.02,,,False,1.0,2022-05-31,2023-05-31,252
2023-06-01,Equity Equal Weight,Base,Equal Weight,Equity,False,DOW,Materials,equity,0.02,0.02,,,False,1.0,2022-05-31,2023-05-31,252
2023-06-01,Equity Equal Weight,Base,Equal Weight,Equity,False,DUK,Utilities,equity,0.02,0.02,,,False,1.0,2022-05-31,2023-05-31,252
2023-06-01,Equity Equal Weight,Base,Equal Weight,Equity,False,EA,Comm,equity,0.02,0.02,,,False,1.0,2022-05-31,2023-05-31,252
2023-06-01,Equity Equal Weight,Base,Equal Weight,Equity,False,GE,Industrials,equity,0.02,0.02,,,False,1.0,2022-05-31,2023-05-31,252
2023-06-01,Equity Equal Weight,Base,Equal Weight,Equity,False,GILD,Healthcare,equity,0.02,0.02,,,False,1.0,2022-05-31,2023-05-31,252
2023-06-01,Equity Equal Weight,Base,Equal Weight,Equity,False,GS,Financials,equity,0.02,0.02,,,False,1.0,2022-05-31,2023-05-31,252
2023-06-01,Equity Equal Weight,Base,Equal Weight,Equity,False,INTC,Tech,equity,0.02,0.02,,,False,1.0,2022-05-31,2023-05-31,252
2023-06-01,Equity Equal Weight,Base,Equal Weight,Equity,False,KO,Consumer,equity,0.02,0.02,,,False,1.0,2022-05-31,2023-05-31,252
2023-06-01,Equity Equal Weight,Base,Equal Weight,Equity,False,MMM,Industrials,equity,0.02,0.02,,,False,1.0,2022-05-31,2023-05-31,252
2023-06-01,Equity Equal Weight,Base,Equal Weight,Equity,False,MRK,Healthcare,equity,0.02,0.02,,,False,1.0,2022-05-31,2023-05-31,252
2023-06-01,Equity Equal Weight,Base,Equal Weight,Equity,False,MS,Financials,equity,0.02,0.02,,,False,1.0,2022-05-31,2023-05-31,252
2023-06-01,Equity Equal Weight,Base,Equal Weight,Equity,False,NEE,Utilities,equity,0.02,0.02,,,False,1.0,2022-05-31,2023-05-31,252
2023-06-01,Equity Equal Weight,Base,Equal Weight,Equity,False,NEM,Materials,equity,0.02,0.02,,,False,1.0,2022-05-31,2023-05-31,252
2023-06-01,Equity Equal Weight,Base,Equal Weight,Equity,False,NKE,Consumer,equity,0.02,0.02,,,False,1.0,2022-05-31,2023-05-31,252
2023-06-01,Equity Equal Weight,Base,Equal Weight,Equity,False,NUE,Materials,equity,0.02,0.02,,,False,1.0,2022-05-31,2023-05-31,252
2023-06-01,Equity Equal Weight,Base,Equal Weight,Equity,False,NVDA,Tech,equity,0.02,0.02,,,False,1.0,2022-05-31,2023-05-31,252
2023-06-01,Equity Equal Weight,Base,Equal Weight,Equity,False,O,RealEstate,equity,0.02,0.02,,,False,1.0,2022-05-31,2023-05-31,252
2023-06-01,Equity Equal Weight,Base,Equal Weight,Equity,False,OXY,Energy,equity,0.02,0.02,,,False,1.0,2022-05-31,2023-05-31,252
2023-06-01,Equity Equal Weight,Base,Equal Weight,Equity,False,PLD,RealEstate,equity,0.02,0.02,,,False,1.0,2022-05-31,2023-05-31,252
2023-06-01,Equity Equal Weight,Base,Equal Weight,Equity,False,PSA,RealEstate,equity,0.02,0.02,,,False,1.0,2022-05-31,2023-05-31,252
2023-06-01,Equity Equal Weight,Base,Equal Weight,Equity,False,QCOM,Tech,equity,0.02,0.02,,,False,1.0,2022-05-31,2023-05-31,252
2023-06-01,Equity Equal Weight,Base,Equal Weight,Equity,False,SBUX,Consumer,equity,0.02,0.02,,,False,1.0,2022-05-31,2023-05-31,252
2023-06-01,Equity Equal Weight,Base,Equal Weight,Equity,False,SHW,Materials,equity,0.02,0.02,,,False,1.0,2022-05-31,2023-05-31,252
2023-06-01,Equity Equal Weight,Base,Equal Weight,Equity,False,SLB,Energy,equity,0.02,0.02,,,False,1.0,2022-05-31,2023-05-31,252
2023-06-01,Equity Equal Weight,Base,Equal Weight,Equity,False,SO,Utilities,equity,0.02,0.02,,,False,1.0,2022-05-31,2023-05-31,252
2023-06-01,Equity Equal Weight,Base,Equal Weight,Equity,False,T,Comm,equity,0.02,0.02,,,False,1.0,2022-05-31,2023-05-31,252
2023-06-01,Equity Equal Weight,Base,Equal Weight,Equity,False,TMUS,Comm,equity,0.02,0.02,,,False,1.0,2022-05-31,2023-05-31,252
2023-06-01,Equity Equal Weight,Base,Equal Weight,Equity,False,TTWO,Comm,equity,0.02,0.02,,,False,1.0,2022-05-31,2023-05-31,252
2023-06-01,Equity Equal Weight,Base,Equal Weight,Equity,False,UPS,Industrials,equity,0.02,0.02,,,False,1.0,2022-05-31,2023-05-31,252
2023-06-01,Equity Equal Weight,Base,Equal Weight,Equity,False,USB,Financials,equity,0.02,0.02,,,False,1.0,2022-05-31,2023-05-31,252
2023-06-01,Equity Equal Weight,Base,Equal Weight,Equity,False,V,Financials,equity,0.02,0.02,,,False,1.0,2022-05-31,2023-05-31,252
2023-06-01,Equity Equal Weight,Base,Equal Weight,Equity,False,WFC,Financials,equity,0.02,0.02,,,False,1.0,2022-05-31,2023-05-31,252
2023-06-01,Equity Equal Weight,Base,Equal Weight,Equity,False,WMT,Consumer,equity,0.02,0.02,,,False,1.0,2022-05-31,2023-05-31,252
2023-06-01,Equity Equal Weight,Base,Equal Weight,Equity,False,XOM,Energy,equity,0.02,0.02,,,False,1.0,2022-05-31,2023-05-31,252
2023-06-01,Equity Equal Weight + Sector Sentiment,Sentiment fusion,Equal Weight + Sector Sentiment,Equity,True,ABBV,Healthcare,equity,0.019801653785915366,0.02,2023-05-31,0.14073333333333332,True,1.0703666666666667,2022-05-31,2023-05-31,252
2023-06-01,Equity Equal Weight + Sector Sentiment,Sentiment fusion,Equal Weight + Sector Sentiment,Equity,True,ABT,Healthcare,equity,0.019801653785915366,0.02,2023-05-31,0.14073333333333332,True,1.0703666666666667,2022-05-31,2023-05-31,252
2023-06-01,Equity Equal Weight + Sector Sentiment,Sentiment fusion,Equal Weight + Sector Sentiment,Equity,True,ADBE,Tech,equity,0.019436606285352282,0.02,2023-05-31,0.10126848049052398,True,1.050634240245262,2022-05-31,2023-05-31,252
2023-06-01,Equity Equal Weight + Sector Sentiment,Sentiment fusion,Equal Weight + Sector Sentiment,Equity,True,AEP,Utilities,equity,0.022099030422564104,0.02,2023-05-31,0.3891,True,1.19455,2022-05-31,2023-05-31,252
2023-06-01,Equity Equal Weight + Sector Sentiment,Sentiment fusion,Equal Weight + Sector Sentiment,Equity,True,AMD,Tech,equity,0.019436606285352282,0.02,2023-05-31,0.10126848049052398,True,1.050634240245262,2022-05-31,2023-05-31,252
2023-06-01,Equity Equal Weight + Sector Sentiment,Sentiment fusion,Equal Weight + Sector Sentiment,Equity,True,AMGN,Healthcare,equity,0.019801653785915366,0.02,2023-05-31,0.14073333333333332,True,1.0703666666666667,2022-05-31,2023-05-31,252
2023-06-01,Equity Equal Weight + Sector Sentiment,Sentiment fusion,Equal Weight + Sector Sentiment,Equity,True,AMT,RealEstate,equity,0.020634765002158134,0.02,2023-05-31,0.2308,True,1.1154,2022-05-31,2023-05-31,252
2023-06-01,Equity Equal Weight + Sector Sentiment,Sentiment fusion,Equal Weight + Sector Sentiment,Equity,True,BA,Industrials,equity,0.019305355991154165,0.02,2023-05-31,0.08707916666666667,True,1.0435395833333334,2022-05-31,2023-05-31,252
2023-06-01,Equity Equal Weight + Sector Sentiment,Sentiment fusion,Equal Weight + Sector Sentiment,Equity,True,CAT,Industrials,equity,0.019305355991154165,0.02,2023-05-31,0.08707916666666667,True,1.0435395833333334,2022-05-31,2023-05-31,252
2023-06-01,Equity Equal Weight + Sector Sentiment,Sentiment fusion,Equal Weight + Sector Sentiment,Equity,True,CCI,RealEstate,equity,0.020634765002158134,0.02,2023-05-31,0.2308,True,1.1154,2022-05-31,2023-05-31,252
2023-06-01,Equity Equal Weight + Sector Sentiment,Sentiment fusion,Equal Weight + Sector Sentiment,Equity,True,CMCSA,Comm,equity,0.019616115416420884,0.02,2023-05-31,0.12067499999999999,True,1.0603375,2022-05-31,2023-05-31,252
2023-06-01,Equity Equal Weight + Sector Sentiment,Sentiment fusion,Equal Weight + Sector Sentiment,Equity,True,COP,Energy,equity,0.02048519348069279,0.02,2023-05-31,0.21463000000000002,True,1.107315,2022-05-31,2023-05-31,252
2023-06-01,Equity Equal Weight + Sector Sentiment,Sentiment fusion,Equal Weight + Sector Sentiment,Equity,True,CVX,Energy,equity,0.02048519348069279,0.02,2023-05-31,0.21463000000000002,True,1.107315,2022-05-31,2023-05-31,252
2023-06-01,Equity Equal Weight + Sector Sentiment,Sentiment fusion,Equal Weight + Sector Sentiment,Equity,True,D,Utilities,equity,0.022099030422564104,0.02,2023-05-31,0.3891,True,1.19455,2022-05-31,2023-05-31,252
2023-06-01,Equity Equal Weight + Sector Sentiment,Sentiment fusion,Equal Weight + Sector Sentiment,Equity,True,DD,Materials,equity,0.019930844607383064,0.02,2023-05-31,0.15469999999999998,True,1.07735,2022-05-31,2023-05-31,252
2023-06-01,Equity Equal Weight + Sector Sentiment,Sentiment fusion,Equal Weight + Sector Sentiment,Equity,True,DIS,Consumer,equity,0.019347721815176726,0.02,2023-05-31,0.09165928571428572,True,1.045829642857143,2022-05-31,2023-05-31,252
2023-06-01,Equity Equal Weight + Sector Sentiment,Sentiment fusion,Equal Weight + Sector Sentiment,Equity,True,DOW,Materials,equity,0.019930844607383064,0.02,2023-05-31,0.15469999999999998,True,1.07735,2022-05-31,2023-05-31,252
2023-06-01,Equity Equal Weight + Sector Sentiment,Sentiment fusion,Equal Weight + Sector Sentiment,Equity,True,DUK,Utilities,equity,0.022099030422564104,0.02,2023-05-31,0.3891,True,1.19455,2022-05-31,2023-05-31,252
2023-06-01,Equity Equal Weight + Sector Sentiment,Sentiment fusion,Equal Weight + Sector Sentiment,Equity,True,EA,Comm,equity,0.019616115416420884,0.02,2023-05-31,0.12067499999999999,True,1.0603375,2022-05-31,2023-05-31,252
2023-06-01,Equity Equal Weight + Sector Sentiment,Sentiment fusion,Equal Weight + Sector Sentiment,Equity,True,GE,Industrials,equity,0.019305355991154165,0.02,2023-05-31,0.08707916666666667,True,1.0435395833333334,2022-05-31,2023-05-31,252
2023-06-01,Equity Equal Weight + Sector Sentiment,Sentiment fusion,Equal Weight + Sector Sentiment,Equity,True,GILD,Healthcare,equity,0.019801653785915366,0.02,2023-05-31,0.14073333333333332,True,1.0703666666666667,2022-05-31,2023-05-31,252
2023-06-01,Equity Equal Weight + Sector Sentiment,Sentiment fusion,Equal Weight + Sector Sentiment,Equity,True,GS,Financials,equity,0.019342713193182485,0.02,2023-05-31,0.09111780952380952,True,1.0455589047619047,2022-05-31,2023-05-31,252
2023-06-01,Equity Equal Weight + Sector Sentiment,Sentiment fusion,Equal Weight + Sector Sentiment,Equity,True,INTC,Tech,equity,0.019436606285352282,0.02,2023-05-31,0.10126848049052398,True,1.050634240245262,2022-05-31,2023-05-31,252
2023-06-01,Equity Equal Weight + Sector Sentiment,Sentiment fusion,Equal Weight + Sector Sentiment,Equity,True,KO,Consumer,equity,0.019347721815176726,0.02,2023-05-31,0.09165928571428572,True,1.045829642857143,2022-05-31,2023-05-31,252
2023-06-01,Equity Equal Weight + Sector Sentiment,Sentiment fusion,Equal Weight + Sector Sentiment,Equity,True,MMM,Industrials,equity,0.019305355991154165,0.02,2023-05-31,0.08707916666666667,True,1.0435395833333334,2022-05-31,2023-05-31,252
2023-06-01,Equity Equal Weight + Sector Sentiment,Sentiment fusion,Equal Weight + Sector Sentiment,Equity,True,MRK,Healthcare,equity,0.019801653785915366,0.02,2023-05-31,0.14073333333333332,True,1.0703666666666667,2022-05-31,2023-05-31,252
2023-06-01,Equity Equal Weight + Sector Sentiment,Sentiment fusion,Equal Weight + Sector Sentiment,Equity,True,MS,Financials,equity,0.019342713193182485,0.02,2023-05-31,0.09111780952380952,True,1.0455589047619047,2022-05-31,2023-05-31,252
2023-06-01,Equity Equal Weight + Sector Sentiment,Sentiment fusion,Equal Weight + Sector Sentiment,Equity,True,NEE,Utilities,equity,0.022099030422564104,0.02,2023-05-31,0.3891,True,1.19455,2022-05-31,2023-05-31,252
2023-06-01,Equity Equal Weight + Sector Sentiment,Sentiment fusion,Equal Weight + Sector Sentiment,Equity,True,NEM,Materials,equity,0.019930844607383064,0.02,2023-05-31,0.15469999999999998,True,1.07735,2022-05-31,2023-05-31,252
2023-06-01,Equity Equal Weight + Sector Sentiment,Sentiment fusion,Equal Weight + Sector Sentiment,Equity,True,NKE,Consumer,equity,0.019347721815176726,0.02,2023-05-31,0.09165928571428572,True,1.045829642857143,2022-05-31,2023-05-31,252
2023-06-01,Equity Equal Weight + Sector Sentiment,Sentiment fusion,Equal Weight + Sector Sentiment,Equity,True,NUE,Materials,equity,0.019930844607383064,0.02,2023-05-31,0.15469999999999998,True,1.07735,2022-05-31,2023-05-31,252
2023-06-01,Equity Equal Weight + Sector Sentiment,Sentiment fusion,Equal Weight + Sector Sentiment,Equity,True,NVDA,Tech,equity,0.019436606285352282,0.02,2023-05-31,0.10126848049052398,True,1.050634240245262,2022-05-31,2023-05-31,252
2023-06-01,Equity Equal Weight + Sector Sentiment,Sentiment fusion,Equal Weight + Sector Sentiment,Equity,True,O,RealEstate,equity,0.020634765002158134,0.02,2023-05-31,0.2308,True,1.1154,2022-05-31,2023-05-31,252
2023-06-01,Equity Equal Weight + Sector Sentiment,Sentiment fusion,Equal Weight + Sector Sentiment,Equity,True,OXY,Energy,equity,0.02048519348069279,0.02,2023-05-31,0.21463000000000002,True,1.107315,2022-05-31,2023-05-31,252
2023-06-01,Equity Equal Weight + Sector Sentiment,Sentiment fusion,Equal Weight + Sector Sentiment,Equity,True,PLD,RealEstate,equity,0.020634765002158134,0.02,2023-05-31,0.2308,True,1.1154,2022-05-31,2023-05-31,252
2023-06-01,Equity Equal Weight + Sector Sentiment,Sentiment fusion,Equal Weight + Sector Sentiment,Equity,True,PSA,RealEstate,equity,0.020634765002158134,0.02,2023-05-31,0.2308,True,1.1154,2022-05-31,2023-05-31,252
2023-06-01,Equity Equal Weight + Sector Sentiment,Sentiment fusion,Equal Weight + Sector Sentiment,Equity,True,QCOM,Tech,equity,0.019436606285352282,0.02,2023-05-31,0.10126848049052398,True,1.050634240245262,2022-05-31,2023-05-31,252
2023-06-01,Equity Equal Weight + Sector Sentiment,Sentiment fusion,Equal Weight + Sector Sentiment,Equity,True,SBUX,Consumer,equity,0.019347721815176726,0.02,2023-05-31,0.09165928571428572,True,1.045829642857143,2022-05-31,2023-05-31,252
2023-06-01,Equity Equal Weight + Sector Sentiment,Sentiment fusion,Equal Weight + Sector Sentiment,Equity,True,SHW,Materials,equity,0.019930844607383064,0.02,2023-05-31,0.15469999999999998,True,1.07735,2022-05-31,2023-05-31,252
2023-06-01,Equity Equal Weight + Sector Sentiment,Sentiment fusion,Equal Weight + Sector Sentiment,Equity,True,SLB,Energy,equity,0.02048519348069279,0.02,2023-05-31,0.21463000000000002,True,1.107315,2022-05-31,2023-05-31,252
2023-06-01,Equity Equal Weight + Sector Sentiment,Sentiment fusion,Equal Weight + Sector Sentiment,Equity,True,SO,Utilities,equity,0.022099030422564104,0.02,2023-05-31,0.3891,True,1.19455,2022-05-31,2023-05-31,252
2023-06-01,Equity Equal Weight + Sector Sentiment,Sentiment fusion,Equal Weight + Sector Sentiment,Equity,True,T,Comm,equity,0.019616115416420884,0.02,2023-05-31,0.12067499999999999,True,1.0603375,2022-05-31,2023-05-31,252
2023-06-01,Equity Equal Weight + Sector Sentiment,Sentiment fusion,Equal Weight + Sector Sentiment,Equity,True,TMUS,Comm,equity,0.019616115416420884,0.02,2023-05-31,0.12067499999999999,True,1.0603375,2022-05-31,2023-05-31,252
2023-06-01,Equity Equal Weight + Sector Sentiment,Sentiment fusion,Equal Weight + Sector Sentiment,Equity,True,TTWO,Comm,equity,0.019616115416420884,0.02,2023-05-31,0.12067499999999999,True,1.0603375,2022-05-31,2023-05-31,252
2023-06-01,Equity Equal Weight + Sector Sentiment,Sentiment fusion,Equal Weight + Sector Sentiment,Equity,True,UPS,Industrials,equity,0.019305355991154165,0.02,2023-05-31,0.08707916666666667,True,1.0435395833333334,2022-05-31,2023-05-31,252
2023-06-01,Equity Equal Weight + Sector Sentiment,Sentiment fusion,Equal Weight + Sector Sentiment,Equity,True,USB,Financials,equity,0.019342713193182485,0.02,2023-05-31,0.09111780952380952,True,1.0455589047619047,2022-05-31,2023-05-31,252
2023-06-01,Equity Equal Weight + Sector Sentiment,Sentiment fusion,Equal Weight + Sector Sentiment,Equity,True,V,Financials,equity,0.019342713193182485,0.02,2023-05-31,0.09111780952380952,True,1.0455589047619047,2022-05-31,2023-05-31,252
2023-06-01,Equity Equal Weight + Sector Sentiment,Sentiment fusion,Equal Weight + Sector Sentiment,Equity,True,WFC,Financials,equity,0.019342713193182485,0.02,2023-05-31,0.09111780952380952,True,1.0455589047619047,2022-05-31,2023-05-31,252
2023-06-01,Equity Equal Weight + Sector Sentiment,Sentiment fusion,Equal Weight + Sector Sentiment,Equity,True,WMT,Consumer,equity,0.019347721815176726,0.02,2023-05-31,0.09165928571428572,True,1.045829642857143,2022-05-31,2023-05-31,252
2023-06-01,Equity Equal Weight + Sector Sentiment,Sentiment fusion,Equal Weight + Sector Sentiment,Equity,True,XOM,Energy,equity,0.02048519348069279,0.02,2023-05-31,0.21463000000000002,True,1.107315,2022-05-31,2023-05-31,252
2023-07-03,Equity Equal Weight,Base,Equal Weight,Equity,False,ABBV,Healthcare,equity,0.02,0.02,,,False,1.0,2022-06-30,2023-06-30,252
2023-07-03,Equity Equal Weight,Base,Equal Weight,Equity,False,ABT,Healthcare,equity,0.02,0.02,,,False,1.0,2022-06-30,2023-06-30,252
2023-07-03,Equity Equal Weight,Base,Equal Weight,Equity,False,ADBE,Tech,equity,0.02,0.02,,,False,1.0,2022-06-30,2023-06-30,252
2023-07-03,Equity Equal Weight,Base,Equal Weight,Equity,False,AEP,Utilities,equity,0.02,0.02,,,False,1.0,2022-06-30,2023-06-30,252
2023-07-03,Equity Equal Weight,Base,Equal Weight,Equity,False,AMD,Tech,equity,0.02,0.02,,,False,1.0,2022-06-30,2023-06-30,252
2023-07-03,Equity Equal Weight,Base,Equal Weight,Equity,False,AMGN,Healthcare,equity,0.02,0.02,,,False,1.0,2022-06-30,2023-06-30,252
2023-07-03,Equity Equal Weight,Base,Equal Weight,Equity,False,AMT,RealEstate,equity,0.02,0.02,,,False,1.0,2022-06-30,2023-06-30,252
2023-07-03,Equity Equal Weight,Base,Equal Weight,Equity,False,BA,Industrials,equity,0.02,0.02,,,False,1.0,2022-06-30,2023-06-30,252
2023-07-03,Equity Equal Weight,Base,Equal Weight,Equity,False,CAT,Industrials,equity,0.02,0.02,,,False,1.0,2022-06-30,2023-06-30,252
2023-07-03,Equity Equal Weight,Base,Equal Weight,Equity,False,CCI,RealEstate,equity,0.02,0.02,,,False,1.0,2022-06-30,2023-06-30,252
2023-07-03,Equity Equal Weight,Base,Equal Weight,Equity,False,CMCSA,Comm,equity,0.02,0.02,,,False,1.0,2022-06-30,2023-06-30,252
2023-07-03,Equity Equal Weight,Base,Equal Weight,Equity,False,COP,Energy,equity,0.02,0.02,,,False,1.0,2022-06-30,2023-06-30,252
2023-07-03,Equity Equal Weight,Base,Equal Weight,Equity,False,CVX,Energy,equity,0.02,0.02,,,False,1.0,2022-06-30,2023-06-30,252
2023-07-03,Equity Equal Weight,Base,Equal Weight,Equity,False,D,Utilities,equity,0.02,0.02,,,False,1.0,2022-06-30,2023-06-30,252
2023-07-03,Equity Equal Weight,Base,Equal Weight,Equity,False,DD,Materials,equity,0.02,0.02,,,False,1.0,2022-06-30,2023-06-30,252
2023-07-03,Equity Equal Weight,Base,Equal Weight,Equity,False,DIS,Consumer,equity,0.02,0.02,,,False,1.0,2022-06-30,2023-06-30,252
2023-07-03,Equity Equal Weight,Base,Equal Weight,Equity,False,DOW,Materials,equity,0.02,0.02,,,False,1.0,2022-06-30,2023-06-30,252
2023-07-03,Equity Equal Weight,Base,Equal Weight,Equity,False,DUK,Utilities,equity,0.02,0.02,,,False,1.0,2022-06-30,2023-06-30,252
2023-07-03,Equity Equal Weight,Base,Equal Weight,Equity,False,EA,Comm,equity,0.02,0.02,,,False,1.0,2022-06-30,2023-06-30,252
2023-07-03,Equity Equal Weight,Base,Equal Weight,Equity,False,GE,Industrials,equity,0.02,0.02,,,False,1.0,2022-06-30,2023-06-30,252
2023-07-03,Equity Equal Weight,Base,Equal Weight,Equity,False,GILD,Healthcare,equity,0.02,0.02,,,False,1.0,2022-06-30,2023-06-30,252
2023-07-03,Equity Equal Weight,Base,Equal Weight,Equity,False,GS,Financials,equity,0.02,0.02,,,False,1.0,2022-06-30,2023-06-30,252
2023-07-03,Equity Equal Weight,Base,Equal Weight,Equity,False,INTC,Tech,equity,0.02,0.02,,,False,1.0,2022-06-30,2023-06-30,252
2023-07-03,Equity Equal Weight,Base,Equal Weight,Equity,False,KO,Consumer,equity,0.02,0.02,,,False,1.0,2022-06-30,2023-06-30,252
2023-07-03,Equity Equal Weight,Base,Equal Weight,Equity,False,MMM,Industrials,equity,0.02,0.02,,,False,1.0,2022-06-30,2023-06-30,252
2023-07-03,Equity Equal Weight,Base,Equal Weight,Equity,False,MRK,Healthcare,equity,0.02,0.02,,,False,1.0,2022-06-30,2023-06-30,252
2023-07-03,Equity Equal Weight,Base,Equal Weight,Equity,False,MS,Financials,equity,0.02,0.02,,,False,1.0,2022-06-30,2023-06-30,252
2023-07-03,Equity Equal Weight,Base,Equal Weight,Equity,False,NEE,Utilities,equity,0.02,0.02,,,False,1.0,2022-06-30,2023-06-30,252
2023-07-03,Equity Equal Weight,Base,Equal Weight,Equity,False,NEM,Materials,equity,0.02,0.02,,,False,1.0,2022-06-30,2023-06-30,252
2023-07-03,Equity Equal Weight,Base,Equal Weight,Equity,False,NKE,Consumer,equity,0.02,0.02,,,False,1.0,2022-06-30,2023-06-30,252
2023-07-03,Equity Equal Weight,Base,Equal Weight,Equity,False,NUE,Materials,equity,0.02,0.02,,,False,1.0,2022-06-30,2023-06-30,252
2023-07-03,Equity Equal Weight,Base,Equal Weight,Equity,False,NVDA,Tech,equity,0.02,0.02,,,False,1.0,2022-06-30,2023-06-30,252
2023-07-03,Equity Equal Weight,Base,Equal Weight,Equity,False,O,RealEstate,equity,0.02,0.02,,,False,1.0,2022-06-30,2023-06-30,252
2023-07-03,Equity Equal Weight,Base,Equal Weight,Equity,False,OXY,Energy,equity,0.02,0.02,,,False,1.0,2022-06-30,2023-06-30,252
2023-07-03,Equity Equal Weight,Base,Equal Weight,Equity,False,PLD,RealEstate,equity,0.02,0.02,,,False,1.0,2022-06-30,2023-06-30,252
2023-07-03,Equity Equal Weight,Base,Equal Weight,Equity,False,PSA,RealEstate,equity,0.02,0.02,,,False,1.0,2022-06-30,2023-06-30,252
2023-07-03,Equity Equal Weight,Base,Equal Weight,Equity,False,QCOM,Tech,equity,0.02,0.02,,,False,1.0,2022-06-30,2023-06-30,252
2023-07-03,Equity Equal Weight,Base,Equal Weight,Equity,False,SBUX,Consumer,equity,0.02,0.02,,,False,1.0,2022-06-30,2023-06-30,252
2023-07-03,Equity Equal Weight,Base,Equal Weight,Equity,False,SHW,Materials,equity,0.02,0.02,,,False,1.0,2022-06-30,2023-06-30,252
2023-07-03,Equity Equal Weight,Base,Equal Weight,Equity,False,SLB,Energy,equity,0.02,0.02,,,False,1.0,2022-06-30,2023-06-30,252
2023-07-03,Equity Equal Weight,Base,Equal Weight,Equity,False,SO,Utilities,equity,0.02,0.02,,,False,1.0,2022-06-30,2023-06-30,252
2023-07-03,Equity Equal Weight,Base,Equal Weight,Equity,False,T,Comm,equity,0.02,0.02,,,False,1.0,2022-06-30,2023-06-30,252
2023-07-03,Equity Equal Weight,Base,Equal Weight,Equity,False,TMUS,Comm,equity,0.02,0.02,,,False,1.0,2022-06-30,2023-06-30,252
2023-07-03,Equity Equal Weight,Base,Equal Weight,Equity,False,TTWO,Comm,equity,0.02,0.02,,,False,1.0,2022-06-30,2023-06-30,252
2023-07-03,Equity Equal Weight,Base,Equal Weight,Equity,False,UPS,Industrials,equity,0.02,0.02,,,False,1.0,2022-06-30,2023-06-30,252
2023-07-03,Equity Equal Weight,Base,Equal Weight,Equity,False,USB,Financials,equity,0.02,0.02,,,False,1.0,2022-06-30,2023-06-30,252
2023-07-03,Equity Equal Weight,Base,Equal Weight,Equity,False,V,Financials,equity,0.02,0.02,,,False,1.0,2022-06-30,2023-06-30,252
2023-07-03,Equity Equal Weight,Base,Equal Weight,Equity,False,WFC,Financials,equity,0.02,0.02,,,False,1.0,2022-06-30,2023-06-30,252
2023-07-03,Equity Equal Weight,Base,Equal Weight,Equity,False,WMT,Consumer,equity,0.02,0.02,,,False,1.0,2022-06-30,2023-06-30,252
2023-07-03,Equity Equal Weight,Base,Equal Weight,Equity,False,XOM,Energy,equity,0.02,0.02,,,False,1.0,2022-06-30,2023-06-30,252
2023-07-03,Equity Equal Weight + Sector Sentiment,Sentiment fusion,Equal Weight + Sector Sentiment,Equity,True,ABBV,Healthcare,equity,0.01982596612535668,0.02,2023-06-30,0.009564166666666669,True,1.0047820833333334,2022-06-30,2023-06-30,252
2023-07-03,Equity Equal Weight + Sector Sentiment,Sentiment fusion,Equal Weight + Sector Sentiment,Equity,True,ABT,Healthcare,equity,0.01982596612535668,0.02,2023-06-30,0.009564166666666669,True,1.0047820833333334,2022-06-30,2023-06-30,252
2023-07-03,Equity Equal Weight + Sector Sentiment,Sentiment fusion,Equal Weight + Sector Sentiment,Equity,True,ADBE,Tech,equity,0.020242994985046846,0.02,2023-06-30,0.051834301075268804,True,1.0259171505376343,2022-06-30,2023-06-30,252
2023-07-03,Equity Equal Weight + Sector Sentiment,Sentiment fusion,Equal Weight + Sector Sentiment,Equity,True,AEP,Utilities,equity,0.021390345552722873,0.02,2023-06-30,0.16813,True,1.084065,2022-06-30,2023-06-30,252
2023-07-03,Equity Equal Weight + Sector Sentiment,Sentiment fusion,Equal Weight + Sector Sentiment,Equity,True,AMD,Tech,equity,0.020242994985046846,0.02,2023-06-30,0.051834301075268804,True,1.0259171505376343,2022-06-30,2023-06-30,252
2023-07-03,Equity Equal Weight + Sector Sentiment,Sentiment fusion,Equal Weight + Sector Sentiment,Equity,True,AMGN,Healthcare,equity,0.01982596612535668,0.02,2023-06-30,0.009564166666666669,True,1.0047820833333334,2022-06-30,2023-06-30,252
2023-07-03,Equity Equal Weight + Sector Sentiment,Sentiment fusion,Equal Weight + Sector Sentiment,Equity,True,AMT,RealEstate,equity,0.01991486524059331,0.02,2023-06-30,0.018575,True,1.0092875,2022-06-30,2023-06-30,252
2023-07-03,Equity Equal Weight + Sector Sentiment,Sentiment fusion,Equal Weight + Sector Sentiment,Equity,True,BA,Industrials,equity,0.021252791580927435,0.02,2023-06-30,0.1541875,True,1.07709375,2022-06-30,2023-06-30,252
2023-07-03,Equity Equal Weight + Sector Sentiment,Sentiment fusion,Equal Weight + Sector Sentiment,Equity,True,CAT,Industrials,equity,0.021252791580927435,0.02,2023-06-30,0.1541875,True,1.07709375,2022-06-30,2023-06-30,252
2023-07-03,Equity Equal Weight + Sector Sentiment,Sentiment fusion,Equal Weight + Sector Sentiment,Equity,True,CCI,RealEstate,equity,0.01991486524059331,0.02,2023-06-30,0.018575,True,1.0092875,2022-06-30,2023-06-30,252
2023-07-03,Equity Equal Weight + Sector Sentiment,Sentiment fusion,Equal Weight + Sector Sentiment,Equity,True,CMCSA,Comm,equity,0.01917276494727579,0.02,2023-06-30,-0.05664444444444444,True,0.9716777777777778,2022-06-30,2023-06-30,252
2023-07-03,Equity Equal Weight + Sector Sentiment,Sentiment fusion,Equal Weight + Sector Sentiment,Equity,True,COP,Energy,equity,0.01990626225953499,0.02,2023-06-30,0.017703000000000003,True,1.0088515,2022-06-30,2023-06-30,252
2023-07-03,Equity Equal Weight + Sector Sentiment,Sentiment fusion,Equal Weight + Sector Sentiment,Equity,True,CVX,Energy,equity,0.01990626225953499,0.02,2023-06-30,0.017703000000000003,True,1.0088515,2022-06-30,2023-06-30,252
2023-07-03,Equity Equal Weight + Sector Sentiment,Sentiment fusion,Equal Weight + Sector Sentiment,Equity,True,D,Utilities,equity,0.021390345552722873,0.02,2023-06-30,0.16813,True,1.084065,2022-06-30,2023-06-30,252
2023-07-03,Equity Equal Weight + Sector Sentiment,Sentiment fusion,Equal Weight + Sector Sentiment,Equity,True,DD,Materials,equity,0.01789854155504967,0.02,2023-06-30,-0.1858,True,0.9071,2022-06-30,2023-06-30,252
2023-07-03,Equity Equal Weight + Sector Sentiment,Sentiment fusion,Equal Weight + Sector Sentiment,Equity,True,DIS,Consumer,equity,0.020709160304777263,0.02,2023-06-30,0.09908491758241758,True,1.0495424587912088,2022-06-30,2023-06-30,252
2023-07-03,Equity Equal Weight + Sector Sentiment,Sentiment fusion,Equal Weight + Sector Sentiment,Equity,True,DOW,Materials,equity,0.01789854155504967,0.02,2023-06-30,-0.1858,True,0.9071,2022-06-30,2023-06-30,252
2023-07-03,Equity Equal Weight + Sector Sentiment,Sentiment fusion,Equal Weight + Sector Sentiment,Equity,True,DUK,Utilities,equity,0.021390345552722873,0.02,2023-06-30,0.16813,True,1.084065,2022-06-30,2023-06-30,252
2023-07-03,Equity Equal Weight + Sector Sentiment,Sentiment fusion,Equal Weight + Sector Sentiment,Equity,True,EA,Comm,equity,0.01917276494727579,0.02,2023-06-30,-0.05664444444444444,True,0.9716777777777778,2022-06-30,2023-06-30,252
2023-07-03,Equity Equal Weight + Sector Sentiment,Sentiment fusion,Equal Weight + Sector Sentiment,Equity,True,GE,Industrials,equity,0.021252791580927435,0.02,2023-06-30,0.1541875,True,1.07709375,2022-06-30,2023-06-30,252
2023-07-03,Equity Equal Weight + Sector Sentiment,Sentiment fusion,Equal Weight + Sector Sentiment,Equity,True,GILD,Healthcare,equity,0.01982596612535668,0.02,2023-06-30,0.009564166666666669,True,1.0047820833333334,2022-06-30,2023-06-30,252
2023-07-03,Equity Equal Weight + Sector Sentiment,Sentiment fusion,Equal Weight + Sector Sentiment,Equity,True,GS,Financials,equity,0.019686307448715173,0.02,2023-06-30,-0.004591666666666672,True,0.9977041666666666,2022-06-30,2023-06-30,252
2023-07-03,Equity Equal Weight + Sector Sentiment,Sentiment fusion,Equal Weight + Sector Sentiment,Equity,True,INTC,Tech,equity,0.020242994985046846,0.02,2023-06-30,0.051834301075268804,True,1.0259171505376343,2022-06-30,2023-06-30,252
2023-07-03,Equity Equal Weight + Sector Sentiment,Sentiment fusion,Equal Weight + Sector Sentiment,Equity,True,KO,Consumer,equity,0.020709160304777263,0.02,2023-06-30,0.09908491758241758,True,1.0495424587912088,2022-06-30,2023-06-30,252
2023-07-03,Equity Equal Weight + Sector Sentiment,Sentiment fusion,Equal Weight + Sector Sentiment,Equity,True,MMM,Industrials,equity,0.021252791580927435,0.02,2023-06-30,0.1541875,True,1.07709375,2022-06-30,2023-06-30,252
2023-07-03,Equity Equal Weight + Sector Sentiment,Sentiment fusion,Equal Weight + Sector Sentiment,Equity,True,MRK,Healthcare,equity,0.01982596612535668,0.02,2023-06-30,0.009564166666666669,True,1.0047820833333334,2022-06-30,2023-06-30,252
2023-07-03,Equity Equal Weight + Sector Sentiment,Sentiment fusion,Equal Weight + Sector Sentiment,Equity,True,MS,Financials,equity,0.019686307448715173,0.02,2023-06-30,-0.004591666666666672,True,0.9977041666666666,2022-06-30,2023-06-30,252
2023-07-03,Equity Equal Weight + Sector Sentiment,Sentiment fusion,Equal Weight + Sector Sentiment,Equity,True,NEE,Utilities,equity,0.021390345552722873,0.02,2023-06-30,0.16813,True,1.084065,2022-06-30,2023-06-30,252
2023-07-03,Equity Equal Weight + Sector Sentiment,Sentiment fusion,Equal Weight + Sector Sentiment,Equity,True,NEM,Materials,equity,0.01789854155504967,0.02,2023-06-30,-0.1858,True,0.9071,2022-06-30,2023-06-30,252
2023-07-03,Equity Equal Weight + Sector Sentiment,Sentiment fusion,Equal Weight + Sector Sentiment,Equity,True,NKE,Consumer,equity,0.020709160304777263,0.02,2023-06-30,0.09908491758241758,True,1.0495424587912088,2022-06-30,2023-06-30,252
2023-07-03,Equity Equal Weight + Sector Sentiment,Sentiment fusion,Equal Weight + Sector Sentiment,Equity,True,NUE,Materials,equity,0.01789854155504967,0.02,2023-06-30,-0.1858,True,0.9071,2022-06-30,2023-06-30,252
2023-07-03,Equity Equal Weight + Sector Sentiment,Sentiment fusion,Equal Weight + Sector Sentiment,Equity,True,NVDA,Tech,equity,0.020242994985046846,0.02,2023-06-30,0.051834301075268804,True,1.0259171505376343,2022-06-30,2023-06-30,252
2023-07-03,Equity Equal Weight + Sector Sentiment,Sentiment fusion,Equal Weight + Sector Sentiment,Equity,True,O,RealEstate,equity,0.01991486524059331,0.02,2023-06-30,0.018575,True,1.0092875,2022-06-30,2023-06-30,252
2023-07-03,Equity Equal Weight + Sector Sentiment,Sentiment fusion,Equal Weight + Sector Sentiment,Equity,True,OXY,Energy,equity,0.01990626225953499,0.02,2023-06-30,0.017703000000000003,True,1.0088515,2022-06-30,2023-06-30,252
2023-07-03,Equity Equal Weight + Sector Sentiment,Sentiment fusion,Equal Weight + Sector Sentiment,Equity,True,PLD,RealEstate,equity,0.01991486524059331,0.02,2023-06-30,0.018575,True,1.0092875,2022-06-30,2023-06-30,252
2023-07-03,Equity Equal Weight + Sector Sentiment,Sentiment fusion,Equal Weight + Sector Sentiment,Equity,True,PSA,RealEstate,equity,0.01991486524059331,0.02,2023-06-30,0.018575,True,1.0092875,2022-06-30,2023-06-30,252
2023-07-03,Equity Equal Weight + Sector Sentiment,Sentiment fusion,Equal Weight + Sector Sentiment,Equity,True,QCOM,Tech,equity,0.020242994985046846,0.02,2023-06-30,0.051834301075268804,True,1.0259171505376343,2022-06-30,2023-06-30,252
2023-07-03,Equity Equal Weight + Sector Sentiment,Sentiment fusion,Equal Weight + Sector Sentiment,Equity,True,SBUX,Consumer,equity,0.020709160304777263,0.02,2023-06-30,0.09908491758241758,True,1.0495424587912088,2022-06-30,2023-06-30,252
2023-07-03,Equity Equal Weight + Sector Sentiment,Sentiment fusion,Equal Weight + Sector Sentiment,Equity,True,SHW,Materials,equity,0.01789854155504967,0.02,2023-06-30,-0.1858,True,0.9071,2022-06-30,2023-06-30,252
2023-07-03,Equity Equal Weight + Sector Sentiment,Sentiment fusion,Equal Weight + Sector Sentiment,Equity,True,SLB,Energy,equity,0.01990626225953499,0.02,2023-06-30,0.017703000000000003,True,1.0088515,2022-06-30,2023-06-30,252
2023-07-03,Equity Equal Weight + Sector Sentiment,Sentiment fusion,Equal Weight + Sector Sentiment,Equity,True,SO,Utilities,equity,0.021390345552722873,0.02,2023-06-30,0.16813,True,1.084065,2022-06-30,2023-06-30,252
2023-07-03,Equity Equal Weight + Sector Sentiment,Sentiment fusion,Equal Weight + Sector Sentiment,Equity,True,T,Comm,equity,0.01917276494727579,0.02,2023-06-30,-0.05664444444444444,True,0.9716777777777778,2022-06-30,2023-06-30,252
2023-07-03,Equity Equal Weight + Sector Sentiment,Sentiment fusion,Equal Weight + Sector Sentiment,Equity,True,TMUS,Comm,equity,0.01917276494727579,0.02,2023-06-30,-0.05664444444444444,True,0.9716777777777778,2022-06-30,2023-06-30,252
2023-07-03,Equity Equal Weight + Sector Sentiment,Sentiment fusion,Equal Weight + Sector Sentiment,Equity,True,TTWO,Comm,equity,0.01917276494727579,0.02,2023-06-30,-0.05664444444444444,True,0.9716777777777778,2022-06-30,2023-06-30,252
2023-07-03,Equity Equal Weight + Sector Sentiment,Sentiment fusion,Equal Weight + Sector Sentiment,Equity,True,UPS,Industrials,equity,0.021252791580927435,0.02,2023-06-30,0.1541875,True,1.07709375,2022-06-30,2023-06-30,252
2023-07-03,Equity Equal Weight + Sector Sentiment,Sentiment fusion,Equal Weight + Sector Sentiment,Equity,True,USB,Financials,equity,0.019686307448715173,0.02,2023-06-30,-0.004591666666666672,True,0.9977041666666666,2022-06-30,2023-06-30,252
2023-07-03,Equity Equal Weight + Sector Sentiment,Sentiment fusion,Equal Weight + Sector Sentiment,Equity,True,V,Financials,equity,0.019686307448715173,0.02,2023-06-30,-0.004591666666666672,True,0.9977041666666666,2022-06-30,2023-06-30,252
2023-07-03,Equity Equal Weight + Sector Sentiment,Sentiment fusion,Equal Weight + Sector Sentiment,Equity,True,WFC,Financials,equity,0.019686307448715173,0.02,2023-06-30,-0.004591666666666672,True,0.9977041666666666,2022-06-30,2023-06-30,252
2023-07-03,Equity Equal Weight + Sector Sentiment,Sentiment fusion,Equal Weight + Sector Sentiment,Equity,True,WMT,Consumer,equity,0.020709160304777263,0.02,2023-06-30,0.09908491758241758,True,1.0495424587912088,2022-06-30,2023-06-30,252
2023-07-03,Equity Equal Weight + Sector Sentiment,Sentiment fusion,Equal Weight + Sector Sentiment,Equity,True,XOM,Energy,equity,0.01990626225953499,0.02,2023-06-30,0.017703000000000003,True,1.0088515,2022-06-30,2023-06-30,252
2023-08-01,Equity Equal Weight,Base,Equal Weight,Equity,False,ABBV,Healthcare,equity,0.02,0.02,,,False,1.0,2022-07-29,2023-07-31,252
2023-08-01,Equity Equal Weight,Base,Equal Weight,Equity,False,ABT,Healthcare,equity,0.02,0.02,,,False,1.0,2022-07-29,2023-07-31,252
2023-08-01,Equity Equal Weight,Base,Equal Weight,Equity,False,ADBE,Tech,equity,0.02,0.02,,,False,1.0,2022-07-29,2023-07-31,252
2023-08-01,Equity Equal Weight,Base,Equal Weight,Equity,False,AEP,Utilities,equity,0.02,0.02,,,False,1.0,2022-07-29,2023-07-31,252
2023-08-01,Equity Equal Weight,Base,Equal Weight,Equity,False,AMD,Tech,equity,0.02,0.02,,,False,1.0,2022-07-29,2023-07-31,252
2023-08-01,Equity Equal Weight,Base,Equal Weight,Equity,False,AMGN,Healthcare,equity,0.02,0.02,,,False,1.0,2022-07-29,2023-07-31,252
2023-08-01,Equity Equal Weight,Base,Equal Weight,Equity,False,AMT,RealEstate,equity,0.02,0.02,,,False,1.0,2022-07-29,2023-07-31,252
2023-08-01,Equity Equal Weight,Base,Equal Weight,Equity,False,BA,Industrials,equity,0.02,0.02,,,False,1.0,2022-07-29,2023-07-31,252
2023-08-01,Equity Equal Weight,Base,Equal Weight,Equity,False,CAT,Industrials,equity,0.02,0.02,,,False,1.0,2022-07-29,2023-07-31,252
2023-08-01,Equity Equal Weight,Base,Equal Weight,Equity,False,CCI,RealEstate,equity,0.02,0.02,,,False,1.0,2022-07-29,2023-07-31,252
2023-08-01,Equity Equal Weight,Base,Equal Weight,Equity,False,CMCSA,Comm,equity,0.02,0.02,,,False,1.0,2022-07-29,2023-07-31,252
2023-08-01,Equity Equal Weight,Base,Equal Weight,Equity,False,COP,Energy,equity,0.02,0.02,,,False,1.0,2022-07-29,2023-07-31,252
2023-08-01,Equity Equal Weight,Base,Equal Weight,Equity,False,CVX,Energy,equity,0.02,0.02,,,False,1.0,2022-07-29,2023-07-31,252
2023-08-01,Equity Equal Weight,Base,Equal Weight,Equity,False,D,Utilities,equity,0.02,0.02,,,False,1.0,2022-07-29,2023-07-31,252
2023-08-01,Equity Equal Weight,Base,Equal Weight,Equity,False,DD,Materials,equity,0.02,0.02,,,False,1.0,2022-07-29,2023-07-31,252
2023-08-01,Equity Equal Weight,Base,Equal Weight,Equity,False,DIS,Consumer,equity,0.02,0.02,,,False,1.0,2022-07-29,2023-07-31,252
2023-08-01,Equity Equal Weight,Base,Equal Weight,Equity,False,DOW,Materials,equity,0.02,0.02,,,False,1.0,2022-07-29,2023-07-31,252
2023-08-01,Equity Equal Weight,Base,Equal Weight,Equity,False,DUK,Utilities,equity,0.02,0.02,,,False,1.0,2022-07-29,2023-07-31,252
2023-08-01,Equity Equal Weight,Base,Equal Weight,Equity,False,EA,Comm,equity,0.02,0.02,,,False,1.0,2022-07-29,2023-07-31,252
2023-08-01,Equity Equal Weight,Base,Equal Weight,Equity,False,GE,Industrials,equity,0.02,0.02,,,False,1.0,2022-07-29,2023-07-31,252
2023-08-01,Equity Equal Weight,Base,Equal Weight,Equity,False,GILD,Healthcare,equity,0.02,0.02,,,False,1.0,2022-07-29,2023-07-31,252
2023-08-01,Equity Equal Weight,Base,Equal Weight,Equity,False,GS,Financials,equity,0.02,0.02,,,False,1.0,2022-07-29,2023-07-31,252
2023-08-01,Equity Equal Weight,Base,Equal Weight,Equity,False,INTC,Tech,equity,0.02,0.02,,,False,1.0,2022-07-29,2023-07-31,252
2023-08-01,Equity Equal Weight,Base,Equal Weight,Equity,False,KO,Consumer,equity,0.02,0.02,,,False,1.0,2022-07-29,2023-07-31,252
2023-08-01,Equity Equal Weight,Base,Equal Weight,Equity,False,MMM,Industrials,equity,0.02,0.02,,,False,1.0,2022-07-29,2023-07-31,252
2023-08-01,Equity Equal Weight,Base,Equal Weight,Equity,False,MRK,Healthcare,equity,0.02,0.02,,,False,1.0,2022-07-29,2023-07-31,252
2023-08-01,Equity Equal Weight,Base,Equal Weight,Equity,False,MS,Financials,equity,0.02,0.02,,,False,1.0,2022-07-29,2023-07-31,252
2023-08-01,Equity Equal Weight,Base,Equal Weight,Equity,False,NEE,Utilities,equity,0.02,0.02,,,False,1.0,2022-07-29,2023-07-31,252
2023-08-01,Equity Equal Weight,Base,Equal Weight,Equity,False,NEM,Materials,equity,0.02,0.02,,,False,1.0,2022-07-29,2023-07-31,252
2023-08-01,Equity Equal Weight,Base,Equal Weight,Equity,False,NKE,Consumer,equity,0.02,0.02,,,False,1.0,2022-07-29,2023-07-31,252
2023-08-01,Equity Equal Weight,Base,Equal Weight,Equity,False,NUE,Materials,equity,0.02,0.02,,,False,1.0,2022-07-29,2023-07-31,252
2023-08-01,Equity Equal Weight,Base,Equal Weight,Equity,False,NVDA,Tech,equity,0.02,0.02,,,False,1.0,2022-07-29,2023-07-31,252
2023-08-01,Equity Equal Weight,Base,Equal Weight,Equity,False,O,RealEstate,equity,0.02,0.02,,,False,1.0,2022-07-29,2023-07-31,252
2023-08-01,Equity Equal Weight,Base,Equal Weight,Equity,False,OXY,Energy,equity,0.02,0.02,,,False,1.0,2022-07-29,2023-07-31,252
2023-08-01,Equity Equal Weight,Base,Equal Weight,Equity,False,PLD,RealEstate,equity,0.02,0.02,,,False,1.0,2022-07-29,2023-07-31,252
2023-08-01,Equity Equal Weight,Base,Equal Weight,Equity,False,PSA,RealEstate,equity,0.02,0.02,,,False,1.0,2022-07-29,2023-07-31,252
2023-08-01,Equity Equal Weight,Base,Equal Weight,Equity,False,QCOM,Tech,equity,0.02,0.02,,,False,1.0,2022-07-29,2023-07-31,252
2023-08-01,Equity Equal Weight,Base,Equal Weight,Equity,False,SBUX,Consumer,equity,0.02,0.02,,,False,1.0,2022-07-29,2023-07-31,252
2023-08-01,Equity Equal Weight,Base,Equal Weight,Equity,False,SHW,Materials,equity,0.02,0.02,,,False,1.0,2022-07-29,2023-07-31,252
2023-08-01,Equity Equal Weight,Base,Equal Weight,Equity,False,SLB,Energy,equity,0.02,0.02,,,False,1.0,2022-07-29,2023-07-31,252
2023-08-01,Equity Equal Weight,Base,Equal Weight,Equity,False,SO,Utilities,equity,0.02,0.02,,,False,1.0,2022-07-29,2023-07-31,252
2023-08-01,Equity Equal Weight,Base,Equal Weight,Equity,False,T,Comm,equity,0.02,0.02,,,False,1.0,2022-07-29,2023-07-31,252
2023-08-01,Equity Equal Weight,Base,Equal Weight,Equity,False,TMUS,Comm,equity,0.02,0.02,,,False,1.0,2022-07-29,2023-07-31,252
2023-08-01,Equity Equal Weight,Base,Equal Weight,Equity,False,TTWO,Comm,equity,0.02,0.02,,,False,1.0,2022-07-29,2023-07-31,252
2023-08-01,Equity Equal Weight,Base,Equal Weight,Equity,False,UPS,Industrials,equity,0.02,0.02,,,False,1.0,2022-07-29,2023-07-31,252
2023-08-01,Equity Equal Weight,Base,Equal Weight,Equity,False,USB,Financials,equity,0.02,0.02,,,False,1.0,2022-07-29,2023-07-31,252
2023-08-01,Equity Equal Weight,Base,Equal Weight,Equity,False,V,Financials,equity,0.02,0.02,,,False,1.0,2022-07-29,2023-07-31,252
2023-08-01,Equity Equal Weight,Base,Equal Weight,Equity,False,WFC,Financials,equity,0.02,0.02,,,False,1.0,2022-07-29,2023-07-31,252
2023-08-01,Equity Equal Weight,Base,Equal Weight,Equity,False,WMT,Consumer,equity,0.02,0.02,,,False,1.0,2022-07-29,2023-07-31,252
2023-08-01,Equity Equal Weight,Base,Equal Weight,Equity,False,XOM,Energy,equity,0.02,0.02,,,False,1.0,2022-07-29,2023-07-31,252
2023-08-01,Equity Equal Weight + Sector Sentiment,Sentiment fusion,Equal Weight + Sector Sentiment,Equity,True,ABBV,Healthcare,equity,0.020062779604140685,0.02,2023-07-31,0.15817777777777778,True,1.079088888888889,2022-07-29,2023-07-31,252
2023-08-01,Equity Equal Weight + Sector Sentiment,Sentiment fusion,Equal Weight + Sector Sentiment,Equity,True,ABT,Healthcare,equity,0.020062779604140685,0.02,2023-07-31,0.15817777777777778,True,1.079088888888889,2022-07-29,2023-07-31,252
2023-08-01,Equity Equal Weight + Sector Sentiment,Sentiment fusion,Equal Weight + Sector Sentiment,Equity,True,ADBE,Tech,equity,0.020383532203344608,0.02,2023-07-31,0.19268152777777778,True,1.096340763888889,2022-07-29,2023-07-31,252
2023-08-01,Equity Equal Weight + Sector Sentiment,Sentiment fusion,Equal Weight + Sector Sentiment,Equity,True,AEP,Utilities,equity,0.021837624339091723,0.02,2023-07-31,0.3491,True,1.17455,2022-07-29,2023-07-31,252
2023-08-01,Equity Equal Weight + Sector Sentiment,Sentiment fusion,Equal Weight + Sector Sentiment,Equity,True,AMD,Tech,equity,0.020383532203344608,0.02,2023-07-31,0.19268152777777778,True,1.096340763888889,2022-07-29,2023-07-31,252
2023-08-01,Equity Equal Weight + Sector Sentiment,Sentiment fusion,Equal Weight + Sector Sentiment,Equity,True,AMGN,Healthcare,equity,0.020062779604140685,0.02,2023-07-31,0.15817777777777778,True,1.079088888888889,2022-07-29,2023-07-31,252
2023-08-01,Equity Equal Weight + Sector Sentiment,Sentiment fusion,Equal Weight + Sector Sentiment,Equity,True,AMT,RealEstate,equity,0.019772887694902715,0.02,2023-07-31,0.12699375000000002,True,1.063496875,2022-07-29,2023-07-31,252
2023-08-01,Equity Equal Weight + Sector Sentiment,Sentiment fusion,Equal Weight + Sector Sentiment,Equity,True,BA,Industrials,equity,0.019428771404610416,0.02,2023-07-31,0.08997673913043477,True,1.0449883695652173,2022-07-29,2023-07-31,252
2023-08-01,Equity Equal Weight + Sector Sentiment,Sentiment fusion,Equal Weight + Sector Sentiment,Equity,True,CAT,Industrials,equity,0.019428771404610416,0.02,2023-07-31,0.08997673913043477,True,1.0449883695652173,2022-07-29,2023-07-31,252
2023-08-01,Equity Equal Weight + Sector Sentiment,Sentiment fusion,Equal Weight + Sector Sentiment,Equity,True,CCI,RealEstate,equity,0.019772887694902715,0.02,2023-07-31,0.12699375000000002,True,1.063496875,2022-07-29,2023-07-31,252
2023-08-01,Equity Equal Weight + Sector Sentiment,Sentiment fusion,Equal Weight + Sector Sentiment,Equity,True,CMCSA,Comm,equity,0.019953511678613263,0.02,2023-07-31,0.1464236931818182,True,1.073211846590909,2022-07-29,2023-07-31,252
2023-08-01,Equity Equal Weight + Sector Sentiment,Sentiment fusion,Equal Weight + Sector Sentiment,Equity,True,COP,Energy,equity,0.021338436585826678,0.02,2023-07-31,0.29540176190476186,True,1.147700880952381,2022-07-29,2023-07-31,252
2023-08-01,Equity Equal Weight + Sector Sentiment,Sentiment fusion,Equal Weight + Sector Sentiment,Equity,True,CVX,Energy,equity,0.021338436585826678,0.02,2023-07-31,0.29540176190476186,True,1.147700880952381,2022-07-29,2023-07-31,252
2023-08-01,Equity Equal Weight + Sector Sentiment,Sentiment fusion,Equal Weight + Sector Sentiment,Equity,True,D,Utilities,equity,0.021837624339091723,0.02,2023-07-31,0.3491,True,1.17455,2022-07-29,2023-07-31,252
2023-08-01,Equity Equal Weight + Sector Sentiment,Sentiment fusion,Equal Weight + Sector Sentiment,Equity,True,DD,Materials,equity,0.018592332671313883,0.02,2023-07-31,,False,1.0,2022-07-29,2023-07-31,252
2023-08-01,Equity Equal Weight + Sector Sentiment,Sentiment fusion,Equal Weight + Sector Sentiment,Equity,True,DIS,Consumer,equity,0.01963233301685654,0.02,2023-07-31,0.11187411111111109,True,1.0559370555555556,2022-07-29,2023-07-31,252
2023-08-01,Equity Equal Weight + Sector Sentiment,Sentiment fusion,Equal Weight + Sector Sentiment,Equity,True,DOW,Materials,equity,0.018592332671313883,0.02,2023-07-31,,False,1.0,2022-07-29,2023-07-31,252
2023-08-01,Equity Equal Weight + Sector Sentiment,Sentiment fusion,Equal Weight + Sector Sentiment,Equity,True,DUK,Utilities,equity,0.021837624339091723,0.02,2023-07-31,0.3491,True,1.17455,2022-07-29,2023-07-31,252
2023-08-01,Equity Equal Weight + Sector Sentiment,Sentiment fusion,Equal Weight + Sector Sentiment,Equity,True,EA,Comm,equity,0.019953511678613263,0.02,2023-07-31,0.1464236931818182,True,1.073211846590909,2022-07-29,2023-07-31,252
2023-08-01,Equity Equal Weight + Sector Sentiment,Sentiment fusion,Equal Weight + Sector Sentiment,Equity,True,GE,Industrials,equity,0.019428771404610416,0.02,2023-07-31,0.08997673913043477,True,1.0449883695652173,2022-07-29,2023-07-31,252
2023-08-01,Equity Equal Weight + Sector Sentiment,Sentiment fusion,Equal Weight + Sector Sentiment,Equity,True,GILD,Healthcare,equity,0.020062779604140685,0.02,2023-07-31,0.15817777777777778,True,1.079088888888889,2022-07-29,2023-07-31,252
2023-08-01,Equity Equal Weight + Sector Sentiment,Sentiment fusion,Equal Weight + Sector Sentiment,Equity,True,GS,Financials,equity,0.018997790801299486,0.02,2023-07-31,0.04361562770562771,True,1.021807813852814,2022-07-29,2023-07-31,252
2023-08-01,Equity Equal Weight + Sector Sentiment,Sentiment fusion,Equal Weight + Sector Sentiment,Equity,True,INTC,Tech,equity,0.020383532203344608,0.02,2023-07-31,0.19268152777777778,True,1.096340763888889,2022-07-29,2023-07-31,252
2023-08-01,Equity Equal Weight + Sector Sentiment,Sentiment fusion,Equal Weight + Sector Sentiment,Equity,True,KO,Consumer,equity,0.01963233301685654,0.02,2023-07-31,0.11187411111111109,True,1.0559370555555556,2022-07-29,2023-07-31,252
2023-08-01,Equity Equal Weight + Sector Sentiment,Sentiment fusion,Equal Weight + Sector Sentiment,Equity,True,MMM,Industrials,equity,0.019428771404610416,0.02,2023-07-31,0.08997673913043477,True,1.0449883695652173,2022-07-29,2023-07-31,252
2023-08-01,Equity Equal Weight + Sector Sentiment,Sentiment fusion,Equal Weight + Sector Sentiment,Equity,True,MRK,Healthcare,equity,0.020062779604140685,0.02,2023-07-31,0.15817777777777778,True,1.079088888888889,2022-07-29,2023-07-31,252
2023-08-01,Equity Equal Weight + Sector Sentiment,Sentiment fusion,Equal Weight + Sector Sentiment,Equity,True,MS,Financials,equity,0.018997790801299486,0.02,2023-07-31,0.04361562770562771,True,1.021807813852814,2022-07-29,2023-07-31,252
2023-08-01,Equity Equal Weight + Sector Sentiment,Sentiment fusion,Equal Weight + Sector Sentiment,Equity,True,NEE,Utilities,equity,0.021837624339091723,0.02,2023-07-31,0.3491,True,1.17455,2022-07-29,2023-07-31,252
2023-08-01,Equity Equal Weight + Sector Sentiment,Sentiment fusion,Equal Weight + Sector Sentiment,Equity,True,NEM,Materials,equity,0.018592332671313883,0.02,2023-07-31,,False,1.0,2022-07-29,2023-07-31,252
2023-08-01,Equity Equal Weight + Sector Sentiment,Sentiment fusion,Equal Weight + Sector Sentiment,Equity,True,NKE,Consumer,equity,0.01963233301685654,0.02,2023-07-31,0.11187411111111109,True,1.0559370555555556,2022-07-29,2023-07-31,252
2023-08-01,Equity Equal Weight + Sector Sentiment,Sentiment fusion,Equal Weight + Sector Sentiment,Equity,True,NUE,Materials,equity,0.018592332671313883,0.02,2023-07-31,,False,1.0,2022-07-29,2023-07-31,252
2023-08-01,Equity Equal Weight + Sector Sentiment,Sentiment fusion,Equal Weight + Sector Sentiment,Equity,True,NVDA,Tech,equity,0.020383532203344608,0.02,2023-07-31,0.19268152777777778,True,1.096340763888889,2022-07-29,2023-07-31,252
2023-08-01,Equity Equal Weight + Sector Sentiment,Sentiment fusion,Equal Weight + Sector Sentiment,Equity,True,O,RealEstate,equity,0.019772887694902715,0.02,2023-07-31,0.12699375000000002,True,1.063496875,2022-07-29,2023-07-31,252
2023-08-01,Equity Equal Weight + Sector Sentiment,Sentiment fusion,Equal Weight + Sector Sentiment,Equity,True,OXY,Energy,equity,0.021338436585826678,0.02,2023-07-31,0.29540176190476186,True,1.147700880952381,2022-07-29,2023-07-31,252
2023-08-01,Equity Equal Weight + Sector Sentiment,Sentiment fusion,Equal Weight + Sector Sentiment,Equity,True,PLD,RealEstate,equity,0.019772887694902715,0.02,2023-07-31,0.12699375000000002,True,1.063496875,2022-07-29,2023-07-31,252
2023-08-01,Equity Equal Weight + Sector Sentiment,Sentiment fusion,Equal Weight + Sector Sentiment,Equity,True,PSA,RealEstate,equity,0.019772887694902715,0.02,2023-07-31,0.12699375000000002,True,1.063496875,2022-07-29,2023-07-31,252
2023-08-01,Equity Equal Weight + Sector Sentiment,Sentiment fusion,Equal Weight + Sector Sentiment,Equity,True,QCOM,Tech,equity,0.020383532203344608,0.02,2023-07-31,0.19268152777777778,True,1.096340763888889,2022-07-29,2023-07-31,252
2023-08-01,Equity Equal Weight + Sector Sentiment,Sentiment fusion,Equal Weight + Sector Sentiment,Equity,True,SBUX,Consumer,equity,0.01963233301685654,0.02,2023-07-31,0.11187411111111109,True,1.0559370555555556,2022-07-29,2023-07-31,252
2023-08-01,Equity Equal Weight + Sector Sentiment,Sentiment fusion,Equal Weight + Sector Sentiment,Equity,True,SHW,Materials,equity,0.018592332671313883,0.02,2023-07-31,,False,1.0,2022-07-29,2023-07-31,252
2023-08-01,Equity Equal Weight + Sector Sentiment,Sentiment fusion,Equal Weight + Sector Sentiment,Equity,True,SLB,Energy,equity,0.021338436585826678,0.02,2023-07-31,0.29540176190476186,True,1.147700880952381,2022-07-29,2023-07-31,252
2023-08-01,Equity Equal Weight + Sector Sentiment,Sentiment fusion,Equal Weight + Sector Sentiment,Equity,True,SO,Utilities,equity,0.021837624339091723,0.02,2023-07-31,0.3491,True,1.17455,2022-07-29,2023-07-31,252
2023-08-01,Equity Equal Weight + Sector Sentiment,Sentiment fusion,Equal Weight + Sector Sentiment,Equity,True,T,Comm,equity,0.019953511678613263,0.02,2023-07-31,0.1464236931818182,True,1.073211846590909,2022-07-29,2023-07-31,252
2023-08-01,Equity Equal Weight + Sector Sentiment,Sentiment fusion,Equal Weight + Sector Sentiment,Equity,True,TMUS,Comm,equity,0.019953511678613263,0.02,2023-07-31,0.1464236931818182,True,1.073211846590909,2022-07-29,2023-07-31,252
2023-08-01,Equity Equal Weight + Sector Sentiment,Sentiment fusion,Equal Weight + Sector Sentiment,Equity,True,TTWO,Comm,equity,0.019953511678613263,0.02,2023-07-31,0.1464236931818182,True,1.073211846590909,2022-07-29,2023-07-31,252
2023-08-01,Equity Equal Weight + Sector Sentiment,Sentiment fusion,Equal Weight + Sector Sentiment,Equity,True,UPS,Industrials,equity,0.019428771404610416,0.02,2023-07-31,0.08997673913043477,True,1.0449883695652173,2022-07-29,2023-07-31,252
2023-08-01,Equity Equal Weight + Sector Sentiment,Sentiment fusion,Equal Weight + Sector Sentiment,Equity,True,USB,Financials,equity,0.018997790801299486,0.02,2023-07-31,0.04361562770562771,True,1.021807813852814,2022-07-29,2023-07-31,252
2023-08-01,Equity Equal Weight + Sector Sentiment,Sentiment fusion,Equal Weight + Sector Sentiment,Equity,True,V,Financials,equity,0.018997790801299486,0.02,2023-07-31,0.04361562770562771,True,1.021807813852814,2022-07-29,2023-07-31,252
2023-08-01,Equity Equal Weight + Sector Sentiment,Sentiment fusion,Equal Weight + Sector Sentiment,Equity,True,WFC,Financials,equity,0.018997790801299486,0.02,2023-07-31,0.04361562770562771,True,1.021807813852814,2022-07-29,2023-07-31,252
2023-08-01,Equity Equal Weight + Sector Sentiment,Sentiment fusion,Equal Weight + Sector Sentiment,Equity,True,WMT,Consumer,equity,0.01963233301685654,0.02,2023-07-31,0.11187411111111109,True,1.0559370555555556,2022-07-29,2023-07-31,252
2023-08-01,Equity Equal Weight + Sector Sentiment,Sentiment fusion,Equal Weight + Sector Sentiment,Equity,True,XOM,Energy,equity,0.021338436585826678,0.02,2023-07-31,0.29540176190476186,True,1.147700880952381,2022-07-29,2023-07-31,252
2023-09-01,Equity Equal Weight,Base,Equal Weight,Equity,False,ABBV,Healthcare,equity,0.02,0.02,,,False,1.0,2022-08-31,2023-08-31,252
2023-09-01,Equity Equal Weight,Base,Equal Weight,Equity,False,ABT,Healthcare,equity,0.02,0.02,,,False,1.0,2022-08-31,2023-08-31,252
2023-09-01,Equity Equal Weight,Base,Equal Weight,Equity,False,ADBE,Tech,equity,0.02,0.02,,,False,1.0,2022-08-31,2023-08-31,252
2023-09-01,Equity Equal Weight,Base,Equal Weight,Equity,False,AEP,Utilities,equity,0.02,0.02,,,False,1.0,2022-08-31,2023-08-31,252
2023-09-01,Equity Equal Weight,Base,Equal Weight,Equity,False,AMD,Tech,equity,0.02,0.02,,,False,1.0,2022-08-31,2023-08-31,252
2023-09-01,Equity Equal Weight,Base,Equal Weight,Equity,False,AMGN,Healthcare,equity,0.02,0.02,,,False,1.0,2022-08-31,2023-08-31,252
2023-09-01,Equity Equal Weight,Base,Equal Weight,Equity,False,AMT,RealEstate,equity,0.02,0.02,,,False,1.0,2022-08-31,2023-08-31,252
2023-09-01,Equity Equal Weight,Base,Equal Weight,Equity,False,BA,Industrials,equity,0.02,0.02,,,False,1.0,2022-08-31,2023-08-31,252
2023-09-01,Equity Equal Weight,Base,Equal Weight,Equity,False,CAT,Industrials,equity,0.02,0.02,,,False,1.0,2022-08-31,2023-08-31,252
2023-09-01,Equity Equal Weight,Base,Equal Weight,Equity,False,CCI,RealEstate,equity,0.02,0.02,,,False,1.0,2022-08-31,2023-08-31,252
2023-09-01,Equity Equal Weight,Base,Equal Weight,Equity,False,CMCSA,Comm,equity,0.02,0.02,,,False,1.0,2022-08-31,2023-08-31,252
2023-09-01,Equity Equal Weight,Base,Equal Weight,Equity,False,COP,Energy,equity,0.02,0.02,,,False,1.0,2022-08-31,2023-08-31,252
2023-09-01,Equity Equal Weight,Base,Equal Weight,Equity,False,CVX,Energy,equity,0.02,0.02,,,False,1.0,2022-08-31,2023-08-31,252
2023-09-01,Equity Equal Weight,Base,Equal Weight,Equity,False,D,Utilities,equity,0.02,0.02,,,False,1.0,2022-08-31,2023-08-31,252
2023-09-01,Equity Equal Weight,Base,Equal Weight,Equity,False,DD,Materials,equity,0.02,0.02,,,False,1.0,2022-08-31,2023-08-31,252
2023-09-01,Equity Equal Weight,Base,Equal Weight,Equity,False,DIS,Consumer,equity,0.02,0.02,,,False,1.0,2022-08-31,2023-08-31,252
2023-09-01,Equity Equal Weight,Base,Equal Weight,Equity,False,DOW,Materials,equity,0.02,0.02,,,False,1.0,2022-08-31,2023-08-31,252
2023-09-01,Equity Equal Weight,Base,Equal Weight,Equity,False,DUK,Utilities,equity,0.02,0.02,,,False,1.0,2022-08-31,2023-08-31,252
2023-09-01,Equity Equal Weight,Base,Equal Weight,Equity,False,EA,Comm,equity,0.02,0.02,,,False,1.0,2022-08-31,2023-08-31,252
2023-09-01,Equity Equal Weight,Base,Equal Weight,Equity,False,GE,Industrials,equity,0.02,0.02,,,False,1.0,2022-08-31,2023-08-31,252
2023-09-01,Equity Equal Weight,Base,Equal Weight,Equity,False,GILD,Healthcare,equity,0.02,0.02,,,False,1.0,2022-08-31,2023-08-31,252
2023-09-01,Equity Equal Weight,Base,Equal Weight,Equity,False,GS,Financials,equity,0.02,0.02,,,False,1.0,2022-08-31,2023-08-31,252
2023-09-01,Equity Equal Weight,Base,Equal Weight,Equity,False,INTC,Tech,equity,0.02,0.02,,,False,1.0,2022-08-31,2023-08-31,252
2023-09-01,Equity Equal Weight,Base,Equal Weight,Equity,False,KO,Consumer,equity,0.02,0.02,,,False,1.0,2022-08-31,2023-08-31,252
2023-09-01,Equity Equal Weight,Base,Equal Weight,Equity,False,MMM,Industrials,equity,0.02,0.02,,,False,1.0,2022-08-31,2023-08-31,252
2023-09-01,Equity Equal Weight,Base,Equal Weight,Equity,False,MRK,Healthcare,equity,0.02,0.02,,,False,1.0,2022-08-31,2023-08-31,252
2023-09-01,Equity Equal Weight,Base,Equal Weight,Equity,False,MS,Financials,equity,0.02,0.02,,,False,1.0,2022-08-31,2023-08-31,252
2023-09-01,Equity Equal Weight,Base,Equal Weight,Equity,False,NEE,Utilities,equity,0.02,0.02,,,False,1.0,2022-08-31,2023-08-31,252
2023-09-01,Equity Equal Weight,Base,Equal Weight,Equity,False,NEM,Materials,equity,0.02,0.02,,,False,1.0,2022-08-31,2023-08-31,252
2023-09-01,Equity Equal Weight,Base,Equal Weight,Equity,False,NKE,Consumer,equity,0.02,0.02,,,False,1.0,2022-08-31,2023-08-31,252
2023-09-01,Equity Equal Weight,Base,Equal Weight,Equity,False,NUE,Materials,equity,0.02,0.02,,,False,1.0,2022-08-31,2023-08-31,252
2023-09-01,Equity Equal Weight,Base,Equal Weight,Equity,False,NVDA,Tech,equity,0.02,0.02,,,False,1.0,2022-08-31,2023-08-31,252
2023-09-01,Equity Equal Weight,Base,Equal Weight,Equity,False,O,RealEstate,equity,0.02,0.02,,,False,1.0,2022-08-31,2023-08-31,252
2023-09-01,Equity Equal Weight,Base,Equal Weight,Equity,False,OXY,Energy,equity,0.02,0.02,,,False,1.0,2022-08-31,2023-08-31,252
2023-09-01,Equity Equal Weight,Base,Equal Weight,Equity,False,PLD,RealEstate,equity,0.02,0.02,,,False,1.0,2022-08-31,2023-08-31,252
2023-09-01,Equity Equal Weight,Base,Equal Weight,Equity,False,PSA,RealEstate,equity,0.02,0.02,,,False,1.0,2022-08-31,2023-08-31,252
2023-09-01,Equity Equal Weight,Base,Equal Weight,Equity,False,QCOM,Tech,equity,0.02,0.02,,,False,1.0,2022-08-31,2023-08-31,252
2023-09-01,Equity Equal Weight,Base,Equal Weight,Equity,False,SBUX,Consumer,equity,0.02,0.02,,,False,1.0,2022-08-31,2023-08-31,252
2023-09-01,Equity Equal Weight,Base,Equal Weight,Equity,False,SHW,Materials,equity,0.02,0.02,,,False,1.0,2022-08-31,2023-08-31,252
2023-09-01,Equity Equal Weight,Base,Equal Weight,Equity,False,SLB,Energy,equity,0.02,0.02,,,False,1.0,2022-08-31,2023-08-31,252
2023-09-01,Equity Equal Weight,Base,Equal Weight,Equity,False,SO,Utilities,equity,0.02,0.02,,,False,1.0,2022-08-31,2023-08-31,252
2023-09-01,Equity Equal Weight,Base,Equal Weight,Equity,False,T,Comm,equity,0.02,0.02,,,False,1.0,2022-08-31,2023-08-31,252
2023-09-01,Equity Equal Weight,Base,Equal Weight,Equity,False,TMUS,Comm,equity,0.02,0.02,,,False,1.0,2022-08-31,2023-08-31,252
2023-09-01,Equity Equal Weight,Base,Equal Weight,Equity,False,TTWO,Comm,equity,0.02,0.02,,,False,1.0,2022-08-31,2023-08-31,252
2023-09-01,Equity Equal Weight,Base,Equal Weight,Equity,False,UPS,Industrials,equity,0.02,0.02,,,False,1.0,2022-08-31,2023-08-31,252
2023-09-01,Equity Equal Weight,Base,Equal Weight,Equity,False,USB,Financials,equity,0.02,0.02,,,False,1.0,2022-08-31,2023-08-31,252
2023-09-01,Equity Equal Weight,Base,Equal Weight,Equity,False,V,Financials,equity,0.02,0.02,,,False,1.0,2022-08-31,2023-08-31,252
2023-09-01,Equity Equal Weight,Base,Equal Weight,Equity,False,WFC,Financials,equity,0.02,0.02,,,False,1.0,2022-08-31,2023-08-31,252
2023-09-01,Equity Equal Weight,Base,Equal Weight,Equity,False,WMT,Consumer,equity,0.02,0.02,,,False,1.0,2022-08-31,2023-08-31,252
2023-09-01,Equity Equal Weight,Base,Equal Weight,Equity,False,XOM,Energy,equity,0.02,0.02,,,False,1.0,2022-08-31,2023-08-31,252
2023-09-01,Equity Equal Weight + Sector Sentiment,Sentiment fusion,Equal Weight + Sector Sentiment,Equity,True,ABBV,Healthcare,equity,0.020061627597779054,0.02,2023-08-31,0.15754791666666668,True,1.0787739583333333,2022-08-31,2023-08-31,252
2023-09-01,Equity Equal Weight + Sector Sentiment,Sentiment fusion,Equal Weight + Sector Sentiment,Equity,True,ABT,Healthcare,equity,0.020061627597779054,0.02,2023-08-31,0.15754791666666668,True,1.0787739583333333,2022-08-31,2023-08-31,252
2023-09-01,Equity Equal Weight + Sector Sentiment,Sentiment fusion,Equal Weight + Sector Sentiment,Equity,True,ADBE,Tech,equity,0.01921597315142663,0.02,2023-08-31,0.06660115873015873,True,1.0333005793650794,2022-08-31,2023-08-31,252
2023-09-01,Equity Equal Weight + Sector Sentiment,Sentiment fusion,Equal Weight + Sector Sentiment,Equity,True,AEP,Utilities,equity,0.020033798422290517,0.02,2023-08-31,0.154555,True,1.0772775,2022-08-31,2023-08-31,252
2023-09-01,Equity Equal Weight + Sector Sentiment,Sentiment fusion,Equal Weight + Sector Sentiment,Equity,True,AMD,Tech,equity,0.01921597315142663,0.02,2023-08-31,0.06660115873015873,True,1.0333005793650794,2022-08-31,2023-08-31,252
2023-09-01,Equity Equal Weight + Sector Sentiment,Sentiment fusion,Equal Weight + Sector Sentiment,Equity,True,AMGN,Healthcare,equity,0.020061627597779054,0.02,2023-08-31,0.15754791666666668,True,1.0787739583333333,2022-08-31,2023-08-31,252
2023-09-01,Equity Equal Weight + Sector Sentiment,Sentiment fusion,Equal Weight + Sector Sentiment,Equity,True,AMT,RealEstate,equity,0.021348514845600065,0.02,2023-08-31,0.29594750000000003,True,1.14797375,2022-08-31,2023-08-31,252
2023-09-01,Equity Equal Weight + Sector Sentiment,Sentiment fusion,Equal Weight + Sector Sentiment,Equity,True,BA,Industrials,equity,0.01931708964133197,0.02,2023-08-31,0.07747583333333334,True,1.0387379166666666,2022-08-31,2023-08-31,252
2023-09-01,Equity Equal Weight + Sector Sentiment,Sentiment fusion,Equal Weight + Sector Sentiment,Equity,True,CAT,Industrials,equity,0.01931708964133197,0.02,2023-08-31,0.07747583333333334,True,1.0387379166666666,2022-08-31,2023-08-31,252
2023-09-01,Equity Equal Weight + Sector Sentiment,Sentiment fusion,Equal Weight + Sector Sentiment,Equity,True,CCI,RealEstate,equity,0.021348514845600065,0.02,2023-08-31,0.29594750000000003,True,1.14797375,2022-08-31,2023-08-31,252
2023-09-01,Equity Equal Weight + Sector Sentiment,Sentiment fusion,Equal Weight + Sector Sentiment,Equity,True,CMCSA,Comm,equity,0.0197033506935186,0.02,2023-08-31,0.11901666666666669,True,1.0595083333333333,2022-08-31,2023-08-31,252
2023-09-01,Equity Equal Weight + Sector Sentiment,Sentiment fusion,Equal Weight + Sector Sentiment,Equity,True,COP,Energy,equity,0.019415528133718555,0.02,2023-08-31,0.0880625,True,1.04403125,2022-08-31,2023-08-31,252
2023-09-01,Equity Equal Weight + Sector Sentiment,Sentiment fusion,Equal Weight + Sector Sentiment,Equity,True,CVX,Energy,equity,0.019415528133718555,0.02,2023-08-31,0.0880625,True,1.04403125,2022-08-31,2023-08-31,252
2023-09-01,Equity Equal Weight + Sector Sentiment,Sentiment fusion,Equal Weight + Sector Sentiment,Equity,True,D,Utilities,equity,0.020033798422290517,0.02,2023-08-31,0.154555,True,1.0772775,2022-08-31,2023-08-31,252
2023-09-01,Equity Equal Weight + Sector Sentiment,Sentiment fusion,Equal Weight + Sector Sentiment,Equity,True,DD,Materials,equity,0.020687425672509197,0.02,2023-08-31,0.22485,True,1.112425,2022-08-31,2023-08-31,252
2023-09-01,Equity Equal Weight + Sector Sentiment,Sentiment fusion,Equal Weight + Sector Sentiment,Equity,True,DIS,Consumer,equity,0.02072336422357545,0.02,2023-08-31,0.2287150476190476,True,1.1143575238095238,2022-08-31,2023-08-31,252
2023-09-01,Equity Equal Weight + Sector Sentiment,Sentiment fusion,Equal Weight + Sector Sentiment,Equity,True,DOW,Materials,equity,0.020687425672509197,0.02,2023-08-31,0.22485,True,1.112425,2022-08-31,2023-08-31,252
2023-09-01,Equity Equal Weight + Sector Sentiment,Sentiment fusion,Equal Weight + Sector Sentiment,Equity,True,DUK,Utilities,equity,0.020033798422290517,0.02,2023-08-31,0.154555,True,1.0772775,2022-08-31,2023-08-31,252
2023-09-01,Equity Equal Weight + Sector Sentiment,Sentiment fusion,Equal Weight + Sector Sentiment,Equity,True,EA,Comm,equity,0.0197033506935186,0.02,2023-08-31,0.11901666666666669,True,1.0595083333333333,2022-08-31,2023-08-31,252
2023-09-01,Equity Equal Weight + Sector Sentiment,Sentiment fusion,Equal Weight + Sector Sentiment,Equity,True,GE,Industrials,equity,0.01931708964133197,0.02,2023-08-31,0.07747583333333334,True,1.0387379166666666,2022-08-31,2023-08-31,252
2023-09-01,Equity Equal Weight + Sector Sentiment,Sentiment fusion,Equal Weight + Sector Sentiment,Equity,True,GILD,Healthcare,equity,0.020061627597779054,0.02,2023-08-31,0.15754791666666668,True,1.0787739583333333,2022-08-31,2023-08-31,252
2023-09-01,Equity Equal Weight + Sector Sentiment,Sentiment fusion,Equal Weight + Sector Sentiment,Equity,True,GS,Financials,equity,0.019493327618249935,0.02,2023-08-31,0.09642952380952381,True,1.048214761904762,2022-08-31,2023-08-31,252
2023-09-01,Equity Equal Weight + Sector Sentiment,Sentiment fusion,Equal Weight + Sector Sentiment,Equity,True,INTC,Tech,equity,0.01921597315142663,0.02,2023-08-31,0.06660115873015873,True,1.0333005793650794,2022-08-31,2023-08-31,252
2023-09-01,Equity Equal Weight + Sector Sentiment,Sentiment fusion,Equal Weight + Sector Sentiment,Equity,True,KO,Consumer,equity,0.02072336422357545,0.02,2023-08-31,0.2287150476190476,True,1.1143575238095238,2022-08-31,2023-08-31,252
2023-09-01,Equity Equal Weight + Sector Sentiment,Sentiment fusion,Equal Weight + Sector Sentiment,Equity,True,MMM,Industrials,equity,0.01931708964133197,0.02,2023-08-31,0.07747583333333334,True,1.0387379166666666,2022-08-31,2023-08-31,252
2023-09-01,Equity Equal Weight + Sector Sentiment,Sentiment fusion,Equal Weight + Sector Sentiment,Equity,True,MRK,Healthcare,equity,0.020061627597779054,0.02,2023-08-31,0.15754791666666668,True,1.0787739583333333,2022-08-31,2023-08-31,252
2023-09-01,Equity Equal Weight + Sector Sentiment,Sentiment fusion,Equal Weight + Sector Sentiment,Equity,True,MS,Financials,equity,0.019493327618249935,0.02,2023-08-31,0.09642952380952381,True,1.048214761904762,2022-08-31,2023-08-31,252
2023-09-01,Equity Equal Weight + Sector Sentiment,Sentiment fusion,Equal Weight + Sector Sentiment,Equity,True,NEE,Utilities,equity,0.020033798422290517,0.02,2023-08-31,0.154555,True,1.0772775,2022-08-31,2023-08-31,252
2023-09-01,Equity Equal Weight + Sector Sentiment,Sentiment fusion,Equal Weight + Sector Sentiment,Equity,True,NEM,Materials,equity,0.020687425672509197,0.02,2023-08-31,0.22485,True,1.112425,2022-08-31,2023-08-31,252
2023-09-01,Equity Equal Weight + Sector Sentiment,Sentiment fusion,Equal Weight + Sector Sentiment,Equity,True,NKE,Consumer,equity,0.02072336422357545,0.02,2023-08-31,0.2287150476190476,True,1.1143575238095238,2022-08-31,2023-08-31,252
2023-09-01,Equity Equal Weight + Sector Sentiment,Sentiment fusion,Equal Weight + Sector Sentiment,Equity,True,NUE,Materials,equity,0.020687425672509197,0.02,2023-08-31,0.22485,True,1.112425,2022-08-31,2023-08-31,252
2023-09-01,Equity Equal Weight + Sector Sentiment,Sentiment fusion,Equal Weight + Sector Sentiment,Equity,True,NVDA,Tech,equity,0.01921597315142663,0.02,2023-08-31,0.06660115873015873,True,1.0333005793650794,2022-08-31,2023-08-31,252
2023-09-01,Equity Equal Weight + Sector Sentiment,Sentiment fusion,Equal Weight + Sector Sentiment,Equity,True,O,RealEstate,equity,0.021348514845600065,0.02,2023-08-31,0.29594750000000003,True,1.14797375,2022-08-31,2023-08-31,252
2023-09-01,Equity Equal Weight + Sector Sentiment,Sentiment fusion,Equal Weight + Sector Sentiment,Equity,True,OXY,Energy,equity,0.019415528133718555,0.02,2023-08-31,0.0880625,True,1.04403125,2022-08-31,2023-08-31,252
2023-09-01,Equity Equal Weight + Sector Sentiment,Sentiment fusion,Equal Weight + Sector Sentiment,Equity,True,PLD,RealEstate,equity,0.021348514845600065,0.02,2023-08-31,0.29594750000000003,True,1.14797375,2022-08-31,2023-08-31,252
2023-09-01,Equity Equal Weight + Sector Sentiment,Sentiment fusion,Equal Weight + Sector Sentiment,Equity,True,PSA,RealEstate,equity,0.021348514845600065,0.02,2023-08-31,0.29594750000000003,True,1.14797375,2022-08-31,2023-08-31,252
2023-09-01,Equity Equal Weight + Sector Sentiment,Sentiment fusion,Equal Weight + Sector Sentiment,Equity,True,QCOM,Tech,equity,0.01921597315142663,0.02,2023-08-31,0.06660115873015873,True,1.0333005793650794,2022-08-31,2023-08-31,252
2023-09-01,Equity Equal Weight + Sector Sentiment,Sentiment fusion,Equal Weight + Sector Sentiment,Equity,True,SBUX,Consumer,equity,0.02072336422357545,0.02,2023-08-31,0.2287150476190476,True,1.1143575238095238,2022-08-31,2023-08-31,252
2023-09-01,Equity Equal Weight + Sector Sentiment,Sentiment fusion,Equal Weight + Sector Sentiment,Equity,True,SHW,Materials,equity,0.020687425672509197,0.02,2023-08-31,0.22485,True,1.112425,2022-08-31,2023-08-31,252
2023-09-01,Equity Equal Weight + Sector Sentiment,Sentiment fusion,Equal Weight + Sector Sentiment,Equity,True,SLB,Energy,equity,0.019415528133718555,0.02,2023-08-31,0.0880625,True,1.04403125,2022-08-31,2023-08-31,252
2023-09-01,Equity Equal Weight + Sector Sentiment,Sentiment fusion,Equal Weight + Sector Sentiment,Equity,True,SO,Utilities,equity,0.020033798422290517,0.02,2023-08-31,0.154555,True,1.0772775,2022-08-31,2023-08-31,252
2023-09-01,Equity Equal Weight + Sector Sentiment,Sentiment fusion,Equal Weight + Sector Sentiment,Equity,True,T,Comm,equity,0.0197033506935186,0.02,2023-08-31,0.11901666666666669,True,1.0595083333333333,2022-08-31,2023-08-31,252
2023-09-01,Equity Equal Weight + Sector Sentiment,Sentiment fusion,Equal Weight + Sector Sentiment,Equity,True,TMUS,Comm,equity,0.0197033506935186,0.02,2023-08-31,0.11901666666666669,True,1.0595083333333333,2022-08-31,2023-08-31,252
2023-09-01,Equity Equal Weight + Sector Sentiment,Sentiment fusion,Equal Weight + Sector Sentiment,Equity,True,TTWO,Comm,equity,0.0197033506935186,0.02,2023-08-31,0.11901666666666669,True,1.0595083333333333,2022-08-31,2023-08-31,252
2023-09-01,Equity Equal Weight + Sector Sentiment,Sentiment fusion,Equal Weight + Sector Sentiment,Equity,True,UPS,Industrials,equity,0.01931708964133197,0.02,2023-08-31,0.07747583333333334,True,1.0387379166666666,2022-08-31,2023-08-31,252
2023-09-01,Equity Equal Weight + Sector Sentiment,Sentiment fusion,Equal Weight + Sector Sentiment,Equity,True,USB,Financials,equity,0.019493327618249935,0.02,2023-08-31,0.09642952380952381,True,1.048214761904762,2022-08-31,2023-08-31,252
2023-09-01,Equity Equal Weight + Sector Sentiment,Sentiment fusion,Equal Weight + Sector Sentiment,Equity,True,V,Financials,equity,0.019493327618249935,0.02,2023-08-31,0.09642952380952381,True,1.048214761904762,2022-08-31,2023-08-31,252
2023-09-01,Equity Equal Weight + Sector Sentiment,Sentiment fusion,Equal Weight + Sector Sentiment,Equity,True,WFC,Financials,equity,0.019493327618249935,0.02,2023-08-31,0.09642952380952381,True,1.048214761904762,2022-08-31,2023-08-31,252
2023-09-01,Equity Equal Weight + Sector Sentiment,Sentiment fusion,Equal Weight + Sector Sentiment,Equity,True,WMT,Consumer,equity,0.02072336422357545,0.02,2023-08-31,0.2287150476190476,True,1.1143575238095238,2022-08-31,2023-08-31,252
2023-09-01,Equity Equal Weight + Sector Sentiment,Sentiment fusion,Equal Weight + Sector Sentiment,Equity,True,XOM,Energy,equity,0.019415528133718555,0.02,2023-08-31,0.0880625,True,1.04403125,2022-08-31,2023-08-31,252
2023-10-02,Equity Equal Weight,Base,Equal Weight,Equity,False,ABBV,Healthcare,equity,0.02,0.02,,,False,1.0,2022-09-29,2023-09-29,252
2023-10-02,Equity Equal Weight,Base,Equal Weight,Equity,False,ABT,Healthcare,equity,0.02,0.02,,,False,1.0,2022-09-29,2023-09-29,252
2023-10-02,Equity Equal Weight,Base,Equal Weight,Equity,False,ADBE,Tech,equity,0.02,0.02,,,False,1.0,2022-09-29,2023-09-29,252
2023-10-02,Equity Equal Weight,Base,Equal Weight,Equity,False,AEP,Utilities,equity,0.02,0.02,,,False,1.0,2022-09-29,2023-09-29,252
2023-10-02,Equity Equal Weight,Base,Equal Weight,Equity,False,AMD,Tech,equity,0.02,0.02,,,False,1.0,2022-09-29,2023-09-29,252
2023-10-02,Equity Equal Weight,Base,Equal Weight,Equity,False,AMGN,Healthcare,equity,0.02,0.02,,,False,1.0,2022-09-29,2023-09-29,252
2023-10-02,Equity Equal Weight,Base,Equal Weight,Equity,False,AMT,RealEstate,equity,0.02,0.02,,,False,1.0,2022-09-29,2023-09-29,252
2023-10-02,Equity Equal Weight,Base,Equal Weight,Equity,False,BA,Industrials,equity,0.02,0.02,,,False,1.0,2022-09-29,2023-09-29,252
2023-10-02,Equity Equal Weight,Base,Equal Weight,Equity,False,CAT,Industrials,equity,0.02,0.02,,,False,1.0,2022-09-29,2023-09-29,252
2023-10-02,Equity Equal Weight,Base,Equal Weight,Equity,False,CCI,RealEstate,equity,0.02,0.02,,,False,1.0,2022-09-29,2023-09-29,252
2023-10-02,Equity Equal Weight,Base,Equal Weight,Equity,False,CMCSA,Comm,equity,0.02,0.02,,,False,1.0,2022-09-29,2023-09-29,252
2023-10-02,Equity Equal Weight,Base,Equal Weight,Equity,False,COP,Energy,equity,0.02,0.02,,,False,1.0,2022-09-29,2023-09-29,252
2023-10-02,Equity Equal Weight,Base,Equal Weight,Equity,False,CVX,Energy,equity,0.02,0.02,,,False,1.0,2022-09-29,2023-09-29,252
2023-10-02,Equity Equal Weight,Base,Equal Weight,Equity,False,D,Utilities,equity,0.02,0.02,,,False,1.0,2022-09-29,2023-09-29,252
2023-10-02,Equity Equal Weight,Base,Equal Weight,Equity,False,DD,Materials,equity,0.02,0.02,,,False,1.0,2022-09-29,2023-09-29,252
2023-10-02,Equity Equal Weight,Base,Equal Weight,Equity,False,DIS,Consumer,equity,0.02,0.02,,,False,1.0,2022-09-29,2023-09-29,252
2023-10-02,Equity Equal Weight,Base,Equal Weight,Equity,False,DOW,Materials,equity,0.02,0.02,,,False,1.0,2022-09-29,2023-09-29,252
2023-10-02,Equity Equal Weight,Base,Equal Weight,Equity,False,DUK,Utilities,equity,0.02,0.02,,,False,1.0,2022-09-29,2023-09-29,252
2023-10-02,Equity Equal Weight,Base,Equal Weight,Equity,False,EA,Comm,equity,0.02,0.02,,,False,1.0,2022-09-29,2023-09-29,252
2023-10-02,Equity Equal Weight,Base,Equal Weight,Equity,False,GE,Industrials,equity,0.02,0.02,,,False,1.0,2022-09-29,2023-09-29,252
2023-10-02,Equity Equal Weight,Base,Equal Weight,Equity,False,GILD,Healthcare,equity,0.02,0.02,,,False,1.0,2022-09-29,2023-09-29,252
2023-10-02,Equity Equal Weight,Base,Equal Weight,Equity,False,GS,Financials,equity,0.02,0.02,,,False,1.0,2022-09-29,2023-09-29,252
2023-10-02,Equity Equal Weight,Base,Equal Weight,Equity,False,INTC,Tech,equity,0.02,0.02,,,False,1.0,2022-09-29,2023-09-29,252
2023-10-02,Equity Equal Weight,Base,Equal Weight,Equity,False,KO,Consumer,equity,0.02,0.02,,,False,1.0,2022-09-29,2023-09-29,252
2023-10-02,Equity Equal Weight,Base,Equal Weight,Equity,False,MMM,Industrials,equity,0.02,0.02,,,False,1.0,2022-09-29,2023-09-29,252
2023-10-02,Equity Equal Weight,Base,Equal Weight,Equity,False,MRK,Healthcare,equity,0.02,0.02,,,False,1.0,2022-09-29,2023-09-29,252
2023-10-02,Equity Equal Weight,Base,Equal Weight,Equity,False,MS,Financials,equity,0.02,0.02,,,False,1.0,2022-09-29,2023-09-29,252
2023-10-02,Equity Equal Weight,Base,Equal Weight,Equity,False,NEE,Utilities,equity,0.02,0.02,,,False,1.0,2022-09-29,2023-09-29,252
2023-10-02,Equity Equal Weight,Base,Equal Weight,Equity,False,NEM,Materials,equity,0.02,0.02,,,False,1.0,2022-09-29,2023-09-29,252
2023-10-02,Equity Equal Weight,Base,Equal Weight,Equity,False,NKE,Consumer,equity,0.02,0.02,,,False,1.0,2022-09-29,2023-09-29,252
2023-10-02,Equity Equal Weight,Base,Equal Weight,Equity,False,NUE,Materials,equity,0.02,0.02,,,False,1.0,2022-09-29,2023-09-29,252
2023-10-02,Equity Equal Weight,Base,Equal Weight,Equity,False,NVDA,Tech,equity,0.02,0.02,,,False,1.0,2022-09-29,2023-09-29,252
2023-10-02,Equity Equal Weight,Base,Equal Weight,Equity,False,O,RealEstate,equity,0.02,0.02,,,False,1.0,2022-09-29,2023-09-29,252
2023-10-02,Equity Equal Weight,Base,Equal Weight,Equity,False,OXY,Energy,equity,0.02,0.02,,,False,1.0,2022-09-29,2023-09-29,252
2023-10-02,Equity Equal Weight,Base,Equal Weight,Equity,False,PLD,RealEstate,equity,0.02,0.02,,,False,1.0,2022-09-29,2023-09-29,252
2023-10-02,Equity Equal Weight,Base,Equal Weight,Equity,False,PSA,RealEstate,equity,0.02,0.02,,,False,1.0,2022-09-29,2023-09-29,252
2023-10-02,Equity Equal Weight,Base,Equal Weight,Equity,False,QCOM,Tech,equity,0.02,0.02,,,False,1.0,2022-09-29,2023-09-29,252
2023-10-02,Equity Equal Weight,Base,Equal Weight,Equity,False,SBUX,Consumer,equity,0.02,0.02,,,False,1.0,2022-09-29,2023-09-29,252
2023-10-02,Equity Equal Weight,Base,Equal Weight,Equity,False,SHW,Materials,equity,0.02,0.02,,,False,1.0,2022-09-29,2023-09-29,252
2023-10-02,Equity Equal Weight,Base,Equal Weight,Equity,False,SLB,Energy,equity,0.02,0.02,,,False,1.0,2022-09-29,2023-09-29,252
2023-10-02,Equity Equal Weight,Base,Equal Weight,Equity,False,SO,Utilities,equity,0.02,0.02,,,False,1.0,2022-09-29,2023-09-29,252
2023-10-02,Equity Equal Weight,Base,Equal Weight,Equity,False,T,Comm,equity,0.02,0.02,,,False,1.0,2022-09-29,2023-09-29,252
2023-10-02,Equity Equal Weight,Base,Equal Weight,Equity,False,TMUS,Comm,equity,0.02,0.02,,,False,1.0,2022-09-29,2023-09-29,252
2023-10-02,Equity Equal Weight,Base,Equal Weight,Equity,False,TTWO,Comm,equity,0.02,0.02,,,False,1.0,2022-09-29,2023-09-29,252
2023-10-02,Equity Equal Weight,Base,Equal Weight,Equity,False,UPS,Industrials,equity,0.02,0.02,,,False,1.0,2022-09-29,2023-09-29,252
2023-10-02,Equity Equal Weight,Base,Equal Weight,Equity,False,USB,Financials,equity,0.02,0.02,,,False,1.0,2022-09-29,2023-09-29,252
2023-10-02,Equity Equal Weight,Base,Equal Weight,Equity,False,V,Financials,equity,0.02,0.02,,,False,1.0,2022-09-29,2023-09-29,252
2023-10-02,Equity Equal Weight,Base,Equal Weight,Equity,False,WFC,Financials,equity,0.02,0.02,,,False,1.0,2022-09-29,2023-09-29,252
2023-10-02,Equity Equal Weight,Base,Equal Weight,Equity,False,WMT,Consumer,equity,0.02,0.02,,,False,1.0,2022-09-29,2023-09-29,252
2023-10-02,Equity Equal Weight,Base,Equal Weight,Equity,False,XOM,Energy,equity,0.02,0.02,,,False,1.0,2022-09-29,2023-09-29,252
2023-10-02,Equity Equal Weight + Sector Sentiment,Sentiment fusion,Equal Weight + Sector Sentiment,Equity,True,ABBV,Healthcare,equity,0.01921600492655094,0.02,2023-09-29,0.12640500000000002,True,1.0632025,2022-09-29,2023-09-29,252
2023-10-02,Equity Equal Weight + Sector Sentiment,Sentiment fusion,Equal Weight + Sector Sentiment,Equity,True,ABT,Healthcare,equity,0.01921600492655094,0.02,2023-09-29,0.12640500000000002,True,1.0632025,2022-09-29,2023-09-29,252
2023-10-02,Equity Equal Weight + Sector Sentiment,Sentiment fusion,Equal Weight + Sector Sentiment,Equity,True,ADBE,Tech,equity,0.018824331964949096,0.02,2023-09-29,0.08306324675324675,True,1.0415316233766234,2022-09-29,2023-09-29,252
2023-10-02,Equity Equal Weight + Sector Sentiment,Sentiment fusion,Equal Weight + Sector Sentiment,Equity,True,AEP,Utilities,equity,0.02250512043610907,0.02,2023-09-29,0.490372,True,1.245186,2022-09-29,2023-09-29,252
2023-10-02,Equity Equal Weight + Sector Sentiment,Sentiment fusion,Equal Weight + Sector Sentiment,Equity,True,AMD,Tech,equity,0.018824331964949096,0.02,2023-09-29,0.08306324675324675,True,1.0415316233766234,2022-09-29,2023-09-29,252
2023-10-02,Equity Equal Weight + Sector Sentiment,Sentiment fusion,Equal Weight + Sector Sentiment,Equity,True,AMGN,Healthcare,equity,0.01921600492655094,0.02,2023-09-29,0.12640500000000002,True,1.0632025,2022-09-29,2023-09-29,252
2023-10-02,Equity Equal Weight + Sector Sentiment,Sentiment fusion,Equal Weight + Sector Sentiment,Equity,True,AMT,RealEstate,equity,0.019992225234143374,0.02,2023-09-29,0.21230000000000002,True,1.10615,2022-09-29,2023-09-29,252
2023-10-02,Equity Equal Weight + Sector Sentiment,Sentiment fusion,Equal Weight + Sector Sentiment,Equity,True,BA,Industrials,equity,0.02005927364730865,0.02,2023-09-29,0.21971944444444447,True,1.1098597222222222,2022-09-29,2023-09-29,252
2023-10-02,Equity Equal Weight + Sector Sentiment,Sentiment fusion,Equal Weight + Sector Sentiment,Equity,True,CAT,Industrials,equity,0.02005927364730865,0.02,2023-09-29,0.21971944444444447,True,1.1098597222222222,2022-09-29,2023-09-29,252
2023-10-02,Equity Equal Weight + Sector Sentiment,Sentiment fusion,Equal Weight + Sector Sentiment,Equity,True,CCI,RealEstate,equity,0.019992225234143374,0.02,2023-09-29,0.21230000000000002,True,1.10615,2022-09-29,2023-09-29,252
2023-10-02,Equity Equal Weight + Sector Sentiment,Sentiment fusion,Equal Weight + Sector Sentiment,Equity,True,CMCSA,Comm,equity,0.021755427804317762,0.02,2023-09-29,0.4074125,True,1.20370625,2022-09-29,2023-09-29,252
2023-10-02,Equity Equal Weight + Sector Sentiment,Sentiment fusion,Equal Weight + Sector Sentiment,Equity,True,COP,Energy,equity,0.020016178913581352,0.02,2023-09-29,0.21495066666666665,True,1.1074753333333334,2022-09-29,2023-09-29,252
2023-10-02,Equity Equal Weight + Sector Sentiment,Sentiment fusion,Equal Weight + Sector Sentiment,Equity,True,CVX,Energy,equity,0.020016178913581352,0.02,2023-09-29,0.21495066666666665,True,1.1074753333333334,2022-09-29,2023-09-29,252
2023-10-02,Equity Equal Weight + Sector Sentiment,Sentiment fusion,Equal Weight + Sector Sentiment,Equity,True,D,Utilities,equity,0.02250512043610907,0.02,2023-09-29,0.490372,True,1.245186,2022-09-29,2023-09-29,252
2023-10-02,Equity Equal Weight + Sector Sentiment,Sentiment fusion,Equal Weight + Sector Sentiment,Equity,True,DD,Materials,equity,0.018073701789217893,0.02,2023-09-29,0.0,True,1.0,2022-09-29,2023-09-29,252
2023-10-02,Equity Equal Weight + Sector Sentiment,Sentiment fusion,Equal Weight + Sector Sentiment,Equity,True,DIS,Consumer,equity,0.01959667212384674,0.02,2023-09-29,0.16852887719298246,True,1.0842644385964912,2022-09-29,2023-09-29,252
2023-10-02,Equity Equal Weight + Sector Sentiment,Sentiment fusion,Equal Weight + Sector Sentiment,Equity,True,DOW,Materials,equity,0.018073701789217893,0.02,2023-09-29,0.0,True,1.0,2022-09-29,2023-09-29,252
2023-10-02,Equity Equal Weight + Sector Sentiment,Sentiment fusion,Equal Weight + Sector Sentiment,Equity,True,DUK,Utilities,equity,0.02250512043610907,0.02,2023-09-29,0.490372,True,1.245186,2022-09-29,2023-09-29,252
2023-10-02,Equity Equal Weight + Sector Sentiment,Sentiment fusion,Equal Weight + Sector Sentiment,Equity,True,EA,Comm,equity,0.021755427804317762,0.02,2023-09-29,0.4074125,True,1.20370625,2022-09-29,2023-09-29,252
2023-10-02,Equity Equal Weight + Sector Sentiment,Sentiment fusion,Equal Weight + Sector Sentiment,Equity,True,GE,Industrials,equity,0.02005927364730865,0.02,2023-09-29,0.21971944444444447,True,1.1098597222222222,2022-09-29,2023-09-29,252
2023-10-02,Equity Equal Weight + Sector Sentiment,Sentiment fusion,Equal Weight + Sector Sentiment,Equity,True,GILD,Healthcare,equity,0.01921600492655094,0.02,2023-09-29,0.12640500000000002,True,1.0632025,2022-09-29,2023-09-29,252
2023-10-02,Equity Equal Weight + Sector Sentiment,Sentiment fusion,Equal Weight + Sector Sentiment,Equity,True,GS,Financials,equity,0.01996106315997513,0.02,2023-09-29,0.20885166666666666,True,1.1044258333333334,2022-09-29,2023-09-29,252
2023-10-02,Equity Equal Weight + Sector Sentiment,Sentiment fusion,Equal Weight + Sector Sentiment,Equity,True,INTC,Tech,equity,0.018824331964949096,0.02,2023-09-29,0.08306324675324675,True,1.0415316233766234,2022-09-29,2023-09-29,252
2023-10-02,Equity Equal Weight + Sector Sentiment,Sentiment fusion,Equal Weight + Sector Sentiment,Equity,True,KO,Consumer,equity,0.01959667212384674,0.02,2023-09-29,0.16852887719298246,True,1.0842644385964912,2022-09-29,2023-09-29,252
2023-10-02,Equity Equal Weight + Sector Sentiment,Sentiment fusion,Equal Weight + Sector Sentiment,Equity,True,MMM,Industrials,equity,0.02005927364730865,0.02,2023-09-29,0.21971944444444447,True,1.1098597222222222,2022-09-29,2023-09-29,252
2023-10-02,Equity Equal Weight + Sector Sentiment,Sentiment fusion,Equal Weight + Sector Sentiment,Equity,True,MRK,Healthcare,equity,0.01921600492655094,0.02,2023-09-29,0.12640500000000002,True,1.0632025,2022-09-29,2023-09-29,252
2023-10-02,Equity Equal Weight + Sector Sentiment,Sentiment fusion,Equal Weight + Sector Sentiment,Equity,True,MS,Financials,equity,0.01996106315997513,0.02,2023-09-29,0.20885166666666666,True,1.1044258333333334,2022-09-29,2023-09-29,252
2023-10-02,Equity Equal Weight + Sector Sentiment,Sentiment fusion,Equal Weight + Sector Sentiment,Equity,True,NEE,Utilities,equity,0.02250512043610907,0.02,2023-09-29,0.490372,True,1.245186,2022-09-29,2023-09-29,252
2023-10-02,Equity Equal Weight + Sector Sentiment,Sentiment fusion,Equal Weight + Sector Sentiment,Equity,True,NEM,Materials,equity,0.018073701789217893,0.02,2023-09-29,0.0,True,1.0,2022-09-29,2023-09-29,252
2023-10-02,Equity Equal Weight + Sector Sentiment,Sentiment fusion,Equal Weight + Sector Sentiment,Equity,True,NKE,Consumer,equity,0.01959667212384674,0.02,2023-09-29,0.16852887719298246,True,1.0842644385964912,2022-09-29,2023-09-29,252
2023-10-02,Equity Equal Weight + Sector Sentiment,Sentiment fusion,Equal Weight + Sector Sentiment,Equity,True,NUE,Materials,equity,0.018073701789217893,0.02,2023-09-29,0.0,True,1.0,2022-09-29,2023-09-29,252
2023-10-02,Equity Equal Weight + Sector Sentiment,Sentiment fusion,Equal Weight + Sector Sentiment,Equity,True,NVDA,Tech,equity,0.018824331964949096,0.02,2023-09-29,0.08306324675324675,True,1.0415316233766234,2022-09-29,2023-09-29,252
2023-10-02,Equity Equal Weight + Sector Sentiment,Sentiment fusion,Equal Weight + Sector Sentiment,Equity,True,O,RealEstate,equity,0.019992225234143374,0.02,2023-09-29,0.21230000000000002,True,1.10615,2022-09-29,2023-09-29,252
2023-10-02,Equity Equal Weight + Sector Sentiment,Sentiment fusion,Equal Weight + Sector Sentiment,Equity,True,OXY,Energy,equity,0.020016178913581352,0.02,2023-09-29,0.21495066666666665,True,1.1074753333333334,2022-09-29,2023-09-29,252
2023-10-02,Equity Equal Weight + Sector Sentiment,Sentiment fusion,Equal Weight + Sector Sentiment,Equity,True,PLD,RealEstate,equity,0.019992225234143374,0.02,2023-09-29,0.21230000000000002,True,1.10615,2022-09-29,2023-09-29,252
2023-10-02,Equity Equal Weight + Sector Sentiment,Sentiment fusion,Equal Weight + Sector Sentiment,Equity,True,PSA,RealEstate,equity,0.019992225234143374,0.02,2023-09-29,0.21230000000000002,True,1.10615,2022-09-29,2023-09-29,252
2023-10-02,Equity Equal Weight + Sector Sentiment,Sentiment fusion,Equal Weight + Sector Sentiment,Equity,True,QCOM,Tech,equity,0.018824331964949096,0.02,2023-09-29,0.08306324675324675,True,1.0415316233766234,2022-09-29,2023-09-29,252
2023-10-02,Equity Equal Weight + Sector Sentiment,Sentiment fusion,Equal Weight + Sector Sentiment,Equity,True,SBUX,Consumer,equity,0.01959667212384674,0.02,2023-09-29,0.16852887719298246,True,1.0842644385964912,2022-09-29,2023-09-29,252
2023-10-02,Equity Equal Weight + Sector Sentiment,Sentiment fusion,Equal Weight + Sector Sentiment,Equity,True,SHW,Materials,equity,0.018073701789217893,0.02,2023-09-29,0.0,True,1.0,2022-09-29,2023-09-29,252
2023-10-02,Equity Equal Weight + Sector Sentiment,Sentiment fusion,Equal Weight + Sector Sentiment,Equity,True,SLB,Energy,equity,0.020016178913581352,0.02,2023-09-29,0.21495066666666665,True,1.1074753333333334,2022-09-29,2023-09-29,252
2023-10-02,Equity Equal Weight + Sector Sentiment,Sentiment fusion,Equal Weight + Sector Sentiment,Equity,True,SO,Utilities,equity,0.02250512043610907,0.02,2023-09-29,0.490372,True,1.245186,2022-09-29,2023-09-29,252
2023-10-02,Equity Equal Weight + Sector Sentiment,Sentiment fusion,Equal Weight + Sector Sentiment,Equity,True,T,Comm,equity,0.021755427804317762,0.02,2023-09-29,0.4074125,True,1.20370625,2022-09-29,2023-09-29,252
2023-10-02,Equity Equal Weight + Sector Sentiment,Sentiment fusion,Equal Weight + Sector Sentiment,Equity,True,TMUS,Comm,equity,0.021755427804317762,0.02,2023-09-29,0.4074125,True,1.20370625,2022-09-29,2023-09-29,252
2023-10-02,Equity Equal Weight + Sector Sentiment,Sentiment fusion,Equal Weight + Sector Sentiment,Equity,True,TTWO,Comm,equity,0.021755427804317762,0.02,2023-09-29,0.4074125,True,1.20370625,2022-09-29,2023-09-29,252
2023-10-02,Equity Equal Weight + Sector Sentiment,Sentiment fusion,Equal Weight + Sector Sentiment,Equity,True,UPS,Industrials,equity,0.02005927364730865,0.02,2023-09-29,0.21971944444444447,True,1.1098597222222222,2022-09-29,2023-09-29,252
2023-10-02,Equity Equal Weight + Sector Sentiment,Sentiment fusion,Equal Weight + Sector Sentiment,Equity,True,USB,Financials,equity,0.01996106315997513,0.02,2023-09-29,0.20885166666666666,True,1.1044258333333334,2022-09-29,2023-09-29,252
2023-10-02,Equity Equal Weight + Sector Sentiment,Sentiment fusion,Equal Weight + Sector Sentiment,Equity,True,V,Financials,equity,0.01996106315997513,0.02,2023-09-29,0.20885166666666666,True,1.1044258333333334,2022-09-29,2023-09-29,252
2023-10-02,Equity Equal Weight + Sector Sentiment,Sentiment fusion,Equal Weight + Sector Sentiment,Equity,True,WFC,Financials,equity,0.01996106315997513,0.02,2023-09-29,0.20885166666666666,True,1.1044258333333334,2022-09-29,2023-09-29,252
2023-10-02,Equity Equal Weight + Sector Sentiment,Sentiment fusion,Equal Weight + Sector Sentiment,Equity,True,WMT,Consumer,equity,0.01959667212384674,0.02,2023-09-29,0.16852887719298246,True,1.0842644385964912,2022-09-29,2023-09-29,252
2023-10-02,Equity Equal Weight + Sector Sentiment,Sentiment fusion,Equal Weight + Sector Sentiment,Equity,True,XOM,Energy,equity,0.020016178913581352,0.02,2023-09-29,0.21495066666666665,True,1.1074753333333334,2022-09-29,2023-09-29,252
2023-11-01,Equity Equal Weight,Base,Equal Weight,Equity,False,ABBV,Healthcare,equity,0.02,0.02,,,False,1.0,2022-10-31,2023-10-31,252
2023-11-01,Equity Equal Weight,Base,Equal Weight,Equity,False,ABT,Healthcare,equity,0.02,0.02,,,False,1.0,2022-10-31,2023-10-31,252
2023-11-01,Equity Equal Weight,Base,Equal Weight,Equity,False,ADBE,Tech,equity,0.02,0.02,,,False,1.0,2022-10-31,2023-10-31,252
2023-11-01,Equity Equal Weight,Base,Equal Weight,Equity,False,AEP,Utilities,equity,0.02,0.02,,,False,1.0,2022-10-31,2023-10-31,252
2023-11-01,Equity Equal Weight,Base,Equal Weight,Equity,False,AMD,Tech,equity,0.02,0.02,,,False,1.0,2022-10-31,2023-10-31,252
2023-11-01,Equity Equal Weight,Base,Equal Weight,Equity,False,AMGN,Healthcare,equity,0.02,0.02,,,False,1.0,2022-10-31,2023-10-31,252
2023-11-01,Equity Equal Weight,Base,Equal Weight,Equity,False,AMT,RealEstate,equity,0.02,0.02,,,False,1.0,2022-10-31,2023-10-31,252
2023-11-01,Equity Equal Weight,Base,Equal Weight,Equity,False,BA,Industrials,equity,0.02,0.02,,,False,1.0,2022-10-31,2023-10-31,252
2023-11-01,Equity Equal Weight,Base,Equal Weight,Equity,False,CAT,Industrials,equity,0.02,0.02,,,False,1.0,2022-10-31,2023-10-31,252
2023-11-01,Equity Equal Weight,Base,Equal Weight,Equity,False,CCI,RealEstate,equity,0.02,0.02,,,False,1.0,2022-10-31,2023-10-31,252
2023-11-01,Equity Equal Weight,Base,Equal Weight,Equity,False,CMCSA,Comm,equity,0.02,0.02,,,False,1.0,2022-10-31,2023-10-31,252
2023-11-01,Equity Equal Weight,Base,Equal Weight,Equity,False,COP,Energy,equity,0.02,0.02,,,False,1.0,2022-10-31,2023-10-31,252
2023-11-01,Equity Equal Weight,Base,Equal Weight,Equity,False,CVX,Energy,equity,0.02,0.02,,,False,1.0,2022-10-31,2023-10-31,252
2023-11-01,Equity Equal Weight,Base,Equal Weight,Equity,False,D,Utilities,equity,0.02,0.02,,,False,1.0,2022-10-31,2023-10-31,252
2023-11-01,Equity Equal Weight,Base,Equal Weight,Equity,False,DD,Materials,equity,0.02,0.02,,,False,1.0,2022-10-31,2023-10-31,252
2023-11-01,Equity Equal Weight,Base,Equal Weight,Equity,False,DIS,Consumer,equity,0.02,0.02,,,False,1.0,2022-10-31,2023-10-31,252
2023-11-01,Equity Equal Weight,Base,Equal Weight,Equity,False,DOW,Materials,equity,0.02,0.02,,,False,1.0,2022-10-31,2023-10-31,252
2023-11-01,Equity Equal Weight,Base,Equal Weight,Equity,False,DUK,Utilities,equity,0.02,0.02,,,False,1.0,2022-10-31,2023-10-31,252
2023-11-01,Equity Equal Weight,Base,Equal Weight,Equity,False,EA,Comm,equity,0.02,0.02,,,False,1.0,2022-10-31,2023-10-31,252
2023-11-01,Equity Equal Weight,Base,Equal Weight,Equity,False,GE,Industrials,equity,0.02,0.02,,,False,1.0,2022-10-31,2023-10-31,252
2023-11-01,Equity Equal Weight,Base,Equal Weight,Equity,False,GILD,Healthcare,equity,0.02,0.02,,,False,1.0,2022-10-31,2023-10-31,252
2023-11-01,Equity Equal Weight,Base,Equal Weight,Equity,False,GS,Financials,equity,0.02,0.02,,,False,1.0,2022-10-31,2023-10-31,252
2023-11-01,Equity Equal Weight,Base,Equal Weight,Equity,False,INTC,Tech,equity,0.02,0.02,,,False,1.0,2022-10-31,2023-10-31,252
2023-11-01,Equity Equal Weight,Base,Equal Weight,Equity,False,KO,Consumer,equity,0.02,0.02,,,False,1.0,2022-10-31,2023-10-31,252
2023-11-01,Equity Equal Weight,Base,Equal Weight,Equity,False,MMM,Industrials,equity,0.02,0.02,,,False,1.0,2022-10-31,2023-10-31,252
2023-11-01,Equity Equal Weight,Base,Equal Weight,Equity,False,MRK,Healthcare,equity,0.02,0.02,,,False,1.0,2022-10-31,2023-10-31,252
2023-11-01,Equity Equal Weight,Base,Equal Weight,Equity,False,MS,Financials,equity,0.02,0.02,,,False,1.0,2022-10-31,2023-10-31,252
2023-11-01,Equity Equal Weight,Base,Equal Weight,Equity,False,NEE,Utilities,equity,0.02,0.02,,,False,1.0,2022-10-31,2023-10-31,252
2023-11-01,Equity Equal Weight,Base,Equal Weight,Equity,False,NEM,Materials,equity,0.02,0.02,,,False,1.0,2022-10-31,2023-10-31,252
2023-11-01,Equity Equal Weight,Base,Equal Weight,Equity,False,NKE,Consumer,equity,0.02,0.02,,,False,1.0,2022-10-31,2023-10-31,252
2023-11-01,Equity Equal Weight,Base,Equal Weight,Equity,False,NUE,Materials,equity,0.02,0.02,,,False,1.0,2022-10-31,2023-10-31,252
2023-11-01,Equity Equal Weight,Base,Equal Weight,Equity,False,NVDA,Tech,equity,0.02,0.02,,,False,1.0,2022-10-31,2023-10-31,252
2023-11-01,Equity Equal Weight,Base,Equal Weight,Equity,False,O,RealEstate,equity,0.02,0.02,,,False,1.0,2022-10-31,2023-10-31,252
2023-11-01,Equity Equal Weight,Base,Equal Weight,Equity,False,OXY,Energy,equity,0.02,0.02,,,False,1.0,2022-10-31,2023-10-31,252
2023-11-01,Equity Equal Weight,Base,Equal Weight,Equity,False,PLD,RealEstate,equity,0.02,0.02,,,False,1.0,2022-10-31,2023-10-31,252
2023-11-01,Equity Equal Weight,Base,Equal Weight,Equity,False,PSA,RealEstate,equity,0.02,0.02,,,False,1.0,2022-10-31,2023-10-31,252
2023-11-01,Equity Equal Weight,Base,Equal Weight,Equity,False,QCOM,Tech,equity,0.02,0.02,,,False,1.0,2022-10-31,2023-10-31,252
2023-11-01,Equity Equal Weight,Base,Equal Weight,Equity,False,SBUX,Consumer,equity,0.02,0.02,,,False,1.0,2022-10-31,2023-10-31,252
2023-11-01,Equity Equal Weight,Base,Equal Weight,Equity,False,SHW,Materials,equity,0.02,0.02,,,False,1.0,2022-10-31,2023-10-31,252
2023-11-01,Equity Equal Weight,Base,Equal Weight,Equity,False,SLB,Energy,equity,0.02,0.02,,,False,1.0,2022-10-31,2023-10-31,252
2023-11-01,Equity Equal Weight,Base,Equal Weight,Equity,False,SO,Utilities,equity,0.02,0.02,,,False,1.0,2022-10-31,2023-10-31,252
2023-11-01,Equity Equal Weight,Base,Equal Weight,Equity,False,T,Comm,equity,0.02,0.02,,,False,1.0,2022-10-31,2023-10-31,252
2023-11-01,Equity Equal Weight,Base,Equal Weight,Equity,False,TMUS,Comm,equity,0.02,0.02,,,False,1.0,2022-10-31,2023-10-31,252
2023-11-01,Equity Equal Weight,Base,Equal Weight,Equity,False,TTWO,Comm,equity,0.02,0.02,,,False,1.0,2022-10-31,2023-10-31,252
2023-11-01,Equity Equal Weight,Base,Equal Weight,Equity,False,UPS,Industrials,equity,0.02,0.02,,,False,1.0,2022-10-31,2023-10-31,252
2023-11-01,Equity Equal Weight,Base,Equal Weight,Equity,False,USB,Financials,equity,0.02,0.02,,,False,1.0,2022-10-31,2023-10-31,252
2023-11-01,Equity Equal Weight,Base,Equal Weight,Equity,False,V,Financials,equity,0.02,0.02,,,False,1.0,2022-10-31,2023-10-31,252
2023-11-01,Equity Equal Weight,Base,Equal Weight,Equity,False,WFC,Financials,equity,0.02,0.02,,,False,1.0,2022-10-31,2023-10-31,252
2023-11-01,Equity Equal Weight,Base,Equal Weight,Equity,False,WMT,Consumer,equity,0.02,0.02,,,False,1.0,2022-10-31,2023-10-31,252
2023-11-01,Equity Equal Weight,Base,Equal Weight,Equity,False,XOM,Energy,equity,0.02,0.02,,,False,1.0,2022-10-31,2023-10-31,252
2023-11-01,Equity Equal Weight + Sector Sentiment,Sentiment fusion,Equal Weight + Sector Sentiment,Equity,True,ABBV,Healthcare,equity,0.019982160870822396,0.02,2023-10-31,0.0925577456140351,True,1.0462788728070176,2022-10-31,2023-10-31,252
2023-11-01,Equity Equal Weight + Sector Sentiment,Sentiment fusion,Equal Weight + Sector Sentiment,Equity,True,ABT,Healthcare,equity,0.019982160870822396,0.02,2023-10-31,0.0925577456140351,True,1.0462788728070176,2022-10-31,2023-10-31,252
2023-11-01,Equity Equal Weight + Sector Sentiment,Sentiment fusion,Equal Weight + Sector Sentiment,Equity,True,ADBE,Tech,equity,0.02019426955721071,0.02,2023-10-31,0.11477004174573055,True,1.0573850208728652,2022-10-31,2023-10-31,252
2023-11-01,Equity Equal Weight + Sector Sentiment,Sentiment fusion,Equal Weight + Sector Sentiment,Equity,True,AEP,Utilities,equity,0.019727649638515886,0.02,2023-10-31,0.065905,True,1.0329525,2022-10-31,2023-10-31,252
2023-11-01,Equity Equal Weight + Sector Sentiment,Sentiment fusion,Equal Weight + Sector Sentiment,Equity,True,AMD,Tech,equity,0.02019426955721071,0.02,2023-10-31,0.11477004174573055,True,1.0573850208728652,2022-10-31,2023-10-31,252
2023-11-01,Equity Equal Weight + Sector Sentiment,Sentiment fusion,Equal Weight + Sector Sentiment,Equity,True,AMGN,Healthcare,equity,0.019982160870822396,0.02,2023-10-31,0.0925577456140351,True,1.0462788728070176,2022-10-31,2023-10-31,252
2023-11-01,Equity Equal Weight + Sector Sentiment,Sentiment fusion,Equal Weight + Sector Sentiment,Equity,True,AMT,RealEstate,equity,0.020489465408720587,0.02,2023-10-31,0.14568333333333333,True,1.0728416666666667,2022-10-31,2023-10-31,252
2023-11-01,Equity Equal Weight + Sector Sentiment,Sentiment fusion,Equal Weight + Sector Sentiment,Equity,True,BA,Industrials,equity,0.020033384064664518,0.02,2023-10-31,0.09792190476190477,True,1.0489609523809524,2022-10-31,2023-10-31,252
2023-11-01,Equity Equal Weight + Sector Sentiment,Sentiment fusion,Equal Weight + Sector Sentiment,Equity,True,CAT,Industrials,equity,0.020033384064664518,0.02,2023-10-31,0.09792190476190477,True,1.0489609523809524,2022-10-31,2023-10-31,252
2023-11-01,Equity Equal Weight + Sector Sentiment,Sentiment fusion,Equal Weight + Sector Sentiment,Equity,True,CCI,RealEstate,equity,0.020489465408720587,0.02,2023-10-31,0.14568333333333333,True,1.0728416666666667,2022-10-31,2023-10-31,252
2023-11-01,Equity Equal Weight + Sector Sentiment,Sentiment fusion,Equal Weight + Sector Sentiment,Equity,True,CMCSA,Comm,equity,0.020084243780284797,0.02,2023-10-31,0.10324799999999998,True,1.051624,2022-10-31,2023-10-31,252
2023-11-01,Equity Equal Weight + Sector Sentiment,Sentiment fusion,Equal Weight + Sector Sentiment,Equity,True,COP,Energy,equity,0.020134865903803194,0.02,2023-10-31,0.10854921428571429,True,1.0542746071428573,2022-10-31,2023-10-31,252
2023-11-01,Equity Equal Weight + Sector Sentiment,Sentiment fusion,Equal Weight + Sector Sentiment,Equity,True,CVX,Energy,equity,0.020134865903803194,0.02,2023-10-31,0.10854921428571429,True,1.0542746071428573,2022-10-31,2023-10-31,252
2023-11-01,Equity Equal Weight + Sector Sentiment,Sentiment fusion,Equal Weight + Sector Sentiment,Equity,True,D,Utilities,equity,0.019727649638515886,0.02,2023-10-31,0.065905,True,1.0329525,2022-10-31,2023-10-31,252
2023-11-01,Equity Equal Weight + Sector Sentiment,Sentiment fusion,Equal Weight + Sector Sentiment,Equity,True,DD,Materials,equity,0.019098312495991723,0.02,2023-10-31,0.0,True,1.0,2022-10-31,2023-10-31,252
2023-11-01,Equity Equal Weight + Sector Sentiment,Sentiment fusion,Equal Weight + Sector Sentiment,Equity,True,DIS,Consumer,equity,0.020370982661047535,0.02,2023-10-31,0.13327566666666665,True,1.0666378333333333,2022-10-31,2023-10-31,252
2023-11-01,Equity Equal Weight + Sector Sentiment,Sentiment fusion,Equal Weight + Sector Sentiment,Equity,True,DOW,Materials,equity,0.019098312495991723,0.02,2023-10-31,0.0,True,1.0,2022-10-31,2023-10-31,252
2023-11-01,Equity Equal Weight + Sector Sentiment,Sentiment fusion,Equal Weight + Sector Sentiment,Equity,True,DUK,Utilities,equity,0.019727649638515886,0.02,2023-10-31,0.065905,True,1.0329525,2022-10-31,2023-10-31,252
2023-11-01,Equity Equal Weight + Sector Sentiment,Sentiment fusion,Equal Weight + Sector Sentiment,Equity,True,EA,Comm,equity,0.020084243780284797,0.02,2023-10-31,0.10324799999999998,True,1.051624,2022-10-31,2023-10-31,252
2023-11-01,Equity Equal Weight + Sector Sentiment,Sentiment fusion,Equal Weight + Sector Sentiment,Equity,True,GE,Industrials,equity,0.020033384064664518,0.02,2023-10-31,0.09792190476190477,True,1.0489609523809524,2022-10-31,2023-10-31,252
2023-11-01,Equity Equal Weight + Sector Sentiment,Sentiment fusion,Equal Weight + Sector Sentiment,Equity,True,GILD,Healthcare,equity,0.019982160870822396,0.02,2023-10-31,0.0925577456140351,True,1.0462788728070176,2022-10-31,2023-10-31,252
2023-11-01,Equity Equal Weight + Sector Sentiment,Sentiment fusion,Equal Weight + Sector Sentiment,Equity,True,GS,Financials,equity,0.019884665618938663,0.02,2023-10-31,0.08234791666666666,True,1.0411739583333333,2022-10-31,2023-10-31,252
2023-11-01,Equity Equal Weight + Sector Sentiment,Sentiment fusion,Equal Weight + Sector Sentiment,Equity,True,INTC,Tech,equity,0.02019426955721071,0.02,2023-10-31,0.11477004174573055,True,1.0573850208728652,2022-10-31,2023-10-31,252
2023-11-01,Equity Equal Weight + Sector Sentiment,Sentiment fusion,Equal Weight + Sector Sentiment,Equity,True,KO,Consumer,equity,0.020370982661047535,0.02,2023-10-31,0.13327566666666665,True,1.0666378333333333,2022-10-31,2023-10-31,252
2023-11-01,Equity Equal Weight + Sector Sentiment,Sentiment fusion,Equal Weight + Sector Sentiment,Equity,True,MMM,Industrials,equity,0.020033384064664518,0.02,2023-10-31,0.09792190476190477,True,1.0489609523809524,2022-10-31,2023-10-31,252
2023-11-01,Equity Equal Weight + Sector Sentiment,Sentiment fusion,Equal Weight + Sector Sentiment,Equity,True,MRK,Healthcare,equity,0.019982160870822396,0.02,2023-10-31,0.0925577456140351,True,1.0462788728070176,2022-10-31,2023-10-31,252
2023-11-01,Equity Equal Weight + Sector Sentiment,Sentiment fusion,Equal Weight + Sector Sentiment,Equity,True,MS,Financials,equity,0.019884665618938663,0.02,2023-10-31,0.08234791666666666,True,1.0411739583333333,2022-10-31,2023-10-31,252
2023-11-01,Equity Equal Weight + Sector Sentiment,Sentiment fusion,Equal Weight + Sector Sentiment,Equity,True,NEE,Utilities,equity,0.019727649638515886,0.02,2023-10-31,0.065905,True,1.0329525,2022-10-31,2023-10-31,252
2023-11-01,Equity Equal Weight + Sector Sentiment,Sentiment fusion,Equal Weight + Sector Sentiment,Equity,True,NEM,Materials,equity,0.019098312495991723,0.02,2023-10-31,0.0,True,1.0,2022-10-31,2023-10-31,252
2023-11-01,Equity Equal Weight + Sector Sentiment,Sentiment fusion,Equal Weight + Sector Sentiment,Equity,True,NKE,Consumer,equity,0.020370982661047535,0.02,2023-10-31,0.13327566666666665,True,1.0666378333333333,2022-10-31,2023-10-31,252
2023-11-01,Equity Equal Weight + Sector Sentiment,Sentiment fusion,Equal Weight + Sector Sentiment,Equity,True,NUE,Materials,equity,0.019098312495991723,0.02,2023-10-31,0.0,True,1.0,2022-10-31,2023-10-31,252
2023-11-01,Equity Equal Weight + Sector Sentiment,Sentiment fusion,Equal Weight + Sector Sentiment,Equity,True,NVDA,Tech,equity,0.02019426955721071,0.02,2023-10-31,0.11477004174573055,True,1.0573850208728652,2022-10-31,2023-10-31,252
2023-11-01,Equity Equal Weight + Sector Sentiment,Sentiment fusion,Equal Weight + Sector Sentiment,Equity,True,O,RealEstate,equity,0.020489465408720587,0.02,2023-10-31,0.14568333333333333,True,1.0728416666666667,2022-10-31,2023-10-31,252
2023-11-01,Equity Equal Weight + Sector Sentiment,Sentiment fusion,Equal Weight + Sector Sentiment,Equity,True,OXY,Energy,equity,0.020134865903803194,0.02,2023-10-31,0.10854921428571429,True,1.0542746071428573,2022-10-31,2023-10-31,252
2023-11-01,Equity Equal Weight + Sector Sentiment,Sentiment fusion,Equal Weight + Sector Sentiment,Equity,True,PLD,RealEstate,equity,0.020489465408720587,0.02,2023-10-31,0.14568333333333333,True,1.0728416666666667,2022-10-31,2023-10-31,252
2023-11-01,Equity Equal Weight + Sector Sentiment,Sentiment fusion,Equal Weight + Sector Sentiment,Equity,True,PSA,RealEstate,equity,0.020489465408720587,0.02,2023-10-31,0.14568333333333333,True,1.0728416666666667,2022-10-31,2023-10-31,252
2023-11-01,Equity Equal Weight + Sector Sentiment,Sentiment fusion,Equal Weight + Sector Sentiment,Equity,True,QCOM,Tech,equity,0.02019426955721071,0.02,2023-10-31,0.11477004174573055,True,1.0573850208728652,2022-10-31,2023-10-31,252
2023-11-01,Equity Equal Weight + Sector Sentiment,Sentiment fusion,Equal Weight + Sector Sentiment,Equity,True,SBUX,Consumer,equity,0.020370982661047535,0.02,2023-10-31,0.13327566666666665,True,1.0666378333333333,2022-10-31,2023-10-31,252
2023-11-01,Equity Equal Weight + Sector Sentiment,Sentiment fusion,Equal Weight + Sector Sentiment,Equity,True,SHW,Materials,equity,0.019098312495991723,0.02,2023-10-31,0.0,True,1.0,2022-10-31,2023-10-31,252
2023-11-01,Equity Equal Weight + Sector Sentiment,Sentiment fusion,Equal Weight + Sector Sentiment,Equity,True,SLB,Energy,equity,0.020134865903803194,0.02,2023-10-31,0.10854921428571429,True,1.0542746071428573,2022-10-31,2023-10-31,252
2023-11-01,Equity Equal Weight + Sector Sentiment,Sentiment fusion,Equal Weight + Sector Sentiment,Equity,True,SO,Utilities,equity,0.019727649638515886,0.02,2023-10-31,0.065905,True,1.0329525,2022-10-31,2023-10-31,252
2023-11-01,Equity Equal Weight + Sector Sentiment,Sentiment fusion,Equal Weight + Sector Sentiment,Equity,True,T,Comm,equity,0.020084243780284797,0.02,2023-10-31,0.10324799999999998,True,1.051624,2022-10-31,2023-10-31,252
2023-11-01,Equity Equal Weight + Sector Sentiment,Sentiment fusion,Equal Weight + Sector Sentiment,Equity,True,TMUS,Comm,equity,0.020084243780284797,0.02,2023-10-31,0.10324799999999998,True,1.051624,2022-10-31,2023-10-31,252
2023-11-01,Equity Equal Weight + Sector Sentiment,Sentiment fusion,Equal Weight + Sector Sentiment,Equity,True,TTWO,Comm,equity,0.020084243780284797,0.02,2023-10-31,0.10324799999999998,True,1.051624,2022-10-31,2023-10-31,252
2023-11-01,Equity Equal Weight + Sector Sentiment,Sentiment fusion,Equal Weight + Sector Sentiment,Equity,True,UPS,Industrials,equity,0.020033384064664518,0.02,2023-10-31,0.09792190476190477,True,1.0489609523809524,2022-10-31,2023-10-31,252
2023-11-01,Equity Equal Weight + Sector Sentiment,Sentiment fusion,Equal Weight + Sector Sentiment,Equity,True,USB,Financials,equity,0.019884665618938663,0.02,2023-10-31,0.08234791666666666,True,1.0411739583333333,2022-10-31,2023-10-31,252
2023-11-01,Equity Equal Weight + Sector Sentiment,Sentiment fusion,Equal Weight + Sector Sentiment,Equity,True,V,Financials,equity,0.019884665618938663,0.02,2023-10-31,0.08234791666666666,True,1.0411739583333333,2022-10-31,2023-10-31,252
2023-11-01,Equity Equal Weight + Sector Sentiment,Sentiment fusion,Equal Weight + Sector Sentiment,Equity,True,WFC,Financials,equity,0.019884665618938663,0.02,2023-10-31,0.08234791666666666,True,1.0411739583333333,2022-10-31,2023-10-31,252
2023-11-01,Equity Equal Weight + Sector Sentiment,Sentiment fusion,Equal Weight + Sector Sentiment,Equity,True,WMT,Consumer,equity,0.020370982661047535,0.02,2023-10-31,0.13327566666666665,True,1.0666378333333333,2022-10-31,2023-10-31,252
2023-11-01,Equity Equal Weight + Sector Sentiment,Sentiment fusion,Equal Weight + Sector Sentiment,Equity,True,XOM,Energy,equity,0.020134865903803194,0.02,2023-10-31,0.10854921428571429,True,1.0542746071428573,2022-10-31,2023-10-31,252
2023-12-01,Equity Equal Weight,Base,Equal Weight,Equity,False,ABBV,Healthcare,equity,0.02,0.02,,,False,1.0,2022-11-30,2023-11-30,252
2023-12-01,Equity Equal Weight,Base,Equal Weight,Equity,False,ABT,Healthcare,equity,0.02,0.02,,,False,1.0,2022-11-30,2023-11-30,252
2023-12-01,Equity Equal Weight,Base,Equal Weight,Equity,False,ADBE,Tech,equity,0.02,0.02,,,False,1.0,2022-11-30,2023-11-30,252
2023-12-01,Equity Equal Weight,Base,Equal Weight,Equity,False,AEP,Utilities,equity,0.02,0.02,,,False,1.0,2022-11-30,2023-11-30,252
2023-12-01,Equity Equal Weight,Base,Equal Weight,Equity,False,AMD,Tech,equity,0.02,0.02,,,False,1.0,2022-11-30,2023-11-30,252
2023-12-01,Equity Equal Weight,Base,Equal Weight,Equity,False,AMGN,Healthcare,equity,0.02,0.02,,,False,1.0,2022-11-30,2023-11-30,252
2023-12-01,Equity Equal Weight,Base,Equal Weight,Equity,False,AMT,RealEstate,equity,0.02,0.02,,,False,1.0,2022-11-30,2023-11-30,252
2023-12-01,Equity Equal Weight,Base,Equal Weight,Equity,False,BA,Industrials,equity,0.02,0.02,,,False,1.0,2022-11-30,2023-11-30,252
2023-12-01,Equity Equal Weight,Base,Equal Weight,Equity,False,CAT,Industrials,equity,0.02,0.02,,,False,1.0,2022-11-30,2023-11-30,252
2023-12-01,Equity Equal Weight,Base,Equal Weight,Equity,False,CCI,RealEstate,equity,0.02,0.02,,,False,1.0,2022-11-30,2023-11-30,252
2023-12-01,Equity Equal Weight,Base,Equal Weight,Equity,False,CMCSA,Comm,equity,0.02,0.02,,,False,1.0,2022-11-30,2023-11-30,252
2023-12-01,Equity Equal Weight,Base,Equal Weight,Equity,False,COP,Energy,equity,0.02,0.02,,,False,1.0,2022-11-30,2023-11-30,252
2023-12-01,Equity Equal Weight,Base,Equal Weight,Equity,False,CVX,Energy,equity,0.02,0.02,,,False,1.0,2022-11-30,2023-11-30,252
2023-12-01,Equity Equal Weight,Base,Equal Weight,Equity,False,D,Utilities,equity,0.02,0.02,,,False,1.0,2022-11-30,2023-11-30,252
2023-12-01,Equity Equal Weight,Base,Equal Weight,Equity,False,DD,Materials,equity,0.02,0.02,,,False,1.0,2022-11-30,2023-11-30,252
2023-12-01,Equity Equal Weight,Base,Equal Weight,Equity,False,DIS,Consumer,equity,0.02,0.02,,,False,1.0,2022-11-30,2023-11-30,252
2023-12-01,Equity Equal Weight,Base,Equal Weight,Equity,False,DOW,Materials,equity,0.02,0.02,,,False,1.0,2022-11-30,2023-11-30,252
2023-12-01,Equity Equal Weight,Base,Equal Weight,Equity,False,DUK,Utilities,equity,0.02,0.02,,,False,1.0,2022-11-30,2023-11-30,252
2023-12-01,Equity Equal Weight,Base,Equal Weight,Equity,False,EA,Comm,equity,0.02,0.02,,,False,1.0,2022-11-30,2023-11-30,252
2023-12-01,Equity Equal Weight,Base,Equal Weight,Equity,False,GE,Industrials,equity,0.02,0.02,,,False,1.0,2022-11-30,2023-11-30,252
2023-12-01,Equity Equal Weight,Base,Equal Weight,Equity,False,GILD,Healthcare,equity,0.02,0.02,,,False,1.0,2022-11-30,2023-11-30,252
2023-12-01,Equity Equal Weight,Base,Equal Weight,Equity,False,GS,Financials,equity,0.02,0.02,,,False,1.0,2022-11-30,2023-11-30,252
2023-12-01,Equity Equal Weight,Base,Equal Weight,Equity,False,INTC,Tech,equity,0.02,0.02,,,False,1.0,2022-11-30,2023-11-30,252
2023-12-01,Equity Equal Weight,Base,Equal Weight,Equity,False,KO,Consumer,equity,0.02,0.02,,,False,1.0,2022-11-30,2023-11-30,252
2023-12-01,Equity Equal Weight,Base,Equal Weight,Equity,False,MMM,Industrials,equity,0.02,0.02,,,False,1.0,2022-11-30,2023-11-30,252
2023-12-01,Equity Equal Weight,Base,Equal Weight,Equity,False,MRK,Healthcare,equity,0.02,0.02,,,False,1.0,2022-11-30,2023-11-30,252
2023-12-01,Equity Equal Weight,Base,Equal Weight,Equity,False,MS,Financials,equity,0.02,0.02,,,False,1.0,2022-11-30,2023-11-30,252
2023-12-01,Equity Equal Weight,Base,Equal Weight,Equity,False,NEE,Utilities,equity,0.02,0.02,,,False,1.0,2022-11-30,2023-11-30,252
2023-12-01,Equity Equal Weight,Base,Equal Weight,Equity,False,NEM,Materials,equity,0.02,0.02,,,False,1.0,2022-11-30,2023-11-30,252
2023-12-01,Equity Equal Weight,Base,Equal Weight,Equity,False,NKE,Consumer,equity,0.02,0.02,,,False,1.0,2022-11-30,2023-11-30,252
2023-12-01,Equity Equal Weight,Base,Equal Weight,Equity,False,NUE,Materials,equity,0.02,0.02,,,False,1.0,2022-11-30,2023-11-30,252
2023-12-01,Equity Equal Weight,Base,Equal Weight,Equity,False,NVDA,Tech,equity,0.02,0.02,,,False,1.0,2022-11-30,2023-11-30,252
2023-12-01,Equity Equal Weight,Base,Equal Weight,Equity,False,O,RealEstate,equity,0.02,0.02,,,False,1.0,2022-11-30,2023-11-30,252
2023-12-01,Equity Equal Weight,Base,Equal Weight,Equity,False,OXY,Energy,equity,0.02,0.02,,,False,1.0,2022-11-30,2023-11-30,252
2023-12-01,Equity Equal Weight,Base,Equal Weight,Equity,False,PLD,RealEstate,equity,0.02,0.02,,,False,1.0,2022-11-30,2023-11-30,252
2023-12-01,Equity Equal Weight,Base,Equal Weight,Equity,False,PSA,RealEstate,equity,0.02,0.02,,,False,1.0,2022-11-30,2023-11-30,252
2023-12-01,Equity Equal Weight,Base,Equal Weight,Equity,False,QCOM,Tech,equity,0.02,0.02,,,False,1.0,2022-11-30,2023-11-30,252
2023-12-01,Equity Equal Weight,Base,Equal Weight,Equity,False,SBUX,Consumer,equity,0.02,0.02,,,False,1.0,2022-11-30,2023-11-30,252
2023-12-01,Equity Equal Weight,Base,Equal Weight,Equity,False,SHW,Materials,equity,0.02,0.02,,,False,1.0,2022-11-30,2023-11-30,252
2023-12-01,Equity Equal Weight,Base,Equal Weight,Equity,False,SLB,Energy,equity,0.02,0.02,,,False,1.0,2022-11-30,2023-11-30,252
2023-12-01,Equity Equal Weight,Base,Equal Weight,Equity,False,SO,Utilities,equity,0.02,0.02,,,False,1.0,2022-11-30,2023-11-30,252
2023-12-01,Equity Equal Weight,Base,Equal Weight,Equity,False,T,Comm,equity,0.02,0.02,,,False,1.0,2022-11-30,2023-11-30,252
2023-12-01,Equity Equal Weight,Base,Equal Weight,Equity,False,TMUS,Comm,equity,0.02,0.02,,,False,1.0,2022-11-30,2023-11-30,252
2023-12-01,Equity Equal Weight,Base,Equal Weight,Equity,False,TTWO,Comm,equity,0.02,0.02,,,False,1.0,2022-11-30,2023-11-30,252
2023-12-01,Equity Equal Weight,Base,Equal Weight,Equity,False,UPS,Industrials,equity,0.02,0.02,,,False,1.0,2022-11-30,2023-11-30,252
2023-12-01,Equity Equal Weight,Base,Equal Weight,Equity,False,USB,Financials,equity,0.02,0.02,,,False,1.0,2022-11-30,2023-11-30,252
2023-12-01,Equity Equal Weight,Base,Equal Weight,Equity,False,V,Financials,equity,0.02,0.02,,,False,1.0,2022-11-30,2023-11-30,252
2023-12-01,Equity Equal Weight,Base,Equal Weight,Equity,False,WFC,Financials,equity,0.02,0.02,,,False,1.0,2022-11-30,2023-11-30,252
2023-12-01,Equity Equal Weight,Base,Equal Weight,Equity,False,WMT,Consumer,equity,0.02,0.02,,,False,1.0,2022-11-30,2023-11-30,252
2023-12-01,Equity Equal Weight,Base,Equal Weight,Equity,False,XOM,Energy,equity,0.02,0.02,,,False,1.0,2022-11-30,2023-11-30,252
2023-12-01,Equity Equal Weight + Sector Sentiment,Sentiment fusion,Equal Weight + Sector Sentiment,Equity,True,ABBV,Healthcare,equity,0.01950396295426977,0.02,2023-11-30,0.08356166666666667,True,1.0417808333333334,2022-11-30,2023-11-30,252
2023-12-01,Equity Equal Weight + Sector Sentiment,Sentiment fusion,Equal Weight + Sector Sentiment,Equity,True,ABT,Healthcare,equity,0.01950396295426977,0.02,2023-11-30,0.08356166666666667,True,1.0417808333333334,2022-11-30,2023-11-30,252
2023-12-01,Equity Equal Weight + Sector Sentiment,Sentiment fusion,Equal Weight + Sector Sentiment,Equity,True,ADBE,Tech,equity,0.01949062682588279,0.02,2023-11-30,0.082137,True,1.0410685,2022-11-30,2023-11-30,252
2023-12-01,Equity Equal Weight + Sector Sentiment,Sentiment fusion,Equal Weight + Sector Sentiment,Equity,True,AEP,Utilities,equity,0.021983601871781056,0.02,2023-11-30,0.3484555555555556,True,1.1742277777777779,2022-11-30,2023-11-30,252
2023-12-01,Equity Equal Weight + Sector Sentiment,Sentiment fusion,Equal Weight + Sector Sentiment,Equity,True,AMD,Tech,equity,0.01949062682588279,0.02,2023-11-30,0.082137,True,1.0410685,2022-11-30,2023-11-30,252
2023-12-01,Equity Equal Weight + Sector Sentiment,Sentiment fusion,Equal Weight + Sector Sentiment,Equity,True,AMGN,Healthcare,equity,0.01950396295426977,0.02,2023-11-30,0.08356166666666667,True,1.0417808333333334,2022-11-30,2023-11-30,252
2023-12-01,Equity Equal Weight + Sector Sentiment,Sentiment fusion,Equal Weight + Sector Sentiment,Equity,True,AMT,RealEstate,equity,0.01967995522880099,0.02,2023-11-30,0.10236250000000001,True,1.05118125,2022-11-30,2023-11-30,252
2023-12-01,Equity Equal Weight + Sector Sentiment,Sentiment fusion,Equal Weight + Sector Sentiment,Equity,True,BA,Industrials,equity,0.019486442514191883,0.02,2023-11-30,0.08169,True,1.040845,2022-11-30,2023-11-30,252
2023-12-01,Equity Equal Weight + Sector Sentiment,Sentiment fusion,Equal Weight + Sector Sentiment,Equity,True,CAT,Industrials,equity,0.019486442514191883,0.02,2023-11-30,0.08169,True,1.040845,2022-11-30,2023-11-30,252
2023-12-01,Equity Equal Weight + Sector Sentiment,Sentiment fusion,Equal Weight + Sector Sentiment,Equity,True,CCI,RealEstate,equity,0.01967995522880099,0.02,2023-11-30,0.10236250000000001,True,1.05118125,2022-11-30,2023-11-30,252
2023-12-01,Equity Equal Weight + Sector Sentiment,Sentiment fusion,Equal Weight + Sector Sentiment,Equity,True,CMCSA,Comm,equity,0.020952449346211828,0.02,2023-11-30,0.2383,True,1.11915,2022-11-30,2023-11-30,252
2023-12-01,Equity Equal Weight + Sector Sentiment,Sentiment fusion,Equal Weight + Sector Sentiment,Equity,True,COP,Energy,equity,0.020302024460328513,0.02,2023-11-30,0.16881666666666667,True,1.0844083333333334,2022-11-30,2023-11-30,252
2023-12-01,Equity Equal Weight + Sector Sentiment,Sentiment fusion,Equal Weight + Sector Sentiment,Equity,True,CVX,Energy,equity,0.020302024460328513,0.02,2023-11-30,0.16881666666666667,True,1.0844083333333334,2022-11-30,2023-11-30,252
2023-12-01,Equity Equal Weight + Sector Sentiment,Sentiment fusion,Equal Weight + Sector Sentiment,Equity,True,D,Utilities,equity,0.021983601871781056,0.02,2023-11-30,0.3484555555555556,True,1.1742277777777779,2022-11-30,2023-11-30,252
2023-12-01,Equity Equal Weight + Sector Sentiment,Sentiment fusion,Equal Weight + Sector Sentiment,Equity,True,DD,Materials,equity,0.019662286574848895,0.02,2023-11-30,0.100475,True,1.0502375,2022-11-30,2023-11-30,252
2023-12-01,Equity Equal Weight + Sector Sentiment,Sentiment fusion,Equal Weight + Sector Sentiment,Equity,True,DIS,Consumer,equity,0.018955394803134278,0.02,2023-11-30,0.024959444444444454,True,1.0124797222222222,2022-11-30,2023-11-30,252
2023-12-01,Equity Equal Weight + Sector Sentiment,Sentiment fusion,Equal Weight + Sector Sentiment,Equity,True,DOW,Materials,equity,0.019662286574848895,0.02,2023-11-30,0.100475,True,1.0502375,2022-11-30,2023-11-30,252
2023-12-01,Equity Equal Weight + Sector Sentiment,Sentiment fusion,Equal Weight + Sector Sentiment,Equity,True,DUK,Utilities,equity,0.021983601871781056,0.02,2023-11-30,0.3484555555555556,True,1.1742277777777779,2022-11-30,2023-11-30,252
2023-12-01,Equity Equal Weight + Sector Sentiment,Sentiment fusion,Equal Weight + Sector Sentiment,Equity,True,EA,Comm,equity,0.020952449346211828,0.02,2023-11-30,0.2383,True,1.11915,2022-11-30,2023-11-30,252
2023-12-01,Equity Equal Weight + Sector Sentiment,Sentiment fusion,Equal Weight + Sector Sentiment,Equity,True,GE,Industrials,equity,0.019486442514191883,0.02,2023-11-30,0.08169,True,1.040845,2022-11-30,2023-11-30,252
2023-12-01,Equity Equal Weight + Sector Sentiment,Sentiment fusion,Equal Weight + Sector Sentiment,Equity,True,GILD,Healthcare,equity,0.01950396295426977,0.02,2023-11-30,0.08356166666666667,True,1.0417808333333334,2022-11-30,2023-11-30,252
2023-12-01,Equity Equal Weight + Sector Sentiment,Sentiment fusion,Equal Weight + Sector Sentiment,Equity,True,GS,Financials,equity,0.01998325542054996,0.02,2023-11-30,0.13476333333333335,True,1.0673816666666667,2022-11-30,2023-11-30,252
2023-12-01,Equity Equal Weight + Sector Sentiment,Sentiment fusion,Equal Weight + Sector Sentiment,Equity,True,INTC,Tech,equity,0.01949062682588279,0.02,2023-11-30,0.082137,True,1.0410685,2022-11-30,2023-11-30,252
2023-12-01,Equity Equal Weight + Sector Sentiment,Sentiment fusion,Equal Weight + Sector Sentiment,Equity,True,KO,Consumer,equity,0.018955394803134278,0.02,2023-11-30,0.024959444444444454,True,1.0124797222222222,2022-11-30,2023-11-30,252
2023-12-01,Equity Equal Weight + Sector Sentiment,Sentiment fusion,Equal Weight + Sector Sentiment,Equity,True,MMM,Industrials,equity,0.019486442514191883,0.02,2023-11-30,0.08169,True,1.040845,2022-11-30,2023-11-30,252
2023-12-01,Equity Equal Weight + Sector Sentiment,Sentiment fusion,Equal Weight + Sector Sentiment,Equity,True,MRK,Healthcare,equity,0.01950396295426977,0.02,2023-11-30,0.08356166666666667,True,1.0417808333333334,2022-11-30,2023-11-30,252
2023-12-01,Equity Equal Weight + Sector Sentiment,Sentiment fusion,Equal Weight + Sector Sentiment,Equity,True,MS,Financials,equity,0.01998325542054996,0.02,2023-11-30,0.13476333333333335,True,1.0673816666666667,2022-11-30,2023-11-30,252
2023-12-01,Equity Equal Weight + Sector Sentiment,Sentiment fusion,Equal Weight + Sector Sentiment,Equity,True,NEE,Utilities,equity,0.021983601871781056,0.02,2023-11-30,0.3484555555555556,True,1.1742277777777779,2022-11-30,2023-11-30,252
2023-12-01,Equity Equal Weight + Sector Sentiment,Sentiment fusion,Equal Weight + Sector Sentiment,Equity,True,NEM,Materials,equity,0.019662286574848895,0.02,2023-11-30,0.100475,True,1.0502375,2022-11-30,2023-11-30,252
2023-12-01,Equity Equal Weight + Sector Sentiment,Sentiment fusion,Equal Weight + Sector Sentiment,Equity,True,NKE,Consumer,equity,0.018955394803134278,0.02,2023-11-30,0.024959444444444454,True,1.0124797222222222,2022-11-30,2023-11-30,252
2023-12-01,Equity Equal Weight + Sector Sentiment,Sentiment fusion,Equal Weight + Sector Sentiment,Equity,True,NUE,Materials,equity,0.019662286574848895,0.02,2023-11-30,0.100475,True,1.0502375,2022-11-30,2023-11-30,252
2023-12-01,Equity Equal Weight + Sector Sentiment,Sentiment fusion,Equal Weight + Sector Sentiment,Equity,True,NVDA,Tech,equity,0.01949062682588279,0.02,2023-11-30,0.082137,True,1.0410685,2022-11-30,2023-11-30,252
2023-12-01,Equity Equal Weight + Sector Sentiment,Sentiment fusion,Equal Weight + Sector Sentiment,Equity,True,O,RealEstate,equity,0.01967995522880099,0.02,2023-11-30,0.10236250000000001,True,1.05118125,2022-11-30,2023-11-30,252
2023-12-01,Equity Equal Weight + Sector Sentiment,Sentiment fusion,Equal Weight + Sector Sentiment,Equity,True,OXY,Energy,equity,0.020302024460328513,0.02,2023-11-30,0.16881666666666667,True,1.0844083333333334,2022-11-30,2023-11-30,252
2023-12-01,Equity Equal Weight + Sector Sentiment,Sentiment fusion,Equal Weight + Sector Sentiment,Equity,True,PLD,RealEstate,equity,0.01967995522880099,0.02,2023-11-30,0.10236250000000001,True,1.05118125,2022-11-30,2023-11-30,252
2023-12-01,Equity Equal Weight + Sector Sentiment,Sentiment fusion,Equal Weight + Sector Sentiment,Equity,True,PSA,RealEstate,equity,0.01967995522880099,0.02,2023-11-30,0.10236250000000001,True,1.05118125,2022-11-30,2023-11-30,252
2023-12-01,Equity Equal Weight + Sector Sentiment,Sentiment fusion,Equal Weight + Sector Sentiment,Equity,True,QCOM,Tech,equity,0.01949062682588279,0.02,2023-11-30,0.082137,True,1.0410685,2022-11-30,2023-11-30,252
2023-12-01,Equity Equal Weight + Sector Sentiment,Sentiment fusion,Equal Weight + Sector Sentiment,Equity,True,SBUX,Consumer,equity,0.018955394803134278,0.02,2023-11-30,0.024959444444444454,True,1.0124797222222222,2022-11-30,2023-11-30,252
2023-12-01,Equity Equal Weight + Sector Sentiment,Sentiment fusion,Equal Weight + Sector Sentiment,Equity,True,SHW,Materials,equity,0.019662286574848895,0.02,2023-11-30,0.100475,True,1.0502375,2022-11-30,2023-11-30,252
2023-12-01,Equity Equal Weight + Sector Sentiment,Sentiment fusion,Equal Weight + Sector Sentiment,Equity,True,SLB,Energy,equity,0.020302024460328513,0.02,2023-11-30,0.16881666666666667,True,1.0844083333333334,2022-11-30,2023-11-30,252
2023-12-01,Equity Equal Weight + Sector Sentiment,Sentiment fusion,Equal Weight + Sector Sentiment,Equity,True,SO,Utilities,equity,0.021983601871781056,0.02,2023-11-30,0.3484555555555556,True,1.1742277777777779,2022-11-30,2023-11-30,252
2023-12-01,Equity Equal Weight + Sector Sentiment,Sentiment fusion,Equal Weight + Sector Sentiment,Equity,True,T,Comm,equity,0.020952449346211828,0.02,2023-11-30,0.2383,True,1.11915,2022-11-30,2023-11-30,252
2023-12-01,Equity Equal Weight + Sector Sentiment,Sentiment fusion,Equal Weight + Sector Sentiment,Equity,True,TMUS,Comm,equity,0.020952449346211828,0.02,2023-11-30,0.2383,True,1.11915,2022-11-30,2023-11-30,252
2023-12-01,Equity Equal Weight + Sector Sentiment,Sentiment fusion,Equal Weight + Sector Sentiment,Equity,True,TTWO,Comm,equity,0.020952449346211828,0.02,2023-11-30,0.2383,True,1.11915,2022-11-30,2023-11-30,252
2023-12-01,Equity Equal Weight + Sector Sentiment,Sentiment fusion,Equal Weight + Sector Sentiment,Equity,True,UPS,Industrials,equity,0.019486442514191883,0.02,2023-11-30,0.08169,True,1.040845,2022-11-30,2023-11-30,252
2023-12-01,Equity Equal Weight + Sector Sentiment,Sentiment fusion,Equal Weight + Sector Sentiment,Equity,True,USB,Financials,equity,0.01998325542054996,0.02,2023-11-30,0.13476333333333335,True,1.0673816666666667,2022-11-30,2023-11-30,252
2023-12-01,Equity Equal Weight + Sector Sentiment,Sentiment fusion,Equal Weight + Sector Sentiment,Equity,True,V,Financials,equity,0.01998325542054996,0.02,2023-11-30,0.13476333333333335,True,1.0673816666666667,2022-11-30,2023-11-30,252
2023-12-01,Equity Equal Weight + Sector Sentiment,Sentiment fusion,Equal Weight + Sector Sentiment,Equity,True,WFC,Financials,equity,0.01998325542054996,0.02,2023-11-30,0.13476333333333335,True,1.0673816666666667,2022-11-30,2023-11-30,252
2023-12-01,Equity Equal Weight + Sector Sentiment,Sentiment fusion,Equal Weight + Sector Sentiment,Equity,True,WMT,Consumer,equity,0.018955394803134278,0.02,2023-11-30,0.024959444444444454,True,1.0124797222222222,2022-11-30,2023-11-30,252
2023-12-01,Equity Equal Weight + Sector Sentiment,Sentiment fusion,Equal Weight + Sector Sentiment,Equity,True,XOM,Energy,equity,0.020302024460328513,0.02,2023-11-30,0.16881666666666667,True,1.0844083333333334,2022-11-30,2023-11-30,252
